dataset_path,sample_id,label,collector,verification_source,verification_detail,contact_time,timing_was_corrected,original_event_start,original_event_end,final_event_start,final_event_end
dataset/fly_ball/Codex_Workstation/F_0101,F_0101,fly_ball,Codex_Workstation,human_timing_review,F101_304.csv: original_time_correct=Y,1.338417,N,1.28,1.43,1.280,1.430
dataset/fly_ball/Codex_Workstation/F_0102,F_0102,fly_ball,Codex_Workstation,human_timing_review,F101_304.csv: original_time_correct=N,1.408966,Y,2.675,2.775,1.358966,1.458966
dataset/fly_ball/Codex_Workstation/F_0103,F_0103,fly_ball,Codex_Workstation,human_timing_review,F101_304.csv: original_time_correct=Y,1.459569,N,1.405,1.505,1.405,1.505
dataset/fly_ball/Codex_Workstation/F_0104,F_0104,fly_ball,Codex_Workstation,human_timing_review,F101_304.csv: original_time_correct=Y,2.013896,N,1.96,2.06,1.960,2.060
dataset/fly_ball/Codex_Workstation/F_0105,F_0105,fly_ball,Codex_Workstation,human_timing_review,F101_304.csv: original_time_correct=Y,0.885146,N,0.835,0.935,0.835,0.935
dataset/fly_ball/Codex_Workstation/F_0106,F_0106,fly_ball,Codex_Workstation,human_timing_review,F101_304.csv: original_time_correct=Y,1.830862,N,1.785,1.885,1.785,1.885
dataset/fly_ball/Codex_Workstation/F_0107,F_0107,fly_ball,Codex_Workstation,human_timing_review,F101_304.csv: original_time_correct=N,2.942161,Y,2.49,2.59,2.892161,2.992161
dataset/fly_ball/Codex_Workstation/F_0108,F_0108,fly_ball,Codex_Workstation,human_timing_review,F101_304.csv: original_time_correct=Y,0.846553,N,0.795,0.895,0.795,0.895
dataset/fly_ball/Codex_Workstation/F_0109,F_0109,fly_ball,Codex_Workstation,human_timing_review,F101_304.csv: original_time_correct=N,0.345608,Y,1.965,2.065,0.295608,0.395608
dataset/fly_ball/Codex_Workstation/F_0110,F_0110,fly_ball,Codex_Workstation,human_timing_review,F101_304.csv: original_time_correct=N,1.199695,Y,1.965,2.065,1.149695,1.249695
dataset/fly_ball/Codex_Workstation/F_0111,F_0111,fly_ball,Codex_Workstation,human_timing_review,F101_304.csv: original_time_correct=Y,1.713104,N,1.66,1.76,1.660,1.760
dataset/fly_ball/Codex_Workstation/F_0112,F_0112,fly_ball,Codex_Workstation,human_timing_review,F101_304.csv: original_time_correct=Y,1.358209,N,1.315,1.415,1.315,1.415
dataset/fly_ball/Codex_Workstation/F_0113,F_0113,fly_ball,Codex_Workstation,human_timing_review,F101_304.csv: original_time_correct=Y,1.736375,N,1.68,1.78,1.680,1.780
dataset/fly_ball/Codex_Workstation/F_0114,F_0114,fly_ball,Codex_Workstation,human_timing_review,F101_304.csv: original_time_correct=N,1.253027,Y,1.855,1.955,1.203027,1.303027
dataset/fly_ball/Codex_Workstation/F_0115,F_0115,fly_ball,Codex_Workstation,human_timing_review,F101_304.csv: original_time_correct=Y,0.851208,N,0.8,0.9,0.800,0.900
dataset/fly_ball/Codex_Workstation/F_0116,F_0116,fly_ball,Codex_Workstation,human_timing_review,F101_304.csv: original_time_correct=Y,0.941995,N,0.895,0.995,0.895,0.995
dataset/fly_ball/Codex_Workstation/F_0117,F_0117,fly_ball,Codex_Workstation,human_timing_review,F101_304.csv: original_time_correct=Y,1.876871,N,1.825,1.925,1.825,1.925
dataset/fly_ball/Codex_Workstation/F_0118,F_0118,fly_ball,Codex_Workstation,human_timing_review,F101_304.csv: original_time_correct=Y,2.153,N,2.1,2.2,2.100,2.200
dataset/fly_ball/Codex_Workstation/F_0119,F_0119,fly_ball,Codex_Workstation,human_timing_review,F101_304.csv: original_time_correct=N,2.881851,Y,2.34,2.44,2.831851,2.931851
dataset/fly_ball/Codex_Workstation/F_0120,F_0120,fly_ball,Codex_Workstation,human_timing_review,F101_304.csv: original_time_correct=N,0.113378,Y,1.955,2.055,0.063378,0.163378
dataset/fly_ball/Codex_Workstation/F_0121,F_0121,fly_ball,Codex_Workstation,human_timing_review,F101_304.csv: original_time_correct=Y,1.43,N,1.385,1.485,1.385,1.485
dataset/fly_ball/Codex_Workstation/F_0123,F_0123,fly_ball,Codex_Workstation,human_timing_review,F101_304.csv: original_time_correct=Y,0.805692,N,0.755,0.855,0.755,0.855
dataset/fly_ball/Codex_Workstation/F_0124,F_0124,fly_ball,Codex_Workstation,human_timing_review,F101_304.csv: original_time_correct=Y,1.990839,N,1.945,2.045,1.945,2.045
dataset/fly_ball/Codex_Workstation/F_0125,F_0125,fly_ball,Codex_Workstation,human_timing_review,F101_304.csv: original_time_correct=Y,3.036958,N,2.98,3.08,2.980,3.080
dataset/fly_ball/Codex_Workstation/F_0127,F_0127,fly_ball,Codex_Workstation,human_timing_review,F101_304.csv: original_time_correct=Y,1.362154,N,1.315,1.415,1.315,1.415
dataset/fly_ball/Codex_Workstation/F_0128,F_0128,fly_ball,Codex_Workstation,human_timing_review,F101_304.csv: original_time_correct=Y,1.818729,N,1.75,1.9,1.750,1.900
dataset/fly_ball/Codex_Workstation/F_0129,F_0129,fly_ball,Codex_Workstation,human_timing_review,F101_304.csv: original_time_correct=N,1.593226,Y,0.8,0.95,1.543226,1.643226
dataset/fly_ball/Codex_Workstation/F_0130,F_0130,fly_ball,Codex_Workstation,human_timing_review,F101_304.csv: original_time_correct=N,1.921271,Y,2.95,3.05,1.871271,1.971271
dataset/fly_ball/Codex_Workstation/F_0131,F_0131,fly_ball,Codex_Workstation,human_timing_review,F101_304.csv: original_time_correct=Y,2.437438,N,2.385,2.485,2.385,2.485
dataset/fly_ball/Codex_Workstation/F_0132,F_0132,fly_ball,Codex_Workstation,human_timing_review,F101_304.csv: original_time_correct=Y,2.023083,N,1.95,2.15,1.950,2.150
dataset/fly_ball/Codex_Workstation/F_0133,F_0133,fly_ball,Codex_Workstation,human_timing_review,F101_304.csv: original_time_correct=Y,1.869932,N,1.825,1.925,1.825,1.925
dataset/fly_ball/Codex_Workstation/F_0136,F_0136,fly_ball,Codex_Workstation,human_timing_review,F101_304.csv: original_time_correct=Y,0.740021,N,0.69,0.79,0.690,0.790
dataset/fly_ball/Codex_Workstation/F_0138,F_0138,fly_ball,Codex_Workstation,human_timing_review,F101_304.csv: original_time_correct=Y,2.035271,N,1.98,2.08,1.980,2.080
dataset/fly_ball/Codex_Workstation/F_0140,F_0140,fly_ball,Codex_Workstation,human_timing_review,F101_304.csv: original_time_correct=Y,2.005063,N,1.94,2.04,1.940,2.040
dataset/fly_ball/Codex_Workstation/F_0142,F_0142,fly_ball,Codex_Workstation,human_timing_review,F101_304.csv: original_time_correct=Y,2.019354,N,1.96,2.06,1.960,2.060
dataset/fly_ball/Codex_Workstation/F_0143,F_0143,fly_ball,Codex_Workstation,human_timing_review,F101_304.csv: original_time_correct=Y,1.831315,N,1.785,1.885,1.785,1.885
dataset/fly_ball/Codex_Workstation/F_0145,F_0145,fly_ball,Codex_Workstation,human_timing_review,F101_304.csv: original_time_correct=Y,2.015417,N,1.96,2.06,1.960,2.060
dataset/fly_ball/Codex_Workstation/F_0148,F_0148,fly_ball,Codex_Workstation,human_timing_review,F101_304.csv: original_time_correct=Y,1.996803,N,1.945,2.045,1.945,2.045
dataset/fly_ball/Codex_Workstation/F_0149,F_0149,fly_ball,Codex_Workstation,human_timing_review,F101_304.csv: original_time_correct=Y,1.065646,N,1,1.1,1.000,1.100
dataset/fly_ball/Codex_Workstation/F_0150,F_0150,fly_ball,Codex_Workstation,human_timing_review,F101_304.csv: original_time_correct=Y,2.001406,N,1.955,2.055,1.955,2.055
dataset/fly_ball/Codex_Workstation/F_0151,F_0151,fly_ball,Codex_Workstation,human_timing_review,F101_304.csv: original_time_correct=Y,2.00322,N,1.955,2.055,1.955,2.055
dataset/fly_ball/Codex_Workstation/F_0152,F_0152,fly_ball,Codex_Workstation,human_timing_review,F101_304.csv: original_time_correct=Y,2.002336,N,1.955,2.055,1.955,2.055
dataset/fly_ball/Codex_Workstation/F_0153,F_0153,fly_ball,Codex_Workstation,human_timing_review,F101_304.csv: original_time_correct=N,2.008856,Y,0.47,0.57,1.958856,2.058856
dataset/fly_ball/Codex_Workstation/F_0159,F_0159,fly_ball,Codex_Workstation,human_timing_review,F101_304.csv: original_time_correct=N,0.812064,Y,1.595,1.695,0.762064,0.862064
dataset/fly_ball/Codex_Workstation/F_0163,F_0163,fly_ball,Codex_Workstation,human_timing_review,F101_304.csv: original_time_correct=N,4.034393,Y,0.05,0.15,3.984393,4.084393
dataset/fly_ball/Codex_Workstation/F_0164,F_0164,fly_ball,Codex_Workstation,human_timing_review,F101_304.csv: original_time_correct=Y,2.023354,N,1.96,2.06,1.960,2.060
dataset/fly_ball/Codex_Workstation/F_0166,F_0166,fly_ball,Codex_Workstation,human_timing_review,F101_304.csv: original_time_correct=Y,0.896895,N,0.8,0.9,0.800,0.900
dataset/fly_ball/Codex_Workstation/F_0167,F_0167,fly_ball,Codex_Workstation,human_timing_review,F101_304.csv: original_time_correct=Y,2.002766,N,1.955,2.055,1.955,2.055
dataset/fly_ball/Codex_Workstation/F_0168,F_0168,fly_ball,Codex_Workstation,human_timing_review,F101_304.csv: original_time_correct=Y,1.759478,N,1.705,1.805,1.705,1.805
dataset/fly_ball/Codex_Workstation/F_0171,F_0171,fly_ball,Codex_Workstation,human_timing_review,F101_304.csv: original_time_correct=N,2.005479,Y,0.01,0.11,1.955479,2.055479
dataset/fly_ball/Codex_Workstation/F_0175,F_0175,fly_ball,Codex_Workstation,human_timing_review,F101_304.csv: original_time_correct=Y,1.997188,N,1.945,2.045,1.945,2.045
dataset/fly_ball/Codex_Workstation/F_0177,F_0177,fly_ball,Codex_Workstation,human_timing_review,F101_304.csv: original_time_correct=Y,2.002086,N,1.955,2.055,1.955,2.055
dataset/fly_ball/Codex_Workstation/F_0180,F_0180,fly_ball,Codex_Workstation,human_timing_review,F101_304.csv: original_time_correct=N,2.027551,Y,0.31,0.41,1.977551,2.077551
dataset/fly_ball/Codex_Workstation/F_0181,F_0181,fly_ball,Codex_Workstation,human_timing_review,F101_304.csv: original_time_correct=Y,1.993764,N,1.945,2.045,1.945,2.045
dataset/fly_ball/Codex_Workstation/F_0184,F_0184,fly_ball,Codex_Workstation,human_timing_review,F101_304.csv: original_time_correct=Y,1.392063,N,1.345,1.445,1.345,1.445
dataset/fly_ball/Codex_Workstation/F_0187,F_0187,fly_ball,Codex_Workstation,human_timing_review,F101_304.csv: original_time_correct=Y,2.031729,N,1.98,2.08,1.980,2.080
dataset/fly_ball/Codex_Workstation/F_0189,F_0189,fly_ball,Codex_Workstation,human_timing_review,F101_304.csv: original_time_correct=Y,1.816689,N,1.765,1.865,1.765,1.865
dataset/fly_ball/Codex_Workstation/F_0192,F_0192,fly_ball,Codex_Workstation,human_timing_review,F101_304.csv: original_time_correct=Y,2.031771,N,1.98,2.08,1.980,2.080
dataset/fly_ball/Codex_Workstation/F_0193,F_0193,fly_ball,Codex_Workstation,human_timing_review,F101_304.csv: original_time_correct=Y,1.08932,N,1.035,1.135,1.035,1.135
dataset/fly_ball/Codex_Workstation/F_0194,F_0194,fly_ball,Codex_Workstation,human_timing_review,F101_304.csv: original_time_correct=Y,0.695329,N,0.645,0.745,0.645,0.745
dataset/fly_ball/Codex_Workstation/F_0199,F_0199,fly_ball,Codex_Workstation,human_timing_review,F101_304.csv: original_time_correct=Y,1.99712,N,1.945,2.045,1.945,2.045
dataset/fly_ball/Codex_Workstation/F_0202,F_0202,fly_ball,Codex_Workstation,human_timing_review,F101_304.csv: original_time_correct=Y,1.99678,N,1.945,2.045,1.945,2.045
dataset/fly_ball/Codex_Workstation/F_0207,F_0207,fly_ball,Codex_Workstation,human_timing_review,F101_304.csv: original_time_correct=Y,1.623667,N,1.57,1.67,1.570,1.670
dataset/fly_ball/Codex_Workstation/F_0211,F_0211,fly_ball,Codex_Workstation,human_timing_review,F101_304.csv: original_time_correct=Y,0.999637,N,0.955,1.055,0.955,1.055
dataset/fly_ball/Codex_Workstation/F_0212,F_0212,fly_ball,Codex_Workstation,human_timing_review,F101_304.csv: original_time_correct=Y,2.004921,N,1.955,2.055,1.955,2.055
dataset/fly_ball/Codex_Workstation/F_0213,F_0213,fly_ball,Codex_Workstation,human_timing_review,F101_304.csv: original_time_correct=Y,2.026021,N,1.975,2.075,1.975,2.075
dataset/fly_ball/Codex_Workstation/F_0214,F_0214,fly_ball,Codex_Workstation,human_timing_review,F101_304.csv: original_time_correct=Y,0.8435,N,0.78,0.88,0.780,0.880
dataset/fly_ball/Codex_Workstation/F_0215,F_0215,fly_ball,Codex_Workstation,human_timing_review,F101_304.csv: original_time_correct=Y,1.667875,N,1.61,1.71,1.610,1.710
dataset/fly_ball/Codex_Workstation/F_0216,F_0216,fly_ball,Codex_Workstation,human_timing_review,F101_304.csv: original_time_correct=Y,2.018375,N,1.95,2.05,1.950,2.050
dataset/fly_ball/Codex_Workstation/F_0217,F_0217,fly_ball,Codex_Workstation,human_timing_review,F101_304.csv: original_time_correct=Y,1.399977,N,1.355,1.455,1.355,1.455
dataset/fly_ball/Codex_Workstation/F_0218,F_0218,fly_ball,Codex_Workstation,human_timing_review,F101_304.csv: original_time_correct=N,6.407186,Y,1.955,2.055,6.357186,6.457186
dataset/fly_ball/Codex_Workstation/F_0221,F_0221,fly_ball,Codex_Workstation,human_timing_review,F101_304.csv: original_time_correct=Y,1.375261,N,1.325,1.425,1.325,1.425
dataset/fly_ball/Codex_Workstation/F_0222,F_0222,fly_ball,Codex_Workstation,human_timing_review,F101_304.csv: original_time_correct=Y,2.028396,N,1.96,2.06,1.960,2.060
dataset/fly_ball/Codex_Workstation/F_0225,F_0225,fly_ball,Codex_Workstation,human_timing_review,F101_304.csv: original_time_correct=N,1.435759,Y,0.8,0.9,1.385759,1.485759
dataset/fly_ball/Codex_Workstation/F_0226,F_0226,fly_ball,Codex_Workstation,human_timing_review,F101_304.csv: original_time_correct=Y,0.364014,N,0.315,0.415,0.315,0.415
dataset/fly_ball/Codex_Workstation/F_0228,F_0228,fly_ball,Codex_Workstation,human_timing_review,F101_304.csv: original_time_correct=Y,1.128594,N,1.075,1.175,1.075,1.175
dataset/fly_ball/Codex_Workstation/F_0234,F_0234,fly_ball,Codex_Workstation,human_timing_review,F101_304.csv: original_time_correct=Y,0.305688,N,0.25,0.35,0.250,0.350
dataset/fly_ball/Codex_Workstation/F_0237,F_0237,fly_ball,Codex_Workstation,human_timing_review,F101_304.csv: original_time_correct=N,1.186175,Y,1.635,1.735,1.136175,1.236175
dataset/fly_ball/Codex_Workstation/F_0238,F_0238,fly_ball,Codex_Workstation,human_timing_review,F101_304.csv: original_time_correct=Y,2.016958,N,1.96,2.06,1.960,2.060
dataset/fly_ball/Codex_Workstation/F_0239,F_0239,fly_ball,Codex_Workstation,human_timing_review,F101_304.csv: original_time_correct=Y,0.989184,N,0.935,1.035,0.935,1.035
dataset/fly_ball/Codex_Workstation/F_0241,F_0241,fly_ball,Codex_Workstation,human_timing_review,F101_304.csv: original_time_correct=N,2.035367,Y,0.05,0.15,1.985367,2.085367
dataset/fly_ball/Codex_Workstation/F_0242,F_0242,fly_ball,Codex_Workstation,human_timing_review,F101_304.csv: original_time_correct=Y,1.995125,N,1.945,2.045,1.945,2.045
dataset/fly_ball/Codex_Workstation/F_0243,F_0243,fly_ball,Codex_Workstation,human_timing_review,F101_304.csv: original_time_correct=N,2.641689,Y,1.935,2.035,2.591689,2.691689
dataset/fly_ball/Codex_Workstation/F_0244,F_0244,fly_ball,Codex_Workstation,human_timing_review,F101_304.csv: original_time_correct=Y,0.264083,N,0.21,0.31,0.210,0.310
dataset/fly_ball/Codex_Workstation/F_0246,F_0246,fly_ball,Codex_Workstation,human_timing_review,F101_304.csv: original_time_correct=Y,1.998231,N,1.945,2.045,1.945,2.045
dataset/fly_ball/Codex_Workstation/F_0248,F_0248,fly_ball,Codex_Workstation,human_timing_review,F101_304.csv: original_time_correct=Y,2.014979,N,1.96,2.06,1.960,2.060
dataset/fly_ball/Codex_Workstation/F_0249,F_0249,fly_ball,Codex_Workstation,human_timing_review,F101_304.csv: original_time_correct=Y,1.682063,N,1.635,1.735,1.635,1.735
dataset/fly_ball/Codex_Workstation/F_0250,F_0250,fly_ball,Codex_Workstation,human_timing_review,F101_304.csv: original_time_correct=Y,1.079333,N,1.02,1.12,1.020,1.120
dataset/fly_ball/Codex_Workstation/F_0251,F_0251,fly_ball,Codex_Workstation,human_timing_review,F101_304.csv: original_time_correct=Y,2.00424,N,1.955,2.055,1.955,2.055
dataset/fly_ball/Codex_Workstation/F_0255,F_0255,fly_ball,Codex_Workstation,human_timing_review,F101_304.csv: original_time_correct=Y,1.997959,N,1.945,2.045,1.945,2.045
dataset/fly_ball/Codex_Workstation/F_0256,F_0256,fly_ball,Codex_Workstation,human_timing_review,F101_304.csv: original_time_correct=Y,2.022771,N,1.96,2.06,1.960,2.060
dataset/fly_ball/Codex_Workstation/F_0257,F_0257,fly_ball,Codex_Workstation,human_timing_review,F101_304.csv: original_time_correct=Y,1.843687,N,1.78,1.88,1.780,1.880
dataset/fly_ball/Codex_Workstation/F_0258,F_0258,fly_ball,Codex_Workstation,human_timing_review,F101_304.csv: original_time_correct=Y,1.995986,N,1.945,2.045,1.945,2.045
dataset/fly_ball/Codex_Workstation/F_0260,F_0260,fly_ball,Codex_Workstation,human_timing_review,F101_304.csv: original_time_correct=Y,2.035854,N,1.98,2.08,1.980,2.080
dataset/fly_ball/Codex_Workstation/F_0261,F_0261,fly_ball,Codex_Workstation,human_timing_review,F101_304.csv: original_time_correct=Y,2.021187,N,1.96,2.06,1.960,2.060
dataset/fly_ball/Codex_Workstation/F_0264,F_0264,fly_ball,Codex_Workstation,human_timing_review,F101_304.csv: original_time_correct=N,0.471263,Y,0,0.15,0.421263,0.521263
dataset/fly_ball/Codex_Workstation/F_0266,F_0266,fly_ball,Codex_Workstation,human_timing_review,F101_304.csv: original_time_correct=Y,1.688667,N,1.64,1.74,1.640,1.740
dataset/fly_ball/Codex_Workstation/F_0267,F_0267,fly_ball,Codex_Workstation,human_timing_review,F101_304.csv: original_time_correct=Y,2.031062,N,1.98,2.08,1.980,2.080
dataset/fly_ball/Codex_Workstation/F_0268,F_0268,fly_ball,Codex_Workstation,human_timing_review,F101_304.csv: original_time_correct=Y,2.022896,N,1.96,2.06,1.960,2.060
dataset/fly_ball/Codex_Workstation/F_0269,F_0269,fly_ball,Codex_Workstation,human_timing_review,F101_304.csv: original_time_correct=Y,1.996417,N,1.945,2.045,1.945,2.045
dataset/fly_ball/Codex_Workstation/F_0270,F_0270,fly_ball,Codex_Workstation,human_timing_review,F101_304.csv: original_time_correct=Y,1.764671,N,1.715,1.815,1.715,1.815
dataset/fly_ball/Codex_Workstation/F_0271,F_0271,fly_ball,Codex_Workstation,human_timing_review,F101_304.csv: original_time_correct=Y,1.983628,N,1.935,2.035,1.935,2.035
dataset/fly_ball/Codex_Workstation/F_0273,F_0273,fly_ball,Codex_Workstation,human_timing_review,F101_304.csv: original_time_correct=Y,1.996485,N,1.945,2.045,1.945,2.045
dataset/fly_ball/Codex_Workstation/F_0274,F_0274,fly_ball,Codex_Workstation,human_timing_review,F101_304.csv: original_time_correct=Y,2.002854,N,1.94,2.04,1.940,2.040
dataset/fly_ball/Codex_Workstation/F_0275,F_0275,fly_ball,Codex_Workstation,human_timing_review,F101_304.csv: original_time_correct=Y,1.994717,N,1.945,2.045,1.945,2.045
dataset/fly_ball/Codex_Workstation/F_0277,F_0277,fly_ball,Codex_Workstation,human_timing_review,F101_304.csv: original_time_correct=Y,1.963175,N,1.915,2.015,1.915,2.015
dataset/fly_ball/Codex_Workstation/F_0278,F_0278,fly_ball,Codex_Workstation,human_timing_review,F101_304.csv: original_time_correct=Y,1.996009,N,1.945,2.045,1.945,2.045
dataset/fly_ball/Codex_Workstation/F_0279,F_0279,fly_ball,Codex_Workstation,human_timing_review,F101_304.csv: original_time_correct=N,1.343034,Y,1.945,2.045,1.293034,1.393034
dataset/fly_ball/Codex_Workstation/F_0280,F_0280,fly_ball,Codex_Workstation,human_timing_review,F101_304.csv: original_time_correct=Y,1.622729,N,1.56,1.66,1.560,1.660
dataset/fly_ball/Codex_Workstation/F_0283,F_0283,fly_ball,Codex_Workstation,human_timing_review,F101_304.csv: original_time_correct=Y,1.997823,N,1.945,2.045,1.945,2.045
dataset/fly_ball/Codex_Workstation/F_0284,F_0284,fly_ball,Codex_Workstation,human_timing_review,F101_304.csv: original_time_correct=Y,1.601995,N,1.555,1.655,1.555,1.655
dataset/fly_ball/Codex_Workstation/F_0285,F_0285,fly_ball,Codex_Workstation,human_timing_review,F101_304.csv: original_time_correct=Y,1.067415,N,1.015,1.115,1.015,1.115
dataset/fly_ball/Codex_Workstation/F_0286,F_0286,fly_ball,Codex_Workstation,human_timing_review,F101_304.csv: original_time_correct=Y,1.385479,N,1.32,1.42,1.320,1.420
dataset/fly_ball/Codex_Workstation/F_0288,F_0288,fly_ball,Codex_Workstation,human_timing_review,F101_304.csv: original_time_correct=Y,1.993356,N,1.945,2.045,1.945,2.045
dataset/fly_ball/Codex_Workstation/F_0289,F_0289,fly_ball,Codex_Workstation,human_timing_review,F101_304.csv: original_time_correct=Y,1.483104,N,1.43,1.53,1.430,1.530
dataset/fly_ball/Codex_Workstation/F_0290,F_0290,fly_ball,Codex_Workstation,human_timing_review,F101_304.csv: original_time_correct=Y,1.718821,N,1.665,1.765,1.665,1.765
dataset/fly_ball/Codex_Workstation/F_0291,F_0291,fly_ball,Codex_Workstation,human_timing_review,F101_304.csv: original_time_correct=Y,2.031208,N,1.97,2.07,1.970,2.070
dataset/fly_ball/Codex_Workstation/F_0292,F_0292,fly_ball,Codex_Workstation,human_timing_review,F101_304.csv: original_time_correct=Y,2.006122,N,1.955,2.055,1.955,2.055
dataset/fly_ball/Codex_Workstation/F_0293,F_0293,fly_ball,Codex_Workstation,human_timing_review,F101_304.csv: original_time_correct=N,2.011921,Y,4.35,4.45,1.961921,2.061921
dataset/fly_ball/Codex_Workstation/F_0296,F_0296,fly_ball,Codex_Workstation,human_timing_review,F101_304.csv: original_time_correct=Y,2.003719,N,1.955,2.055,1.955,2.055
dataset/fly_ball/Codex_Workstation/F_0297,F_0297,fly_ball,Codex_Workstation,human_timing_review,F101_304.csv: original_time_correct=Y,1.081521,N,1.03,1.13,1.030,1.130
dataset/fly_ball/Codex_Workstation/F_0298,F_0298,fly_ball,Codex_Workstation,human_timing_review,F101_304.csv: original_time_correct=Y,2.025521,N,1.97,2.07,1.970,2.070
dataset/fly_ball/Codex_Workstation/F_0304,F_0304,fly_ball,Codex_Workstation,human_timing_review,F101_304.csv: original_time_correct=Y,0.896667,N,0.83,0.93,0.830,0.930
dataset/fly_ball/Codex_Workstation/F_0308,F_0308,fly_ball,Codex_Workstation,human_binary_review,305-507.xlsx: usable=1,,N,1.375,1.475,1.375,1.475
dataset/fly_ball/Codex_Workstation/F_0316,F_0316,fly_ball,Codex_Workstation,human_binary_review,305-507.xlsx: usable=1,,N,1.955,2.055,1.955,2.055
dataset/fly_ball/Codex_Workstation/F_0318,F_0318,fly_ball,Codex_Workstation,human_binary_review,305-507.xlsx: usable=1,,N,0.610,0.710,0.610,0.710
dataset/fly_ball/Codex_Workstation/F_0321,F_0321,fly_ball,Codex_Workstation,human_binary_review,305-507.xlsx: usable=1,,N,2.465,2.565,2.465,2.565
dataset/fly_ball/Codex_Workstation/F_0332,F_0332,fly_ball,Codex_Workstation,human_binary_review,305-507.xlsx: usable=1,,N,1.950,2.050,1.950,2.050
dataset/fly_ball/Codex_Workstation/F_0336,F_0336,fly_ball,Codex_Workstation,human_binary_review,305-507.xlsx: usable=1,,N,1.950,2.050,1.950,2.050
dataset/fly_ball/Codex_Workstation/F_0337,F_0337,fly_ball,Codex_Workstation,human_binary_review,305-507.xlsx: usable=1,,N,1.070,1.170,1.070,1.170
dataset/fly_ball/Codex_Workstation/F_0338,F_0338,fly_ball,Codex_Workstation,human_binary_review,305-507.xlsx: usable=1,,N,1.950,2.050,1.950,2.050
dataset/fly_ball/Codex_Workstation/F_0339,F_0339,fly_ball,Codex_Workstation,human_binary_review,305-507.xlsx: usable=1,,N,1.390,1.490,1.390,1.490
dataset/fly_ball/Codex_Workstation/F_0340,F_0340,fly_ball,Codex_Workstation,human_binary_review,305-507.xlsx: usable=1,,N,1.950,2.050,1.950,2.050
dataset/fly_ball/Codex_Workstation/F_0341,F_0341,fly_ball,Codex_Workstation,human_binary_review,305-507.xlsx: usable=1,,N,1.950,2.050,1.950,2.050
dataset/fly_ball/Codex_Workstation/F_0342,F_0342,fly_ball,Codex_Workstation,human_binary_review,305-507.xlsx: usable=1,,N,0.750,0.850,0.750,0.850
dataset/fly_ball/Codex_Workstation/F_0346,F_0346,fly_ball,Codex_Workstation,human_binary_review,305-507.xlsx: usable=1,,N,1.950,2.050,1.950,2.050
dataset/fly_ball/Codex_Workstation/F_0353,F_0353,fly_ball,Codex_Workstation,human_binary_review,305-507.xlsx: usable=1,,N,1.010,1.110,1.010,1.110
dataset/fly_ball/Codex_Workstation/F_0359,F_0359,fly_ball,Codex_Workstation,human_binary_review,305-507.xlsx: usable=1,,N,1.950,2.050,1.950,2.050
dataset/fly_ball/Codex_Workstation/F_0360,F_0360,fly_ball,Codex_Workstation,human_binary_review,305-507.xlsx: usable=1,,N,1.950,2.050,1.950,2.050
dataset/fly_ball/Codex_Workstation/F_0362,F_0362,fly_ball,Codex_Workstation,human_binary_review,305-507.xlsx: usable=1,,N,1.090,1.190,1.090,1.190
dataset/fly_ball/Codex_Workstation/F_0363,F_0363,fly_ball,Codex_Workstation,human_binary_review,305-507.xlsx: usable=1,,N,0.810,0.910,0.810,0.910
dataset/fly_ball/Codex_Workstation/F_0366,F_0366,fly_ball,Codex_Workstation,human_binary_review,305-507.xlsx: usable=1,,N,0.890,0.990,0.890,0.990
dataset/fly_ball/Codex_Workstation/F_0374,F_0374,fly_ball,Codex_Workstation,human_binary_review,305-507.xlsx: usable=1,,N,1.950,2.050,1.950,2.050
dataset/fly_ball/Codex_Workstation/F_0375,F_0375,fly_ball,Codex_Workstation,human_binary_review,305-507.xlsx: usable=1,,N,1.050,1.150,1.050,1.150
dataset/fly_ball/Codex_Workstation/F_0376,F_0376,fly_ball,Codex_Workstation,human_binary_review,305-507.xlsx: usable=1,,N,1.410,1.510,1.410,1.510
dataset/fly_ball/Codex_Workstation/F_0379,F_0379,fly_ball,Codex_Workstation,human_binary_review,305-507.xlsx: usable=1,,N,1.090,1.190,1.090,1.190
dataset/fly_ball/Codex_Workstation/F_0384,F_0384,fly_ball,Codex_Workstation,human_binary_review,305-507.xlsx: usable=1,,N,1.950,2.050,1.950,2.050
dataset/fly_ball/Codex_Workstation/F_0388,F_0388,fly_ball,Codex_Workstation,human_binary_review,305-507.xlsx: usable=1,,N,0.990,1.090,0.990,1.090
dataset/fly_ball/Codex_Workstation/F_0390,F_0390,fly_ball,Codex_Workstation,human_binary_review,305-507.xlsx: usable=1,,N,1.730,1.830,1.730,1.830
dataset/fly_ball/Codex_Workstation/F_0393,F_0393,fly_ball,Codex_Workstation,human_binary_review,305-507.xlsx: usable=1,,N,1.950,2.050,1.950,2.050
dataset/fly_ball/Codex_Workstation/F_0397,F_0397,fly_ball,Codex_Workstation,human_binary_review,305-507.xlsx: usable=1,,N,0.990,1.090,0.990,1.090
dataset/fly_ball/Codex_Workstation/F_0398,F_0398,fly_ball,Codex_Workstation,human_binary_review,305-507.xlsx: usable=1,,N,1.310,1.410,1.310,1.410
dataset/fly_ball/Codex_Workstation/F_0400,F_0400,fly_ball,Codex_Workstation,human_binary_review,305-507.xlsx: usable=1,,N,1.950,2.050,1.950,2.050
dataset/fly_ball/Codex_Workstation/F_0401,F_0401,fly_ball,Codex_Workstation,human_binary_review,305-507.xlsx: usable=1,,N,1.950,2.050,1.950,2.050
dataset/fly_ball/Codex_Workstation/F_0408,F_0408,fly_ball,Codex_Workstation,human_binary_review,305-507.xlsx: usable=1,,N,0.790,0.890,0.790,0.890
dataset/fly_ball/Codex_Workstation/F_0410,F_0410,fly_ball,Codex_Workstation,human_binary_review,305-507.xlsx: usable=1,,N,1.010,1.110,1.010,1.110
dataset/fly_ball/Codex_Workstation/F_0414,F_0414,fly_ball,Codex_Workstation,human_binary_review,305-507.xlsx: usable=1,,N,1.950,2.050,1.950,2.050
dataset/fly_ball/Codex_Workstation/F_0416,F_0416,fly_ball,Codex_Workstation,human_binary_review,305-507.xlsx: usable=1,,N,1.110,1.210,1.110,1.210
dataset/fly_ball/Codex_Workstation/F_0418,F_0418,fly_ball,Codex_Workstation,human_binary_review,305-507.xlsx: usable=1,,N,1.610,1.710,1.610,1.710
dataset/fly_ball/Codex_Workstation/F_0426,F_0426,fly_ball,Codex_Workstation,human_binary_review,305-507.xlsx: usable=1,,N,1.450,1.550,1.450,1.550
dataset/fly_ball/Codex_Workstation/F_0430,F_0430,fly_ball,Codex_Workstation,human_binary_review,305-507.xlsx: usable=1,,N,1.950,2.050,1.950,2.050
dataset/fly_ball/Codex_Workstation/F_0434,F_0434,fly_ball,Codex_Workstation,human_binary_review,305-507.xlsx: usable=1,,N,0.850,0.950,0.850,0.950
dataset/fly_ball/Codex_Workstation/F_0438,F_0438,fly_ball,Codex_Workstation,human_binary_review,305-507.xlsx: usable=1,,N,1.730,1.830,1.730,1.830
dataset/fly_ball/Codex_Workstation/F_0440,F_0440,fly_ball,Codex_Workstation,human_binary_review,305-507.xlsx: usable=1,,N,1.950,2.050,1.950,2.050
dataset/fly_ball/Codex_Workstation/F_0441,F_0441,fly_ball,Codex_Workstation,human_binary_review,305-507.xlsx: usable=1,,N,1.870,1.970,1.870,1.970
dataset/fly_ball/Codex_Workstation/F_0442,F_0442,fly_ball,Codex_Workstation,human_binary_review,305-507.xlsx: usable=1,,N,1.950,2.050,1.950,2.050
dataset/fly_ball/Codex_Workstation/F_0444,F_0444,fly_ball,Codex_Workstation,human_binary_review,305-507.xlsx: usable=1,,N,1.950,2.050,1.950,2.050
dataset/fly_ball/Codex_Workstation/F_0445,F_0445,fly_ball,Codex_Workstation,human_binary_review,305-507.xlsx: usable=1,,N,1.950,2.050,1.950,2.050
dataset/fly_ball/Codex_Workstation/F_0447,F_0447,fly_ball,Codex_Workstation,human_binary_review,305-507.xlsx: usable=1,,N,1.950,2.050,1.950,2.050
dataset/fly_ball/Codex_Workstation/F_0452,F_0452,fly_ball,Codex_Workstation,human_binary_review,305-507.xlsx: usable=1,,N,1.950,2.050,1.950,2.050
dataset/fly_ball/Codex_Workstation/F_0459,F_0459,fly_ball,Codex_Workstation,human_binary_review,305-507.xlsx: usable=1,,N,1.950,2.050,1.950,2.050
dataset/fly_ball/Codex_Workstation/F_0467,F_0467,fly_ball,Codex_Workstation,human_binary_review,305-507.xlsx: usable=1,,N,1.950,2.050,1.950,2.050
dataset/fly_ball/Codex_Workstation/F_0476,F_0476,fly_ball,Codex_Workstation,human_binary_review,305-507.xlsx: usable=1,,N,1.950,2.050,1.950,2.050
dataset/fly_ball/Codex_Workstation/F_0479,F_0479,fly_ball,Codex_Workstation,human_binary_review,305-507.xlsx: usable=1,,N,1.610,1.710,1.610,1.710
dataset/fly_ball/Codex_Workstation/F_0480,F_0480,fly_ball,Codex_Workstation,human_binary_review,305-507.xlsx: usable=1,,N,1.570,1.670,1.570,1.670
dataset/fly_ball/Codex_Workstation/F_0483,F_0483,fly_ball,Codex_Workstation,human_binary_review,305-507.xlsx: usable=1,,N,1.950,2.050,1.950,2.050
dataset/fly_ball/Codex_Workstation/F_0488,F_0488,fly_ball,Codex_Workstation,human_binary_review,305-507.xlsx: usable=1,,N,1.010,1.110,1.010,1.110
dataset/fly_ball/Codex_Workstation/F_0489,F_0489,fly_ball,Codex_Workstation,human_binary_review,305-507.xlsx: usable=1,,N,1.930,2.030,1.930,2.030
dataset/fly_ball/Codex_Workstation/F_0490,F_0490,fly_ball,Codex_Workstation,human_binary_review,305-507.xlsx: usable=1,,N,1.950,2.050,1.950,2.050
dataset/fly_ball/Codex_Workstation/F_0493,F_0493,fly_ball,Codex_Workstation,human_binary_review,305-507.xlsx: usable=1,,N,1.950,2.050,1.950,2.050
dataset/fly_ball/Codex_Workstation/F_0494,F_0494,fly_ball,Codex_Workstation,human_binary_review,305-507.xlsx: usable=1,,N,1.730,1.830,1.730,1.830
dataset/fly_ball/Codex_Workstation/F_0496,F_0496,fly_ball,Codex_Workstation,human_binary_review,305-507.xlsx: usable=1,,N,1.330,1.430,1.330,1.430
dataset/fly_ball/Codex_Workstation/F_0498,F_0498,fly_ball,Codex_Workstation,human_binary_review,305-507.xlsx: usable=1,,N,1.950,2.050,1.950,2.050
dataset/fly_ball/Codex_Workstation/F_0499,F_0499,fly_ball,Codex_Workstation,human_binary_review,305-507.xlsx: usable=1,,N,1.150,1.250,1.150,1.250
dataset/fly_ball/Codex_Workstation/F_0504,F_0504,fly_ball,Codex_Workstation,human_binary_review,305-507.xlsx: usable=1,,N,1.950,2.050,1.950,2.050
dataset/fly_ball/Codex_Workstation/F_0508,F_0508,fly_ball,Codex_Workstation,human_binary_review,508-710.xlsx: usable=1,,N,1.850,1.950,1.850,1.950
dataset/fly_ball/Codex_Workstation/F_0509,F_0509,fly_ball,Codex_Workstation,human_binary_review,508-710.xlsx: usable=1,,N,1.470,1.570,1.470,1.570
dataset/fly_ball/Codex_Workstation/F_0515,F_0515,fly_ball,Codex_Workstation,human_binary_review,508-710.xlsx: usable=1,,N,1.950,2.050,1.950,2.050
dataset/fly_ball/Codex_Workstation/F_0516,F_0516,fly_ball,Codex_Workstation,human_binary_review,508-710.xlsx: usable=1,,N,1.950,2.050,1.950,2.050
dataset/fly_ball/Codex_Workstation/F_0520,F_0520,fly_ball,Codex_Workstation,human_binary_review,508-710.xlsx: usable=1,,N,1.950,2.050,1.950,2.050
dataset/fly_ball/Codex_Workstation/F_0521,F_0521,fly_ball,Codex_Workstation,human_binary_review,508-710.xlsx: usable=1,,N,0.510,0.610,0.510,0.610
dataset/fly_ball/Codex_Workstation/F_0527,F_0527,fly_ball,Codex_Workstation,human_binary_review,508-710.xlsx: usable=1,,N,1.090,1.190,1.090,1.190
dataset/fly_ball/Codex_Workstation/F_0528,F_0528,fly_ball,Codex_Workstation,human_binary_review,508-710.xlsx: usable=1,,N,1.630,1.730,1.630,1.730
dataset/fly_ball/Codex_Workstation/F_0529,F_0529,fly_ball,Codex_Workstation,human_binary_review,508-710.xlsx: usable=1,,N,0.770,0.870,0.770,0.870
dataset/fly_ball/Codex_Workstation/F_0530,F_0530,fly_ball,Codex_Workstation,human_binary_review,508-710.xlsx: usable=1,,N,1.950,2.050,1.950,2.050
dataset/fly_ball/Codex_Workstation/F_0533,F_0533,fly_ball,Codex_Workstation,human_binary_review,508-710.xlsx: usable=1,,N,1.730,1.830,1.730,1.830
dataset/fly_ball/Codex_Workstation/F_0537,F_0537,fly_ball,Codex_Workstation,human_binary_review,508-710.xlsx: usable=1,,N,0.970,1.070,0.970,1.070
dataset/fly_ball/Codex_Workstation/F_0542,F_0542,fly_ball,Codex_Workstation,human_binary_review,508-710.xlsx: usable=1,,N,1.450,1.550,1.450,1.550
dataset/fly_ball/Codex_Workstation/F_0547,F_0547,fly_ball,Codex_Workstation,human_binary_review,508-710.xlsx: usable=1,,N,1.950,2.050,1.950,2.050
dataset/fly_ball/Codex_Workstation/F_0548,F_0548,fly_ball,Codex_Workstation,human_binary_review,508-710.xlsx: usable=1,,N,1.650,1.750,1.650,1.750
dataset/fly_ball/Codex_Workstation/F_0552,F_0552,fly_ball,Codex_Workstation,human_binary_review,508-710.xlsx: usable=1,,N,1.950,2.050,1.950,2.050
dataset/fly_ball/Codex_Workstation/F_0557,F_0557,fly_ball,Codex_Workstation,human_binary_review,508-710.xlsx: usable=1,,N,1.950,2.050,1.950,2.050
dataset/fly_ball/Codex_Workstation/F_0558,F_0558,fly_ball,Codex_Workstation,human_binary_review,508-710.xlsx: usable=1,,N,1.950,2.050,1.950,2.050
dataset/fly_ball/Codex_Workstation/F_0561,F_0561,fly_ball,Codex_Workstation,human_binary_review,508-710.xlsx: usable=1,,N,1.950,2.050,1.950,2.050
dataset/fly_ball/Codex_Workstation/F_0564,F_0564,fly_ball,Codex_Workstation,human_binary_review,508-710.xlsx: usable=1,,N,1.950,2.050,1.950,2.050
dataset/fly_ball/Codex_Workstation/F_0568,F_0568,fly_ball,Codex_Workstation,human_binary_review,508-710.xlsx: usable=1,,N,0.530,0.630,0.530,0.630
dataset/fly_ball/Codex_Workstation/F_0574,F_0574,fly_ball,Codex_Workstation,human_binary_review,508-710.xlsx: usable=1,,N,1.970,2.070,1.970,2.070
dataset/fly_ball/Codex_Workstation/F_0575,F_0575,fly_ball,Codex_Workstation,human_binary_review,508-710.xlsx: usable=1,,N,1.970,2.070,1.970,2.070
dataset/fly_ball/Codex_Workstation/F_0576,F_0576,fly_ball,Codex_Workstation,human_binary_review,508-710.xlsx: usable=1,,N,1.590,1.690,1.590,1.690
dataset/fly_ball/Codex_Workstation/F_0577,F_0577,fly_ball,Codex_Workstation,human_binary_review,508-710.xlsx: usable=1,,N,1.970,2.070,1.970,2.070
dataset/fly_ball/Codex_Workstation/F_0578,F_0578,fly_ball,Codex_Workstation,human_binary_review,508-710.xlsx: usable=1,,N,1.290,1.390,1.290,1.390
dataset/fly_ball/Codex_Workstation/F_0581,F_0581,fly_ball,Codex_Workstation,human_binary_review,508-710.xlsx: usable=1,,N,1.310,1.410,1.310,1.410
dataset/fly_ball/Codex_Workstation/F_0582,F_0582,fly_ball,Codex_Workstation,human_binary_review,508-710.xlsx: usable=1,,N,1.690,1.790,1.690,1.790
dataset/fly_ball/Codex_Workstation/F_0583,F_0583,fly_ball,Codex_Workstation,human_binary_review,508-710.xlsx: usable=1,,N,0.310,0.410,0.310,0.410
dataset/fly_ball/Codex_Workstation/F_0584,F_0584,fly_ball,Codex_Workstation,human_binary_review,508-710.xlsx: usable=1,,N,1.970,2.070,1.970,2.070
dataset/fly_ball/Codex_Workstation/F_0587,F_0587,fly_ball,Codex_Workstation,human_binary_review,508-710.xlsx: usable=1,,N,1.350,1.450,1.350,1.450
dataset/fly_ball/Codex_Workstation/F_0589,F_0589,fly_ball,Codex_Workstation,human_binary_review,508-710.xlsx: usable=1,,N,1.970,2.070,1.970,2.070
dataset/fly_ball/Codex_Workstation/F_0593,F_0593,fly_ball,Codex_Workstation,human_binary_review,508-710.xlsx: usable=1,,N,1.950,2.050,1.950,2.050
dataset/fly_ball/Codex_Workstation/F_0594,F_0594,fly_ball,Codex_Workstation,human_binary_review,508-710.xlsx: usable=1,,N,1.950,2.050,1.950,2.050
dataset/fly_ball/Codex_Workstation/F_0595,F_0595,fly_ball,Codex_Workstation,human_binary_review,508-710.xlsx: usable=1,,N,1.970,2.070,1.970,2.070
dataset/fly_ball/Codex_Workstation/F_0599,F_0599,fly_ball,Codex_Workstation,human_binary_review,508-710.xlsx: usable=1,,N,1.970,2.070,1.970,2.070
dataset/fly_ball/Codex_Workstation/F_0611,F_0611,fly_ball,Codex_Workstation,human_binary_review,508-710.xlsx: usable=1,,N,1.970,2.070,1.970,2.070
dataset/fly_ball/Codex_Workstation/F_0613,F_0613,fly_ball,Codex_Workstation,human_binary_review,508-710.xlsx: usable=1,,N,1.970,2.070,1.970,2.070
dataset/fly_ball/Codex_Workstation/F_0614,F_0614,fly_ball,Codex_Workstation,human_binary_review,508-710.xlsx: usable=1,,N,1.970,2.070,1.970,2.070
dataset/fly_ball/Codex_Workstation/F_0616,F_0616,fly_ball,Codex_Workstation,human_binary_review,508-710.xlsx: usable=1,,N,1.310,1.410,1.310,1.410
dataset/fly_ball/Codex_Workstation/F_0622,F_0622,fly_ball,Codex_Workstation,human_binary_review,508-710.xlsx: usable=1,,N,1.450,1.550,1.450,1.550
dataset/fly_ball/Codex_Workstation/F_0623,F_0623,fly_ball,Codex_Workstation,human_binary_review,508-710.xlsx: usable=1,,N,0.890,0.990,0.890,0.990
dataset/fly_ball/Codex_Workstation/F_0624,F_0624,fly_ball,Codex_Workstation,human_binary_review,508-710.xlsx: usable=1,,N,1.170,1.270,1.170,1.270
dataset/fly_ball/Codex_Workstation/F_0625,F_0625,fly_ball,Codex_Workstation,human_binary_review,508-710.xlsx: usable=1,,N,1.390,1.490,1.390,1.490
dataset/fly_ball/Codex_Workstation/F_0627,F_0627,fly_ball,Codex_Workstation,human_binary_review,508-710.xlsx: usable=1,,N,1.970,2.070,1.970,2.070
dataset/fly_ball/Codex_Workstation/F_0631,F_0631,fly_ball,Codex_Workstation,human_binary_review,508-710.xlsx: usable=1,,N,1.970,2.070,1.970,2.070
dataset/fly_ball/Codex_Workstation/F_0633,F_0633,fly_ball,Codex_Workstation,human_binary_review,508-710.xlsx: usable=1,,N,1.970,2.070,1.970,2.070
dataset/fly_ball/Codex_Workstation/F_0634,F_0634,fly_ball,Codex_Workstation,human_binary_review,508-710.xlsx: usable=1,,N,1.970,2.070,1.970,2.070
dataset/fly_ball/Codex_Workstation/F_0638,F_0638,fly_ball,Codex_Workstation,human_binary_review,508-710.xlsx: usable=1,,N,1.570,1.670,1.570,1.670
dataset/fly_ball/Codex_Workstation/F_0648,F_0648,fly_ball,Codex_Workstation,human_binary_review,508-710.xlsx: usable=1,,N,1.570,1.670,1.570,1.670
dataset/fly_ball/Codex_Workstation/F_0650,F_0650,fly_ball,Codex_Workstation,human_binary_review,508-710.xlsx: usable=1,,N,1.970,2.070,1.970,2.070
dataset/fly_ball/Codex_Workstation/F_0651,F_0651,fly_ball,Codex_Workstation,human_binary_review,508-710.xlsx: usable=1,,N,2.290,2.390,2.290,2.390
dataset/fly_ball/Codex_Workstation/F_0657,F_0657,fly_ball,Codex_Workstation,human_binary_review,508-710.xlsx: usable=1,,N,1.950,2.050,1.950,2.050
dataset/fly_ball/Codex_Workstation/F_0658,F_0658,fly_ball,Codex_Workstation,human_binary_review,508-710.xlsx: usable=1,,N,1.490,1.590,1.490,1.590
dataset/fly_ball/Codex_Workstation/F_0659,F_0659,fly_ball,Codex_Workstation,human_binary_review,508-710.xlsx: usable=1,,N,1.010,1.110,1.010,1.110
dataset/fly_ball/Codex_Workstation/F_0662,F_0662,fly_ball,Codex_Workstation,human_binary_review,508-710.xlsx: usable=1,,N,1.970,2.070,1.970,2.070
dataset/fly_ball/Codex_Workstation/F_0664,F_0664,fly_ball,Codex_Workstation,human_binary_review,508-710.xlsx: usable=1,,N,1.970,2.070,1.970,2.070
dataset/fly_ball/Codex_Workstation/F_0671,F_0671,fly_ball,Codex_Workstation,human_binary_review,508-710.xlsx: usable=1,,N,1.970,2.070,1.970,2.070
dataset/fly_ball/Codex_Workstation/F_0676,F_0676,fly_ball,Codex_Workstation,human_binary_review,508-710.xlsx: usable=1,,N,1.950,2.050,1.950,2.050
dataset/fly_ball/Codex_Workstation/F_0678,F_0678,fly_ball,Codex_Workstation,human_binary_review,508-710.xlsx: usable=1,,N,1.930,2.030,1.930,2.030
dataset/fly_ball/Codex_Workstation/F_0679,F_0679,fly_ball,Codex_Workstation,human_binary_review,508-710.xlsx: usable=1,,N,1.890,1.990,1.890,1.990
dataset/fly_ball/Codex_Workstation/F_0680,F_0680,fly_ball,Codex_Workstation,human_binary_review,508-710.xlsx: usable=1,,N,1.810,1.910,1.810,1.910
dataset/fly_ball/Codex_Workstation/F_0681,F_0681,fly_ball,Codex_Workstation,human_binary_review,508-710.xlsx: usable=1,,N,1.970,2.070,1.970,2.070
dataset/fly_ball/Codex_Workstation/F_0682,F_0682,fly_ball,Codex_Workstation,human_binary_review,508-710.xlsx: usable=1,,N,1.050,1.150,1.050,1.150
dataset/fly_ball/Codex_Workstation/F_0683,F_0683,fly_ball,Codex_Workstation,human_binary_review,508-710.xlsx: usable=1,,N,1.950,2.050,1.950,2.050
dataset/fly_ball/Codex_Workstation/F_0684,F_0684,fly_ball,Codex_Workstation,human_binary_review,508-710.xlsx: usable=1,,N,1.190,1.290,1.190,1.290
dataset/fly_ball/Codex_Workstation/F_0685,F_0685,fly_ball,Codex_Workstation,human_binary_review,508-710.xlsx: usable=1,,N,1.950,2.050,1.950,2.050
dataset/fly_ball/Codex_Workstation/F_0686,F_0686,fly_ball,Codex_Workstation,human_binary_review,508-710.xlsx: usable=1,,N,1.870,1.970,1.870,1.970
dataset/fly_ball/Codex_Workstation/F_0688,F_0688,fly_ball,Codex_Workstation,human_binary_review,508-710.xlsx: usable=1,,N,1.950,2.050,1.950,2.050
dataset/fly_ball/Codex_Workstation/F_0695,F_0695,fly_ball,Codex_Workstation,human_binary_review,508-710.xlsx: usable=1,,N,1.970,2.070,1.970,2.070
dataset/fly_ball/Codex_Workstation/F_0706,F_0706,fly_ball,Codex_Workstation,human_binary_review,508-710.xlsx: usable=1,,N,5.730,5.830,5.730,5.830
dataset/fly_ball/Codex_Workstation/F_0710,F_0710,fly_ball,Codex_Workstation,human_binary_review,508-710.xlsx: usable=1,,N,0.530,0.630,0.530,0.630
dataset/fly_ball/Codex_Workstation/F_0772,F_0772,fly_ball,Codex_Workstation,local_first_pass_direct,batch_002; local_video_first_plus_audio_20260804,1.5200,N,1.470,1.570,1.470,1.570
dataset/fly_ball/Codex_Workstation/F_0774,F_0774,fly_ball,Codex_Workstation,local_first_pass_direct,batch_002; local_video_first_plus_audio_20260804,2.0000,N,1.950,2.050,1.950,2.050
dataset/fly_ball/Codex_Workstation/F_0786,F_0786,fly_ball,Codex_Workstation,local_first_pass_direct,batch_002; local_video_first_plus_audio_20260804,1.0000,N,0.950,1.050,0.950,1.050
dataset/fly_ball/Codex_Workstation/F_0789,F_0789,fly_ball,Codex_Workstation,local_first_pass_direct,batch_002; local_video_first_plus_audio_20260804,1.4600,N,1.410,1.510,1.410,1.510
dataset/fly_ball/Codex_Workstation/F_0799,F_0799,fly_ball,Codex_Workstation,local_first_pass_direct,batch_002; local_video_first_plus_audio_20260804,0.9800,N,0.930,1.030,0.930,1.030
dataset/fly_ball/Codex_Workstation/F_0826,F_0826,fly_ball,Codex_Workstation,local_first_pass_direct,batch_002; local_video_first_plus_audio_20260804,2.0000,N,1.950,2.050,1.950,2.050
dataset/fly_ball/Codex_Workstation/F_0830,F_0830,fly_ball,Codex_Workstation,local_first_pass_direct,batch_002; local_video_first_plus_audio_20260804,2.0000,N,1.950,2.050,1.950,2.050
dataset/fly_ball/Codex_Workstation/F_0848,F_0848,fly_ball,Codex_Workstation,local_first_pass_direct,batch_002; local_video_first_plus_audio_20260804,2.0000,N,1.950,2.050,1.950,2.050
dataset/fly_ball/Codex_Workstation/F_0849,F_0849,fly_ball,Codex_Workstation,local_first_pass_direct,batch_002; local_video_first_plus_audio_20260804,1.9200,N,1.870,1.970,1.870,1.970
dataset/fly_ball/Codex_Workstation/F_0860,F_0860,fly_ball,Codex_Workstation,local_first_pass_direct,batch_002; local_video_first_plus_audio_20260804,1.1200,N,1.070,1.170,1.070,1.170
dataset/fly_ball/Codex_Workstation/F_0880,F_0880,fly_ball,Codex_Workstation,local_first_pass_direct,batch_002; local_video_first_plus_audio_20260804,0.7600,N,0.710,0.810,0.710,0.810
dataset/fly_ball/Codex_Workstation/F_0887,F_0887,fly_ball,Codex_Workstation,local_first_pass_direct,batch_002; local_video_first_plus_audio_20260804,1.0800,N,1.030,1.130,1.030,1.130
dataset/fly_ball/Codex_Workstation/F_0889,F_0889,fly_ball,Codex_Workstation,local_first_pass_direct,batch_002; local_video_first_plus_audio_20260804,1.5000,N,1.450,1.550,1.450,1.550
dataset/fly_ball/Codex_Workstation/F_0894,F_0894,fly_ball,Codex_Workstation,local_first_pass_direct,batch_002; local_video_first_plus_audio_20260804,0.9400,N,0.890,0.990,0.890,0.990
dataset/fly_ball/Codex_Workstation/F_0896,F_0896,fly_ball,Codex_Workstation,local_first_pass_direct,batch_002; local_video_first_plus_audio_20260804,1.1200,N,1.070,1.170,1.070,1.170
dataset/fly_ball/Codex_Workstation/F_0897,F_0897,fly_ball,Codex_Workstation,local_first_pass_direct,batch_002; local_video_first_plus_audio_20260804,1.9800,N,1.930,2.030,1.930,2.030
dataset/fly_ball/Codex_Workstation/F_0901,F_0901,fly_ball,Codex_Workstation,local_first_pass_direct,batch_002; local_video_first_plus_audio_20260804,1.8600,N,1.810,1.910,1.810,1.910
dataset/fly_ball/Codex_Workstation/F_0902,F_0902,fly_ball,Codex_Workstation,local_first_pass_direct,batch_002; local_video_first_plus_audio_20260804,1.8000,N,1.750,1.850,1.750,1.850
dataset/fly_ball/Codex_Workstation/F_0903,F_0903,fly_ball,Codex_Workstation,local_first_pass_direct,batch_002; local_video_first_plus_audio_20260804,1.8600,N,1.810,1.910,1.810,1.910
dataset/fly_ball/Codex_Workstation/F_0904,F_0904,fly_ball,Codex_Workstation,local_first_pass_direct,batch_002; local_video_first_plus_audio_20260804,1.9400,N,1.890,1.990,1.890,1.990
dataset/fly_ball/Codex_Workstation/F_0905,F_0905,fly_ball,Codex_Workstation,local_first_pass_direct,batch_002; local_video_first_plus_audio_20260804,1.9800,N,1.930,2.030,1.930,2.030
dataset/fly_ball/Codex_Workstation/F_0906,F_0906,fly_ball,Codex_Workstation,local_first_pass_direct,batch_002; local_video_first_plus_audio_20260804,1.3800,N,1.330,1.430,1.330,1.430
dataset/fly_ball/Codex_Workstation/F_0907,F_0907,fly_ball,Codex_Workstation,local_first_pass_direct,batch_002; local_video_first_plus_audio_20260804,2.0200,N,1.970,2.070,1.970,2.070
dataset/fly_ball/Codex_Workstation/F_0910,F_0910,fly_ball,Codex_Workstation,local_first_pass_direct,batch_002; local_video_first_plus_audio_20260804,2.0200,N,1.970,2.070,1.970,2.070
dataset/fly_ball/Codex_Workstation/F_0911,F_0911,fly_ball,Codex_Workstation,local_first_pass_direct,batch_002; local_video_first_plus_audio_20260804,2.0200,N,1.970,2.070,1.970,2.070
dataset/fly_ball/Codex_Workstation/F_0912,F_0912,fly_ball,Codex_Workstation,local_first_pass_direct,batch_002; local_video_first_plus_audio_20260804,1.3800,N,1.330,1.430,1.330,1.430
dataset/fly_ball/Codex_Workstation/F_0913,F_0913,fly_ball,Codex_Workstation,local_first_pass_direct,batch_002; local_video_first_plus_audio_20260804,1.1600,N,1.110,1.210,1.110,1.210
dataset/fly_ball/Codex_Workstation/F_0920,F_0920,fly_ball,Codex_Workstation,local_first_pass_direct,batch_002; local_video_first_plus_audio_20260804,1.1400,N,1.090,1.190,1.090,1.190
dataset/fly_ball/Codex_Workstation/F_0921,F_0921,fly_ball,Codex_Workstation,local_first_pass_direct,batch_002; local_video_first_plus_audio_20260804,1.7200,N,1.670,1.770,1.670,1.770
dataset/fly_ball/Codex_Workstation/F_0925,F_0925,fly_ball,Codex_Workstation,local_first_pass_direct,batch_002; local_video_first_plus_audio_20260804,1.2600,N,1.210,1.310,1.210,1.310
dataset/fly_ball/Codex_Workstation/F_0928,F_0928,fly_ball,Codex_Workstation,local_first_pass_direct,batch_002; local_video_first_plus_audio_20260804,2.0200,N,1.970,2.070,1.970,2.070
dataset/fly_ball/Codex_Workstation/F_0934,F_0934,fly_ball,Codex_Workstation,local_first_pass_direct,batch_002; local_video_first_plus_audio_20260804,1.2200,N,1.170,1.270,1.170,1.270
dataset/fly_ball/Codex_Workstation/F_0936,F_0936,fly_ball,Codex_Workstation,local_first_pass_direct,batch_002; local_video_first_plus_audio_20260804,1.2200,N,1.170,1.270,1.170,1.270
dataset/fly_ball/Codex_Workstation/F_0939,F_0939,fly_ball,Codex_Workstation,local_first_pass_direct,batch_002; local_video_first_plus_audio_20260804,1.0000,N,0.950,1.050,0.950,1.050
dataset/fly_ball/Codex_Workstation/F_0940,F_0940,fly_ball,Codex_Workstation,local_first_pass_direct,batch_002; local_video_first_plus_audio_20260804,1.3000,N,1.250,1.350,1.250,1.350
dataset/fly_ball/Codex_Workstation/F_0946,F_0946,fly_ball,Codex_Workstation,local_first_pass_direct,batch_002; local_video_first_plus_audio_20260804,2.0200,N,1.970,2.070,1.970,2.070
dataset/fly_ball/Codex_Workstation/F_0949,F_0949,fly_ball,Codex_Workstation,local_first_pass_direct,batch_002; local_video_first_plus_audio_20260804,2.0200,N,1.970,2.070,1.970,2.070
dataset/fly_ball/Codex_Workstation/F_0952,F_0952,fly_ball,Codex_Workstation,local_first_pass_direct,batch_002; local_video_first_plus_audio_20260804,1.0800,N,1.030,1.130,1.030,1.130
dataset/fly_ball/Codex_Workstation/F_0953,F_0953,fly_ball,Codex_Workstation,local_first_pass_direct,batch_002; local_video_first_plus_audio_20260804,1.1400,N,1.090,1.190,1.090,1.190
dataset/fly_ball/Codex_Workstation/F_0960,F_0960,fly_ball,Codex_Workstation,local_first_pass_direct,batch_002; local_video_first_plus_audio_20260804,2.0000,N,1.950,2.050,1.950,2.050
dataset/fly_ball/Codex_Workstation/F_0962,F_0962,fly_ball,Codex_Workstation,local_first_pass_direct,batch_002; local_video_first_plus_audio_20260804,2.0200,N,1.970,2.070,1.970,2.070
dataset/fly_ball/Codex_Workstation/F_0963,F_0963,fly_ball,Codex_Workstation,local_first_pass_direct,batch_002; local_video_first_plus_audio_20260804,1.7600,N,1.710,1.810,1.710,1.810
dataset/fly_ball/Codex_Workstation/F_0965,F_0965,fly_ball,Codex_Workstation,local_first_pass_direct,batch_002; local_video_first_plus_audio_20260804,1.7600,N,1.710,1.810,1.710,1.810
dataset/fly_ball/Codex_Workstation/F_0966,F_0966,fly_ball,Codex_Workstation,local_first_pass_direct,batch_002; local_video_first_plus_audio_20260804,1.7600,N,1.710,1.810,1.710,1.810
dataset/fly_ball/Codex_Workstation/F_0967,F_0967,fly_ball,Codex_Workstation,local_first_pass_direct,batch_002; local_video_first_plus_audio_20260804,1.7400,N,1.690,1.790,1.690,1.790
dataset/fly_ball/Codex_Workstation/F_0971,F_0971,fly_ball,Codex_Workstation,local_first_pass_direct,batch_002; local_video_first_plus_audio_20260804,1.0600,N,1.010,1.110,1.010,1.110
dataset/fly_ball/Codex_Workstation/F_0973,F_0973,fly_ball,Codex_Workstation,local_first_pass_direct,batch_002; local_video_first_plus_audio_20260804,2.0200,N,1.970,2.070,1.970,2.070
dataset/fly_ball/Codex_Workstation/F_0974,F_0974,fly_ball,Codex_Workstation,local_first_pass_direct,batch_002; local_video_first_plus_audio_20260804,1.7200,N,1.670,1.770,1.670,1.770
dataset/fly_ball/Codex_Workstation/F_0975,F_0975,fly_ball,Codex_Workstation,local_first_pass_direct,batch_002; local_video_first_plus_audio_20260804,1.1400,N,1.090,1.190,1.090,1.190
dataset/fly_ball/Codex_Workstation/F_0982,F_0982,fly_ball,Codex_Workstation,local_first_pass_direct,batch_002; local_video_first_plus_audio_20260804,2.0200,N,1.970,2.070,1.970,2.070
dataset/fly_ball/Codex_Workstation/F_0994,F_0994,fly_ball,Codex_Workstation,local_first_pass_direct,batch_002; local_video_first_plus_audio_20260804,1.8400,N,1.790,1.890,1.790,1.890
dataset/fly_ball/Codex_Workstation/F_0999,F_0999,fly_ball,Codex_Workstation,local_first_pass_direct,batch_002; local_video_first_plus_audio_20260804,2.0200,N,1.970,2.070,1.970,2.070
dataset/fly_ball/Codex_Workstation/F_1013,F_1013,fly_ball,Codex_Workstation,local_first_pass_direct,batch_002; local_video_first_plus_audio_20260804,1.5600,N,1.510,1.610,1.510,1.610
dataset/fly_ball/Codex_Workstation/F_1015,F_1015,fly_ball,Codex_Workstation,local_first_pass_direct,batch_002; local_video_first_plus_audio_20260804,1.6000,N,1.550,1.650,1.550,1.650
dataset/fly_ball/Codex_Workstation/F_1016,F_1016,fly_ball,Codex_Workstation,local_first_pass_direct,batch_002; local_video_first_plus_audio_20260804,1.2800,N,1.230,1.330,1.230,1.330
dataset/fly_ball/Codex_Workstation/F_1017,F_1017,fly_ball,Codex_Workstation,local_first_pass_direct,batch_002; local_video_first_plus_audio_20260804,2.0200,N,1.970,2.070,1.970,2.070
dataset/fly_ball/Codex_Workstation/F_1018,F_1018,fly_ball,Codex_Workstation,local_first_pass_direct,batch_002; local_video_first_plus_audio_20260804,1.4400,N,1.390,1.490,1.390,1.490
dataset/fly_ball/Codex_Workstation/F_1034,F_1034,fly_ball,Codex_Workstation,local_first_pass_direct,batch_002; local_video_first_plus_audio_20260804,2.0200,N,1.970,2.070,1.970,2.070
dataset/fly_ball/Codex_Workstation/F_1065,F_1065,fly_ball,Codex_Workstation,local_first_pass_direct,batch_001; frozen_human_confirmed_71,0.0365,N,0.000,0.073,0.000,0.073
dataset/fly_ball/Codex_Workstation/F_1108,F_1108,fly_ball,Codex_Workstation,local_first_pass_direct,batch_001; frozen_human_confirmed_71,1.2220,N,1.172,1.272,1.172,1.272
dataset/fly_ball/Codex_Workstation/F_1110,F_1110,fly_ball,Codex_Workstation,local_first_pass_direct,batch_001; frozen_human_confirmed_71,1.2220,N,1.172,1.272,1.172,1.272
dataset/fly_ball/Codex_Workstation/F_1125,F_1125,fly_ball,Codex_Workstation,local_first_pass_direct,batch_001; frozen_human_confirmed_71,2.0270,N,1.977,2.077,1.977,2.077
dataset/fly_ball/Codex_Workstation/F_1128,F_1128,fly_ball,Codex_Workstation,local_first_pass_direct,batch_001; frozen_human_confirmed_71,1.2930,N,1.243,1.343,1.243,1.343
dataset/fly_ball/Codex_Workstation/F_1129,F_1129,fly_ball,Codex_Workstation,local_first_pass_direct,batch_001; frozen_human_confirmed_71,1.6730,N,1.623,1.723,1.623,1.723
dataset/fly_ball/Codex_Workstation/F_1132,F_1132,fly_ball,Codex_Workstation,local_first_pass_direct,batch_001; frozen_human_confirmed_71,2.0370,N,1.987,2.087,1.987,2.087
dataset/fly_ball/Codex_Workstation/F_1134,F_1134,fly_ball,Codex_Workstation,local_first_pass_direct,batch_001; frozen_human_confirmed_71,1.9330,N,1.883,1.983,1.883,1.983
dataset/fly_ball/Codex_Workstation/F_1135,F_1135,fly_ball,Codex_Workstation,local_first_pass_direct,batch_001; frozen_human_confirmed_71,1.8470,N,1.797,1.897,1.797,1.897
dataset/fly_ball/Codex_Workstation/F_1136,F_1136,fly_ball,Codex_Workstation,local_first_pass_direct,batch_001; frozen_human_confirmed_71,1.5870,N,1.537,1.637,1.537,1.637
dataset/fly_ball/Codex_Workstation/F_1141,F_1141,fly_ball,Codex_Workstation,local_first_pass_direct,batch_001; frozen_human_confirmed_71,1.0580,N,1.008,1.108,1.008,1.108
dataset/fly_ball/Codex_Workstation/F_1144,F_1144,fly_ball,Codex_Workstation,local_first_pass_direct,batch_001; frozen_human_confirmed_71,5.2620,N,5.212,5.312,5.212,5.312
dataset/fly_ball/Codex_Workstation/F_1146,F_1146,fly_ball,Codex_Workstation,local_first_pass_direct,batch_001; frozen_human_confirmed_71,1.3830,N,1.333,1.433,1.333,1.433
dataset/fly_ball/Codex_Workstation/F_1153,F_1153,fly_ball,Codex_Workstation,local_first_pass_direct,batch_001; frozen_human_confirmed_71,0.1980,N,0.148,0.248,0.148,0.248
dataset/fly_ball/Codex_Workstation/F_1156,F_1156,fly_ball,Codex_Workstation,local_first_pass_direct,batch_001; frozen_human_confirmed_71,1.8780,N,1.828,1.928,1.828,1.928
dataset/fly_ball/Codex_Workstation/F_1157,F_1157,fly_ball,Codex_Workstation,local_first_pass_direct,batch_001; frozen_human_confirmed_71,1.1880,N,1.138,1.238,1.138,1.238
dataset/fly_ball/Codex_Workstation/F_1158,F_1158,fly_ball,Codex_Workstation,local_first_pass_direct,batch_001; frozen_human_confirmed_71,1.7220,N,1.672,1.772,1.672,1.772
dataset/fly_ball/Codex_Workstation/F_1162,F_1162,fly_ball,Codex_Workstation,local_first_pass_direct,batch_001; frozen_human_confirmed_71,1.0770,N,1.027,1.127,1.027,1.127
dataset/fly_ball/Codex_Workstation/F_1169,F_1169,fly_ball,Codex_Workstation,local_first_pass_direct,batch_001; frozen_human_confirmed_71,2.0230,N,1.973,2.073,1.973,2.073
dataset/fly_ball/Codex_Workstation/F_1172,F_1172,fly_ball,Codex_Workstation,local_first_pass_direct,batch_001; frozen_human_confirmed_71,0.8270,N,0.777,0.877,0.777,0.877
dataset/fly_ball/Codex_Workstation/F_1178,F_1178,fly_ball,Codex_Workstation,local_first_pass_direct,batch_001; frozen_human_confirmed_71,0.0870,N,0.037,0.137,0.037,0.137
dataset/fly_ball/Codex_Workstation/F_1184,F_1184,fly_ball,Codex_Workstation,local_first_pass_direct,batch_001; frozen_human_confirmed_71,2.0270,N,1.977,2.077,1.977,2.077
dataset/fly_ball/Codex_Workstation/F_1190,F_1190,fly_ball,Codex_Workstation,local_first_pass_direct,batch_001; frozen_human_confirmed_71,2.0170,N,1.967,2.067,1.967,2.067
dataset/fly_ball/Codex_Workstation/F_1196,F_1196,fly_ball,Codex_Workstation,local_first_pass_direct,batch_001; frozen_human_confirmed_71,1.7980,N,1.748,1.848,1.748,1.848
dataset/fly_ball/Codex_Workstation/F_1197,F_1197,fly_ball,Codex_Workstation,local_first_pass_direct,batch_001; frozen_human_confirmed_71,0.7280,N,0.678,0.778,0.678,0.778
dataset/fly_ball/Codex_Workstation/F_1198,F_1198,fly_ball,Codex_Workstation,local_first_pass_direct,batch_001; frozen_human_confirmed_71,1.2020,N,1.152,1.252,1.152,1.252
dataset/fly_ball/Codex_Workstation/F_1204,F_1204,fly_ball,Codex_Workstation,local_first_pass_direct,batch_001; frozen_human_confirmed_71,1.1380,N,1.088,1.188,1.088,1.188
dataset/fly_ball/Codex_Workstation/F_1205,F_1205,fly_ball,Codex_Workstation,local_first_pass_direct,batch_001; frozen_human_confirmed_71,2.0230,N,1.973,2.073,1.973,2.073
dataset/fly_ball/Codex_Workstation/F_1206,F_1206,fly_ball,Codex_Workstation,local_first_pass_direct,batch_001; frozen_human_confirmed_71,2.0230,N,1.973,2.073,1.973,2.073
dataset/fly_ball/Codex_Workstation/F_1207,F_1207,fly_ball,Codex_Workstation,local_first_pass_direct,batch_001; frozen_human_confirmed_71,1.8320,N,1.782,1.882,1.782,1.882
dataset/fly_ball/Codex_Workstation/F_1212,F_1212,fly_ball,Codex_Workstation,local_first_pass_direct,batch_001; frozen_human_confirmed_71,1.7680,N,1.718,1.818,1.718,1.818
dataset/fly_ball/Codex_Workstation/F_1213,F_1213,fly_ball,Codex_Workstation,local_first_pass_direct,batch_001; frozen_human_confirmed_71,1.9130,N,1.863,1.963,1.863,1.963
dataset/fly_ball/Codex_Workstation/F_1216,F_1216,fly_ball,Codex_Workstation,local_first_pass_direct,batch_001; frozen_human_confirmed_71,2.0230,N,1.973,2.073,1.973,2.073
dataset/fly_ball/Codex_Workstation/F_1217,F_1217,fly_ball,Codex_Workstation,local_first_pass_direct,batch_001; frozen_human_confirmed_71,0.1270,N,0.077,0.177,0.077,0.177
dataset/fly_ball/Codex_Workstation/F_1221,F_1221,fly_ball,Codex_Workstation,local_first_pass_direct,batch_001; frozen_human_confirmed_71,1.2880,N,1.238,1.338,1.238,1.338
dataset/fly_ball/Codex_Workstation/F_1222,F_1222,fly_ball,Codex_Workstation,local_first_pass_direct,batch_001; frozen_human_confirmed_71,1.2270,N,1.177,1.277,1.177,1.277
dataset/fly_ball/Codex_Workstation/F_1226,F_1226,fly_ball,Codex_Workstation,local_first_pass_direct,batch_001; frozen_human_confirmed_71,0.3770,N,0.327,0.427,0.327,0.427
dataset/fly_ball/Codex_Workstation/F_1230,F_1230,fly_ball,Codex_Workstation,local_first_pass_direct,batch_001; frozen_human_confirmed_71,1.0580,N,1.008,1.108,1.008,1.108
dataset/fly_ball/Codex_Workstation/F_1231,F_1231,fly_ball,Codex_Workstation,local_first_pass_direct,batch_001; frozen_human_confirmed_71,1.0720,N,1.022,1.122,1.022,1.122
dataset/fly_ball/Codex_Workstation/F_1246,F_1246,fly_ball,Codex_Workstation,local_first_pass_direct,batch_001; frozen_human_confirmed_71,1.8720,N,1.822,1.922,1.822,1.922
dataset/fly_ball/Codex_Workstation/F_1250,F_1250,fly_ball,Codex_Workstation,local_first_pass_direct,batch_001; frozen_human_confirmed_71,0.8630,N,0.813,0.913,0.813,0.913
dataset/fly_ball/Codex_Workstation/F_1270,F_1270,fly_ball,Codex_Workstation,local_first_pass_direct,batch_001; frozen_human_confirmed_71,2.0270,N,1.977,2.077,1.977,2.077
dataset/fly_ball/Codex_Workstation/F_1275,F_1275,fly_ball,Codex_Workstation,local_first_pass_direct,batch_001; frozen_human_confirmed_71,0.8970,N,0.847,0.947,0.847,0.947
dataset/fly_ball/Codex_Workstation/F_1276,F_1276,fly_ball,Codex_Workstation,local_first_pass_direct,batch_001; frozen_human_confirmed_71,2.6680,N,2.618,2.718,2.618,2.718
dataset/fly_ball/Codex_Workstation/F_1278,F_1278,fly_ball,Codex_Workstation,local_first_pass_direct,batch_001; frozen_human_confirmed_71,1.8980,N,1.848,1.948,1.848,1.948
dataset/fly_ball/Codex_Workstation/F_1283,F_1283,fly_ball,Codex_Workstation,local_first_pass_direct,batch_001; frozen_human_confirmed_71,2.0070,N,1.957,2.057,1.957,2.057
dataset/fly_ball/Codex_Workstation/F_1288,F_1288,fly_ball,Codex_Workstation,local_first_pass_direct,batch_001; frozen_human_confirmed_71,0.9620,N,0.912,1.012,0.912,1.012
dataset/fly_ball/Zhengxuan_Liu/F_001,F_001,fly_ball,Zhengxuan_Liu,local_first_pass_direct,batch_001; frozen_human_confirmed_71,1.5090,N,1.459,1.559,1.459,1.559
dataset/fly_ball/Zhengxuan_Liu/F_005,F_005,fly_ball,Zhengxuan_Liu,local_first_pass_direct,batch_001; frozen_human_confirmed_71,1.9480,N,1.898,1.998,1.898,1.998
dataset/fly_ball/Zhengxuan_Liu/F_006,F_006,fly_ball,Zhengxuan_Liu,local_first_pass_direct,batch_001; frozen_human_confirmed_71,0.6910,N,0.641,0.741,0.641,0.741
dataset/fly_ball/Zhengxuan_Liu/F_007,F_007,fly_ball,Zhengxuan_Liu,local_first_pass_direct,batch_001; frozen_human_confirmed_71,0.6460,N,0.596,0.696,0.596,0.696
dataset/fly_ball/Zhengxuan_Liu/F_009,F_009,fly_ball,Zhengxuan_Liu,local_first_pass_direct,batch_001; frozen_human_confirmed_71,0.8260,N,0.776,0.876,0.776,0.876
dataset/fly_ball/Zhengxuan_Liu/F_011,F_011,fly_ball,Zhengxuan_Liu,local_first_pass_direct,batch_001; frozen_human_confirmed_71,0.8210,N,0.771,0.871,0.771,0.871
dataset/fly_ball/Zhengxuan_Liu/F_012,F_012,fly_ball,Zhengxuan_Liu,local_first_pass_direct,batch_001; frozen_human_confirmed_71,1.3050,N,1.255,1.355,1.255,1.355
dataset/fly_ball/Zhengxuan_Liu/F_013,F_013,fly_ball,Zhengxuan_Liu,local_first_pass_direct,batch_001; frozen_human_confirmed_71,2.1380,N,2.088,2.188,2.088,2.188
dataset/fly_ball/Zhengxuan_Liu/F_014,F_014,fly_ball,Zhengxuan_Liu,local_first_pass_direct,batch_001; frozen_human_confirmed_71,1.8980,N,1.848,1.948,1.848,1.948
dataset/fly_ball/Zhengxuan_Liu/F_015,F_015,fly_ball,Zhengxuan_Liu,local_first_pass_direct,batch_001; frozen_human_confirmed_71,0.6110,N,0.561,0.661,0.561,0.661
dataset/fly_ball/Zhengxuan_Liu/F_016,F_016,fly_ball,Zhengxuan_Liu,local_first_pass_direct,batch_001; frozen_human_confirmed_71,0.8410,N,0.791,0.891,0.791,0.891
dataset/fly_ball/Zhengxuan_Liu/F_017,F_017,fly_ball,Zhengxuan_Liu,local_first_pass_direct,batch_001; frozen_human_confirmed_71,0.7910,N,0.741,0.841,0.741,0.841
dataset/fly_ball/Zhengxuan_Liu/F_018,F_018,fly_ball,Zhengxuan_Liu,local_first_pass_direct,batch_001; frozen_human_confirmed_71,1.0000,N,0.950,1.050,0.950,1.050
dataset/fly_ball/Zhengxuan_Liu/F_019,F_019,fly_ball,Zhengxuan_Liu,local_first_pass_direct,batch_001; frozen_human_confirmed_71,0.8710,N,0.821,0.921,0.821,0.921
dataset/fly_ball/Zhengxuan_Liu/F_020,F_020,fly_ball,Zhengxuan_Liu,local_first_pass_direct,batch_001; frozen_human_confirmed_71,1.1300,N,1.080,1.180,1.080,1.180
dataset/fly_ball/Zhengxuan_Liu/F_022,F_022,fly_ball,Zhengxuan_Liu,local_first_pass_direct,batch_001; frozen_human_confirmed_71,2.0380,N,1.988,2.088,1.988,2.088
dataset/fly_ball/Zhengxuan_Liu/F_023,F_023,fly_ball,Zhengxuan_Liu,local_first_pass_direct,batch_001; frozen_human_confirmed_71,0.4460,N,0.396,0.496,0.396,0.496
dataset/fly_ball/Zhengxuan_Liu/F_026,F_026,fly_ball,Zhengxuan_Liu,local_first_pass_direct,batch_001; frozen_human_confirmed_71,1.3000,N,1.250,1.350,1.250,1.350
dataset/fly_ball/Zhengxuan_Liu/F_027,F_027,fly_ball,Zhengxuan_Liu,local_first_pass_direct,batch_001; frozen_human_confirmed_71,1.1500,N,1.100,1.200,1.100,1.200
dataset/fly_ball/Zhengxuan_Liu/F_028,F_028,fly_ball,Zhengxuan_Liu,local_first_pass_direct,batch_001; frozen_human_confirmed_71,0.8560,N,0.806,0.906,0.806,0.906
dataset/fly_ball/Zhengxuan_Liu/F_029,F_029,fly_ball,Zhengxuan_Liu,local_first_pass_direct,batch_001; frozen_human_confirmed_71,1.2050,N,1.155,1.255,1.155,1.255
dataset/fly_ball/Zhengxuan_Liu/F_030,F_030,fly_ball,Zhengxuan_Liu,local_first_pass_direct,batch_001; frozen_human_confirmed_71,1.1150,N,1.065,1.165,1.065,1.165
dataset/fly_ball/Zhengxuan_Liu/F_031,F_031,fly_ball,Zhengxuan_Liu,local_first_pass_direct,batch_001; frozen_human_confirmed_71,2.1730,N,2.123,2.223,2.123,2.223
dataset/fly_ball/Zhengxuan_Liu/F_033,F_033,fly_ball,Zhengxuan_Liu,local_first_pass_direct,batch_001; frozen_human_confirmed_71,1.1450,N,1.095,1.195,1.095,1.195
dataset/ground_ball/Codex_Workstation/G_0001,G_0001,ground_ball,Codex_Workstation,human_binary_review,1-212.xlsx: usable=1,,N,1.400,1.600,1.400,1.600
dataset/ground_ball/Codex_Workstation/G_0002,G_0002,ground_ball,Codex_Workstation,human_binary_review,1-212.xlsx: usable=1,,N,1.220,1.320,1.220,1.320
dataset/ground_ball/Codex_Workstation/G_0003,G_0003,ground_ball,Codex_Workstation,human_binary_review,1-212.xlsx: usable=1,,N,3.400,3.500,3.400,3.500
dataset/ground_ball/Codex_Workstation/G_0005,G_0005,ground_ball,Codex_Workstation,human_binary_review,1-212.xlsx: usable=1,,N,1.770,1.870,1.770,1.870
dataset/ground_ball/Codex_Workstation/G_0006,G_0006,ground_ball,Codex_Workstation,human_binary_review,1-212.xlsx: usable=1,,N,2.460,2.560,2.460,2.560
dataset/ground_ball/Codex_Workstation/G_0008,G_0008,ground_ball,Codex_Workstation,human_binary_review,1-212.xlsx: usable=1,,N,1.800,1.900,1.800,1.900
dataset/ground_ball/Codex_Workstation/G_0009,G_0009,ground_ball,Codex_Workstation,human_binary_review,1-212.xlsx: usable=1,,N,0.970,1.070,0.970,1.070
dataset/ground_ball/Codex_Workstation/G_0010,G_0010,ground_ball,Codex_Workstation,human_binary_review,1-212.xlsx: usable=1,,N,0.920,1.070,0.920,1.070
dataset/ground_ball/Codex_Workstation/G_0012,G_0012,ground_ball,Codex_Workstation,human_binary_review,1-212.xlsx: usable=1,,N,1.980,2.080,1.980,2.080
dataset/ground_ball/Codex_Workstation/G_0013,G_0013,ground_ball,Codex_Workstation,human_binary_review,1-212.xlsx: usable=1,,N,0.910,1.010,0.910,1.010
dataset/ground_ball/Codex_Workstation/G_0014,G_0014,ground_ball,Codex_Workstation,human_binary_review,1-212.xlsx: usable=1,,N,1.930,2.030,1.930,2.030
dataset/ground_ball/Codex_Workstation/G_0016,G_0016,ground_ball,Codex_Workstation,human_binary_review,1-212.xlsx: usable=1,,N,1.200,1.300,1.200,1.300
dataset/ground_ball/Codex_Workstation/G_0017,G_0017,ground_ball,Codex_Workstation,human_binary_review,1-212.xlsx: usable=1,,N,2.080,2.180,2.080,2.180
dataset/ground_ball/Codex_Workstation/G_0019,G_0019,ground_ball,Codex_Workstation,human_binary_review,1-212.xlsx: usable=1,,N,0.970,1.010,0.970,1.010
dataset/ground_ball/Codex_Workstation/G_0020,G_0020,ground_ball,Codex_Workstation,human_binary_review,1-212.xlsx: usable=1,,N,3.390,3.530,3.390,3.530
dataset/ground_ball/Codex_Workstation/G_0021,G_0021,ground_ball,Codex_Workstation,human_binary_review,1-212.xlsx: usable=1,,N,2.880,2.980,2.880,2.980
dataset/ground_ball/Codex_Workstation/G_0022,G_0022,ground_ball,Codex_Workstation,human_binary_review,1-212.xlsx: usable=1,,N,1.230,1.380,1.230,1.380
dataset/ground_ball/Codex_Workstation/G_0023,G_0023,ground_ball,Codex_Workstation,human_binary_review,1-212.xlsx: usable=1,,N,0.750,0.850,0.750,0.850
dataset/ground_ball/Codex_Workstation/G_0025,G_0025,ground_ball,Codex_Workstation,human_binary_review,1-212.xlsx: usable=1,,N,3.520,3.580,3.520,3.580
dataset/ground_ball/Codex_Workstation/G_0026,G_0026,ground_ball,Codex_Workstation,human_binary_review,1-212.xlsx: usable=1,,N,2.550,2.650,2.550,2.650
dataset/ground_ball/Codex_Workstation/G_0027,G_0027,ground_ball,Codex_Workstation,human_binary_review,1-212.xlsx: usable=1,,N,1.470,1.620,1.470,1.620
dataset/ground_ball/Codex_Workstation/G_0028,G_0028,ground_ball,Codex_Workstation,human_binary_review,1-212.xlsx: usable=1,,N,1.450,1.550,1.450,1.550
dataset/ground_ball/Codex_Workstation/G_0029,G_0029,ground_ball,Codex_Workstation,human_binary_review,1-212.xlsx: usable=1,,N,1.620,1.720,1.620,1.720
dataset/ground_ball/Codex_Workstation/G_0030,G_0030,ground_ball,Codex_Workstation,human_binary_review,1-212.xlsx: usable=1,,N,1.730,1.830,1.730,1.830
dataset/ground_ball/Codex_Workstation/G_0031,G_0031,ground_ball,Codex_Workstation,human_binary_review,1-212.xlsx: usable=1,,N,3.320,3.420,3.320,3.420
dataset/ground_ball/Codex_Workstation/G_0032,G_0032,ground_ball,Codex_Workstation,human_binary_review,1-212.xlsx: usable=1,,N,1.770,1.870,1.770,1.870
dataset/ground_ball/Codex_Workstation/G_0034,G_0034,ground_ball,Codex_Workstation,human_binary_review,1-212.xlsx: usable=1,,N,0.970,1.030,0.970,1.030
dataset/ground_ball/Codex_Workstation/G_0035,G_0035,ground_ball,Codex_Workstation,human_binary_review,1-212.xlsx: usable=1,,N,0.800,0.900,0.800,0.900
dataset/ground_ball/Codex_Workstation/G_0036,G_0036,ground_ball,Codex_Workstation,human_binary_review,1-212.xlsx: usable=1,,N,2.080,2.180,2.080,2.180
dataset/ground_ball/Codex_Workstation/G_0039,G_0039,ground_ball,Codex_Workstation,human_binary_review,1-212.xlsx: usable=1,,N,2.410,2.510,2.410,2.510
dataset/ground_ball/Codex_Workstation/G_0040,G_0040,ground_ball,Codex_Workstation,human_binary_review,1-212.xlsx: usable=1,,N,3.470,3.620,3.470,3.620
dataset/ground_ball/Codex_Workstation/G_0041,G_0041,ground_ball,Codex_Workstation,human_binary_review,1-212.xlsx: usable=1,,N,0.970,1.070,0.970,1.070
dataset/ground_ball/Codex_Workstation/G_0042,G_0042,ground_ball,Codex_Workstation,human_binary_review,1-212.xlsx: usable=1,,N,3.380,3.420,3.380,3.420
dataset/ground_ball/Codex_Workstation/G_0044,G_0044,ground_ball,Codex_Workstation,human_binary_review,1-212.xlsx: usable=1,,N,1.700,1.850,1.700,1.850
dataset/ground_ball/Codex_Workstation/G_0047,G_0047,ground_ball,Codex_Workstation,human_binary_review,1-212.xlsx: usable=1,,N,3.430,3.580,3.430,3.580
dataset/ground_ball/Codex_Workstation/G_0048,G_0048,ground_ball,Codex_Workstation,human_binary_review,1-212.xlsx: usable=1,,N,1.760,1.860,1.760,1.860
dataset/ground_ball/Codex_Workstation/G_0051,G_0051,ground_ball,Codex_Workstation,human_binary_review,1-212.xlsx: usable=1,,N,1.180,1.220,1.180,1.220
dataset/ground_ball/Codex_Workstation/G_0052,G_0052,ground_ball,Codex_Workstation,human_binary_review,1-212.xlsx: usable=1,,N,3.540,3.640,3.540,3.640
dataset/ground_ball/Codex_Workstation/G_0053,G_0053,ground_ball,Codex_Workstation,human_binary_review,1-212.xlsx: usable=1,,N,0.740,0.840,0.740,0.840
dataset/ground_ball/Codex_Workstation/G_0054,G_0054,ground_ball,Codex_Workstation,human_binary_review,1-212.xlsx: usable=1,,N,1.910,2.010,1.910,2.010
dataset/ground_ball/Codex_Workstation/G_0056,G_0056,ground_ball,Codex_Workstation,human_binary_review,1-212.xlsx: usable=1,,N,0.980,1.080,0.980,1.080
dataset/ground_ball/Codex_Workstation/G_0057,G_0057,ground_ball,Codex_Workstation,human_binary_review,1-212.xlsx: usable=1,,N,2.230,2.330,2.230,2.330
dataset/ground_ball/Codex_Workstation/G_0060,G_0060,ground_ball,Codex_Workstation,human_binary_review,1-212.xlsx: usable=1,,N,1.380,1.420,1.380,1.420
dataset/ground_ball/Codex_Workstation/G_0061,G_0061,ground_ball,Codex_Workstation,human_binary_review,1-212.xlsx: usable=1,,N,1.220,1.320,1.220,1.320
dataset/ground_ball/Codex_Workstation/G_0062,G_0062,ground_ball,Codex_Workstation,human_binary_review,1-212.xlsx: usable=1,,N,2.010,2.110,2.010,2.110
dataset/ground_ball/Codex_Workstation/G_0063,G_0063,ground_ball,Codex_Workstation,human_binary_review,1-212.xlsx: usable=1,,N,3.470,3.570,3.470,3.570
dataset/ground_ball/Codex_Workstation/G_0064,G_0064,ground_ball,Codex_Workstation,human_binary_review,1-212.xlsx: usable=1,,N,0.720,0.760,0.720,0.760
dataset/ground_ball/Codex_Workstation/G_0066,G_0066,ground_ball,Codex_Workstation,human_binary_review,1-212.xlsx: usable=1,,N,3.430,3.530,3.430,3.530
dataset/ground_ball/Codex_Workstation/G_0069,G_0069,ground_ball,Codex_Workstation,human_binary_review,1-212.xlsx: usable=1,,N,3.320,3.420,3.320,3.420
dataset/ground_ball/Codex_Workstation/G_0070,G_0070,ground_ball,Codex_Workstation,human_binary_review,1-212.xlsx: usable=1,,N,2.145,2.245,2.145,2.245
dataset/ground_ball/Codex_Workstation/G_0072,G_0072,ground_ball,Codex_Workstation,human_binary_review,1-212.xlsx: usable=1,,N,3.330,3.480,3.330,3.480
dataset/ground_ball/Codex_Workstation/G_0073,G_0073,ground_ball,Codex_Workstation,human_binary_review,1-212.xlsx: usable=1,,N,3.450,3.550,3.450,3.550
dataset/ground_ball/Codex_Workstation/G_0074,G_0074,ground_ball,Codex_Workstation,human_binary_review,1-212.xlsx: usable=1,,N,3.420,3.520,3.420,3.520
dataset/ground_ball/Codex_Workstation/G_0076,G_0076,ground_ball,Codex_Workstation,human_binary_review,1-212.xlsx: usable=1,,N,2.410,2.510,2.410,2.510
dataset/ground_ball/Codex_Workstation/G_0077,G_0077,ground_ball,Codex_Workstation,human_binary_review,1-212.xlsx: usable=1,,N,1.210,1.280,1.210,1.280
dataset/ground_ball/Codex_Workstation/G_0078,G_0078,ground_ball,Codex_Workstation,human_binary_review,1-212.xlsx: usable=1,,N,3.580,3.680,3.580,3.680
dataset/ground_ball/Codex_Workstation/G_0079,G_0079,ground_ball,Codex_Workstation,human_binary_review,1-212.xlsx: usable=1,,N,3.470,3.620,3.470,3.620
dataset/ground_ball/Codex_Workstation/G_0082,G_0082,ground_ball,Codex_Workstation,human_binary_review,1-212.xlsx: usable=1,,N,3.400,3.500,3.400,3.500
dataset/ground_ball/Codex_Workstation/G_0083,G_0083,ground_ball,Codex_Workstation,human_binary_review,1-212.xlsx: usable=1,,N,3.510,3.660,3.510,3.660
dataset/ground_ball/Codex_Workstation/G_0089,G_0089,ground_ball,Codex_Workstation,human_binary_review,1-212.xlsx: usable=1,,N,3.330,3.380,3.330,3.380
dataset/ground_ball/Codex_Workstation/G_0090,G_0090,ground_ball,Codex_Workstation,human_binary_review,1-212.xlsx: usable=1,,N,3.450,3.600,3.450,3.600
dataset/ground_ball/Codex_Workstation/G_0093,G_0093,ground_ball,Codex_Workstation,human_binary_review,1-212.xlsx: usable=1,,N,3.440,3.540,3.440,3.540
dataset/ground_ball/Codex_Workstation/G_0094,G_0094,ground_ball,Codex_Workstation,human_binary_review,1-212.xlsx: usable=1,,N,3.410,3.510,3.410,3.510
dataset/ground_ball/Codex_Workstation/G_0095,G_0095,ground_ball,Codex_Workstation,human_binary_review,1-212.xlsx: usable=1,,N,2.710,2.810,2.710,2.810
dataset/ground_ball/Codex_Workstation/G_0097,G_0097,ground_ball,Codex_Workstation,human_binary_review,1-212.xlsx: usable=1,,N,4.590,4.690,4.590,4.690
dataset/ground_ball/Codex_Workstation/G_0098,G_0098,ground_ball,Codex_Workstation,human_binary_review,1-212.xlsx: usable=1,,N,3.490,3.590,3.490,3.590
dataset/ground_ball/Codex_Workstation/G_0101,G_0101,ground_ball,Codex_Workstation,human_binary_review,1-212.xlsx: usable=1,,N,3.560,3.660,3.560,3.660
dataset/ground_ball/Codex_Workstation/G_0104,G_0104,ground_ball,Codex_Workstation,human_binary_review,1-212.xlsx: usable=1,,N,2.500,2.600,2.500,2.600
dataset/ground_ball/Codex_Workstation/G_0105,G_0105,ground_ball,Codex_Workstation,human_binary_review,1-212.xlsx: usable=1,,N,1.470,1.570,1.470,1.570
dataset/ground_ball/Codex_Workstation/G_0107,G_0107,ground_ball,Codex_Workstation,human_binary_review,1-212.xlsx: usable=1,,N,1.730,1.830,1.730,1.830
dataset/ground_ball/Codex_Workstation/G_0108,G_0108,ground_ball,Codex_Workstation,human_binary_review,1-212.xlsx: usable=1,,N,0.970,1.030,0.970,1.030
dataset/ground_ball/Codex_Workstation/G_0109,G_0109,ground_ball,Codex_Workstation,human_binary_review,1-212.xlsx: usable=1,,N,1.310,1.410,1.310,1.410
dataset/ground_ball/Codex_Workstation/G_0110,G_0110,ground_ball,Codex_Workstation,human_binary_review,1-212.xlsx: usable=1,,N,3.620,3.720,3.620,3.720
dataset/ground_ball/Codex_Workstation/G_0111,G_0111,ground_ball,Codex_Workstation,human_binary_review,1-212.xlsx: usable=1,,N,3.420,3.480,3.420,3.480
dataset/ground_ball/Codex_Workstation/G_0113,G_0113,ground_ball,Codex_Workstation,human_binary_review,1-212.xlsx: usable=1,,N,2.620,2.720,2.620,2.720
dataset/ground_ball/Codex_Workstation/G_0114,G_0114,ground_ball,Codex_Workstation,human_binary_review,1-212.xlsx: usable=1,,N,3.750,3.850,3.750,3.850
dataset/ground_ball/Codex_Workstation/G_0115,G_0115,ground_ball,Codex_Workstation,human_binary_review,1-212.xlsx: usable=1,,N,1.150,1.220,1.150,1.220
dataset/ground_ball/Codex_Workstation/G_0117,G_0117,ground_ball,Codex_Workstation,human_binary_review,1-212.xlsx: usable=1,,N,3.360,3.460,3.360,3.460
dataset/ground_ball/Codex_Workstation/G_0119,G_0119,ground_ball,Codex_Workstation,human_binary_review,1-212.xlsx: usable=1,,N,1.640,1.740,1.640,1.740
dataset/ground_ball/Codex_Workstation/G_0120,G_0120,ground_ball,Codex_Workstation,human_binary_review,1-212.xlsx: usable=1,,N,1.190,1.290,1.190,1.290
dataset/ground_ball/Codex_Workstation/G_0121,G_0121,ground_ball,Codex_Workstation,human_binary_review,1-212.xlsx: usable=1,,N,1.600,1.700,1.600,1.700
dataset/ground_ball/Codex_Workstation/G_0122,G_0122,ground_ball,Codex_Workstation,human_binary_review,1-212.xlsx: usable=1,,N,3.390,3.490,3.390,3.490
dataset/ground_ball/Codex_Workstation/G_0125,G_0125,ground_ball,Codex_Workstation,human_binary_review,1-212.xlsx: usable=1,,N,3.370,3.470,3.370,3.470
dataset/ground_ball/Codex_Workstation/G_0126,G_0126,ground_ball,Codex_Workstation,human_binary_review,1-212.xlsx: usable=1,,N,3.450,3.550,3.450,3.550
dataset/ground_ball/Codex_Workstation/G_0127,G_0127,ground_ball,Codex_Workstation,human_binary_review,1-212.xlsx: usable=1,,N,1.080,1.180,1.080,1.180
dataset/ground_ball/Codex_Workstation/G_0128,G_0128,ground_ball,Codex_Workstation,human_binary_review,1-212.xlsx: usable=1,,N,3.320,3.420,3.320,3.420
dataset/ground_ball/Codex_Workstation/G_0129,G_0129,ground_ball,Codex_Workstation,human_binary_review,1-212.xlsx: usable=1,,N,1.780,1.880,1.780,1.880
dataset/ground_ball/Codex_Workstation/G_0130,G_0130,ground_ball,Codex_Workstation,human_binary_review,1-212.xlsx: usable=1,,N,1.980,2.080,1.980,2.080
dataset/ground_ball/Codex_Workstation/G_0132,G_0132,ground_ball,Codex_Workstation,human_binary_review,1-212.xlsx: usable=1,,N,0.930,1.030,0.930,1.030
dataset/ground_ball/Codex_Workstation/G_0133,G_0133,ground_ball,Codex_Workstation,human_binary_review,1-212.xlsx: usable=1,,N,3.470,3.570,3.470,3.570
dataset/ground_ball/Codex_Workstation/G_0134,G_0134,ground_ball,Codex_Workstation,human_binary_review,1-212.xlsx: usable=1,,N,3.470,3.580,3.470,3.580
dataset/ground_ball/Codex_Workstation/G_0135,G_0135,ground_ball,Codex_Workstation,human_binary_review,1-212.xlsx: usable=1,,N,1.430,1.530,1.430,1.530
dataset/ground_ball/Codex_Workstation/G_0136,G_0136,ground_ball,Codex_Workstation,human_binary_review,1-212.xlsx: usable=1,,N,1.650,1.750,1.650,1.750
dataset/ground_ball/Codex_Workstation/G_0137,G_0137,ground_ball,Codex_Workstation,human_binary_review,1-212.xlsx: usable=1,,N,3.480,3.580,3.480,3.580
dataset/ground_ball/Codex_Workstation/G_0139,G_0139,ground_ball,Codex_Workstation,human_binary_review,1-212.xlsx: usable=1,,N,1.630,1.730,1.630,1.730
dataset/ground_ball/Codex_Workstation/G_0140,G_0140,ground_ball,Codex_Workstation,human_binary_review,1-212.xlsx: usable=1,,N,3.330,3.430,3.330,3.430
dataset/ground_ball/Codex_Workstation/G_0141,G_0141,ground_ball,Codex_Workstation,human_binary_review,1-212.xlsx: usable=1,,N,3.430,3.530,3.430,3.530
dataset/ground_ball/Codex_Workstation/G_0143,G_0143,ground_ball,Codex_Workstation,human_binary_review,1-212.xlsx: usable=1,,N,3.380,3.480,3.380,3.480
dataset/ground_ball/Codex_Workstation/G_0144,G_0144,ground_ball,Codex_Workstation,human_binary_review,1-212.xlsx: usable=1,,N,3.540,3.640,3.540,3.640
dataset/ground_ball/Codex_Workstation/G_0145,G_0145,ground_ball,Codex_Workstation,human_binary_review,1-212.xlsx: usable=1,,N,1.920,2.000,1.920,2.000
dataset/ground_ball/Codex_Workstation/G_0146,G_0146,ground_ball,Codex_Workstation,human_binary_review,1-212.xlsx: usable=1,,N,3.460,3.560,3.460,3.560
dataset/ground_ball/Codex_Workstation/G_0147,G_0147,ground_ball,Codex_Workstation,human_binary_review,1-212.xlsx: usable=1,,N,1.230,1.330,1.230,1.330
dataset/ground_ball/Codex_Workstation/G_0148,G_0148,ground_ball,Codex_Workstation,human_binary_review,1-212.xlsx: usable=1,,N,3.470,3.570,3.470,3.570
dataset/ground_ball/Codex_Workstation/G_0149,G_0149,ground_ball,Codex_Workstation,human_binary_review,1-212.xlsx: usable=1,,N,1.930,2.030,1.930,2.030
dataset/ground_ball/Codex_Workstation/G_0150,G_0150,ground_ball,Codex_Workstation,human_binary_review,1-212.xlsx: usable=1,,N,1.130,1.230,1.130,1.230
dataset/ground_ball/Codex_Workstation/G_0151,G_0151,ground_ball,Codex_Workstation,human_binary_review,1-212.xlsx: usable=1,,N,1.740,1.840,1.740,1.840
dataset/ground_ball/Codex_Workstation/G_0152,G_0152,ground_ball,Codex_Workstation,human_binary_review,1-212.xlsx: usable=1,,N,2.010,2.110,2.010,2.110
dataset/ground_ball/Codex_Workstation/G_0153,G_0153,ground_ball,Codex_Workstation,human_binary_review,1-212.xlsx: usable=1,,N,3.420,3.520,3.420,3.520
dataset/ground_ball/Codex_Workstation/G_0154,G_0154,ground_ball,Codex_Workstation,human_binary_review,1-212.xlsx: usable=1,,N,3.360,3.460,3.360,3.460
dataset/ground_ball/Codex_Workstation/G_0159,G_0159,ground_ball,Codex_Workstation,human_binary_review,1-212.xlsx: usable=1,,N,1.430,1.530,1.430,1.530
dataset/ground_ball/Codex_Workstation/G_0162,G_0162,ground_ball,Codex_Workstation,human_binary_review,1-212.xlsx: usable=1,,N,3.380,3.480,3.380,3.480
dataset/ground_ball/Codex_Workstation/G_0163,G_0163,ground_ball,Codex_Workstation,human_binary_review,1-212.xlsx: usable=1,,N,3.540,3.640,3.540,3.640
dataset/ground_ball/Codex_Workstation/G_0165,G_0165,ground_ball,Codex_Workstation,human_binary_review,1-212.xlsx: usable=1,,N,1.220,1.320,1.220,1.320
dataset/ground_ball/Codex_Workstation/G_0166,G_0166,ground_ball,Codex_Workstation,human_binary_review,1-212.xlsx: usable=1,,N,3.410,3.510,3.410,3.510
dataset/ground_ball/Codex_Workstation/G_0167,G_0167,ground_ball,Codex_Workstation,human_binary_review,1-212.xlsx: usable=1,,N,1.010,1.110,1.010,1.110
dataset/ground_ball/Codex_Workstation/G_0169,G_0169,ground_ball,Codex_Workstation,human_binary_review,1-212.xlsx: usable=1,,N,1.200,1.300,1.200,1.300
dataset/ground_ball/Codex_Workstation/G_0170,G_0170,ground_ball,Codex_Workstation,human_binary_review,1-212.xlsx: usable=1,,N,1.400,1.500,1.400,1.500
dataset/ground_ball/Codex_Workstation/G_0171,G_0171,ground_ball,Codex_Workstation,human_binary_review,1-212.xlsx: usable=1,,N,2.170,2.250,2.170,2.250
dataset/ground_ball/Codex_Workstation/G_0172,G_0172,ground_ball,Codex_Workstation,human_binary_review,1-212.xlsx: usable=1,,N,1.060,1.160,1.060,1.160
dataset/ground_ball/Codex_Workstation/G_0173,G_0173,ground_ball,Codex_Workstation,human_binary_review,1-212.xlsx: usable=1,,N,2.140,2.240,2.140,2.240
dataset/ground_ball/Codex_Workstation/G_0174,G_0174,ground_ball,Codex_Workstation,human_binary_review,1-212.xlsx: usable=1,,N,3.430,3.530,3.430,3.530
dataset/ground_ball/Codex_Workstation/G_0176,G_0176,ground_ball,Codex_Workstation,human_binary_review,1-212.xlsx: usable=1,,N,2.080,2.180,2.080,2.180
dataset/ground_ball/Codex_Workstation/G_0178,G_0178,ground_ball,Codex_Workstation,human_binary_review,1-212.xlsx: usable=1,,N,1.320,1.420,1.320,1.420
dataset/ground_ball/Codex_Workstation/G_0180,G_0180,ground_ball,Codex_Workstation,human_binary_review,1-212.xlsx: usable=1,,N,1.945,2.045,1.945,2.045
dataset/ground_ball/Codex_Workstation/G_0182,G_0182,ground_ball,Codex_Workstation,human_binary_review,1-212.xlsx: usable=1,,N,3.310,3.460,3.310,3.460
dataset/ground_ball/Codex_Workstation/G_0186,G_0186,ground_ball,Codex_Workstation,human_binary_review,1-212.xlsx: usable=1,,N,3.470,3.580,3.470,3.580
dataset/ground_ball/Codex_Workstation/G_0187,G_0187,ground_ball,Codex_Workstation,human_binary_review,1-212.xlsx: usable=1,,N,3.400,3.500,3.400,3.500
dataset/ground_ball/Codex_Workstation/G_0189,G_0189,ground_ball,Codex_Workstation,human_binary_review,1-212.xlsx: usable=1,,N,1.090,1.240,1.090,1.240
dataset/ground_ball/Codex_Workstation/G_0190,G_0190,ground_ball,Codex_Workstation,human_binary_review,1-212.xlsx: usable=1,,N,0.965,1.045,0.965,1.045
dataset/ground_ball/Codex_Workstation/G_0191,G_0191,ground_ball,Codex_Workstation,human_binary_review,1-212.xlsx: usable=1,,N,3.400,3.500,3.400,3.500
dataset/ground_ball/Codex_Workstation/G_0192,G_0192,ground_ball,Codex_Workstation,human_binary_review,1-212.xlsx: usable=1,,N,3.030,3.130,3.030,3.130
dataset/ground_ball/Codex_Workstation/G_0193,G_0193,ground_ball,Codex_Workstation,human_binary_review,1-212.xlsx: usable=1,,N,1.480,1.520,1.480,1.520
dataset/ground_ball/Codex_Workstation/G_0194,G_0194,ground_ball,Codex_Workstation,human_binary_review,1-212.xlsx: usable=1,,N,1.000,1.100,1.000,1.100
dataset/ground_ball/Codex_Workstation/G_0195,G_0195,ground_ball,Codex_Workstation,human_binary_review,1-212.xlsx: usable=1,,N,3.430,3.530,3.430,3.530
dataset/ground_ball/Codex_Workstation/G_0198,G_0198,ground_ball,Codex_Workstation,human_binary_review,1-212.xlsx: usable=1,,N,3.440,3.540,3.440,3.540
dataset/ground_ball/Codex_Workstation/G_0199,G_0199,ground_ball,Codex_Workstation,human_binary_review,1-212.xlsx: usable=1,,N,1.630,1.730,1.630,1.730
dataset/ground_ball/Codex_Workstation/G_0200,G_0200,ground_ball,Codex_Workstation,human_binary_review,1-212.xlsx: usable=1,,N,1.890,2.040,1.890,2.040
dataset/ground_ball/Codex_Workstation/G_0202,G_0202,ground_ball,Codex_Workstation,human_binary_review,1-212.xlsx: usable=1,,N,3.430,3.530,3.430,3.530
dataset/ground_ball/Codex_Workstation/G_0203,G_0203,ground_ball,Codex_Workstation,human_binary_review,1-212.xlsx: usable=1,,N,1.830,1.930,1.830,1.930
dataset/ground_ball/Codex_Workstation/G_0206,G_0206,ground_ball,Codex_Workstation,human_binary_review,1-212.xlsx: usable=1,,N,3.340,3.440,3.340,3.440
dataset/ground_ball/Codex_Workstation/G_0209,G_0209,ground_ball,Codex_Workstation,human_binary_review,1-212.xlsx: usable=1,,N,0.980,1.080,0.980,1.080
dataset/ground_ball/Codex_Workstation/G_0217,G_0217,ground_ball,Codex_Workstation,human_binary_review,205-408(1).xlsx: usable=1,,N,3.590,3.690,3.590,3.690
dataset/ground_ball/Codex_Workstation/G_0218,G_0218,ground_ball,Codex_Workstation,human_binary_review,205-408(1).xlsx: usable=1,,N,3.630,3.730,3.630,3.730
dataset/ground_ball/Codex_Workstation/G_0219,G_0219,ground_ball,Codex_Workstation,human_binary_review,205-408(1).xlsx: usable=1,,N,3.170,3.270,3.170,3.270
dataset/ground_ball/Codex_Workstation/G_0220,G_0220,ground_ball,Codex_Workstation,human_binary_review,205-408(1).xlsx: usable=1,,N,3.420,3.520,3.420,3.520
dataset/ground_ball/Codex_Workstation/G_0225,G_0225,ground_ball,Codex_Workstation,human_binary_review,205-408(1).xlsx: usable=1,,N,2.840,2.940,2.840,2.940
dataset/ground_ball/Codex_Workstation/G_0226,G_0226,ground_ball,Codex_Workstation,human_binary_review,205-408(1).xlsx: usable=1,,N,2.100,2.200,2.100,2.200
dataset/ground_ball/Codex_Workstation/G_0227,G_0227,ground_ball,Codex_Workstation,human_binary_review,205-408(1).xlsx: usable=1,,N,2.460,2.560,2.460,2.560
dataset/ground_ball/Codex_Workstation/G_0228,G_0228,ground_ball,Codex_Workstation,human_binary_review,205-408(1).xlsx: usable=1,,N,2.200,2.300,2.200,2.300
dataset/ground_ball/Codex_Workstation/G_0229,G_0229,ground_ball,Codex_Workstation,human_binary_review,205-408(1).xlsx: usable=1,,N,2.830,2.930,2.830,2.930
dataset/ground_ball/Codex_Workstation/G_0231,G_0231,ground_ball,Codex_Workstation,human_binary_review,205-408(1).xlsx: usable=1,,N,3.640,3.740,3.640,3.740
dataset/ground_ball/Codex_Workstation/G_0232,G_0232,ground_ball,Codex_Workstation,human_binary_review,205-408(1).xlsx: usable=1,,N,1.050,1.150,1.050,1.150
dataset/ground_ball/Codex_Workstation/G_0233,G_0233,ground_ball,Codex_Workstation,human_binary_review,205-408(1).xlsx: usable=1,,N,5.600,5.700,5.600,5.700
dataset/ground_ball/Codex_Workstation/G_0234,G_0234,ground_ball,Codex_Workstation,human_binary_review,205-408(1).xlsx: usable=1,,N,3.260,3.360,3.260,3.360
dataset/ground_ball/Codex_Workstation/G_0236,G_0236,ground_ball,Codex_Workstation,human_binary_review,205-408(1).xlsx: usable=1,,N,3.160,3.260,3.160,3.260
dataset/ground_ball/Codex_Workstation/G_0237,G_0237,ground_ball,Codex_Workstation,human_binary_review,205-408(1).xlsx: usable=1,,N,3.130,3.230,3.130,3.230
dataset/ground_ball/Codex_Workstation/G_0238,G_0238,ground_ball,Codex_Workstation,human_binary_review,205-408(1).xlsx: usable=1,,N,1.330,1.430,1.330,1.430
dataset/ground_ball/Codex_Workstation/G_0239,G_0239,ground_ball,Codex_Workstation,human_binary_review,205-408(1).xlsx: usable=1,,N,1.720,1.820,1.720,1.820
dataset/ground_ball/Codex_Workstation/G_0241,G_0241,ground_ball,Codex_Workstation,human_binary_review,205-408(1).xlsx: usable=1,,N,0.960,1.060,0.960,1.060
dataset/ground_ball/Codex_Workstation/G_0242,G_0242,ground_ball,Codex_Workstation,human_binary_review,205-408(1).xlsx: usable=1,,N,1.960,2.060,1.960,2.060
dataset/ground_ball/Codex_Workstation/G_0244,G_0244,ground_ball,Codex_Workstation,human_binary_review,205-408(1).xlsx: usable=1,,N,1.940,2.040,1.940,2.040
dataset/ground_ball/Codex_Workstation/G_0245,G_0245,ground_ball,Codex_Workstation,human_binary_review,205-408(1).xlsx: usable=1,,N,1.940,2.040,1.940,2.040
dataset/ground_ball/Codex_Workstation/G_0247,G_0247,ground_ball,Codex_Workstation,human_binary_review,205-408(1).xlsx: usable=1,,N,0.970,1.070,0.970,1.070
dataset/ground_ball/Codex_Workstation/G_0248,G_0248,ground_ball,Codex_Workstation,human_binary_review,205-408(1).xlsx: usable=1,,N,1.390,1.490,1.390,1.490
dataset/ground_ball/Codex_Workstation/G_0250,G_0250,ground_ball,Codex_Workstation,human_binary_review,205-408(1).xlsx: usable=1,,N,1.950,2.050,1.950,2.050
dataset/ground_ball/Codex_Workstation/G_0252,G_0252,ground_ball,Codex_Workstation,human_binary_review,205-408(1).xlsx: usable=1,,N,1.440,1.540,1.440,1.540
dataset/ground_ball/Codex_Workstation/G_0254,G_0254,ground_ball,Codex_Workstation,human_binary_review,205-408(1).xlsx: usable=1,,N,1.970,2.120,1.970,2.120
dataset/ground_ball/Codex_Workstation/G_0257,G_0257,ground_ball,Codex_Workstation,human_binary_review,205-408(1).xlsx: usable=1,,N,2.030,2.100,2.030,2.100
dataset/ground_ball/Codex_Workstation/G_0258,G_0258,ground_ball,Codex_Workstation,human_binary_review,205-408(1).xlsx: usable=1,,N,1.950,2.050,1.950,2.050
dataset/ground_ball/Codex_Workstation/G_0262,G_0262,ground_ball,Codex_Workstation,human_binary_review,205-408(1).xlsx: usable=1,,N,1.520,1.590,1.520,1.590
dataset/ground_ball/Codex_Workstation/G_0265,G_0265,ground_ball,Codex_Workstation,human_binary_review,205-408(1).xlsx: usable=1,,N,1.330,1.430,1.330,1.430
dataset/ground_ball/Codex_Workstation/G_0266,G_0266,ground_ball,Codex_Workstation,human_binary_review,205-408(1).xlsx: usable=1,,N,1.800,1.900,1.800,1.900
dataset/ground_ball/Codex_Workstation/G_0267,G_0267,ground_ball,Codex_Workstation,human_binary_review,205-408(1).xlsx: usable=1,,N,1.940,2.040,1.940,2.040
dataset/ground_ball/Codex_Workstation/G_0268,G_0268,ground_ball,Codex_Workstation,human_binary_review,205-408(1).xlsx: usable=1,,N,1.960,2.060,1.960,2.060
dataset/ground_ball/Codex_Workstation/G_0270,G_0270,ground_ball,Codex_Workstation,human_binary_review,205-408(1).xlsx: usable=1,,N,1.960,2.060,1.960,2.060
dataset/ground_ball/Codex_Workstation/G_0271,G_0271,ground_ball,Codex_Workstation,human_binary_review,205-408(1).xlsx: usable=1,,N,1.360,1.460,1.360,1.460
dataset/ground_ball/Codex_Workstation/G_0272,G_0272,ground_ball,Codex_Workstation,human_binary_review,205-408(1).xlsx: usable=1,,N,1.140,1.240,1.140,1.240
dataset/ground_ball/Codex_Workstation/G_0273,G_0273,ground_ball,Codex_Workstation,human_binary_review,205-408(1).xlsx: usable=1,,N,3.630,3.730,3.630,3.730
dataset/ground_ball/Codex_Workstation/G_0275,G_0275,ground_ball,Codex_Workstation,human_binary_review,205-408(1).xlsx: usable=1,,N,1.590,1.690,1.590,1.690
dataset/ground_ball/Codex_Workstation/G_0276,G_0276,ground_ball,Codex_Workstation,human_binary_review,205-408(1).xlsx: usable=1,,N,1.930,2.030,1.930,2.030
dataset/ground_ball/Codex_Workstation/G_0277,G_0277,ground_ball,Codex_Workstation,human_binary_review,205-408(1).xlsx: usable=1,,N,1.950,2.050,1.950,2.050
dataset/ground_ball/Codex_Workstation/G_0278,G_0278,ground_ball,Codex_Workstation,human_binary_review,205-408(1).xlsx: usable=1,,N,1.950,2.050,1.950,2.050
dataset/ground_ball/Codex_Workstation/G_0280,G_0280,ground_ball,Codex_Workstation,human_binary_review,205-408(1).xlsx: usable=1,,N,1.340,1.440,1.340,1.440
dataset/ground_ball/Codex_Workstation/G_0281,G_0281,ground_ball,Codex_Workstation,human_binary_review,205-408(1).xlsx: usable=1,,N,4.550,4.750,4.550,4.750
dataset/ground_ball/Codex_Workstation/G_0283,G_0283,ground_ball,Codex_Workstation,human_binary_review,205-408(1).xlsx: usable=1,,N,1.950,2.150,1.950,2.150
dataset/ground_ball/Codex_Workstation/G_0286,G_0286,ground_ball,Codex_Workstation,human_binary_review,205-408(1).xlsx: usable=1,,N,2.480,2.680,2.480,2.680
dataset/ground_ball/Codex_Workstation/G_0308,G_0308,ground_ball,Codex_Workstation,human_binary_review,205-408(1).xlsx: usable=1,,N,0.100,0.200,0.100,0.200
dataset/ground_ball/Codex_Workstation/G_0321,G_0321,ground_ball,Codex_Workstation,human_binary_review,205-408(1).xlsx: usable=1,,N,0.050,0.150,0.050,0.150
dataset/ground_ball/Codex_Workstation/G_0334,G_0334,ground_ball,Codex_Workstation,human_binary_review,205-408(1).xlsx: usable=1,,N,0.100,0.200,0.100,0.200
dataset/ground_ball/Codex_Workstation/G_0339,G_0339,ground_ball,Codex_Workstation,human_binary_review,205-408(1).xlsx: usable=1,,N,0.050,0.150,0.050,0.150
dataset/ground_ball/Codex_Workstation/G_0341,G_0341,ground_ball,Codex_Workstation,human_binary_review,205-408(1).xlsx: usable=1,,N,2.980,3.080,2.980,3.080
dataset/ground_ball/Codex_Workstation/G_0342,G_0342,ground_ball,Codex_Workstation,human_binary_review,205-408(1).xlsx: usable=1,,N,1.320,1.420,1.320,1.420
dataset/ground_ball/Codex_Workstation/G_0343,G_0343,ground_ball,Codex_Workstation,human_binary_review,205-408(1).xlsx: usable=1,,N,1.940,2.040,1.940,2.040
dataset/ground_ball/Codex_Workstation/G_0345,G_0345,ground_ball,Codex_Workstation,human_binary_review,205-408(1).xlsx: usable=1,,N,1.160,1.260,1.160,1.260
dataset/ground_ball/Codex_Workstation/G_0346,G_0346,ground_ball,Codex_Workstation,human_binary_review,205-408(1).xlsx: usable=1,,N,1.000,1.100,1.000,1.100
dataset/ground_ball/Codex_Workstation/G_0349,G_0349,ground_ball,Codex_Workstation,human_binary_review,205-408(1).xlsx: usable=1,,N,1.940,2.040,1.940,2.040
dataset/ground_ball/Codex_Workstation/G_0352,G_0352,ground_ball,Codex_Workstation,human_binary_review,205-408(1).xlsx: usable=1,,N,1.420,1.520,1.420,1.520
dataset/ground_ball/Codex_Workstation/G_0353,G_0353,ground_ball,Codex_Workstation,human_binary_review,205-408(1).xlsx: usable=1,,N,1.940,2.040,1.940,2.040
dataset/ground_ball/Codex_Workstation/G_0355,G_0355,ground_ball,Codex_Workstation,human_binary_review,205-408(1).xlsx: usable=1,,N,0.250,0.350,0.250,0.350
dataset/ground_ball/Codex_Workstation/G_0359,G_0359,ground_ball,Codex_Workstation,human_binary_review,205-408(1).xlsx: usable=1,,N,1.960,2.060,1.960,2.060
dataset/ground_ball/Codex_Workstation/G_0360,G_0360,ground_ball,Codex_Workstation,human_binary_review,205-408(1).xlsx: usable=1,,N,1.960,2.060,1.960,2.060
dataset/ground_ball/Codex_Workstation/G_0361,G_0361,ground_ball,Codex_Workstation,human_binary_review,205-408(1).xlsx: usable=1,,N,1.980,2.080,1.980,2.080
dataset/ground_ball/Codex_Workstation/G_0362,G_0362,ground_ball,Codex_Workstation,human_binary_review,205-408(1).xlsx: usable=1,,N,1.660,1.760,1.660,1.760
dataset/ground_ball/Codex_Workstation/G_0363,G_0363,ground_ball,Codex_Workstation,human_binary_review,205-408(1).xlsx: usable=1,,N,1.980,2.080,1.980,2.080
dataset/ground_ball/Codex_Workstation/G_0365,G_0365,ground_ball,Codex_Workstation,human_binary_review,205-408(1).xlsx: usable=1,,N,1.960,2.060,1.960,2.060
dataset/ground_ball/Codex_Workstation/G_0366,G_0366,ground_ball,Codex_Workstation,human_binary_review,205-408(1).xlsx: usable=1,,N,2.800,2.950,2.800,2.950
dataset/ground_ball/Codex_Workstation/G_0370,G_0370,ground_ball,Codex_Workstation,human_binary_review,205-408(1).xlsx: usable=1,,N,0.760,0.860,0.760,0.860
dataset/ground_ball/Codex_Workstation/G_0371,G_0371,ground_ball,Codex_Workstation,human_binary_review,205-408(1).xlsx: usable=1,,N,1.960,2.060,1.960,2.060
dataset/ground_ball/Codex_Workstation/G_0372,G_0372,ground_ball,Codex_Workstation,human_binary_review,205-408(1).xlsx: usable=1,,N,1.960,2.060,1.960,2.060
dataset/ground_ball/Codex_Workstation/G_0378,G_0378,ground_ball,Codex_Workstation,human_binary_review,205-408(1).xlsx: usable=1,,N,1.300,1.400,1.300,1.400
dataset/ground_ball/Codex_Workstation/G_0379,G_0379,ground_ball,Codex_Workstation,human_binary_review,205-408(1).xlsx: usable=1,,N,0.000,0.050,0.000,0.050
dataset/ground_ball/Codex_Workstation/G_0380,G_0380,ground_ball,Codex_Workstation,human_binary_review,205-408(1).xlsx: usable=1,,N,1.960,2.060,1.960,2.060
dataset/ground_ball/Codex_Workstation/G_0384,G_0384,ground_ball,Codex_Workstation,human_binary_review,205-408(1).xlsx: usable=1,,N,1.080,1.180,1.080,1.180
dataset/ground_ball/Codex_Workstation/G_0385,G_0385,ground_ball,Codex_Workstation,human_binary_review,205-408(1).xlsx: usable=1,,N,0.170,0.270,0.170,0.270
dataset/ground_ball/Codex_Workstation/G_0387,G_0387,ground_ball,Codex_Workstation,human_binary_review,205-408(1).xlsx: usable=1,,N,1.140,1.240,1.140,1.240
dataset/ground_ball/Codex_Workstation/G_0388,G_0388,ground_ball,Codex_Workstation,human_binary_review,205-408(1).xlsx: usable=1,,N,0.800,0.950,0.800,0.950
dataset/ground_ball/Codex_Workstation/G_0389,G_0389,ground_ball,Codex_Workstation,human_binary_review,205-408(1).xlsx: usable=1,,N,0.100,0.250,0.100,0.250
dataset/ground_ball/Codex_Workstation/G_0392,G_0392,ground_ball,Codex_Workstation,human_binary_review,205-408(1).xlsx: usable=1,,N,0.800,0.950,0.800,0.950
dataset/ground_ball/Codex_Workstation/G_0394,G_0394,ground_ball,Codex_Workstation,human_binary_review,205-408(1).xlsx: usable=1,,N,1.940,2.040,1.940,2.040
dataset/ground_ball/Codex_Workstation/G_0398,G_0398,ground_ball,Codex_Workstation,human_binary_review,205-408(1).xlsx: usable=1,,N,1.940,2.040,1.940,2.040
dataset/ground_ball/Codex_Workstation/G_0401,G_0401,ground_ball,Codex_Workstation,human_binary_review,205-408(1).xlsx: usable=1,,N,1.800,2.000,1.800,2.000
dataset/ground_ball/Codex_Workstation/G_0402,G_0402,ground_ball,Codex_Workstation,human_binary_review,205-408(1).xlsx: usable=1,,N,0.780,0.880,0.780,0.880
dataset/ground_ball/Codex_Workstation/G_0403,G_0403,ground_ball,Codex_Workstation,human_binary_review,205-408(1).xlsx: usable=1,,N,0.860,0.960,0.860,0.960
dataset/ground_ball/Codex_Workstation/G_0404,G_0404,ground_ball,Codex_Workstation,human_binary_review,205-408(1).xlsx: usable=1,,N,1.800,2.000,1.800,2.000
dataset/ground_ball/Codex_Workstation/G_0406,G_0406,ground_ball,Codex_Workstation,human_binary_review,205-408(1).xlsx: usable=1,,N,1.800,2.000,1.800,2.000
dataset/ground_ball/Codex_Workstation/G_0407,G_0407,ground_ball,Codex_Workstation,human_binary_review,205-408(1).xlsx: usable=1,,N,1.920,2.020,1.920,2.020
dataset/ground_ball/Codex_Workstation/G_0410,G_0410,ground_ball,Codex_Workstation,human_binary_review,205-408(1).xlsx: usable=1,,N,1.100,1.300,1.100,1.300
dataset/ground_ball/Codex_Workstation/G_0411,G_0411,ground_ball,Codex_Workstation,human_binary_review,205-408(1).xlsx: usable=1,,N,1.840,1.940,1.840,1.940
dataset/ground_ball/Codex_Workstation/G_0425,G_0425,ground_ball,Codex_Workstation,human_binary_review,205-408(1).xlsx: usable=1,,N,1.000,1.100,1.000,1.100
dataset/ground_ball/Codex_Workstation/G_0438,G_0438,ground_ball,Codex_Workstation,human_binary_review,205-408(1).xlsx: usable=1,,N,1.960,2.060,1.960,2.060
dataset/ground_ball/Codex_Workstation/G_0440,G_0440,ground_ball,Codex_Workstation,human_binary_review,205-408(1).xlsx: usable=1,,N,1.940,2.040,1.940,2.040
dataset/ground_ball/Codex_Workstation/G_0441,G_0441,ground_ball,Codex_Workstation,human_binary_review,205-408(1).xlsx: usable=1,,N,1.960,2.060,1.960,2.060
dataset/ground_ball/Codex_Workstation/G_0442,G_0442,ground_ball,Codex_Workstation,human_binary_review,205-408(1).xlsx: usable=1,,N,0.530,0.630,0.530,0.630
dataset/ground_ball/Codex_Workstation/G_0446,G_0446,ground_ball,Codex_Workstation,human_binary_review,205-408(1).xlsx: usable=1,,N,1.680,1.780,1.680,1.780
dataset/ground_ball/Codex_Workstation/G_0448,G_0448,ground_ball,Codex_Workstation,human_binary_review,205-408(1).xlsx: usable=1,,N,4.500,4.700,4.500,4.700
dataset/ground_ball/Codex_Workstation/G_0449,G_0449,ground_ball,Codex_Workstation,human_binary_review,205-408(1).xlsx: usable=1,,N,3.200,3.300,3.200,3.300
dataset/ground_ball/Codex_Workstation/G_0450,G_0450,ground_ball,Codex_Workstation,human_binary_review,205-408(1).xlsx: usable=1,,N,1.800,2.000,1.800,2.000
dataset/ground_ball/Codex_Workstation/G_0451,G_0451,ground_ball,Codex_Workstation,human_binary_review,205-408(1).xlsx: usable=1,,N,2.880,2.980,2.880,2.980
dataset/ground_ball/Codex_Workstation/G_0452,G_0452,ground_ball,Codex_Workstation,human_binary_review,205-408(1).xlsx: usable=1,,N,0.310,0.410,0.310,0.410
dataset/ground_ball/Codex_Workstation/G_0457,G_0457,ground_ball,Codex_Workstation,human_binary_review,205-408(1).xlsx: usable=1,,N,0.000,0.100,0.000,0.100
dataset/ground_ball/Codex_Workstation/G_0459,G_0459,ground_ball,Codex_Workstation,human_binary_review,205-408(1).xlsx: usable=1,,N,0.010,0.110,0.010,0.110
dataset/ground_ball/Codex_Workstation/G_0463,G_0463,ground_ball,Codex_Workstation,local_first_pass_direct,batch_004; local_video_first_plus_audio_20260804,1.9900,N,1.940,2.040,1.940,2.040
dataset/ground_ball/Codex_Workstation/G_0472,G_0472,ground_ball,Codex_Workstation,local_first_pass_direct,batch_004; local_video_first_plus_audio_20260804,1.7300,N,1.680,1.780,1.680,1.780
dataset/ground_ball/Codex_Workstation/G_0473,G_0473,ground_ball,Codex_Workstation,local_first_pass_direct,batch_004; local_video_first_plus_audio_20260804,1.5500,N,1.500,1.600,1.500,1.600
dataset/ground_ball/Codex_Workstation/G_0474,G_0474,ground_ball,Codex_Workstation,local_first_pass_direct,batch_004; local_video_first_plus_audio_20260804,2.0100,N,1.960,2.060,1.960,2.060
dataset/ground_ball/Codex_Workstation/G_0475,G_0475,ground_ball,Codex_Workstation,local_first_pass_direct,batch_004; local_video_first_plus_audio_20260804,0.5700,N,0.520,0.620,0.520,0.620
dataset/ground_ball/Codex_Workstation/G_0477,G_0477,ground_ball,Codex_Workstation,local_first_pass_direct,batch_004; local_video_first_plus_audio_20260804,2.0100,N,1.960,2.060,1.960,2.060
dataset/ground_ball/Codex_Workstation/G_0479,G_0479,ground_ball,Codex_Workstation,local_first_pass_direct,batch_004; local_video_first_plus_audio_20260804,1.9900,N,1.940,2.040,1.940,2.040
dataset/ground_ball/Codex_Workstation/G_0480,G_0480,ground_ball,Codex_Workstation,local_first_pass_direct,batch_004; local_video_first_plus_audio_20260804,1.3000,N,1.200,1.400,1.200,1.400
dataset/ground_ball/Codex_Workstation/G_0481,G_0481,ground_ball,Codex_Workstation,local_first_pass_direct,batch_004; local_video_first_plus_audio_20260804,2.0300,N,1.980,2.080,1.980,2.080
dataset/ground_ball/Codex_Workstation/G_0482,G_0482,ground_ball,Codex_Workstation,local_first_pass_direct,batch_004; local_video_first_plus_audio_20260804,1.9700,N,1.920,2.020,1.920,2.020
dataset/ground_ball/Codex_Workstation/G_0484,G_0484,ground_ball,Codex_Workstation,local_first_pass_direct,batch_004; local_video_first_plus_audio_20260804,1.9900,N,1.940,2.040,1.940,2.040
dataset/ground_ball/Codex_Workstation/G_0489,G_0489,ground_ball,Codex_Workstation,local_first_pass_direct,batch_004; local_video_first_plus_audio_20260804,2.0100,N,1.960,2.060,1.960,2.060
dataset/ground_ball/Codex_Workstation/G_0492,G_0492,ground_ball,Codex_Workstation,local_first_pass_direct,batch_004; local_video_first_plus_audio_20260804,1.9900,N,1.940,2.040,1.940,2.040
dataset/ground_ball/Codex_Workstation/G_0493,G_0493,ground_ball,Codex_Workstation,local_first_pass_direct,batch_004; local_video_first_plus_audio_20260804,1.2200,N,1.170,1.270,1.170,1.270
dataset/ground_ball/Codex_Workstation/G_0496,G_0496,ground_ball,Codex_Workstation,local_first_pass_direct,batch_004; local_video_first_plus_audio_20260804,2.0000,N,1.950,2.050,1.950,2.050
dataset/ground_ball/Codex_Workstation/G_0497,G_0497,ground_ball,Codex_Workstation,local_first_pass_direct,batch_004; local_video_first_plus_audio_20260804,2.0200,N,1.970,2.070,1.970,2.070
dataset/ground_ball/Codex_Workstation/G_0498,G_0498,ground_ball,Codex_Workstation,local_first_pass_direct,batch_004; local_video_first_plus_audio_20260804,2.0100,N,1.960,2.060,1.960,2.060
dataset/ground_ball/Codex_Workstation/G_0499,G_0499,ground_ball,Codex_Workstation,local_first_pass_direct,batch_004; local_video_first_plus_audio_20260804,2.0100,N,1.960,2.060,1.960,2.060
dataset/ground_ball/Codex_Workstation/G_0500,G_0500,ground_ball,Codex_Workstation,local_first_pass_direct,batch_004; local_video_first_plus_audio_20260804,2.0100,N,1.960,2.060,1.960,2.060
dataset/ground_ball/Codex_Workstation/G_0504,G_0504,ground_ball,Codex_Workstation,local_first_pass_direct,batch_004; local_video_first_plus_audio_20260804,0.8200,N,0.770,0.870,0.770,0.870
dataset/ground_ball/Codex_Workstation/G_0508,G_0508,ground_ball,Codex_Workstation,local_first_pass_direct,batch_004; local_video_first_plus_audio_20260804,1.9900,N,1.940,2.040,1.940,2.040
dataset/ground_ball/Codex_Workstation/G_0514,G_0514,ground_ball,Codex_Workstation,local_first_pass_direct,batch_004; local_video_first_plus_audio_20260804,2.0100,N,1.960,2.060,1.960,2.060
dataset/ground_ball/Codex_Workstation/G_0515,G_0515,ground_ball,Codex_Workstation,local_first_pass_direct,batch_004; local_video_first_plus_audio_20260804,2.0000,N,1.950,2.050,1.950,2.050
dataset/ground_ball/Codex_Workstation/G_0518,G_0518,ground_ball,Codex_Workstation,local_first_pass_direct,batch_004; local_video_first_plus_audio_20260804,1.9700,N,1.920,2.020,1.920,2.020
dataset/ground_ball/Codex_Workstation/G_0520,G_0520,ground_ball,Codex_Workstation,local_first_pass_direct,batch_004; local_video_first_plus_audio_20260804,1.4900,N,1.440,1.540,1.440,1.540
dataset/ground_ball/Codex_Workstation/G_0522,G_0522,ground_ball,Codex_Workstation,local_first_pass_direct,batch_004; local_video_first_plus_audio_20260804,2.6100,N,2.560,2.660,2.560,2.660
dataset/ground_ball/Codex_Workstation/G_0524,G_0524,ground_ball,Codex_Workstation,local_first_pass_direct,batch_004; local_video_first_plus_audio_20260804,0.8200,N,0.770,0.870,0.770,0.870
dataset/ground_ball/Codex_Workstation/G_0529,G_0529,ground_ball,Codex_Workstation,local_first_pass_direct,batch_004; local_video_first_plus_audio_20260804,0.8750,N,0.800,0.950,0.800,0.950
dataset/ground_ball/Codex_Workstation/G_0535,G_0535,ground_ball,Codex_Workstation,local_first_pass_direct,batch_004; local_video_first_plus_audio_20260804,0.8900,N,0.840,0.940,0.840,0.940
dataset/ground_ball/Codex_Workstation/G_0536,G_0536,ground_ball,Codex_Workstation,local_first_pass_direct,batch_004; local_video_first_plus_audio_20260804,2.0100,N,1.960,2.060,1.960,2.060
dataset/ground_ball/Codex_Workstation/G_0538,G_0538,ground_ball,Codex_Workstation,local_first_pass_direct,batch_004; local_video_first_plus_audio_20260804,2.6000,N,2.500,2.700,2.500,2.700
dataset/ground_ball/Codex_Workstation/G_0543,G_0543,ground_ball,Codex_Workstation,local_first_pass_direct,batch_004; local_video_first_plus_audio_20260804,1.4100,N,1.360,1.460,1.360,1.460
dataset/ground_ball/Codex_Workstation/G_0546,G_0546,ground_ball,Codex_Workstation,local_first_pass_direct,batch_004; local_video_first_plus_audio_20260804,1.0300,N,0.980,1.080,0.980,1.080
dataset/ground_ball/Codex_Workstation/G_0558,G_0558,ground_ball,Codex_Workstation,local_first_pass_direct,batch_004; local_video_first_plus_audio_20260804,2.0100,N,1.960,2.060,1.960,2.060
dataset/ground_ball/Codex_Workstation/G_0560,G_0560,ground_ball,Codex_Workstation,local_first_pass_direct,batch_004; local_video_first_plus_audio_20260804,0.4800,N,0.430,0.530,0.430,0.530
dataset/ground_ball/Codex_Workstation/G_0561,G_0561,ground_ball,Codex_Workstation,local_first_pass_direct,batch_004; local_video_first_plus_audio_20260804,1.1000,N,1.050,1.150,1.050,1.150
dataset/ground_ball/Codex_Workstation/G_0568,G_0568,ground_ball,Codex_Workstation,local_first_pass_direct,batch_004; local_video_first_plus_audio_20260804,2.0100,N,1.960,2.060,1.960,2.060
dataset/ground_ball/Codex_Workstation/G_0573,G_0573,ground_ball,Codex_Workstation,local_first_pass_direct,batch_004; local_video_first_plus_audio_20260804,1.1800,N,1.130,1.230,1.130,1.230
dataset/ground_ball/Codex_Workstation/G_0575,G_0575,ground_ball,Codex_Workstation,local_first_pass_direct,batch_004; local_video_first_plus_audio_20260804,2.0100,N,1.960,2.060,1.960,2.060
dataset/ground_ball/Codex_Workstation/G_0577,G_0577,ground_ball,Codex_Workstation,local_first_pass_direct,batch_004; local_video_first_plus_audio_20260804,1.0300,N,0.980,1.080,0.980,1.080
dataset/ground_ball/Codex_Workstation/G_0579,G_0579,ground_ball,Codex_Workstation,local_first_pass_direct,batch_004; local_video_first_plus_audio_20260804,1.6000,N,1.500,1.700,1.500,1.700
dataset/ground_ball/Codex_Workstation/G_0581,G_0581,ground_ball,Codex_Workstation,local_first_pass_direct,batch_004; local_video_first_plus_audio_20260804,1.2100,N,1.160,1.260,1.160,1.260
dataset/ground_ball/Codex_Workstation/G_0582,G_0582,ground_ball,Codex_Workstation,local_first_pass_direct,batch_004; local_video_first_plus_audio_20260804,1.1400,N,1.090,1.190,1.090,1.190
dataset/ground_ball/Codex_Workstation/G_0602,G_0602,ground_ball,Codex_Workstation,local_first_pass_direct,batch_004; local_video_first_plus_audio_20260804,1.0600,N,1.010,1.110,1.010,1.110
dataset/ground_ball/Codex_Workstation/G_0606,G_0606,ground_ball,Codex_Workstation,local_first_pass_direct,batch_004; local_video_first_plus_audio_20260804,1.0000,N,0.950,1.050,0.950,1.050
dataset/ground_ball/Codex_Workstation/G_0608,G_0608,ground_ball,Codex_Workstation,local_first_pass_direct,batch_004; local_video_first_plus_audio_20260804,1.1700,N,1.120,1.220,1.120,1.220
dataset/ground_ball/Codex_Workstation/G_0609,G_0609,ground_ball,Codex_Workstation,local_first_pass_direct,batch_004; local_video_first_plus_audio_20260804,0.1500,N,0.100,0.200,0.100,0.200
dataset/ground_ball/Codex_Workstation/G_0610,G_0610,ground_ball,Codex_Workstation,local_first_pass_direct,batch_004; local_video_first_plus_audio_20260804,1.1100,N,1.060,1.160,1.060,1.160
dataset/ground_ball/Codex_Workstation/G_0625,G_0625,ground_ball,Codex_Workstation,local_first_pass_direct,batch_004; local_video_first_plus_audio_20260804,0.7600,N,0.710,0.810,0.710,0.810
dataset/ground_ball/Codex_Workstation/G_0631,G_0631,ground_ball,Codex_Workstation,local_first_pass_direct,batch_004; local_video_first_plus_audio_20260804,0.9800,N,0.930,1.030,0.930,1.030
dataset/ground_ball/Codex_Workstation/G_0633,G_0633,ground_ball,Codex_Workstation,local_first_pass_direct,batch_004; local_video_first_plus_audio_20260804,0.7200,N,0.670,0.770,0.670,0.770
dataset/ground_ball/Codex_Workstation/G_0651,G_0651,ground_ball,Codex_Workstation,local_first_pass_direct,batch_004; local_video_first_plus_audio_20260804,0.1500,N,0.100,0.200,0.100,0.200
dataset/ground_ball/Codex_Workstation/G_0652,G_0652,ground_ball,Codex_Workstation,local_first_pass_direct,batch_004; local_video_first_plus_audio_20260804,0.7300,N,0.680,0.780,0.680,0.780
dataset/ground_ball/Codex_Workstation/G_0662,G_0662,ground_ball,Codex_Workstation,local_first_pass_direct,batch_004; local_video_first_plus_audio_20260804,0.7800,N,0.730,0.830,0.730,0.830
dataset/ground_ball/Codex_Workstation/G_0663,G_0663,ground_ball,Codex_Workstation,local_first_pass_direct,batch_004; local_video_first_plus_audio_20260804,1.4300,N,1.380,1.480,1.380,1.480
dataset/ground_ball/Codex_Workstation/G_0668,G_0668,ground_ball,Codex_Workstation,local_first_pass_direct,batch_004; local_video_first_plus_audio_20260804,0.7600,N,0.710,0.810,0.710,0.810
dataset/ground_ball/Codex_Workstation/G_0671,G_0671,ground_ball,Codex_Workstation,local_first_pass_direct,batch_004; local_video_first_plus_audio_20260804,0.2400,N,0.190,0.290,0.190,0.290
dataset/ground_ball/Codex_Workstation/G_0676,G_0676,ground_ball,Codex_Workstation,local_first_pass_direct,batch_004; local_video_first_plus_audio_20260804,2.0100,N,1.960,2.060,1.960,2.060
dataset/ground_ball/Codex_Workstation/G_0691,G_0691,ground_ball,Codex_Workstation,local_first_pass_direct,batch_004; local_video_first_plus_audio_20260804,2.0100,N,1.960,2.060,1.960,2.060
dataset/ground_ball/Codex_Workstation/G_0693,G_0693,ground_ball,Codex_Workstation,local_first_pass_direct,batch_004; local_video_first_plus_audio_20260804,0.8500,N,0.800,0.900,0.800,0.900
dataset/ground_ball/Codex_Workstation/G_0699,G_0699,ground_ball,Codex_Workstation,local_first_pass_direct,batch_004; local_video_first_plus_audio_20260804,2.0100,N,1.960,2.060,1.960,2.060
dataset/ground_ball/Codex_Workstation/G_0702,G_0702,ground_ball,Codex_Workstation,local_first_pass_direct,batch_004; local_video_first_plus_audio_20260804,2.0100,N,1.960,2.060,1.960,2.060
dataset/ground_ball/Codex_Workstation/G_0706,G_0706,ground_ball,Codex_Workstation,local_first_pass_direct,batch_004; local_video_first_plus_audio_20260804,2.0100,N,1.960,2.060,1.960,2.060
dataset/ground_ball/Codex_Workstation/G_0707,G_0707,ground_ball,Codex_Workstation,local_first_pass_direct,batch_004; local_video_first_plus_audio_20260804,2.0100,N,1.960,2.060,1.960,2.060
dataset/ground_ball/Codex_Workstation/G_0708,G_0708,ground_ball,Codex_Workstation,local_first_pass_direct,batch_004; local_video_first_plus_audio_20260804,1.5900,N,1.540,1.640,1.540,1.640
dataset/ground_ball/Codex_Workstation/G_0709,G_0709,ground_ball,Codex_Workstation,local_first_pass_direct,batch_004; local_video_first_plus_audio_20260804,0.3800,N,0.330,0.430,0.330,0.430
dataset/ground_ball/Codex_Workstation/G_0710,G_0710,ground_ball,Codex_Workstation,local_first_pass_direct,batch_004; local_video_first_plus_audio_20260804,0.9900,N,0.940,1.040,0.940,1.040
dataset/ground_ball/Codex_Workstation/G_0711,G_0711,ground_ball,Codex_Workstation,local_first_pass_direct,batch_004; local_video_first_plus_audio_20260804,0.8750,N,0.800,0.950,0.800,0.950
dataset/ground_ball/Codex_Workstation/G_0712,G_0712,ground_ball,Codex_Workstation,local_first_pass_direct,batch_004; local_video_first_plus_audio_20260804,2.0100,N,1.960,2.060,1.960,2.060
dataset/ground_ball/Codex_Workstation/G_0720,G_0720,ground_ball,Codex_Workstation,local_first_pass_direct,batch_004; local_video_first_plus_audio_20260804,1.1100,N,1.060,1.160,1.060,1.160
dataset/ground_ball/Codex_Workstation/G_0721,G_0721,ground_ball,Codex_Workstation,local_first_pass_direct,batch_004; local_video_first_plus_audio_20260804,0.6200,N,0.570,0.670,0.570,0.670
dataset/ground_ball/Codex_Workstation/G_0724,G_0724,ground_ball,Codex_Workstation,local_first_pass_direct,batch_004; local_video_first_plus_audio_20260804,1.2100,N,1.160,1.260,1.160,1.260
dataset/ground_ball/Codex_Workstation/G_0725,G_0725,ground_ball,Codex_Workstation,local_first_pass_direct,batch_004; local_video_first_plus_audio_20260804,0.1000,N,0.050,0.150,0.050,0.150
dataset/ground_ball/Codex_Workstation/G_0726,G_0726,ground_ball,Codex_Workstation,local_first_pass_direct,batch_004; local_video_first_plus_audio_20260804,0.8750,N,0.800,0.950,0.800,0.950
dataset/ground_ball/Codex_Workstation/G_0728,G_0728,ground_ball,Codex_Workstation,local_first_pass_direct,batch_004; local_video_first_plus_audio_20260804,1.9500,N,1.900,2.000,1.900,2.000
dataset/ground_ball/Codex_Workstation/G_0729,G_0729,ground_ball,Codex_Workstation,local_first_pass_direct,batch_004; local_video_first_plus_audio_20260804,0.4200,N,0.370,0.470,0.370,0.470
dataset/ground_ball/Codex_Workstation/G_0733,G_0733,ground_ball,Codex_Workstation,local_first_pass_direct,batch_004; local_video_first_plus_audio_20260804,2.0100,N,1.960,2.060,1.960,2.060
dataset/ground_ball/Codex_Workstation/G_0738,G_0738,ground_ball,Codex_Workstation,local_first_pass_direct,batch_004; local_video_first_plus_audio_20260804,0.4000,N,0.300,0.500,0.300,0.500
dataset/ground_ball/Codex_Workstation/G_0740,G_0740,ground_ball,Codex_Workstation,local_first_pass_direct,batch_004; local_video_first_plus_audio_20260804,2.0100,N,1.960,2.060,1.960,2.060
dataset/ground_ball/Codex_Workstation/G_0741,G_0741,ground_ball,Codex_Workstation,local_first_pass_direct,batch_004; local_video_first_plus_audio_20260804,1.0700,N,1.020,1.120,1.020,1.120
dataset/ground_ball/Codex_Workstation/G_0746,G_0746,ground_ball,Codex_Workstation,local_first_pass_direct,batch_004; local_video_first_plus_audio_20260804,1.1900,N,1.140,1.240,1.140,1.240
dataset/ground_ball/Codex_Workstation/G_0747,G_0747,ground_ball,Codex_Workstation,local_first_pass_direct,batch_004; local_video_first_plus_audio_20260804,1.9900,N,1.940,2.040,1.940,2.040
dataset/ground_ball/Codex_Workstation/G_0749,G_0749,ground_ball,Codex_Workstation,local_first_pass_direct,batch_004; local_video_first_plus_audio_20260804,1.8700,N,1.820,1.920,1.820,1.920
dataset/ground_ball/Codex_Workstation/G_0754,G_0754,ground_ball,Codex_Workstation,local_first_pass_direct,batch_004; local_video_first_plus_audio_20260804,2.0100,N,1.960,2.060,1.960,2.060
dataset/ground_ball/Codex_Workstation/G_0755,G_0755,ground_ball,Codex_Workstation,local_first_pass_direct,batch_004; local_video_first_plus_audio_20260804,0.6400,N,0.590,0.690,0.590,0.690
dataset/ground_ball/Codex_Workstation/G_0757,G_0757,ground_ball,Codex_Workstation,local_first_pass_direct,batch_004; local_video_first_plus_audio_20260804,1.6100,N,1.560,1.660,1.560,1.660
dataset/ground_ball/Codex_Workstation/G_0758,G_0758,ground_ball,Codex_Workstation,local_first_pass_direct,batch_004; local_video_first_plus_audio_20260804,1.7900,N,1.740,1.840,1.740,1.840
dataset/ground_ball/Codex_Workstation/G_0761,G_0761,ground_ball,Codex_Workstation,local_first_pass_direct,batch_004; local_video_first_plus_audio_20260804,2.0200,N,1.970,2.070,1.970,2.070
dataset/ground_ball/Codex_Workstation/G_0763,G_0763,ground_ball,Codex_Workstation,local_first_pass_direct,batch_004; local_video_first_plus_audio_20260804,2.0200,N,1.970,2.070,1.970,2.070
dataset/ground_ball/Codex_Workstation/G_0764,G_0764,ground_ball,Codex_Workstation,local_first_pass_direct,batch_004; local_video_first_plus_audio_20260804,2.0000,N,1.950,2.050,1.950,2.050
dataset/ground_ball/Codex_Workstation/G_0766,G_0766,ground_ball,Codex_Workstation,local_first_pass_direct,batch_004; local_video_first_plus_audio_20260804,2.0000,N,1.950,2.050,1.950,2.050
dataset/ground_ball/Codex_Workstation/G_0770,G_0770,ground_ball,Codex_Workstation,local_first_pass_direct,batch_004; local_video_first_plus_audio_20260804,2.0000,N,1.950,2.050,1.950,2.050
dataset/ground_ball/Codex_Workstation/G_0773,G_0773,ground_ball,Codex_Workstation,local_first_pass_direct,batch_004; local_video_first_plus_audio_20260804,1.0600,N,1.010,1.110,1.010,1.110
dataset/ground_ball/Codex_Workstation/G_0774,G_0774,ground_ball,Codex_Workstation,local_first_pass_direct,batch_004; local_video_first_plus_audio_20260804,2.0200,N,1.970,2.070,1.970,2.070
dataset/ground_ball/Codex_Workstation/G_0777,G_0777,ground_ball,Codex_Workstation,local_first_pass_direct,batch_004; local_video_first_plus_audio_20260804,2.0000,N,1.950,2.050,1.950,2.050
dataset/ground_ball/Codex_Workstation/G_0781,G_0781,ground_ball,Codex_Workstation,local_first_pass_direct,batch_004; local_video_first_plus_audio_20260804,1.3600,N,1.310,1.410,1.310,1.410
dataset/ground_ball/Codex_Workstation/G_0783,G_0783,ground_ball,Codex_Workstation,local_first_pass_direct,batch_004; local_video_first_plus_audio_20260804,0.9400,N,0.890,0.990,0.890,0.990
dataset/ground_ball/Codex_Workstation/G_0787,G_0787,ground_ball,Codex_Workstation,local_first_pass_direct,batch_004; local_video_first_plus_audio_20260804,1.9400,N,1.890,1.990,1.890,1.990
dataset/ground_ball/Codex_Workstation/G_0788,G_0788,ground_ball,Codex_Workstation,local_first_pass_direct,batch_004; local_video_first_plus_audio_20260804,1.0800,N,1.030,1.130,1.030,1.130
dataset/ground_ball/Codex_Workstation/G_0795,G_0795,ground_ball,Codex_Workstation,local_first_pass_direct,batch_003; local_video_first_plus_audio_20260804,0.9600,N,0.910,1.010,0.910,1.010
dataset/ground_ball/Codex_Workstation/G_0797,G_0797,ground_ball,Codex_Workstation,local_first_pass_direct,batch_003; local_video_first_plus_audio_20260804,2.0000,N,1.950,2.050,1.950,2.050
dataset/ground_ball/Codex_Workstation/G_0798,G_0798,ground_ball,Codex_Workstation,local_first_pass_direct,batch_003; local_video_first_plus_audio_20260804,2.0000,N,1.950,2.050,1.950,2.050
dataset/ground_ball/Codex_Workstation/G_0799,G_0799,ground_ball,Codex_Workstation,local_first_pass_direct,batch_003; local_video_first_plus_audio_20260804,2.0200,N,1.970,2.070,1.970,2.070
dataset/ground_ball/Codex_Workstation/G_0800,G_0800,ground_ball,Codex_Workstation,local_first_pass_direct,batch_003; local_video_first_plus_audio_20260804,0.9800,N,0.930,1.030,0.930,1.030
dataset/ground_ball/Codex_Workstation/G_0801,G_0801,ground_ball,Codex_Workstation,local_first_pass_direct,batch_003; local_video_first_plus_audio_20260804,2.0200,N,1.970,2.070,1.970,2.070
dataset/ground_ball/Codex_Workstation/G_0813,G_0813,ground_ball,Codex_Workstation,local_first_pass_direct,batch_003; local_video_first_plus_audio_20260804,2.0000,N,1.950,2.050,1.950,2.050
dataset/ground_ball/Codex_Workstation/G_0814,G_0814,ground_ball,Codex_Workstation,local_first_pass_direct,batch_003; local_video_first_plus_audio_20260804,2.0000,N,1.950,2.050,1.950,2.050
dataset/ground_ball/Codex_Workstation/G_0819,G_0819,ground_ball,Codex_Workstation,local_first_pass_direct,batch_003; local_video_first_plus_audio_20260804,1.7600,N,1.710,1.810,1.710,1.810
dataset/ground_ball/Codex_Workstation/G_0820,G_0820,ground_ball,Codex_Workstation,local_first_pass_direct,batch_003; local_video_first_plus_audio_20260804,2.0200,N,1.970,2.070,1.970,2.070
dataset/ground_ball/Codex_Workstation/G_0824,G_0824,ground_ball,Codex_Workstation,local_first_pass_direct,batch_003; local_video_first_plus_audio_20260804,2.0000,N,1.950,2.050,1.950,2.050
dataset/ground_ball/Codex_Workstation/G_0827,G_0827,ground_ball,Codex_Workstation,local_first_pass_direct,batch_003; local_video_first_plus_audio_20260804,1.8600,N,1.810,1.910,1.810,1.910
dataset/ground_ball/Codex_Workstation/G_0828,G_0828,ground_ball,Codex_Workstation,local_first_pass_direct,batch_003; local_video_first_plus_audio_20260804,1.8600,N,1.810,1.910,1.810,1.910
dataset/ground_ball/Codex_Workstation/G_0830,G_0830,ground_ball,Codex_Workstation,local_first_pass_direct,batch_003; local_video_first_plus_audio_20260804,2.0200,N,1.970,2.070,1.970,2.070
dataset/ground_ball/Codex_Workstation/G_0831,G_0831,ground_ball,Codex_Workstation,local_first_pass_direct,batch_003; local_video_first_plus_audio_20260804,1.6200,N,1.570,1.670,1.570,1.670
dataset/ground_ball/Codex_Workstation/G_0833,G_0833,ground_ball,Codex_Workstation,local_first_pass_direct,batch_003; local_video_first_plus_audio_20260804,2.0000,N,1.950,2.050,1.950,2.050
dataset/ground_ball/Codex_Workstation/G_0838,G_0838,ground_ball,Codex_Workstation,local_first_pass_direct,batch_003; local_video_first_plus_audio_20260804,2.0200,N,1.970,2.070,1.970,2.070
dataset/ground_ball/Codex_Workstation/G_0839,G_0839,ground_ball,Codex_Workstation,local_first_pass_direct,batch_003; local_video_first_plus_audio_20260804,1.8200,N,1.770,1.870,1.770,1.870
dataset/ground_ball/Codex_Workstation/G_0840,G_0840,ground_ball,Codex_Workstation,local_first_pass_direct,batch_003; local_video_first_plus_audio_20260804,1.7600,N,1.710,1.810,1.710,1.810
dataset/ground_ball/Codex_Workstation/G_0841,G_0841,ground_ball,Codex_Workstation,local_first_pass_direct,batch_003; local_video_first_plus_audio_20260804,2.0000,N,1.950,2.050,1.950,2.050
dataset/ground_ball/Codex_Workstation/G_0844,G_0844,ground_ball,Codex_Workstation,local_first_pass_direct,batch_003; local_video_first_plus_audio_20260804,1.9400,N,1.890,1.990,1.890,1.990
dataset/ground_ball/Codex_Workstation/G_0846,G_0846,ground_ball,Codex_Workstation,local_first_pass_direct,batch_003; local_video_first_plus_audio_20260804,0.7400,N,0.690,0.790,0.690,0.790
dataset/ground_ball/Codex_Workstation/G_0850,G_0850,ground_ball,Codex_Workstation,local_first_pass_direct,batch_003; local_video_first_plus_audio_20260804,1.7600,N,1.710,1.810,1.710,1.810
dataset/ground_ball/Codex_Workstation/G_0852,G_0852,ground_ball,Codex_Workstation,local_first_pass_direct,batch_003; local_video_first_plus_audio_20260804,2.0200,N,1.970,2.070,1.970,2.070
dataset/ground_ball/Codex_Workstation/G_0854,G_0854,ground_ball,Codex_Workstation,local_first_pass_direct,batch_003; local_video_first_plus_audio_20260804,2.0000,N,1.950,2.050,1.950,2.050
dataset/ground_ball/Codex_Workstation/G_0863,G_0863,ground_ball,Codex_Workstation,local_first_pass_direct,batch_003; local_video_first_plus_audio_20260804,2.0000,N,1.950,2.050,1.950,2.050
dataset/ground_ball/Codex_Workstation/G_0866,G_0866,ground_ball,Codex_Workstation,local_first_pass_direct,batch_003; local_video_first_plus_audio_20260804,2.0000,N,1.950,2.050,1.950,2.050
dataset/ground_ball/Codex_Workstation/G_0872,G_0872,ground_ball,Codex_Workstation,local_first_pass_direct,batch_003; local_video_first_plus_audio_20260804,1.9800,N,1.930,2.030,1.930,2.030
dataset/ground_ball/Codex_Workstation/G_0876,G_0876,ground_ball,Codex_Workstation,local_first_pass_direct,batch_003; local_video_first_plus_audio_20260804,1.5400,N,1.490,1.590,1.490,1.590
dataset/ground_ball/Codex_Workstation/G_0880,G_0880,ground_ball,Codex_Workstation,local_first_pass_direct,batch_003; local_video_first_plus_audio_20260804,1.3600,N,1.310,1.410,1.310,1.410
dataset/ground_ball/Codex_Workstation/G_0882,G_0882,ground_ball,Codex_Workstation,local_first_pass_direct,batch_003; local_video_first_plus_audio_20260804,1.0400,N,0.990,1.090,0.990,1.090
dataset/ground_ball/Codex_Workstation/G_0887,G_0887,ground_ball,Codex_Workstation,local_first_pass_direct,batch_003; local_video_first_plus_audio_20260804,2.0000,N,1.950,2.050,1.950,2.050
dataset/ground_ball/Codex_Workstation/G_0900,G_0900,ground_ball,Codex_Workstation,local_first_pass_direct,batch_003; local_video_first_plus_audio_20260804,2.0200,N,1.970,2.070,1.970,2.070
dataset/ground_ball/Codex_Workstation/G_0901,G_0901,ground_ball,Codex_Workstation,local_first_pass_direct,batch_003; local_video_first_plus_audio_20260804,1.6600,N,1.610,1.710,1.610,1.710
dataset/ground_ball/Codex_Workstation/G_0903,G_0903,ground_ball,Codex_Workstation,local_first_pass_direct,batch_003; local_video_first_plus_audio_20260804,2.0000,N,1.950,2.050,1.950,2.050
dataset/ground_ball/Codex_Workstation/G_0906,G_0906,ground_ball,Codex_Workstation,local_first_pass_direct,batch_003; local_video_first_plus_audio_20260804,1.7200,N,1.670,1.770,1.670,1.770
dataset/ground_ball/Codex_Workstation/G_0909,G_0909,ground_ball,Codex_Workstation,local_first_pass_direct,batch_003; local_video_first_plus_audio_20260804,1.2800,N,1.230,1.330,1.230,1.330
dataset/ground_ball/Codex_Workstation/G_0913,G_0913,ground_ball,Codex_Workstation,local_first_pass_direct,batch_003; local_video_first_plus_audio_20260804,2.0000,N,1.950,2.050,1.950,2.050
dataset/ground_ball/Codex_Workstation/G_0924,G_0924,ground_ball,Codex_Workstation,local_first_pass_direct,batch_003; local_video_first_plus_audio_20260804,2.0000,N,1.950,2.050,1.950,2.050
dataset/ground_ball/Codex_Workstation/G_0930,G_0930,ground_ball,Codex_Workstation,local_first_pass_direct,batch_003; local_video_first_plus_audio_20260804,1.3200,N,1.270,1.370,1.270,1.370
dataset/ground_ball/Codex_Workstation/G_0932,G_0932,ground_ball,Codex_Workstation,local_first_pass_direct,batch_003; local_video_first_plus_audio_20260804,1.7400,N,1.690,1.790,1.690,1.790
dataset/ground_ball/Codex_Workstation/G_0933,G_0933,ground_ball,Codex_Workstation,local_first_pass_direct,batch_003; local_video_first_plus_audio_20260804,2.0000,N,1.950,2.050,1.950,2.050
dataset/ground_ball/Codex_Workstation/G_0934,G_0934,ground_ball,Codex_Workstation,local_first_pass_direct,batch_003; local_video_first_plus_audio_20260804,2.0000,N,1.950,2.050,1.950,2.050
dataset/ground_ball/Codex_Workstation/G_0966,G_0966,ground_ball,Codex_Workstation,local_first_pass_direct,batch_003; local_video_first_plus_audio_20260804,2.0000,N,1.950,2.050,1.950,2.050
dataset/ground_ball/Codex_Workstation/G_0969,G_0969,ground_ball,Codex_Workstation,local_first_pass_direct,batch_003; local_video_first_plus_audio_20260804,2.0000,N,1.950,2.050,1.950,2.050
dataset/ground_ball/Diqing_Tang/G_002,G_002,ground_ball,Diqing_Tang,local_first_pass_direct,batch_003; local_video_first_plus_audio_20260804,2.1510,N,2.148,2.154,2.148,2.154
dataset/ground_ball/Diqing_Tang/G_003,G_003,ground_ball,Diqing_Tang,local_first_pass_direct,batch_003; local_video_first_plus_audio_20260804,1.3355,N,1.333,1.338,1.333,1.338
dataset/ground_ball/Diqing_Tang/G_004,G_004,ground_ball,Diqing_Tang,local_first_pass_direct,batch_003; local_video_first_plus_audio_20260804,1.6625,N,1.659,1.666,1.659,1.666
dataset/ground_ball/Diqing_Tang/G_005,G_005,ground_ball,Diqing_Tang,local_first_pass_direct,batch_003; local_video_first_plus_audio_20260804,1.2590,N,1.256,1.262,1.256,1.262
dataset/ground_ball/Diqing_Tang/G_006,G_006,ground_ball,Diqing_Tang,local_first_pass_direct,batch_003; local_video_first_plus_audio_20260804,1.0800,N,1.077,1.083,1.077,1.083
dataset/ground_ball/Diqing_Tang/G_007,G_007,ground_ball,Diqing_Tang,local_first_pass_direct,batch_003; local_video_first_plus_audio_20260804,2.2755,N,2.256,2.295,2.256,2.295
dataset/ground_ball/Diqing_Tang/G_008,G_008,ground_ball,Diqing_Tang,local_first_pass_direct,batch_003; local_video_first_plus_audio_20260804,1.3180,N,1.248,1.388,1.248,1.388
dataset/ground_ball/Diqing_Tang/G_009,G_009,ground_ball,Diqing_Tang,local_first_pass_direct,batch_003; local_video_first_plus_audio_20260804,1.2510,N,1.246,1.256,1.246,1.256
dataset/ground_ball/Diqing_Tang/G_010,G_010,ground_ball,Diqing_Tang,local_first_pass_direct,batch_003; local_video_first_plus_audio_20260804,2.1655,N,2.159,2.172,2.159,2.172
dataset/ground_ball/Diqing_Tang/G_011,G_011,ground_ball,Diqing_Tang,local_first_pass_direct,batch_003; local_video_first_plus_audio_20260804,2.0000,N,1.997,2.003,1.997,2.003
dataset/ground_ball/Diqing_Tang/G_012,G_012,ground_ball,Diqing_Tang,local_first_pass_direct,batch_003; local_video_first_plus_audio_20260804,2.2030,N,2.198,2.208,2.198,2.208
dataset/ground_ball/Diqing_Tang/G_013,G_013,ground_ball,Diqing_Tang,local_first_pass_direct,batch_003; local_video_first_plus_audio_20260804,2.0000,N,1.997,2.003,1.997,2.003
dataset/ground_ball/Diqing_Tang/G_014,G_014,ground_ball,Diqing_Tang,local_first_pass_direct,batch_003; local_video_first_plus_audio_20260804,3.4092,N,3.4058,3.4126,3.4058,3.4126
dataset/ground_ball/Diqing_Tang/G_015,G_015,ground_ball,Diqing_Tang,local_first_pass_direct,batch_003; local_video_first_plus_audio_20260804,2.0000,N,1.997,2.003,1.997,2.003
dataset/ground_ball/Diqing_Tang/G_016,G_016,ground_ball,Diqing_Tang,local_first_pass_direct,batch_003; local_video_first_plus_audio_20260804,1.3421,N,1.3392,1.3451,1.3392,1.3451
dataset/ground_ball/Diqing_Tang/G_017,G_017,ground_ball,Diqing_Tang,local_first_pass_direct,batch_003; local_video_first_plus_audio_20260804,2.0000,N,1.997,2.003,1.997,2.003
dataset/ground_ball/Diqing_Tang/G_018,G_018,ground_ball,Diqing_Tang,local_first_pass_direct,batch_003; local_video_first_plus_audio_20260804,2.0000,N,1.997,2.003,1.997,2.003
dataset/ground_ball/Diqing_Tang/G_019,G_019,ground_ball,Diqing_Tang,local_first_pass_direct,batch_003; local_video_first_plus_audio_20260804,2.0000,N,1.997,2.003,1.997,2.003
dataset/ground_ball/Diqing_Tang/G_020,G_020,ground_ball,Diqing_Tang,local_first_pass_direct,batch_003; local_video_first_plus_audio_20260804,2.0000,N,1.997,2.003,1.997,2.003
dataset/ground_ball/Diqing_Tang/G_021,G_021,ground_ball,Diqing_Tang,local_first_pass_direct,batch_003; local_video_first_plus_audio_20260804,2.0000,N,1.997,2.003,1.997,2.003
dataset/ground_ball/Diqing_Tang/G_022,G_022,ground_ball,Diqing_Tang,local_first_pass_direct,batch_003; local_video_first_plus_audio_20260804,2.0000,N,1.997,2.003,1.997,2.003
dataset/ground_ball/Diqing_Tang/G_024,G_024,ground_ball,Diqing_Tang,local_first_pass_direct,batch_003; local_video_first_plus_audio_20260804,2.0000,N,1.997,2.003,1.997,2.003
dataset/ground_ball/Diqing_Tang/G_025,G_025,ground_ball,Diqing_Tang,local_first_pass_direct,batch_003; local_video_first_plus_audio_20260804,2.0000,N,1.997,2.003,1.997,2.003
dataset/ground_ball/Haoran_Yan/G_001,G_001,ground_ball,Haoran_Yan,local_first_pass_direct,batch_003; local_video_first_plus_audio_20260804,2.0464,N,2.044473,2.048300,2.044473,2.048300
dataset/ground_ball/Haoran_Yan/G_002,G_002,ground_ball,Haoran_Yan,local_first_pass_direct,batch_003; local_video_first_plus_audio_20260804,1.4773,N,1.476800,1.477800,1.476800,1.477800
dataset/ground_ball/Haoran_Yan/G_003,G_003,ground_ball,Haoran_Yan,local_first_pass_direct,batch_003; local_video_first_plus_audio_20260804,1.7775,N,1.777000,1.778100,1.777000,1.778100
dataset/ground_ball/Haoran_Yan/G_004,G_004,ground_ball,Haoran_Yan,local_first_pass_direct,batch_003; local_video_first_plus_audio_20260804,2.2222,N,2.221700,2.222700,2.221700,2.222700
dataset/ground_ball/Haoran_Yan/G_005,G_005,ground_ball,Haoran_Yan,local_first_pass_direct,batch_003; local_video_first_plus_audio_20260804,1.5298,N,1.529300,1.530300,1.529300,1.530300
dataset/ground_ball/Haoran_Yan/G_006,G_006,ground_ball,Haoran_Yan,local_first_pass_direct,batch_003; local_video_first_plus_audio_20260804,1.5077,N,1.507200,1.508200,1.507200,1.508200
dataset/ground_ball/Haoran_Yan/G_007,G_007,ground_ball,Haoran_Yan,local_first_pass_direct,batch_003; local_video_first_plus_audio_20260804,0.7280,N,0.727500,0.728500,0.727500,0.728500
dataset/ground_ball/Haoran_Yan/G_008,G_008,ground_ball,Haoran_Yan,local_first_pass_direct,batch_003; local_video_first_plus_audio_20260804,2.5335,N,2.532900,2.534100,2.532900,2.534100
dataset/ground_ball/Haoran_Yan/G_009,G_009,ground_ball,Haoran_Yan,local_first_pass_direct,batch_003; local_video_first_plus_audio_20260804,2.5924,N,2.591900,2.592900,2.591900,2.592900
dataset/ground_ball/Haoran_Yan/G_010,G_010,ground_ball,Haoran_Yan,local_first_pass_direct,batch_003; local_video_first_plus_audio_20260804,2.4546,N,2.454000,2.455200,2.454000,2.455200
dataset/ground_ball/Haoran_Yan/G_011,G_011,ground_ball,Haoran_Yan,local_first_pass_direct,batch_003; local_video_first_plus_audio_20260804,2.5239,N,2.523400,2.524400,2.523400,2.524400
dataset/ground_ball/Haoran_Yan/G_012,G_012,ground_ball,Haoran_Yan,local_first_pass_direct,batch_003; local_video_first_plus_audio_20260804,2.3839,N,2.383400,2.384400,2.383400,2.384400
dataset/ground_ball/Haoran_Yan/G_013,G_013,ground_ball,Haoran_Yan,local_first_pass_direct,batch_003; local_video_first_plus_audio_20260804,1.3001,N,1.299600,1.300600,1.299600,1.300600
dataset/ground_ball/Haoran_Yan/G_014,G_014,ground_ball,Haoran_Yan,local_first_pass_direct,batch_003; local_video_first_plus_audio_20260804,1.4895,N,1.488600,1.490400,1.488600,1.490400
dataset/ground_ball/Haoran_Yan/G_015,G_015,ground_ball,Haoran_Yan,local_first_pass_direct,batch_003; local_video_first_plus_audio_20260804,2.5197,N,2.519309,2.520092,2.519309,2.520092
dataset/ground_ball/Haoran_Yan/G_016,G_016,ground_ball,Haoran_Yan,local_first_pass_direct,batch_003; local_video_first_plus_audio_20260804,1.9970,N,1.996500,1.997500,1.996500,1.997500
dataset/ground_ball/Haoran_Yan/G_017,G_017,ground_ball,Haoran_Yan,local_first_pass_direct,batch_003; local_video_first_plus_audio_20260804,1.7312,N,1.730700,1.731700,1.730700,1.731700
dataset/ground_ball/Haoran_Yan/G_018,G_018,ground_ball,Haoran_Yan,local_first_pass_direct,batch_003; local_video_first_plus_audio_20260804,1.7586,N,1.758100,1.759100,1.758100,1.759100
dataset/ground_ball/Haoran_Yan/G_019,G_019,ground_ball,Haoran_Yan,local_first_pass_direct,batch_003; local_video_first_plus_audio_20260804,1.9846,N,1.984100,1.985100,1.984100,1.985100
dataset/ground_ball/Haoran_Yan/G_020,G_020,ground_ball,Haoran_Yan,local_first_pass_direct,batch_003; local_video_first_plus_audio_20260804,2.4834,N,2.482900,2.483900,2.482900,2.483900
dataset/ground_ball/Haoran_Yan/G_021,G_021,ground_ball,Haoran_Yan,local_first_pass_direct,batch_003; local_video_first_plus_audio_20260804,2.3532,N,2.352700,2.353700,2.352700,2.353700
dataset/ground_ball/Haoran_Yan/G_022,G_022,ground_ball,Haoran_Yan,local_first_pass_direct,batch_003; local_video_first_plus_audio_20260804,1.0755,N,1.074800,1.076200,1.074800,1.076200
dataset/ground_ball/Haoran_Yan/G_023,G_023,ground_ball,Haoran_Yan,local_first_pass_direct,batch_003; local_video_first_plus_audio_20260804,1.1728,N,1.171500,1.174100,1.171500,1.174100
dataset/ground_ball/Haoran_Yan/G_024,G_024,ground_ball,Haoran_Yan,local_first_pass_direct,batch_003; local_video_first_plus_audio_20260804,1.9314,N,1.930900,1.931900,1.930900,1.931900
dataset/ground_ball/Haoran_Yan/G_025,G_025,ground_ball,Haoran_Yan,local_first_pass_direct,batch_003; local_video_first_plus_audio_20260804,1.8560,N,1.855100,1.856900,1.855100,1.856900
dataset/ground_ball/Haoran_Yan/G_026,G_026,ground_ball,Haoran_Yan,local_first_pass_direct,batch_002; local_video_first_plus_audio_20260804,2.6687,N,2.668200,2.669200,2.668200,2.669200
dataset/ground_ball/Haoran_Yan/G_027,G_027,ground_ball,Haoran_Yan,local_first_pass_direct,batch_002; local_video_first_plus_audio_20260804,2.4879,N,2.487400,2.488400,2.487400,2.488400
dataset/ground_ball/Haoran_Yan/G_028,G_028,ground_ball,Haoran_Yan,local_first_pass_direct,batch_002; local_video_first_plus_audio_20260804,1.5259,N,1.525200,1.526600,1.525200,1.526600
