global_index,sample_id,main_relative_path,existing_anchor_time,selected,selected_candidate_index,selected_candidate_time,selected_probability,selected_score,model_threshold,candidate_count,candidates_json,audio_gate_reason
1207,F_034,dataset/fly_ball/Zhengxuan_Liu/F_034,0.9135,no,,,0.42572863,,0.7833643177503908,24,"[{""index"":1,""time"":0.91,""score"":3.014,""rms_ratio"":2.1,""diff_ratio"":4.326,""contact_probability"":0.42572863},{""index"":2,""time"":0.836,""score"":1.753,""rms_ratio"":0.935,""diff_ratio"":3.074,""contact_probability"":0.00420909},{""index"":3,""time"":0.995,""score"":1.903,""rms_ratio"":0.808,""diff_ratio"":3.621,""contact_probability"":0.05205842},{""index"":4,""time"":1.08,""score"":1.503,""rms_ratio"":0.667,""diff_ratio"":2.258,""contact_probability"":0.04384719},{""index"":5,""time"":0.656,""score"":1.279,""rms_ratio"":1.636,""diff_ratio"":0.784,""contact_probability"":0.01334529},{""index"":6,""time"":0.586,""score"":2.092,""rms_ratio"":0.979,""diff_ratio"":4.378,""contact_probability"":0.05061716},{""index"":7,""time"":1.374,""score"":1.316,""rms_ratio"":1.247,""diff_ratio"":1.389,""contact_probability"":0.01878476},{""index"":8,""time"":6.682,""score"":3.062,""rms_ratio"":2.087,""diff_ratio"":4.493,""contact_probability"":0.00670074},{""index"":9,""time"":4.467,""score"":2.429,""rms_ratio"":1.301,""diff_ratio"":4.537,""contact_probability"":0.00477748},{""index"":10,""time"":2.562,""score"":2.177,""rms_ratio"":1.337,""diff_ratio"":3.547,""contact_probability"":0.00174721},{""index"":11,""time"":3.709,""score"":2.171,""rms_ratio"":2.577,""diff_ratio"":1.83,""contact_probability"":0.00740558},{""index"":12,""time"":6.987,""score"":2.165,""rms_ratio"":2.519,""diff_ratio"":1.861,""contact_probability"":0.00136478},{""index"":13,""time"":6.533,""score"":2.143,""rms_ratio"":1.425,""diff_ratio"":3.223,""contact_probability"":0.00028024},{""index"":14,""time"":3.475,""score"":2.106,""rms_ratio"":1.708,""diff_ratio"":2.596,""contact_probability"":0.01708935},{""index"":15,""time"":4.053,""score"":2.078,""rms_ratio"":1.721,""diff_ratio"":2.509,""contact_probability"":0.00188633},{""index"":16,""time"":2.515,""score"":2.024,""rms_ratio"":1.401,""diff_ratio"":2.925,""contact_probability"":0.00052675},{""index"":17,""time"":3.105,""score"":1.996,""rms_ratio"":1.815,""diff_ratio"":2.196,""contact_probability"":0.00411438},{""index"":18,""time"":6.298,""score"":1.917,""rms_ratio"":1.557,""diff_ratio"":2.36,""contact_probability"":0.00032208},{""index"":19,""time"":2.262,""score"":1.815,""rms_ratio"":1.655,""diff_ratio"":1.991,""contact_probability"":0.0019422},{""index"":20,""time"":2.605,""score"":1.806,""rms_ratio"":0.959,""diff_ratio"":3.261,""contact_probability"":0.00163099},{""index"":21,""time"":6.817,""score"":1.802,""rms_ratio"":2.015,""diff_ratio"":1.612,""contact_probability"":0.00028885},{""index"":22,""time"":5.32,""score"":1.795,""rms_ratio"":2.055,""diff_ratio"":1.569,""contact_probability"":0.00843895},{""index"":23,""time"":2.078,""score"":1.779,""rms_ratio"":2.03,""diff_ratio"":1.559,""contact_probability"":0.01280887},{""index"":24,""time"":1.793,""score"":1.763,""rms_ratio"":0.862,""diff_ratio"":3.11,""contact_probability"":0.00242377}]",best_candidate_below_threshold
1206,F_033,dataset/fly_ball/Zhengxuan_Liu/F_033,1.144,no,,,0.73495851,,0.7833643177503908,24,"[{""index"":1,""time"":1.145,""score"":3.954,""rms_ratio"":2.887,""diff_ratio"":5.415,""contact_probability"":0.73495851},{""index"":2,""time"":0.97,""score"":1.303,""rms_ratio"":1.698,""diff_ratio"":0.483,""contact_probability"":0.02133174},{""index"":3,""time"":1.409,""score"":1.213,""rms_ratio"":1.472,""diff_ratio"":0.604,""contact_probability"":0.00119258},{""index"":4,""time"":1.509,""score"":1.212,""rms_ratio"":1.47,""diff_ratio"":0.528,""contact_probability"":0.00208621},{""index"":5,""time"":1.619,""score"":1.877,""rms_ratio"":0.987,""diff_ratio"":3.525,""contact_probability"":0.00385999},{""index"":6,""time"":1.679,""score"":1.616,""rms_ratio"":0.694,""diff_ratio"":2.611,""contact_probability"":0.00384308},{""index"":7,""time"":6.598,""score"":2.629,""rms_ratio"":2.642,""diff_ratio"":2.616,""contact_probability"":0.00274456},{""index"":8,""time"":6.857,""score"":2.568,""rms_ratio"":1.744,""diff_ratio"":3.779,""contact_probability"":0.00038384},{""index"":9,""time"":3.845,""score"":2.48,""rms_ratio"":1.152,""diff_ratio"":5.34,""contact_probability"":0.02006392},{""index"":10,""time"":3.924,""score"":2.379,""rms_ratio"":1.242,""diff_ratio"":4.558,""contact_probability"":0.00166684},{""index"":11,""time"":5.365,""score"":2.305,""rms_ratio"":1.885,""diff_ratio"":2.819,""contact_probability"":0.00599309},{""index"":12,""time"":6.905,""score"":2.219,""rms_ratio"":1.392,""diff_ratio"":3.538,""contact_probability"":0.00040392},{""index"":13,""time"":7.096,""score"":2.172,""rms_ratio"":2.286,""diff_ratio"":2.064,""contact_probability"":6.712e-05},{""index"":14,""time"":6.947,""score"":2.16,""rms_ratio"":1.78,""diff_ratio"":2.622,""contact_probability"":4.972e-05},{""index"":15,""time"":6.139,""score"":2.104,""rms_ratio"":2.278,""diff_ratio"":1.943,""contact_probability"":0.00074012},{""index"":16,""time"":5.964,""score"":1.93,""rms_ratio"":2.113,""diff_ratio"":1.763,""contact_probability"":0.00043928},{""index"":17,""time"":6.785,""score"":1.906,""rms_ratio"":1.849,""diff_ratio"":1.964,""contact_probability"":0.00018245},{""index"":18,""time"":7.025,""score"":1.846,""rms_ratio"":1.711,""diff_ratio"":1.991,""contact_probability"":1.36e-06},{""index"":19,""time"":5.59,""score"":1.794,""rms_ratio"":1.928,""diff_ratio"":1.67,""contact_probability"":0.00606763},{""index"":20,""time"":6.413,""score"":1.792,""rms_ratio"":1.731,""diff_ratio"":1.855,""contact_probability"":0.00040258},{""index"":21,""time"":6.005,""score"":1.785,""rms_ratio"":1.938,""diff_ratio"":1.643,""contact_probability"":0.00024619},{""index"":22,""time"":4.008,""score"":1.764,""rms_ratio"":1.713,""diff_ratio"":1.816,""contact_probability"":0.00357124},{""index"":23,""time"":3.599,""score"":1.758,""rms_ratio"":2.074,""diff_ratio"":1.49,""contact_probability"":0.00197947},{""index"":24,""time"":3.724,""score"":1.742,""rms_ratio"":1.407,""diff_ratio"":2.156,""contact_probability"":0.00086198}]",best_candidate_below_threshold
1205,F_032,dataset/fly_ball/Zhengxuan_Liu/F_032,0.812,yes,16,6.458,0.80448142,2.672,0.7833643177503908,24,"[{""index"":1,""time"":0.811,""score"":2.658,""rms_ratio"":1.969,""diff_ratio"":3.588,""contact_probability"":0.30536431},{""index"":2,""time"":0.731,""score"":1.307,""rms_ratio"":1.433,""diff_ratio"":1.191,""contact_probability"":0.00170676},{""index"":3,""time"":0.93,""score"":2.109,""rms_ratio"":2.206,""diff_ratio"":2.015,""contact_probability"":0.06685071},{""index"":4,""time"":0.995,""score"":1.488,""rms_ratio"":1.461,""diff_ratio"":1.516,""contact_probability"":0.00304494},{""index"":5,""time"":0.586,""score"":1.58,""rms_ratio"":2.039,""diff_ratio"":1.224,""contact_probability"":0.01208712},{""index"":6,""time"":1.09,""score"":1.96,""rms_ratio"":1.11,""diff_ratio"":3.46,""contact_probability"":0.00178639},{""index"":7,""time"":0.526,""score"":2.992,""rms_ratio"":1.541,""diff_ratio"":5.812,""contact_probability"":0.02266978},{""index"":8,""time"":1.225,""score"":1.333,""rms_ratio"":1.289,""diff_ratio"":1.378,""contact_probability"":0.00132234},{""index"":9,""time"":0.352,""score"":1.477,""rms_ratio"":1.177,""diff_ratio"":1.853,""contact_probability"":0.00224335},{""index"":10,""time"":1.3,""score"":1.677,""rms_ratio"":0.86,""diff_ratio"":2.814,""contact_probability"":0.00068223},{""index"":11,""time"":0.295,""score"":1.188,""rms_ratio"":1.213,""diff_ratio"":1.163,""contact_probability"":0.00081107},{""index"":12,""time"":0.257,""score"":1.39,""rms_ratio"":1.572,""diff_ratio"":1.23,""contact_probability"":0.01160411},{""index"":13,""time"":1.399,""score"":1.401,""rms_ratio"":1.892,""diff_ratio"":1.037,""contact_probability"":0.00806668},{""index"":14,""time"":4.278,""score"":3.675,""rms_ratio"":1.718,""diff_ratio"":7.861,""contact_probability"":0.01655956},{""index"":15,""time"":5.31,""score"":3.126,""rms_ratio"":1.477,""diff_ratio"":6.613,""contact_probability"":0.00251106},{""index"":16,""time"":6.458,""score"":2.672,""rms_ratio"":2.744,""diff_ratio"":2.603,""contact_probability"":0.80448142},{""index"":17,""time"":3.789,""score"":2.541,""rms_ratio"":2.812,""diff_ratio"":2.295,""contact_probability"":0.08334791},{""index"":18,""time"":5.096,""score"":2.492,""rms_ratio"":2.655,""diff_ratio"":2.339,""contact_probability"":0.00638943},{""index"":19,""time"":5.135,""score"":2.442,""rms_ratio"":2.456,""diff_ratio"":2.428,""contact_probability"":0.0021475},{""index"":20,""time"":4.113,""score"":2.412,""rms_ratio"":2.485,""diff_ratio"":2.341,""contact_probability"":0.00947163},{""index"":21,""time"":1.644,""score"":2.359,""rms_ratio"":1.376,""diff_ratio"":4.043,""contact_probability"":0.00114744},{""index"":22,""time"":4.597,""score"":2.248,""rms_ratio"":2.46,""diff_ratio"":2.055,""contact_probability"":0.00128296},{""index"":23,""time"":4.422,""score"":2.233,""rms_ratio"":2.413,""diff_ratio"":2.067,""contact_probability"":0.00134448},{""index"":24,""time"":5.405,""score"":2.192,""rms_ratio"":2.451,""diff_ratio"":1.961,""contact_probability"":0.01515304}]",candidate_selected
1204,F_031,dataset/fly_ball/Zhengxuan_Liu/F_031,2.175,no,,,0.77466707,,0.7833643177503908,24,"[{""index"":1,""time"":2.173,""score"":6.619,""rms_ratio"":3.732,""diff_ratio"":11.74,""contact_probability"":0.77466707},{""index"":2,""time"":2.118,""score"":1.362,""rms_ratio"":1.704,""diff_ratio"":1.088,""contact_probability"":0.01087872},{""index"":3,""time"":2.242,""score"":1.362,""rms_ratio"":1.281,""diff_ratio"":1.447,""contact_probability"":0.00917799},{""index"":4,""time"":2.392,""score"":1.442,""rms_ratio"":1.727,""diff_ratio"":1.204,""contact_probability"":0.00162581},{""index"":5,""time"":2.447,""score"":1.605,""rms_ratio"":1.824,""diff_ratio"":1.413,""contact_probability"":0.00271278},{""index"":6,""time"":2.537,""score"":1.455,""rms_ratio"":1.623,""diff_ratio"":1.304,""contact_probability"":0.00306873},{""index"":7,""time"":1.734,""score"":1.152,""rms_ratio"":1.327,""diff_ratio"":0.817,""contact_probability"":0.01041474},{""index"":8,""time"":1.679,""score"":1.422,""rms_ratio"":1.501,""diff_ratio"":1.348,""contact_probability"":0.00849948},{""index"":9,""time"":2.671,""score"":1.293,""rms_ratio"":0.707,""diff_ratio"":1.672,""contact_probability"":0.00029637},{""index"":10,""time"":1.589,""score"":1.593,""rms_ratio"":1.482,""diff_ratio"":1.712,""contact_probability"":0.00183171},{""index"":11,""time"":6.717,""score"":4.198,""rms_ratio"":1.698,""diff_ratio"":10.379,""contact_probability"":0.0048348},{""index"":12,""time"":7.012,""score"":3.721,""rms_ratio"":2.077,""diff_ratio"":6.667,""contact_probability"":0.00283892},{""index"":13,""time"":6.802,""score"":3.572,""rms_ratio"":1.401,""diff_ratio"":9.106,""contact_probability"":0.00185643},{""index"":14,""time"":5.824,""score"":3.482,""rms_ratio"":1.59,""diff_ratio"":7.627,""contact_probability"":0.00181351},{""index"":15,""time"":7.336,""score"":3.331,""rms_ratio"":1.599,""diff_ratio"":6.941,""contact_probability"":0.00266012},{""index"":16,""time"":6.548,""score"":2.946,""rms_ratio"":2.323,""diff_ratio"":3.736,""contact_probability"":0.00259412},{""index"":17,""time"":3.829,""score"":2.643,""rms_ratio"":1.344,""diff_ratio"":5.198,""contact_probability"":0.01471298},{""index"":18,""time"":5.68,""score"":2.603,""rms_ratio"":1.327,""diff_ratio"":5.107,""contact_probability"":0.00256826},{""index"":19,""time"":7.67,""score"":2.308,""rms_ratio"":1.672,""diff_ratio"":3.187,""contact_probability"":4.629e-05},{""index"":20,""time"":6.875,""score"":2.224,""rms_ratio"":1.998,""diff_ratio"":2.475,""contact_probability"":0.0017998},{""index"":21,""time"":7.126,""score"":2.186,""rms_ratio"":2.044,""diff_ratio"":2.338,""contact_probability"":0.00065691},{""index"":22,""time"":7.471,""score"":2.131,""rms_ratio"":1.182,""diff_ratio"":3.843,""contact_probability"":0.00026997},{""index"":23,""time"":7.216,""score"":2.072,""rms_ratio"":1.751,""diff_ratio"":2.452,""contact_probability"":0.00032526},{""index"":24,""time"":6.034,""score"":2.048,""rms_ratio"":2.12,""diff_ratio"":1.978,""contact_probability"":0.0024245}]",best_candidate_below_threshold
1203,F_030,dataset/fly_ball/Zhengxuan_Liu/F_030,1.1185,no,,,0.75839809,,0.7833643177503908,24,"[{""index"":1,""time"":1.115,""score"":6.386,""rms_ratio"":3.53,""diff_ratio"":11.552,""contact_probability"":0.75839809},{""index"":2,""time"":1.17,""score"":1.713,""rms_ratio"":1.943,""diff_ratio"":1.51,""contact_probability"":0.21734941},{""index"":3,""time"":1.045,""score"":1.245,""rms_ratio"":0.649,""diff_ratio"":1.549,""contact_probability"":0.00010857},{""index"":4,""time"":1.24,""score"":1.688,""rms_ratio"":1.922,""diff_ratio"":1.483,""contact_probability"":0.02464563},{""index"":5,""time"":0.98,""score"":1.463,""rms_ratio"":1.644,""diff_ratio"":1.302,""contact_probability"":0.0267968},{""index"":6,""time"":1.31,""score"":1.19,""rms_ratio"":1.241,""diff_ratio"":1.14,""contact_probability"":0.01351971},{""index"":7,""time"":0.915,""score"":1.503,""rms_ratio"":1.776,""diff_ratio"":1.272,""contact_probability"":0.01762633},{""index"":8,""time"":0.845,""score"":1.243,""rms_ratio"":1.29,""diff_ratio"":1.198,""contact_probability"":0.01109961},{""index"":9,""time"":0.791,""score"":1.571,""rms_ratio"":1.607,""diff_ratio"":1.535,""contact_probability"":0.01107422},{""index"":10,""time"":0.681,""score"":2.231,""rms_ratio"":2.834,""diff_ratio"":1.757,""contact_probability"":0.15086263},{""index"":11,""time"":0.576,""score"":2.645,""rms_ratio"":1.09,""diff_ratio"":6.421,""contact_probability"":0.04636045},{""index"":12,""time"":0.521,""score"":1.567,""rms_ratio"":1.986,""diff_ratio"":1.236,""contact_probability"":0.03373524},{""index"":13,""time"":0.237,""score"":2.912,""rms_ratio"":1.157,""diff_ratio"":7.333,""contact_probability"":0.07309238},{""index"":14,""time"":3.235,""score"":2.486,""rms_ratio"":1.131,""diff_ratio"":5.464,""contact_probability"":0.00060193},{""index"":15,""time"":3.325,""score"":2.194,""rms_ratio"":1.028,""diff_ratio"":4.683,""contact_probability"":0.00099776},{""index"":16,""time"":5.4,""score"":2.068,""rms_ratio"":1.822,""diff_ratio"":2.348,""contact_probability"":0.24043404},{""index"":17,""time"":1.943,""score"":2.024,""rms_ratio"":1.782,""diff_ratio"":2.299,""contact_probability"":0.00322367},{""index"":18,""time"":3.884,""score"":1.923,""rms_ratio"":1.638,""diff_ratio"":2.258,""contact_probability"":0.01868888},{""index"":19,""time"":0.152,""score"":1.874,""rms_ratio"":2.044,""diff_ratio"":1.718,""contact_probability"":0.01366759},{""index"":20,""time"":3.385,""score"":1.84,""rms_ratio"":1.838,""diff_ratio"":1.843,""contact_probability"":0.00822663},{""index"":21,""time"":2.088,""score"":1.809,""rms_ratio"":1.36,""diff_ratio"":2.406,""contact_probability"":0.0005215},{""index"":22,""time"":3.754,""score"":1.807,""rms_ratio"":1.994,""diff_ratio"":1.637,""contact_probability"":0.01387602},{""index"":23,""time"":2.212,""score"":1.785,""rms_ratio"":1.351,""diff_ratio"":2.358,""contact_probability"":0.0012403},{""index"":24,""time"":2.796,""score"":1.762,""rms_ratio"":1.557,""diff_ratio"":1.994,""contact_probability"":0.00554809}]",best_candidate_below_threshold
1202,F_029,dataset/fly_ball/Zhengxuan_Liu/F_029,1.2075,no,,,0.73739423,,0.7833643177503908,24,"[{""index"":1,""time"":1.205,""score"":7.843,""rms_ratio"":4.701,""diff_ratio"":13.087,""contact_probability"":0.61569325},{""index"":2,""time"":1.29,""score"":1.845,""rms_ratio"":2.272,""diff_ratio"":1.499,""contact_probability"":0.02739071},{""index"":3,""time"":1.065,""score"":1.981,""rms_ratio"":1.849,""diff_ratio"":2.122,""contact_probability"":0.0112453},{""index"":4,""time"":1.354,""score"":1.932,""rms_ratio"":2.283,""diff_ratio"":1.634,""contact_probability"":0.01107788},{""index"":5,""time"":1.01,""score"":1.409,""rms_ratio"":1.147,""diff_ratio"":1.729,""contact_probability"":0.00018118},{""index"":6,""time"":1.414,""score"":1.642,""rms_ratio"":2.179,""diff_ratio"":1.237,""contact_probability"":0.00321473},{""index"":7,""time"":1.519,""score"":1.752,""rms_ratio"":2.303,""diff_ratio"":1.333,""contact_probability"":0.00326691},{""index"":8,""time"":0.895,""score"":3.487,""rms_ratio"":1.883,""diff_ratio"":6.457,""contact_probability"":0.00890331},{""index"":9,""time"":1.565,""score"":1.243,""rms_ratio"":1.338,""diff_ratio"":1.156,""contact_probability"":0.00418191},{""index"":10,""time"":0.811,""score"":1.552,""rms_ratio"":0.8,""diff_ratio"":2.41,""contact_probability"":0.0003499},{""index"":11,""time"":0.77,""score"":1.262,""rms_ratio"":1.593,""diff_ratio"":0.8,""contact_probability"":0.00738002},{""index"":12,""time"":1.669,""score"":3.112,""rms_ratio"":3.592,""diff_ratio"":2.696,""contact_probability"":0.29384509},{""index"":13,""time"":0.711,""score"":1.549,""rms_ratio"":2.108,""diff_ratio"":1.138,""contact_probability"":0.01746418},{""index"":14,""time"":1.803,""score"":1.61,""rms_ratio"":2.091,""diff_ratio"":1.24,""contact_probability"":0.00452327},{""index"":15,""time"":8.114,""score"":5.333,""rms_ratio"":3.33,""diff_ratio"":8.539,""contact_probability"":0.73739423},{""index"":16,""time"":0.177,""score"":3.972,""rms_ratio"":1.868,""diff_ratio"":8.445,""contact_probability"":0.12267596},{""index"":17,""time"":5.176,""score"":3.363,""rms_ratio"":2.744,""diff_ratio"":4.122,""contact_probability"":0.10018756},{""index"":18,""time"":7.061,""score"":3.326,""rms_ratio"":1.645,""diff_ratio"":6.728,""contact_probability"":0.03613115},{""index"":19,""time"":6.508,""score"":3.165,""rms_ratio"":2.698,""diff_ratio"":3.714,""contact_probability"":0.2486105},{""index"":20,""time"":4.856,""score"":3.045,""rms_ratio"":3.017,""diff_ratio"":3.074,""contact_probability"":0.36168116},{""index"":21,""time"":5.884,""score"":2.988,""rms_ratio"":2.385,""diff_ratio"":3.743,""contact_probability"":0.03194886},{""index"":22,""time"":7.416,""score"":2.967,""rms_ratio"":1.429,""diff_ratio"":6.16,""contact_probability"":0.01337696},{""index"":23,""time"":0.297,""score"":2.944,""rms_ratio"":1.366,""diff_ratio"":6.346,""contact_probability"":0.04617697},{""index"":24,""time"":4.737,""score"":2.81,""rms_ratio"":2.387,""diff_ratio"":3.308,""contact_probability"":0.05810344}]",best_candidate_below_threshold
1201,F_028,dataset/fly_ball/Zhengxuan_Liu/F_028,0.8555,no,,,0.72184391,,0.7833643177503908,24,"[{""index"":1,""time"":0.856,""score"":5.739,""rms_ratio"":3.371,""diff_ratio"":9.77,""contact_probability"":0.72184391},{""index"":2,""time"":0.965,""score"":2.001,""rms_ratio"":1.798,""diff_ratio"":2.227,""contact_probability"":0.0419369},{""index"":3,""time"":1.02,""score"":1.278,""rms_ratio"":1.328,""diff_ratio"":1.23,""contact_probability"":0.00147708},{""index"":4,""time"":0.671,""score"":1.305,""rms_ratio"":1.489,""diff_ratio"":1.143,""contact_probability"":0.00159429},{""index"":5,""time"":0.611,""score"":1.526,""rms_ratio"":1.784,""diff_ratio"":1.306,""contact_probability"":0.00199528},{""index"":6,""time"":0.556,""score"":1.884,""rms_ratio"":2.402,""diff_ratio"":1.478,""contact_probability"":0.01439031},{""index"":7,""time"":1.16,""score"":1.829,""rms_ratio"":2.185,""diff_ratio"":1.531,""contact_probability"":0.00552835},{""index"":8,""time"":0.481,""score"":1.486,""rms_ratio"":1.728,""diff_ratio"":1.277,""contact_probability"":0.00279964},{""index"":9,""time"":1.285,""score"":2.484,""rms_ratio"":2.195,""diff_ratio"":2.812,""contact_probability"":0.01797662},{""index"":10,""time"":0.417,""score"":2.071,""rms_ratio"":2.546,""diff_ratio"":1.684,""contact_probability"":0.06845051},{""index"":11,""time"":0.302,""score"":1.792,""rms_ratio"":2.216,""diff_ratio"":1.45,""contact_probability"":0.02139201},{""index"":12,""time"":1.419,""score"":3.007,""rms_ratio"":1.45,""diff_ratio"":6.238,""contact_probability"":0.04604369},{""index"":13,""time"":2.063,""score"":5.145,""rms_ratio"":2.152,""diff_ratio"":12.3,""contact_probability"":0.13279794},{""index"":14,""time"":3.879,""score"":4.741,""rms_ratio"":1.731,""diff_ratio"":12.986,""contact_probability"":0.16842889},{""index"":15,""time"":2.487,""score"":3.155,""rms_ratio"":1.189,""diff_ratio"":8.372,""contact_probability"":0.05047433},{""index"":16,""time"":3.654,""score"":3.124,""rms_ratio"":2.654,""diff_ratio"":3.677,""contact_probability"":0.03081737},{""index"":17,""time"":3.4,""score"":3.007,""rms_ratio"":1.424,""diff_ratio"":6.346,""contact_probability"":0.0151582},{""index"":18,""time"":6.173,""score"":2.885,""rms_ratio"":2.203,""diff_ratio"":3.778,""contact_probability"":0.01805431},{""index"":19,""time"":6.019,""score"":2.787,""rms_ratio"":1.865,""diff_ratio"":4.166,""contact_probability"":0.06455994},{""index"":20,""time"":2.801,""score"":2.767,""rms_ratio"":1.563,""diff_ratio"":4.898,""contact_probability"":0.0119415},{""index"":21,""time"":2.886,""score"":2.6,""rms_ratio"":1.462,""diff_ratio"":4.623,""contact_probability"":0.0011584},{""index"":22,""time"":6.882,""score"":2.569,""rms_ratio"":1.204,""diff_ratio"":5.486,""contact_probability"":0.00596758},{""index"":23,""time"":2.173,""score"":2.52,""rms_ratio"":2.387,""diff_ratio"":2.66,""contact_probability"":0.05212078},{""index"":24,""time"":1.724,""score"":2.348,""rms_ratio"":2.248,""diff_ratio"":2.452,""contact_probability"":0.09624207}]",best_candidate_below_threshold
1200,F_027,dataset/fly_ball/Zhengxuan_Liu/F_027,1.152,yes,1,1.15,0.8399347,6.838,0.7833643177503908,24,"[{""index"":1,""time"":1.15,""score"":6.838,""rms_ratio"":4.515,""diff_ratio"":10.356,""contact_probability"":0.8399347},{""index"":2,""time"":1.23,""score"":1.71,""rms_ratio"":2.195,""diff_ratio"":1.333,""contact_probability"":0.00930605},{""index"":3,""time"":1.04,""score"":1.186,""rms_ratio"":0.459,""diff_ratio"":1.406,""contact_probability"":0.00012876},{""index"":4,""time"":0.98,""score"":1.485,""rms_ratio"":0.628,""diff_ratio"":2.204,""contact_probability"":3.006e-05},{""index"":5,""time"":1.349,""score"":1.401,""rms_ratio"":1.962,""diff_ratio"":0.619,""contact_probability"":0.00127178},{""index"":6,""time"":0.9,""score"":1.51,""rms_ratio"":2.28,""diff_ratio"":0.709,""contact_probability"":0.00231586},{""index"":7,""time"":1.449,""score"":2.164,""rms_ratio"":1.146,""diff_ratio"":4.086,""contact_probability"":0.0036604},{""index"":8,""time"":0.831,""score"":1.623,""rms_ratio"":2.636,""diff_ratio"":0.718,""contact_probability"":0.01343981},{""index"":9,""time"":1.549,""score"":1.177,""rms_ratio"":1.386,""diff_ratio"":0.518,""contact_probability"":0.00495536},{""index"":10,""time"":0.706,""score"":1.66,""rms_ratio"":0.815,""diff_ratio"":2.756,""contact_probability"":0.00230305},{""index"":11,""time"":0.641,""score"":1.433,""rms_ratio"":2.052,""diff_ratio"":0.743,""contact_probability"":0.00797389},{""index"":12,""time"":4.727,""score"":3.197,""rms_ratio"":2.767,""diff_ratio"":3.694,""contact_probability"":0.00190864},{""index"":13,""time"":4.577,""score"":2.957,""rms_ratio"":2.311,""diff_ratio"":3.784,""contact_probability"":0.01479882},{""index"":14,""time"":4.956,""score"":2.822,""rms_ratio"":1.183,""diff_ratio"":6.732,""contact_probability"":0.00567862},{""index"":15,""time"":5.071,""score"":2.705,""rms_ratio"":2.802,""diff_ratio"":2.611,""contact_probability"":0.00205372},{""index"":16,""time"":5.3,""score"":2.661,""rms_ratio"":2.588,""diff_ratio"":2.736,""contact_probability"":0.00771854},{""index"":17,""time"":3.809,""score"":2.529,""rms_ratio"":1.201,""diff_ratio"":5.325,""contact_probability"":0.00095697},{""index"":18,""time"":3.929,""score"":2.515,""rms_ratio"":2.273,""diff_ratio"":2.782,""contact_probability"":0.01283846},{""index"":19,""time"":4.655,""score"":2.445,""rms_ratio"":2.029,""diff_ratio"":2.946,""contact_probability"":0.00156524},{""index"":20,""time"":4.013,""score"":2.396,""rms_ratio"":1.997,""diff_ratio"":2.876,""contact_probability"":0.00240889},{""index"":21,""time"":5.934,""score"":2.389,""rms_ratio"":2.869,""diff_ratio"":1.989,""contact_probability"":3.395e-05},{""index"":22,""time"":5.385,""score"":2.331,""rms_ratio"":2.182,""diff_ratio"":2.491,""contact_probability"":0.0028065},{""index"":23,""time"":5.166,""score"":2.183,""rms_ratio"":1.896,""diff_ratio"":2.515,""contact_probability"":0.00034018},{""index"":24,""time"":3.659,""score"":2.047,""rms_ratio"":1.885,""diff_ratio"":2.224,""contact_probability"":0.00302663}]",candidate_selected
1199,F_026,dataset/fly_ball/Zhengxuan_Liu/F_026,1.302,no,,,0.67504075,,0.7833643177503908,24,"[{""index"":1,""time"":1.3,""score"":7.246,""rms_ratio"":4.648,""diff_ratio"":11.295,""contact_probability"":0.67504075},{""index"":2,""time"":1.389,""score"":1.285,""rms_ratio"":1.651,""diff_ratio"":0.946,""contact_probability"":0.01532682},{""index"":3,""time"":1.2,""score"":2.027,""rms_ratio"":2.444,""diff_ratio"":1.682,""contact_probability"":0.11300395},{""index"":4,""time"":1.454,""score"":1.773,""rms_ratio"":1.595,""diff_ratio"":1.97,""contact_probability"":0.00974365},{""index"":5,""time"":1.125,""score"":1.193,""rms_ratio"":0.693,""diff_ratio"":1.423,""contact_probability"":0.00037342},{""index"":6,""time"":1.549,""score"":1.834,""rms_ratio"":1.851,""diff_ratio"":1.818,""contact_probability"":0.01067907},{""index"":7,""time"":0.995,""score"":1.402,""rms_ratio"":1.193,""diff_ratio"":1.647,""contact_probability"":0.00425038},{""index"":8,""time"":1.71,""score"":1.642,""rms_ratio"":0.742,""diff_ratio"":2.697,""contact_probability"":0.00447527},{""index"":9,""time"":0.876,""score"":1.586,""rms_ratio"":1.397,""diff_ratio"":1.8,""contact_probability"":0.00427225},{""index"":10,""time"":1.749,""score"":2.108,""rms_ratio"":2.887,""diff_ratio"":1.54,""contact_probability"":0.06065816},{""index"":11,""time"":0.816,""score"":1.575,""rms_ratio"":1.338,""diff_ratio"":1.853,""contact_probability"":0.00498903},{""index"":12,""time"":1.813,""score"":1.765,""rms_ratio"":1.69,""diff_ratio"":1.844,""contact_probability"":0.0142522},{""index"":13,""time"":0.761,""score"":2.089,""rms_ratio"":1.775,""diff_ratio"":2.459,""contact_probability"":0.03942839},{""index"":14,""time"":5.246,""score"":3.267,""rms_ratio"":1.741,""diff_ratio"":6.132,""contact_probability"":0.02408444},{""index"":15,""time"":4.033,""score"":2.639,""rms_ratio"":1.41,""diff_ratio"":4.94,""contact_probability"":0.00020679},{""index"":16,""time"":0.671,""score"":2.624,""rms_ratio"":1.308,""diff_ratio"":5.264,""contact_probability"":0.01196446},{""index"":17,""time"":4.133,""score"":2.499,""rms_ratio"":1.311,""diff_ratio"":4.764,""contact_probability"":0.00434267},{""index"":18,""time"":4.802,""score"":2.322,""rms_ratio"":1.229,""diff_ratio"":4.385,""contact_probability"":0.01160369},{""index"":19,""time"":2.966,""score"":2.315,""rms_ratio"":2.107,""diff_ratio"":2.544,""contact_probability"":0.05376728},{""index"":20,""time"":2.397,""score"":2.292,""rms_ratio"":2.347,""diff_ratio"":2.239,""contact_probability"":0.02930185},{""index"":21,""time"":3.884,""score"":2.199,""rms_ratio"":1.866,""diff_ratio"":2.591,""contact_probability"":0.00907182},{""index"":22,""time"":0.571,""score"":2.182,""rms_ratio"":1.943,""diff_ratio"":2.449,""contact_probability"":0.02790399},{""index"":23,""time"":3.395,""score"":2.113,""rms_ratio"":1.843,""diff_ratio"":2.423,""contact_probability"":0.00364446},{""index"":24,""time"":4.865,""score"":2.068,""rms_ratio"":2.584,""diff_ratio"":1.654,""contact_probability"":0.26234707}]",best_candidate_below_threshold
1198,F_025,dataset/fly_ball/Zhengxuan_Liu/F_025,0.445,yes,1,0.441,0.98366234,3.259,0.7833643177503908,20,"[{""index"":1,""time"":0.441,""score"":3.259,""rms_ratio"":2.429,""diff_ratio"":4.372,""contact_probability"":0.98366234},{""index"":2,""time"":0.152,""score"":1.37,""rms_ratio"":0.5,""diff_ratio"":1.877,""contact_probability"":0.01227759},{""index"":3,""time"":0.915,""score"":1.632,""rms_ratio"":1.803,""diff_ratio"":1.476,""contact_probability"":0.00947105},{""index"":4,""time"":1.045,""score"":1.858,""rms_ratio"":0.793,""diff_ratio"":3.45,""contact_probability"":0.0083178},{""index"":5,""time"":6.283,""score"":2.405,""rms_ratio"":1.614,""diff_ratio"":3.583,""contact_probability"":0.00045663},{""index"":6,""time"":6.009,""score"":2.013,""rms_ratio"":1.879,""diff_ratio"":2.157,""contact_probability"":0.00104364},{""index"":7,""time"":3.939,""score"":1.963,""rms_ratio"":1.06,""diff_ratio"":3.635,""contact_probability"":0.01325679},{""index"":8,""time"":4.632,""score"":1.914,""rms_ratio"":0.891,""diff_ratio"":3.662,""contact_probability"":0.00074533},{""index"":9,""time"":4.078,""score"":1.766,""rms_ratio"":1.49,""diff_ratio"":2.092,""contact_probability"":0.00193626},{""index"":10,""time"":6.423,""score"":1.701,""rms_ratio"":1.456,""diff_ratio"":1.986,""contact_probability"":0.00139764},{""index"":11,""time"":3.679,""score"":1.676,""rms_ratio"":1.943,""diff_ratio"":1.445,""contact_probability"":0.0011029},{""index"":12,""time"":4.747,""score"":1.656,""rms_ratio"":1.755,""diff_ratio"":1.564,""contact_probability"":0.00041367},{""index"":13,""time"":6.573,""score"":1.628,""rms_ratio"":1.509,""diff_ratio"":1.755,""contact_probability"":5.72e-06},{""index"":14,""time"":4.368,""score"":1.615,""rms_ratio"":1.671,""diff_ratio"":1.562,""contact_probability"":0.00137987},{""index"":15,""time"":5.844,""score"":1.584,""rms_ratio"":1.799,""diff_ratio"":1.395,""contact_probability"":0.00031624},{""index"":16,""time"":2.981,""score"":1.582,""rms_ratio"":1.615,""diff_ratio"":1.55,""contact_probability"":0.00390639},{""index"":17,""time"":6.155,""score"":1.577,""rms_ratio"":1.457,""diff_ratio"":1.707,""contact_probability"":0.00031343},{""index"":18,""time"":4.861,""score"":1.543,""rms_ratio"":1.681,""diff_ratio"":1.417,""contact_probability"":0.00024627},{""index"":19,""time"":5.68,""score"":1.52,""rms_ratio"":1.72,""diff_ratio"":1.343,""contact_probability"":0.00063058},{""index"":20,""time"":4.457,""score"":1.501,""rms_ratio"":1.203,""diff_ratio"":1.873,""contact_probability"":0.00074749}]",candidate_selected
1197,F_024,dataset/fly_ball/Zhengxuan_Liu/F_024,1.909,no,,,0.20056421,,0.7833643177503908,24,"[{""index"":1,""time"":1.903,""score"":4.461,""rms_ratio"":3.221,""diff_ratio"":6.178,""contact_probability"":0.11160115},{""index"":2,""time"":1.998,""score"":3.338,""rms_ratio"":1.728,""diff_ratio"":6.45,""contact_probability"":0.11429938},{""index"":3,""time"":1.788,""score"":1.283,""rms_ratio"":1.646,""diff_ratio"":0.899,""contact_probability"":0.005378},{""index"":4,""time"":2.083,""score"":1.296,""rms_ratio"":1.679,""diff_ratio"":0.903,""contact_probability"":0.00221709},{""index"":5,""time"":1.674,""score"":1.209,""rms_ratio"":1.462,""diff_ratio"":0.774,""contact_probability"":0.00264989},{""index"":6,""time"":1.534,""score"":1.236,""rms_ratio"":1.528,""diff_ratio"":0.617,""contact_probability"":0.01249036},{""index"":7,""time"":2.292,""score"":1.747,""rms_ratio"":1.049,""diff_ratio"":2.911,""contact_probability"":0.00131772},{""index"":8,""time"":2.397,""score"":1.393,""rms_ratio"":1.552,""diff_ratio"":1.251,""contact_probability"":0.00091737},{""index"":9,""time"":1.414,""score"":1.662,""rms_ratio"":0.751,""diff_ratio"":2.761,""contact_probability"":0.00382406},{""index"":10,""time"":2.457,""score"":1.817,""rms_ratio"":1.99,""diff_ratio"":1.66,""contact_probability"":0.00092631},{""index"":11,""time"":1.349,""score"":2.4,""rms_ratio"":1.159,""diff_ratio"":4.969,""contact_probability"":0.0301055},{""index"":12,""time"":0.681,""score"":3.126,""rms_ratio"":1.581,""diff_ratio"":6.18,""contact_probability"":0.17321794},{""index"":13,""time"":1.045,""score"":2.989,""rms_ratio"":1.367,""diff_ratio"":6.537,""contact_probability"":0.20056421},{""index"":14,""time"":5.784,""score"":2.1,""rms_ratio"":1.116,""diff_ratio"":3.952,""contact_probability"":0.00430052},{""index"":15,""time"":5.894,""score"":2.002,""rms_ratio"":2.206,""diff_ratio"":1.818,""contact_probability"":0.00258717},{""index"":16,""time"":5.405,""score"":1.974,""rms_ratio"":1.093,""diff_ratio"":3.567,""contact_probability"":0.00128867},{""index"":17,""time"":3.963,""score"":1.885,""rms_ratio"":1.786,""diff_ratio"":1.989,""contact_probability"":0.00033113},{""index"":18,""time"":5.465,""score"":1.875,""rms_ratio"":0.955,""diff_ratio"":3.516,""contact_probability"":0.00336597},{""index"":19,""time"":3.445,""score"":1.861,""rms_ratio"":2.015,""diff_ratio"":1.719,""contact_probability"":0.00108779},{""index"":20,""time"":4.866,""score"":1.857,""rms_ratio"":2.043,""diff_ratio"":1.688,""contact_probability"":0.0027589},{""index"":21,""time"":4.263,""score"":1.772,""rms_ratio"":0.772,""diff_ratio"":3.139,""contact_probability"":0.00068567},{""index"":22,""time"":5.236,""score"":1.769,""rms_ratio"":1.675,""diff_ratio"":1.869,""contact_probability"":0.00062164},{""index"":23,""time"":2.557,""score"":1.76,""rms_ratio"":1.983,""diff_ratio"":1.562,""contact_probability"":0.00052158},{""index"":24,""time"":4.966,""score"":1.726,""rms_ratio"":1.803,""diff_ratio"":1.652,""contact_probability"":0.00099959}]",best_candidate_below_threshold
1196,F_023,dataset/fly_ball/Zhengxuan_Liu/F_023,0.447,yes,1,0.446,0.99409538,7.252,0.7833643177503908,24,"[{""index"":1,""time"":0.446,""score"":7.252,""rms_ratio"":5.182,""diff_ratio"":10.151,""contact_probability"":0.99409538},{""index"":2,""time"":0.342,""score"":1.3,""rms_ratio"":1.69,""diff_ratio"":0.917,""contact_probability"":0.03224496},{""index"":3,""time"":0.287,""score"":1.171,""rms_ratio"":1.37,""diff_ratio"":0.556,""contact_probability"":0.00058027},{""index"":4,""time"":0.721,""score"":1.624,""rms_ratio"":2.637,""diff_ratio"":0.996,""contact_probability"":0.01818298},{""index"":5,""time"":0.806,""score"":1.391,""rms_ratio"":1.74,""diff_ratio"":1.112,""contact_probability"":0.00881593},{""index"":6,""time"":0.047,""score"":1.336,""rms_ratio"":1.785,""diff_ratio"":0.668,""contact_probability"":0.10699151},{""index"":7,""time"":0.876,""score"":1.346,""rms_ratio"":1.812,""diff_ratio"":0.797,""contact_probability"":0.00636935},{""index"":8,""time"":0.935,""score"":1.205,""rms_ratio"":1.452,""diff_ratio"":0.614,""contact_probability"":0.00225345},{""index"":9,""time"":1.025,""score"":1.682,""rms_ratio"":2.284,""diff_ratio"":1.239,""contact_probability"":0.05890642},{""index"":10,""time"":1.439,""score"":2.385,""rms_ratio"":1.171,""diff_ratio"":4.858,""contact_probability"":0.00974975},{""index"":11,""time"":5.615,""score"":2.25,""rms_ratio"":2.093,""diff_ratio"":2.418,""contact_probability"":0.00318577},{""index"":12,""time"":3.19,""score"":2.192,""rms_ratio"":3.103,""diff_ratio"":1.548,""contact_probability"":0.10932903},{""index"":13,""time"":1.888,""score"":2.134,""rms_ratio"":1.074,""diff_ratio"":4.238,""contact_probability"":0.00179525},{""index"":14,""time"":2.986,""score"":2.103,""rms_ratio"":1.848,""diff_ratio"":2.393,""contact_probability"":0.06265964},{""index"":15,""time"":4.412,""score"":1.962,""rms_ratio"":1.328,""diff_ratio"":2.898,""contact_probability"":0.0022178},{""index"":16,""time"":5.455,""score"":1.886,""rms_ratio"":2.221,""diff_ratio"":1.601,""contact_probability"":0.01048288},{""index"":17,""time"":2.118,""score"":1.849,""rms_ratio"":1.772,""diff_ratio"":1.93,""contact_probability"":0.0026115},{""index"":18,""time"":3.844,""score"":1.844,""rms_ratio"":0.626,""diff_ratio"":3.4,""contact_probability"":0.00238277},{""index"":19,""time"":3.37,""score"":1.825,""rms_ratio"":1.904,""diff_ratio"":1.75,""contact_probability"":0.00171218},{""index"":20,""time"":5.28,""score"":1.801,""rms_ratio"":1.921,""diff_ratio"":1.688,""contact_probability"":0.00114767},{""index"":21,""time"":5.176,""score"":1.767,""rms_ratio"":1.83,""diff_ratio"":1.706,""contact_probability"":0.00043281},{""index"":22,""time"":5.091,""score"":1.71,""rms_ratio"":1.964,""diff_ratio"":1.489,""contact_probability"":0.00474287},{""index"":23,""time"":1.768,""score"":1.709,""rms_ratio"":1.275,""diff_ratio"":2.289,""contact_probability"":0.00337556},{""index"":24,""time"":4.851,""score"":1.7,""rms_ratio"":1.743,""diff_ratio"":1.659,""contact_probability"":0.00125286}]",candidate_selected
1195,F_022,dataset/fly_ball/Zhengxuan_Liu/F_022,2.041,yes,1,2.038,0.9686712,7.396,0.7833643177503908,24,"[{""index"":1,""time"":2.038,""score"":7.396,""rms_ratio"":5.909,""diff_ratio"":9.258,""contact_probability"":0.9686712},{""index"":2,""time"":2.123,""score"":1.387,""rms_ratio"":1.21,""diff_ratio"":1.591,""contact_probability"":0.0031017},{""index"":3,""time"":2.217,""score"":1.504,""rms_ratio"":1.542,""diff_ratio"":1.467,""contact_probability"":0.00089572},{""index"":4,""time"":2.347,""score"":1.255,""rms_ratio"":1.25,""diff_ratio"":1.261,""contact_probability"":0.00052508},{""index"":5,""time"":2.437,""score"":2.558,""rms_ratio"":2.498,""diff_ratio"":2.62,""contact_probability"":0.01868112},{""index"":6,""time"":2.502,""score"":1.699,""rms_ratio"":1.844,""diff_ratio"":1.567,""contact_probability"":0.00330531},{""index"":7,""time"":1.499,""score"":1.202,""rms_ratio"":1.445,""diff_ratio"":0.864,""contact_probability"":0.01039007},{""index"":8,""time"":2.602,""score"":1.487,""rms_ratio"":1.654,""diff_ratio"":1.337,""contact_probability"":0.00066656},{""index"":9,""time"":6.159,""score"":3.171,""rms_ratio"":2.352,""diff_ratio"":4.273,""contact_probability"":0.00070766},{""index"":10,""time"":4.502,""score"":2.754,""rms_ratio"":1.605,""diff_ratio"":4.727,""contact_probability"":0.00099897},{""index"":11,""time"":5.919,""score"":2.405,""rms_ratio"":2.548,""diff_ratio"":2.269,""contact_probability"":0.00061258},{""index"":12,""time"":5.57,""score"":2.171,""rms_ratio"":2.113,""diff_ratio"":2.231,""contact_probability"":0.0006775},{""index"":13,""time"":5.34,""score"":2.072,""rms_ratio"":2.105,""diff_ratio"":2.039,""contact_probability"":0.00035627},{""index"":14,""time"":5.975,""score"":2.031,""rms_ratio"":1.996,""diff_ratio"":2.066,""contact_probability"":0.00072882},{""index"":15,""time"":6.039,""score"":2.03,""rms_ratio"":2.005,""diff_ratio"":2.056,""contact_probability"":6.88e-06},{""index"":16,""time"":5.196,""score"":1.997,""rms_ratio"":1.883,""diff_ratio"":2.117,""contact_probability"":0.00174541},{""index"":17,""time"":5.875,""score"":1.961,""rms_ratio"":2.06,""diff_ratio"":1.867,""contact_probability"":0.0038168},{""index"":18,""time"":4.587,""score"":1.924,""rms_ratio"":2.142,""diff_ratio"":1.729,""contact_probability"":0.00406404},{""index"":19,""time"":5.675,""score"":1.911,""rms_ratio"":1.782,""diff_ratio"":2.049,""contact_probability"":0.00194179},{""index"":20,""time"":5.475,""score"":1.908,""rms_ratio"":1.939,""diff_ratio"":1.877,""contact_probability"":0.00042521},{""index"":21,""time"":4.313,""score"":1.872,""rms_ratio"":1.741,""diff_ratio"":2.012,""contact_probability"":0.00047753},{""index"":22,""time"":4.128,""score"":1.847,""rms_ratio"":1.11,""diff_ratio"":3.074,""contact_probability"":0.00078481},{""index"":23,""time"":1.055,""score"":1.833,""rms_ratio"":0.76,""diff_ratio"":3.359,""contact_probability"":0.00383786},{""index"":24,""time"":0.337,""score"":1.783,""rms_ratio"":1.652,""diff_ratio"":1.924,""contact_probability"":0.02127947}]",candidate_selected
1194,F_021,dataset/fly_ball/Zhengxuan_Liu/F_021,0.374,yes,1,0.372,0.99949319,13.735,0.7833643177503908,24,"[{""index"":1,""time"":0.372,""score"":13.735,""rms_ratio"":10.765,""diff_ratio"":17.522,""contact_probability"":0.99949319},{""index"":2,""time"":0.242,""score"":1.386,""rms_ratio"":1.92,""diff_ratio"":0.686,""contact_probability"":0.00287622},{""index"":3,""time"":0.152,""score"":1.18,""rms_ratio"":1.393,""diff_ratio"":0.598,""contact_probability"":0.00089417},{""index"":4,""time"":0.012,""score"":1.164,""rms_ratio"":1.355,""diff_ratio"":0.757,""contact_probability"":0.01108791},{""index"":5,""time"":0.786,""score"":1.242,""rms_ratio"":1.159,""diff_ratio"":1.33,""contact_probability"":0.00107067},{""index"":6,""time"":0.92,""score"":1.323,""rms_ratio"":1.502,""diff_ratio"":1.166,""contact_probability"":0.00458065},{""index"":7,""time"":4.592,""score"":3.069,""rms_ratio"":3.228,""diff_ratio"":2.918,""contact_probability"":0.00460748},{""index"":8,""time"":3.584,""score"":2.258,""rms_ratio"":1.288,""diff_ratio"":3.96,""contact_probability"":0.00151296},{""index"":9,""time"":2.577,""score"":2.258,""rms_ratio"":1.206,""diff_ratio"":4.228,""contact_probability"":0.0060128},{""index"":10,""time"":4.497,""score"":2.256,""rms_ratio"":2.137,""diff_ratio"":2.382,""contact_probability"":0.00052224},{""index"":11,""time"":4.148,""score"":2.183,""rms_ratio"":2.285,""diff_ratio"":2.086,""contact_probability"":0.00192617},{""index"":12,""time"":2.635,""score"":2.05,""rms_ratio"":1.092,""diff_ratio"":3.847,""contact_probability"":0.00629728},{""index"":13,""time"":4.008,""score"":2.04,""rms_ratio"":2.234,""diff_ratio"":1.864,""contact_probability"":0.00162586},{""index"":14,""time"":4.283,""score"":1.931,""rms_ratio"":2.061,""diff_ratio"":1.808,""contact_probability"":0.00326294},{""index"":15,""time"":1.324,""score"":1.887,""rms_ratio"":0.909,""diff_ratio"":3.562,""contact_probability"":0.0021906},{""index"":16,""time"":4.378,""score"":1.886,""rms_ratio"":1.979,""diff_ratio"":1.798,""contact_probability"":0.00020972},{""index"":17,""time"":3.754,""score"":1.885,""rms_ratio"":2.07,""diff_ratio"":1.717,""contact_probability"":0.00337213},{""index"":18,""time"":4.732,""score"":1.865,""rms_ratio"":2.071,""diff_ratio"":1.679,""contact_probability"":0.00031994},{""index"":19,""time"":4.916,""score"":1.861,""rms_ratio"":1.964,""diff_ratio"":1.763,""contact_probability"":2.57e-06},{""index"":20,""time"":2.966,""score"":1.836,""rms_ratio"":3.237,""diff_ratio"":1.041,""contact_probability"":0.09897003},{""index"":21,""time"":1.569,""score"":1.832,""rms_ratio"":0.906,""diff_ratio"":3.355,""contact_probability"":0.00112173},{""index"":22,""time"":4.822,""score"":1.813,""rms_ratio"":1.764,""diff_ratio"":1.863,""contact_probability"":0.00034313},{""index"":23,""time"":5.021,""score"":1.713,""rms_ratio"":2.02,""diff_ratio"":1.453,""contact_probability"":0.0276492},{""index"":24,""time"":0.99,""score"":1.7,""rms_ratio"":0.792,""diff_ratio"":2.891,""contact_probability"":0.00067448}]",candidate_selected
1193,F_020,dataset/fly_ball/Zhengxuan_Liu/F_020,1.1295,yes,1,1.13,0.94972564,4.255,0.7833643177503908,24,"[{""index"":1,""time"":1.13,""score"":4.255,""rms_ratio"":2.708,""diff_ratio"":6.687,""contact_probability"":0.94972564},{""index"":2,""time"":0.671,""score"":1.321,""rms_ratio"":0.554,""diff_ratio"":1.745,""contact_probability"":0.00201468},{""index"":3,""time"":4.637,""score"":2.397,""rms_ratio"":1.251,""diff_ratio"":4.593,""contact_probability"":0.00093452},{""index"":4,""time"":3.27,""score"":2.382,""rms_ratio"":1.408,""diff_ratio"":4.029,""contact_probability"":0.00071348},{""index"":5,""time"":6.787,""score"":2.145,""rms_ratio"":2.495,""diff_ratio"":1.844,""contact_probability"":2.6e-07},{""index"":6,""time"":3.475,""score"":1.982,""rms_ratio"":1.142,""diff_ratio"":3.44,""contact_probability"":0.00019567},{""index"":7,""time"":3.709,""score"":1.9,""rms_ratio"":1.816,""diff_ratio"":1.987,""contact_probability"":0.00098657},{""index"":8,""time"":6.652,""score"":1.874,""rms_ratio"":2.17,""diff_ratio"":1.618,""contact_probability"":4.587e-05},{""index"":9,""time"":6.124,""score"":1.85,""rms_ratio"":1.461,""diff_ratio"":2.342,""contact_probability"":0.00304335},{""index"":10,""time"":4.018,""score"":1.78,""rms_ratio"":1.957,""diff_ratio"":1.619,""contact_probability"":0.00350864},{""index"":11,""time"":2.696,""score"":1.771,""rms_ratio"":1.532,""diff_ratio"":2.047,""contact_probability"":0.00127989},{""index"":12,""time"":6.004,""score"":1.765,""rms_ratio"":1.944,""diff_ratio"":1.602,""contact_probability"":0.00072225},{""index"":13,""time"":5.091,""score"":1.764,""rms_ratio"":2.081,""diff_ratio"":1.496,""contact_probability"":0.00300337},{""index"":14,""time"":4.871,""score"":1.755,""rms_ratio"":1.609,""diff_ratio"":1.916,""contact_probability"":0.0004535},{""index"":15,""time"":2.547,""score"":1.707,""rms_ratio"":1.9,""diff_ratio"":1.534,""contact_probability"":0.00209446},{""index"":16,""time"":6.695,""score"":1.69,""rms_ratio"":1.887,""diff_ratio"":1.514,""contact_probability"":6.8e-06},{""index"":17,""time"":4.497,""score"":1.687,""rms_ratio"":1.819,""diff_ratio"":1.565,""contact_probability"":0.00038736},{""index"":18,""time"":6.343,""score"":1.673,""rms_ratio"":1.894,""diff_ratio"":1.477,""contact_probability"":0.00021703},{""index"":19,""time"":5.495,""score"":1.645,""rms_ratio"":1.702,""diff_ratio"":1.59,""contact_probability"":0.00042704},{""index"":20,""time"":6.218,""score"":1.619,""rms_ratio"":1.923,""diff_ratio"":1.364,""contact_probability"":0.00047056},{""index"":21,""time"":5.769,""score"":1.617,""rms_ratio"":1.747,""diff_ratio"":1.496,""contact_probability"":0.00054836},{""index"":22,""time"":4.333,""score"":1.58,""rms_ratio"":1.166,""diff_ratio"":2.142,""contact_probability"":0.00073982},{""index"":23,""time"":5.864,""score"":1.563,""rms_ratio"":1.833,""diff_ratio"":1.333,""contact_probability"":0.000433},{""index"":24,""time"":2.447,""score"":1.56,""rms_ratio"":1.753,""diff_ratio"":1.388,""contact_probability"":0.00081053}]",candidate_selected
1192,F_019,dataset/fly_ball/Zhengxuan_Liu/F_019,0.87,yes,1,0.871,0.94931269,4.343,0.7833643177503908,24,"[{""index"":1,""time"":0.871,""score"":4.343,""rms_ratio"":2.574,""diff_ratio"":7.327,""contact_probability"":0.94931269},{""index"":2,""time"":2.198,""score"":2.28,""rms_ratio"":1.604,""diff_ratio"":3.242,""contact_probability"":0.00139114},{""index"":3,""time"":6.593,""score"":2.25,""rms_ratio"":1.594,""diff_ratio"":3.175,""contact_probability"":0.00092339},{""index"":4,""time"":4.712,""score"":2.192,""rms_ratio"":1.569,""diff_ratio"":3.065,""contact_probability"":0.00082555},{""index"":5,""time"":2.646,""score"":2.018,""rms_ratio"":1.742,""diff_ratio"":2.338,""contact_probability"":0.00561809},{""index"":6,""time"":5.161,""score"":1.955,""rms_ratio"":2.353,""diff_ratio"":1.624,""contact_probability"":0.00127123},{""index"":7,""time"":5.929,""score"":1.869,""rms_ratio"":1.356,""diff_ratio"":2.577,""contact_probability"":0.00086854},{""index"":8,""time"":6.677,""score"":1.769,""rms_ratio"":1.891,""diff_ratio"":1.654,""contact_probability"":0.00015103},{""index"":9,""time"":4.358,""score"":1.732,""rms_ratio"":1.259,""diff_ratio"":2.382,""contact_probability"":0.00100142},{""index"":10,""time"":6.802,""score"":1.717,""rms_ratio"":1.861,""diff_ratio"":1.585,""contact_probability"":0.00046792},{""index"":11,""time"":3.599,""score"":1.63,""rms_ratio"":1.79,""diff_ratio"":1.484,""contact_probability"":0.0004461},{""index"":12,""time"":3.485,""score"":1.616,""rms_ratio"":1.693,""diff_ratio"":1.543,""contact_probability"":0.00046147},{""index"":13,""time"":4.946,""score"":1.614,""rms_ratio"":1.876,""diff_ratio"":1.388,""contact_probability"":0.00062874},{""index"":14,""time"":5.58,""score"":1.6,""rms_ratio"":1.828,""diff_ratio"":1.399,""contact_probability"":0.00070738},{""index"":15,""time"":3.859,""score"":1.582,""rms_ratio"":1.778,""diff_ratio"":1.409,""contact_probability"":0.00074532},{""index"":16,""time"":5.45,""score"":1.575,""rms_ratio"":1.922,""diff_ratio"":1.29,""contact_probability"":0.00033831},{""index"":17,""time"":3.704,""score"":1.566,""rms_ratio"":1.683,""diff_ratio"":1.457,""contact_probability"":0.0001608},{""index"":18,""time"":2.941,""score"":1.561,""rms_ratio"":1.727,""diff_ratio"":1.412,""contact_probability"":0.00066646},{""index"":19,""time"":6.383,""score"":1.56,""rms_ratio"":1.637,""diff_ratio"":1.486,""contact_probability"":0.00021052},{""index"":20,""time"":2.003,""score"":1.56,""rms_ratio"":1.65,""diff_ratio"":1.475,""contact_probability"":0.00040487},{""index"":21,""time"":6.885,""score"":1.546,""rms_ratio"":1.692,""diff_ratio"":1.413,""contact_probability"":0.00074673},{""index"":22,""time"":5.276,""score"":1.544,""rms_ratio"":1.74,""diff_ratio"":1.369,""contact_probability"":0.00042993},{""index"":23,""time"":2.407,""score"":1.53,""rms_ratio"":1.631,""diff_ratio"":1.435,""contact_probability"":0.00047173},{""index"":24,""time"":7.101,""score"":1.507,""rms_ratio"":1.689,""diff_ratio"":1.344,""contact_probability"":1.24e-06}]",candidate_selected
1191,F_018,dataset/fly_ball/Zhengxuan_Liu/F_018,1.003,yes,1,1.0,0.97452365,7.584,0.7833643177503908,24,"[{""index"":1,""time"":1.0,""score"":7.584,""rms_ratio"":5.607,""diff_ratio"":10.257,""contact_probability"":0.97452365},{""index"":2,""time"":1.07,""score"":1.181,""rms_ratio"":0.783,""diff_ratio"":1.395,""contact_probability"":0.01215326},{""index"":3,""time"":0.676,""score"":2.191,""rms_ratio"":1.007,""diff_ratio"":4.768,""contact_probability"":0.4220788},{""index"":4,""time"":1.344,""score"":1.689,""rms_ratio"":0.765,""diff_ratio"":2.853,""contact_probability"":0.01896534},{""index"":5,""time"":2.242,""score"":3.004,""rms_ratio"":1.591,""diff_ratio"":5.669,""contact_probability"":0.00595628},{""index"":6,""time"":1.938,""score"":2.885,""rms_ratio"":1.53,""diff_ratio"":5.439,""contact_probability"":0.02022007},{""index"":7,""time"":5.774,""score"":2.373,""rms_ratio"":1.707,""diff_ratio"":3.297,""contact_probability"":0.00471183},{""index"":8,""time"":3.978,""score"":2.268,""rms_ratio"":1.413,""diff_ratio"":3.64,""contact_probability"":0.00714865},{""index"":9,""time"":6.642,""score"":2.117,""rms_ratio"":1.491,""diff_ratio"":3.007,""contact_probability"":0.00198449},{""index"":10,""time"":2.661,""score"":2.103,""rms_ratio"":1.345,""diff_ratio"":3.288,""contact_probability"":0.00303839},{""index"":11,""time"":4.537,""score"":2.088,""rms_ratio"":1.569,""diff_ratio"":2.781,""contact_probability"":0.00276654},{""index"":12,""time"":5.126,""score"":2.01,""rms_ratio"":2.641,""diff_ratio"":1.529,""contact_probability"":0.07707265},{""index"":13,""time"":5.505,""score"":1.871,""rms_ratio"":1.647,""diff_ratio"":2.125,""contact_probability"":0.00088064},{""index"":14,""time"":5.465,""score"":1.789,""rms_ratio"":1.271,""diff_ratio"":2.517,""contact_probability"":0.00115665},{""index"":15,""time"":6.109,""score"":1.749,""rms_ratio"":2.061,""diff_ratio"":1.485,""contact_probability"":0.00084503},{""index"":16,""time"":6.368,""score"":1.707,""rms_ratio"":1.983,""diff_ratio"":1.47,""contact_probability"":0.00069929},{""index"":17,""time"":6.523,""score"":1.621,""rms_ratio"":1.878,""diff_ratio"":1.4,""contact_probability"":0.00037349},{""index"":18,""time"":4.792,""score"":1.61,""rms_ratio"":1.479,""diff_ratio"":1.754,""contact_probability"":0.00053669},{""index"":19,""time"":3.45,""score"":1.609,""rms_ratio"":1.869,""diff_ratio"":1.385,""contact_probability"":0.00103828},{""index"":20,""time"":3.325,""score"":1.608,""rms_ratio"":1.466,""diff_ratio"":1.764,""contact_probability"":0.00051528},{""index"":21,""time"":4.632,""score"":1.59,""rms_ratio"":1.741,""diff_ratio"":1.453,""contact_probability"":0.00040513},{""index"":22,""time"":5.894,""score"":1.584,""rms_ratio"":1.77,""diff_ratio"":1.417,""contact_probability"":0.00039704},{""index"":23,""time"":4.916,""score"":1.577,""rms_ratio"":1.639,""diff_ratio"":1.517,""contact_probability"":0.00030372},{""index"":24,""time"":6.847,""score"":1.565,""rms_ratio"":1.57,""diff_ratio"":1.561,""contact_probability"":0.00776109}]",candidate_selected
1190,F_017,dataset/fly_ball/Zhengxuan_Liu/F_017,0.792,yes,1,0.791,0.99744689,7.844,0.7833643177503908,24,"[{""index"":1,""time"":0.791,""score"":7.844,""rms_ratio"":5.858,""diff_ratio"":10.504,""contact_probability"":0.99744689},{""index"":2,""time"":0.846,""score"":1.486,""rms_ratio"":1.532,""diff_ratio"":1.441,""contact_probability"":0.03052407},{""index"":3,""time"":0.731,""score"":1.881,""rms_ratio"":0.936,""diff_ratio"":3.539,""contact_probability"":0.00184003},{""index"":4,""time"":0.93,""score"":1.354,""rms_ratio"":1.607,""diff_ratio"":1.141,""contact_probability"":0.00177812},{""index"":5,""time"":0.556,""score"":1.785,""rms_ratio"":2.337,""diff_ratio"":1.362,""contact_probability"":0.01049014},{""index"":6,""time"":1.06,""score"":2.159,""rms_ratio"":0.852,""diff_ratio"":4.663,""contact_probability"":0.00549759},{""index"":7,""time"":0.481,""score"":3.853,""rms_ratio"":1.611,""diff_ratio"":9.214,""contact_probability"":0.47318229},{""index"":8,""time"":1.12,""score"":1.478,""rms_ratio"":1.498,""diff_ratio"":1.459,""contact_probability"":0.018966},{""index"":9,""time"":1.2,""score"":2.406,""rms_ratio"":0.919,""diff_ratio"":5.789,""contact_probability"":0.01342187},{""index"":10,""time"":0.332,""score"":1.364,""rms_ratio"":1.667,""diff_ratio"":1.116,""contact_probability"":0.00040874},{""index"":11,""time"":1.26,""score"":1.565,""rms_ratio"":2.032,""diff_ratio"":1.206,""contact_probability"":0.00929035},{""index"":12,""time"":0.202,""score"":1.406,""rms_ratio"":1.976,""diff_ratio"":0.831,""contact_probability"":0.01843671},{""index"":13,""time"":0.112,""score"":3.756,""rms_ratio"":1.706,""diff_ratio"":8.27,""contact_probability"":0.22733362},{""index"":14,""time"":2.013,""score"":3.677,""rms_ratio"":1.685,""diff_ratio"":8.026,""contact_probability"":0.15829561},{""index"":15,""time"":1.499,""score"":3.405,""rms_ratio"":1.563,""diff_ratio"":7.416,""contact_probability"":0.05193888},{""index"":16,""time"":1.425,""score"":2.778,""rms_ratio"":1.225,""diff_ratio"":6.302,""contact_probability"":0.02150618},{""index"":17,""time"":3.739,""score"":2.671,""rms_ratio"":1.291,""diff_ratio"":5.526,""contact_probability"":3.548e-05},{""index"":18,""time"":3.011,""score"":2.542,""rms_ratio"":1.091,""diff_ratio"":5.925,""contact_probability"":0.00434787},{""index"":19,""time"":3.29,""score"":2.302,""rms_ratio"":1.428,""diff_ratio"":3.709,""contact_probability"":0.00092481},{""index"":20,""time"":1.674,""score"":2.199,""rms_ratio"":2.142,""diff_ratio"":2.258,""contact_probability"":0.14523841},{""index"":21,""time"":3.38,""score"":1.959,""rms_ratio"":1.219,""diff_ratio"":3.149,""contact_probability"":0.00096979},{""index"":22,""time"":2.307,""score"":1.81,""rms_ratio"":1.029,""diff_ratio"":3.183,""contact_probability"":0.00212265},{""index"":23,""time"":2.637,""score"":1.691,""rms_ratio"":2.226,""diff_ratio"":1.285,""contact_probability"":0.06632607},{""index"":24,""time"":2.901,""score"":1.61,""rms_ratio"":1.632,""diff_ratio"":1.588,""contact_probability"":0.00154631}]",candidate_selected
1189,F_016,dataset/fly_ball/Zhengxuan_Liu/F_016,0.8425,yes,1,0.841,0.99927627,19.592,0.7833643177503908,24,"[{""index"":1,""time"":0.841,""score"":19.592,""rms_ratio"":12.828,""diff_ratio"":29.921,""contact_probability"":0.99927627},{""index"":2,""time"":0.786,""score"":2.983,""rms_ratio"":1.397,""diff_ratio"":6.37,""contact_probability"":0.00179448},{""index"":3,""time"":0.91,""score"":1.471,""rms_ratio"":1.199,""diff_ratio"":1.806,""contact_probability"":0.00051354},{""index"":4,""time"":0.646,""score"":1.498,""rms_ratio"":1.262,""diff_ratio"":1.778,""contact_probability"":0.0002167},{""index"":5,""time"":1.06,""score"":2.232,""rms_ratio"":2.557,""diff_ratio"":1.948,""contact_probability"":0.02874802},{""index"":6,""time"":0.585,""score"":1.181,""rms_ratio"":1.298,""diff_ratio"":1.074,""contact_probability"":0.00057495},{""index"":7,""time"":1.115,""score"":2.144,""rms_ratio"":2.02,""diff_ratio"":2.276,""contact_probability"":0.02006473},{""index"":8,""time"":0.506,""score"":1.528,""rms_ratio"":1.342,""diff_ratio"":1.74,""contact_probability"":0.00782556},{""index"":9,""time"":1.23,""score"":1.629,""rms_ratio"":1.827,""diff_ratio"":1.453,""contact_probability"":0.0106259},{""index"":10,""time"":0.432,""score"":2.949,""rms_ratio"":5.136,""diff_ratio"":1.693,""contact_probability"":0.1908292},{""index"":11,""time"":1.355,""score"":1.714,""rms_ratio"":1.821,""diff_ratio"":1.613,""contact_probability"":0.01155723},{""index"":12,""time"":0.312,""score"":1.601,""rms_ratio"":2.564,""diff_ratio"":0.866,""contact_probability"":0.01009904},{""index"":13,""time"":0.252,""score"":1.646,""rms_ratio"":2.454,""diff_ratio"":1.104,""contact_probability"":0.00674606},{""index"":14,""time"":3.051,""score"":3.253,""rms_ratio"":1.703,""diff_ratio"":6.213,""contact_probability"":0.0010317},{""index"":15,""time"":8.264,""score"":3.221,""rms_ratio"":2.826,""diff_ratio"":3.672,""contact_probability"":0.76755769},{""index"":16,""time"":0.072,""score"":3.122,""rms_ratio"":2.461,""diff_ratio"":3.961,""contact_probability"":0.09021331},{""index"":17,""time"":3.839,""score"":2.951,""rms_ratio"":4.131,""diff_ratio"":2.108,""contact_probability"":0.11156953},{""index"":18,""time"":3.949,""score"":2.829,""rms_ratio"":1.203,""diff_ratio"":6.65,""contact_probability"":0.00879539},{""index"":19,""time"":3.3,""score"":2.793,""rms_ratio"":1.443,""diff_ratio"":5.405,""contact_probability"":0.00178092},{""index"":20,""time"":3.604,""score"":2.633,""rms_ratio"":2.063,""diff_ratio"":3.361,""contact_probability"":0.00272624},{""index"":21,""time"":3.21,""score"":2.583,""rms_ratio"":2.546,""diff_ratio"":2.621,""contact_probability"":0.0111951},{""index"":22,""time"":6.154,""score"":2.355,""rms_ratio"":3.583,""diff_ratio"":1.547,""contact_probability"":0.31323084},{""index"":23,""time"":7.336,""score"":2.322,""rms_ratio"":1.068,""diff_ratio"":5.047,""contact_probability"":0.00921865},{""index"":24,""time"":1.948,""score"":2.248,""rms_ratio"":2.485,""diff_ratio"":2.034,""contact_probability"":0.10045087}]",candidate_selected
1188,F_015,dataset/fly_ball/Zhengxuan_Liu/F_015,0.6115,yes,1,0.611,0.9560944,7.131,0.7833643177503908,24,"[{""index"":1,""time"":0.611,""score"":7.131,""rms_ratio"":4.982,""diff_ratio"":10.208,""contact_probability"":0.9560944},{""index"":2,""time"":0.666,""score"":1.923,""rms_ratio"":1.033,""diff_ratio"":3.578,""contact_probability"":0.00434854},{""index"":3,""time"":0.715,""score"":1.818,""rms_ratio"":0.942,""diff_ratio"":3.307,""contact_probability"":0.00937053},{""index"":4,""time"":0.412,""score"":1.158,""rms_ratio"":1.341,""diff_ratio"":0.392,""contact_probability"":0.00032934},{""index"":5,""time"":1.06,""score"":1.15,""rms_ratio"":1.323,""diff_ratio"":0.423,""contact_probability"":0.00102194},{""index"":6,""time"":5.969,""score"":2.945,""rms_ratio"":2.943,""diff_ratio"":2.947,""contact_probability"":0.00132085},{""index"":7,""time"":5.161,""score"":2.648,""rms_ratio"":1.995,""diff_ratio"":3.514,""contact_probability"":0.00141197},{""index"":8,""time"":5.445,""score"":2.552,""rms_ratio"":2.228,""diff_ratio"":2.923,""contact_probability"":0.00053289},{""index"":9,""time"":5.859,""score"":2.332,""rms_ratio"":2.44,""diff_ratio"":2.229,""contact_probability"":0.00120691},{""index"":10,""time"":5.595,""score"":2.316,""rms_ratio"":2.455,""diff_ratio"":2.185,""contact_probability"":0.00059045},{""index"":11,""time"":6.173,""score"":2.237,""rms_ratio"":2.433,""diff_ratio"":2.056,""contact_probability"":0.0003991},{""index"":12,""time"":5.68,""score"":2.231,""rms_ratio"":2.425,""diff_ratio"":2.052,""contact_probability"":0.00025506},{""index"":13,""time"":6.054,""score"":2.18,""rms_ratio"":2.455,""diff_ratio"":1.937,""contact_probability"":0.00055834},{""index"":14,""time"":4.777,""score"":2.085,""rms_ratio"":1.032,""diff_ratio"":4.209,""contact_probability"":0.00062513},{""index"":15,""time"":6.323,""score"":1.971,""rms_ratio"":2.268,""diff_ratio"":1.712,""contact_probability"":7.07e-06},{""index"":16,""time"":6.408,""score"":1.962,""rms_ratio"":2.118,""diff_ratio"":1.817,""contact_probability"":1.5e-07},{""index"":17,""time"":5.305,""score"":1.932,""rms_ratio"":2.115,""diff_ratio"":1.765,""contact_probability"":0.00049755},{""index"":18,""time"":3.085,""score"":1.93,""rms_ratio"":0.924,""diff_ratio"":3.725,""contact_probability"":0.00030697},{""index"":19,""time"":4.133,""score"":1.883,""rms_ratio"":0.97,""diff_ratio"":3.545,""contact_probability"":0.00023128},{""index"":20,""time"":5.774,""score"":1.88,""rms_ratio"":2.034,""diff_ratio"":1.737,""contact_probability"":0.00014305},{""index"":21,""time"":3.195,""score"":1.785,""rms_ratio"":0.933,""diff_ratio"":3.186,""contact_probability"":0.00021714},{""index"":22,""time"":1.295,""score"":1.71,""rms_ratio"":0.797,""diff_ratio"":2.925,""contact_probability"":0.01132888},{""index"":23,""time"":3.29,""score"":1.706,""rms_ratio"":1.484,""diff_ratio"":1.961,""contact_probability"":0.00043498},{""index"":24,""time"":4.348,""score"":1.665,""rms_ratio"":1.967,""diff_ratio"":1.409,""contact_probability"":0.00091679}]",candidate_selected
1187,F_014,dataset/fly_ball/Zhengxuan_Liu/F_014,1.898,yes,1,1.898,0.90714422,3.808,0.7833643177503908,24,"[{""index"":1,""time"":1.898,""score"":3.808,""rms_ratio"":3.11,""diff_ratio"":4.663,""contact_probability"":0.90714422},{""index"":2,""time"":1.788,""score"":1.183,""rms_ratio"":1.367,""diff_ratio"":1.024,""contact_probability"":0.02003564},{""index"":3,""time"":2.053,""score"":1.823,""rms_ratio"":2.461,""diff_ratio"":1.35,""contact_probability"":0.0439141},{""index"":4,""time"":1.729,""score"":1.236,""rms_ratio"":1.528,""diff_ratio"":0.5,""contact_probability"":0.00105258},{""index"":5,""time"":2.128,""score"":1.285,""rms_ratio"":1.504,""diff_ratio"":1.098,""contact_probability"":0.01198232},{""index"":6,""time"":2.198,""score"":1.439,""rms_ratio"":1.875,""diff_ratio"":1.104,""contact_probability"":0.01683252},{""index"":7,""time"":1.544,""score"":1.706,""rms_ratio"":1.511,""diff_ratio"":1.925,""contact_probability"":0.0065446},{""index"":8,""time"":2.292,""score"":1.2,""rms_ratio"":1.44,""diff_ratio"":0.579,""contact_probability"":0.00260472},{""index"":9,""time"":1.474,""score"":1.244,""rms_ratio"":1.382,""diff_ratio"":1.119,""contact_probability"":0.00421311},{""index"":10,""time"":1.384,""score"":1.602,""rms_ratio"":0.729,""diff_ratio"":2.566,""contact_probability"":0.00326606},{""index"":11,""time"":6.558,""score"":3.096,""rms_ratio"":1.62,""diff_ratio"":5.916,""contact_probability"":0.01415632},{""index"":12,""time"":7.75,""score"":3.028,""rms_ratio"":2.344,""diff_ratio"":3.912,""contact_probability"":0.08274013},{""index"":13,""time"":4.812,""score"":2.986,""rms_ratio"":1.604,""diff_ratio"":5.559,""contact_probability"":0.01998153},{""index"":14,""time"":7.535,""score"":2.925,""rms_ratio"":1.736,""diff_ratio"":4.928,""contact_probability"":0.00672146},{""index"":15,""time"":3.515,""score"":2.818,""rms_ratio"":1.499,""diff_ratio"":5.297,""contact_probability"":0.00311247},{""index"":16,""time"":8.059,""score"":2.808,""rms_ratio"":1.752,""diff_ratio"":4.499,""contact_probability"":1.383e-05},{""index"":17,""time"":4.592,""score"":2.58,""rms_ratio"":1.978,""diff_ratio"":3.365,""contact_probability"":0.10575973},{""index"":18,""time"":7.037,""score"":2.442,""rms_ratio"":1.964,""diff_ratio"":3.037,""contact_probability"":0.01185719},{""index"":19,""time"":5.959,""score"":2.411,""rms_ratio"":1.915,""diff_ratio"":3.036,""contact_probability"":0.05563552},{""index"":20,""time"":4.946,""score"":2.395,""rms_ratio"":2.456,""diff_ratio"":2.336,""contact_probability"":0.17654826},{""index"":21,""time"":3.968,""score"":2.385,""rms_ratio"":1.946,""diff_ratio"":2.923,""contact_probability"":0.04234184},{""index"":22,""time"":8.169,""score"":2.202,""rms_ratio"":1.363,""diff_ratio"":3.557,""contact_probability"":0.02511084},{""index"":23,""time"":7.321,""score"":2.198,""rms_ratio"":1.851,""diff_ratio"":2.609,""contact_probability"":0.00803527},{""index"":24,""time"":4.353,""score"":2.151,""rms_ratio"":1.993,""diff_ratio"":2.321,""contact_probability"":0.21531895}]",candidate_selected
1186,F_013,dataset/fly_ball/Zhengxuan_Liu/F_013,2.138,yes,1,2.138,0.98089359,6.308,0.7833643177503908,24,"[{""index"":1,""time"":2.138,""score"":6.308,""rms_ratio"":5.229,""diff_ratio"":7.61,""contact_probability"":0.98089359},{""index"":2,""time"":2.083,""score"":1.216,""rms_ratio"":1.478,""diff_ratio"":0.996,""contact_probability"":0.01226166},{""index"":3,""time"":2.198,""score"":1.182,""rms_ratio"":1.16,""diff_ratio"":1.205,""contact_probability"":0.00707095},{""index"":4,""time"":2.292,""score"":1.341,""rms_ratio"":1.442,""diff_ratio"":1.248,""contact_probability"":0.01627469},{""index"":5,""time"":1.918,""score"":1.188,""rms_ratio"":0.509,""diff_ratio"":1.411,""contact_probability"":4.2e-05},{""index"":6,""time"":1.803,""score"":1.736,""rms_ratio"":1.373,""diff_ratio"":2.195,""contact_probability"":0.0281203},{""index"":7,""time"":1.719,""score"":1.73,""rms_ratio"":1.591,""diff_ratio"":1.881,""contact_probability"":0.00719928},{""index"":8,""time"":1.664,""score"":1.714,""rms_ratio"":1.521,""diff_ratio"":1.932,""contact_probability"":0.00534701},{""index"":9,""time"":1.575,""score"":1.322,""rms_ratio"":1.451,""diff_ratio"":1.204,""contact_probability"":0.00141117},{""index"":10,""time"":6.044,""score"":2.423,""rms_ratio"":1.527,""diff_ratio"":3.847,""contact_probability"":0.00900738},{""index"":11,""time"":3.754,""score"":2.316,""rms_ratio"":1.34,""diff_ratio"":4.003,""contact_probability"":0.00166011},{""index"":12,""time"":3.325,""score"":2.258,""rms_ratio"":1.432,""diff_ratio"":3.56,""contact_probability"":0.00101593},{""index"":13,""time"":5.48,""score"":2.255,""rms_ratio"":1.407,""diff_ratio"":3.614,""contact_probability"":0.00094631},{""index"":14,""time"":5.819,""score"":2.136,""rms_ratio"":1.963,""diff_ratio"":2.323,""contact_probability"":0.01256989},{""index"":15,""time"":6.139,""score"":2.108,""rms_ratio"":1.85,""diff_ratio"":2.403,""contact_probability"":0.00360737},{""index"":16,""time"":7.86,""score"":2.05,""rms_ratio"":1.381,""diff_ratio"":3.041,""contact_probability"":0.00041427},{""index"":17,""time"":1.27,""score"":1.987,""rms_ratio"":2.118,""diff_ratio"":1.865,""contact_probability"":0.12650224},{""index"":18,""time"":4.193,""score"":1.978,""rms_ratio"":1.735,""diff_ratio"":2.255,""contact_probability"":0.01079621},{""index"":19,""time"":0.821,""score"":1.965,""rms_ratio"":1.687,""diff_ratio"":2.288,""contact_probability"":0.00855949},{""index"":20,""time"":4.722,""score"":1.903,""rms_ratio"":1.859,""diff_ratio"":1.948,""contact_probability"":0.00201229},{""index"":21,""time"":0.686,""score"":1.875,""rms_ratio"":1.582,""diff_ratio"":2.223,""contact_probability"":0.00178519},{""index"":22,""time"":6.752,""score"":1.819,""rms_ratio"":1.807,""diff_ratio"":1.832,""contact_probability"":0.00556034},{""index"":23,""time"":7.57,""score"":1.806,""rms_ratio"":1.801,""diff_ratio"":1.811,""contact_probability"":0.000502},{""index"":24,""time"":5.625,""score"":1.799,""rms_ratio"":1.868,""diff_ratio"":1.732,""contact_probability"":0.00516554}]",candidate_selected
1185,F_012,dataset/fly_ball/Zhengxuan_Liu/F_012,1.3065,yes,17,4.198,0.91841335,4.33,0.7833643177503908,24,"[{""index"":1,""time"":1.305,""score"":6.933,""rms_ratio"":5.984,""diff_ratio"":8.032,""contact_probability"":0.88323119},{""index"":2,""time"":1.364,""score"":2.857,""rms_ratio"":3.267,""diff_ratio"":2.498,""contact_probability"":0.06351344},{""index"":3,""time"":1.215,""score"":2.542,""rms_ratio"":2.681,""diff_ratio"":2.409,""contact_probability"":0.01124367},{""index"":4,""time"":1.419,""score"":1.228,""rms_ratio"":1.508,""diff_ratio"":0.498,""contact_probability"":0.03818587},{""index"":5,""time"":1.17,""score"":1.828,""rms_ratio"":1.846,""diff_ratio"":1.809,""contact_probability"":0.00208399},{""index"":6,""time"":1.125,""score"":2.596,""rms_ratio"":2.653,""diff_ratio"":2.54,""contact_probability"":0.00299597},{""index"":7,""time"":1.07,""score"":2.23,""rms_ratio"":3.211,""diff_ratio"":1.549,""contact_probability"":0.00770781},{""index"":8,""time"":1.544,""score"":1.438,""rms_ratio"":1.275,""diff_ratio"":1.621,""contact_probability"":9.159e-05},{""index"":9,""time"":1.585,""score"":1.152,""rms_ratio"":0.986,""diff_ratio"":1.326,""contact_probability"":0.00026641},{""index"":10,""time"":0.99,""score"":1.392,""rms_ratio"":0.674,""diff_ratio"":1.937,""contact_probability"":7.121e-05},{""index"":11,""time"":0.885,""score"":1.701,""rms_ratio"":2.492,""diff_ratio"":1.16,""contact_probability"":0.01359417},{""index"":12,""time"":0.821,""score"":2.709,""rms_ratio"":3.574,""diff_ratio"":2.054,""contact_probability"":0.05899749},{""index"":13,""time"":0.766,""score"":1.416,""rms_ratio"":1.128,""diff_ratio"":1.777,""contact_probability"":0.00058605},{""index"":14,""time"":0.711,""score"":1.278,""rms_ratio"":0.592,""diff_ratio"":1.634,""contact_probability"":3.154e-05},{""index"":15,""time"":5.136,""score"":5.004,""rms_ratio"":3.7,""diff_ratio"":6.767,""contact_probability"":0.05596307},{""index"":16,""time"":4.911,""score"":4.565,""rms_ratio"":3.21,""diff_ratio"":6.492,""contact_probability"":0.03941403},{""index"":17,""time"":4.198,""score"":4.33,""rms_ratio"":3.908,""diff_ratio"":4.798,""contact_probability"":0.91841335},{""index"":18,""time"":2.851,""score"":4.276,""rms_ratio"":3.396,""diff_ratio"":5.384,""contact_probability"":0.01177932},{""index"":19,""time"":2.622,""score"":4.056,""rms_ratio"":3.128,""diff_ratio"":5.258,""contact_probability"":0.0255515},{""index"":20,""time"":4.497,""score"":3.976,""rms_ratio"":2.273,""diff_ratio"":6.954,""contact_probability"":0.00353525},{""index"":21,""time"":5.38,""score"":3.9,""rms_ratio"":3.188,""diff_ratio"":4.771,""contact_probability"":0.1394571},{""index"":22,""time"":3.834,""score"":3.816,""rms_ratio"":2.639,""diff_ratio"":5.516,""contact_probability"":0.11580476},{""index"":23,""time"":3.031,""score"":3.804,""rms_ratio"":2.711,""diff_ratio"":5.338,""contact_probability"":0.00299084},{""index"":24,""time"":4.807,""score"":3.673,""rms_ratio"":2.735,""diff_ratio"":4.932,""contact_probability"":0.01694846}]",candidate_selected
1184,F_011,dataset/fly_ball/Zhengxuan_Liu/F_011,0.821,yes,1,0.821,0.99672688,7.352,0.7833643177503908,24,"[{""index"":1,""time"":0.821,""score"":7.352,""rms_ratio"":5.53,""diff_ratio"":9.772,""contact_probability"":0.99672688},{""index"":2,""time"":0.701,""score"":1.369,""rms_ratio"":1.673,""diff_ratio"":1.12,""contact_probability"":0.00547296},{""index"":3,""time"":0.636,""score"":1.957,""rms_ratio"":1.508,""diff_ratio"":2.539,""contact_probability"":0.01094944},{""index"":4,""time"":0.526,""score"":2.33,""rms_ratio"":2.417,""diff_ratio"":2.247,""contact_probability"":0.08003722},{""index"":5,""time"":0.417,""score"":1.405,""rms_ratio"":0.796,""diff_ratio"":1.974,""contact_probability"":0.00185574},{""index"":6,""time"":0.252,""score"":1.233,""rms_ratio"":1.234,""diff_ratio"":1.232,""contact_probability"":0.00174526},{""index"":7,""time"":2.477,""score"":3.031,""rms_ratio"":2.076,""diff_ratio"":4.424,""contact_probability"":0.00139379},{""index"":8,""time"":4.727,""score"":3.003,""rms_ratio"":2.879,""diff_ratio"":3.133,""contact_probability"":0.69015744},{""index"":9,""time"":2.876,""score"":2.951,""rms_ratio"":2.647,""diff_ratio"":3.29,""contact_probability"":0.00835421},{""index"":10,""time"":2.232,""score"":2.627,""rms_ratio"":2.317,""diff_ratio"":2.977,""contact_probability"":0.00136512},{""index"":11,""time"":4.258,""score"":2.345,""rms_ratio"":1.896,""diff_ratio"":2.899,""contact_probability"":0.00203003},{""index"":12,""time"":4.078,""score"":2.23,""rms_ratio"":1.915,""diff_ratio"":2.597,""contact_probability"":0.00872294},{""index"":13,""time"":2.681,""score"":2.147,""rms_ratio"":2.049,""diff_ratio"":2.249,""contact_probability"":0.00026865},{""index"":14,""time"":3.275,""score"":2.093,""rms_ratio"":1.999,""diff_ratio"":2.192,""contact_probability"":0.0008233},{""index"":15,""time"":3.515,""score"":2.06,""rms_ratio"":1.98,""diff_ratio"":2.143,""contact_probability"":0.00125835},{""index"":16,""time"":2.357,""score"":2.027,""rms_ratio"":2.242,""diff_ratio"":1.833,""contact_probability"":0.00013543},{""index"":17,""time"":4.487,""score"":2.027,""rms_ratio"":1.611,""diff_ratio"":2.55,""contact_probability"":0.00139791},{""index"":18,""time"":3.609,""score"":2.019,""rms_ratio"":1.798,""diff_ratio"":2.268,""contact_probability"":0.00307085},{""index"":19,""time"":2.562,""score"":1.933,""rms_ratio"":1.706,""diff_ratio"":2.19,""contact_probability"":0.00041163},{""index"":20,""time"":3.385,""score"":1.896,""rms_ratio"":1.543,""diff_ratio"":2.33,""contact_probability"":0.00067589},{""index"":21,""time"":4.405,""score"":1.882,""rms_ratio"":1.471,""diff_ratio"":2.407,""contact_probability"":0.0013079},{""index"":22,""time"":0.042,""score"":1.875,""rms_ratio"":1.938,""diff_ratio"":1.813,""contact_probability"":0.00733056},{""index"":23,""time"":4.545,""score"":1.837,""rms_ratio"":1.37,""diff_ratio"":2.463,""contact_probability"":0.00386656},{""index"":24,""time"":4.966,""score"":1.821,""rms_ratio"":1.411,""diff_ratio"":2.351,""contact_probability"":0.01069403}]",candidate_selected
1183,F_010,dataset/fly_ball/Zhengxuan_Liu/F_010,0.8415,no,,,0.29186826,,0.7833643177503908,22,"[{""index"":1,""time"":0.841,""score"":3.004,""rms_ratio"":2.101,""diff_ratio"":4.296,""contact_probability"":0.16467787},{""index"":2,""time"":0.995,""score"":2.073,""rms_ratio"":2.875,""diff_ratio"":1.494,""contact_probability"":0.05567497},{""index"":3,""time"":0.646,""score"":1.391,""rms_ratio"":1.49,""diff_ratio"":1.298,""contact_probability"":0.03256677},{""index"":4,""time"":1.08,""score"":2.621,""rms_ratio"":2.074,""diff_ratio"":3.312,""contact_probability"":0.29186826},{""index"":5,""time"":1.16,""score"":1.793,""rms_ratio"":1.359,""diff_ratio"":2.366,""contact_probability"":0.07691197},{""index"":6,""time"":0.252,""score"":1.482,""rms_ratio"":1.576,""diff_ratio"":1.394,""contact_probability"":0.01615646},{""index"":7,""time"":0.197,""score"":2.179,""rms_ratio"":2.127,""diff_ratio"":2.233,""contact_probability"":0.03671818},{""index"":8,""time"":4.986,""score"":2.148,""rms_ratio"":1.229,""diff_ratio"":3.756,""contact_probability"":0.00141575},{""index"":9,""time"":4.318,""score"":1.816,""rms_ratio"":1.895,""diff_ratio"":1.74,""contact_probability"":0.00601859},{""index"":10,""time"":4.163,""score"":1.801,""rms_ratio"":1.168,""diff_ratio"":2.778,""contact_probability"":0.00078881},{""index"":11,""time"":2.457,""score"":1.723,""rms_ratio"":1.773,""diff_ratio"":1.673,""contact_probability"":0.00060905},{""index"":12,""time"":2.292,""score"":1.664,""rms_ratio"":1.684,""diff_ratio"":1.645,""contact_probability"":0.00111023},{""index"":13,""time"":6.343,""score"":1.632,""rms_ratio"":1.707,""diff_ratio"":1.56,""contact_probability"":1.84e-06},{""index"":14,""time"":6.039,""score"":1.618,""rms_ratio"":1.503,""diff_ratio"":1.742,""contact_probability"":0.00091027},{""index"":15,""time"":3.719,""score"":1.6,""rms_ratio"":1.776,""diff_ratio"":1.441,""contact_probability"":0.00033843},{""index"":16,""time"":1.993,""score"":1.559,""rms_ratio"":1.469,""diff_ratio"":1.654,""contact_probability"":0.00133403},{""index"":17,""time"":2.088,""score"":1.554,""rms_ratio"":1.488,""diff_ratio"":1.623,""contact_probability"":0.00036},{""index"":18,""time"":3.614,""score"":1.552,""rms_ratio"":1.457,""diff_ratio"":1.653,""contact_probability"":0.00067544},{""index"":19,""time"":4.542,""score"":1.531,""rms_ratio"":1.332,""diff_ratio"":1.759,""contact_probability"":0.00185815},{""index"":20,""time"":4.747,""score"":1.53,""rms_ratio"":1.711,""diff_ratio"":1.369,""contact_probability"":0.02144874},{""index"":21,""time"":4.437,""score"":1.53,""rms_ratio"":1.505,""diff_ratio"":1.554,""contact_probability"":0.00050559},{""index"":22,""time"":3.15,""score"":1.528,""rms_ratio"":1.567,""diff_ratio"":1.49,""contact_probability"":0.00027938}]",best_candidate_below_threshold
1182,F_009,dataset/fly_ball/Zhengxuan_Liu/F_009,0.828,no,,,0.70718575,,0.7833643177503908,24,"[{""index"":1,""time"":0.826,""score"":4.432,""rms_ratio"":3.804,""diff_ratio"":5.165,""contact_probability"":0.70718575},{""index"":2,""time"":0.94,""score"":2.068,""rms_ratio"":1.561,""diff_ratio"":2.739,""contact_probability"":0.03372189},{""index"":3,""time"":0.666,""score"":2.037,""rms_ratio"":1.695,""diff_ratio"":2.45,""contact_probability"":0.00546473},{""index"":4,""time"":1.055,""score"":1.201,""rms_ratio"":1.073,""diff_ratio"":1.344,""contact_probability"":0.000326},{""index"":5,""time"":0.586,""score"":1.429,""rms_ratio"":1.685,""diff_ratio"":1.213,""contact_probability"":0.00337701},{""index"":6,""time"":0.521,""score"":1.151,""rms_ratio"":0.815,""diff_ratio"":1.326,""contact_probability"":0.00031317},{""index"":7,""time"":1.165,""score"":1.265,""rms_ratio"":1.105,""diff_ratio"":1.448,""contact_probability"":0.00052684},{""index"":8,""time"":1.424,""score"":1.191,""rms_ratio"":1.419,""diff_ratio"":0.848,""contact_probability"":0.000725},{""index"":9,""time"":3.52,""score"":2.72,""rms_ratio"":1.503,""diff_ratio"":4.921,""contact_probability"":0.00735958},{""index"":10,""time"":2.148,""score"":2.501,""rms_ratio"":1.813,""diff_ratio"":3.45,""contact_probability"":0.00090777},{""index"":11,""time"":3.105,""score"":2.436,""rms_ratio"":1.495,""diff_ratio"":3.97,""contact_probability"":0.00146411},{""index"":12,""time"":2.612,""score"":2.143,""rms_ratio"":2.087,""diff_ratio"":2.201,""contact_probability"":0.00523698},{""index"":13,""time"":3.729,""score"":2.105,""rms_ratio"":1.386,""diff_ratio"":3.197,""contact_probability"":0.0005156},{""index"":14,""time"":3.629,""score"":2.104,""rms_ratio"":1.203,""diff_ratio"":3.681,""contact_probability"":0.00044056},{""index"":15,""time"":1.863,""score"":1.993,""rms_ratio"":1.973,""diff_ratio"":2.013,""contact_probability"":0.00020822},{""index"":16,""time"":3.27,""score"":1.937,""rms_ratio"":1.911,""diff_ratio"":1.962,""contact_probability"":0.00145192},{""index"":17,""time"":3.685,""score"":1.855,""rms_ratio"":1.009,""diff_ratio"":3.409,""contact_probability"":0.00100975},{""index"":18,""time"":3.949,""score"":1.809,""rms_ratio"":1.662,""diff_ratio"":1.969,""contact_probability"":0.00117697},{""index"":19,""time"":2.033,""score"":1.768,""rms_ratio"":1.936,""diff_ratio"":1.614,""contact_probability"":0.00037699},{""index"":20,""time"":1.925,""score"":1.74,""rms_ratio"":1.602,""diff_ratio"":1.891,""contact_probability"":0.00042921},{""index"":21,""time"":2.846,""score"":1.728,""rms_ratio"":1.12,""diff_ratio"":2.665,""contact_probability"":0.00039595},{""index"":22,""time"":2.437,""score"":1.709,""rms_ratio"":1.591,""diff_ratio"":1.835,""contact_probability"":0.00036352},{""index"":23,""time"":2.741,""score"":1.701,""rms_ratio"":1.692,""diff_ratio"":1.711,""contact_probability"":0.00055103},{""index"":24,""time"":2.522,""score"":1.684,""rms_ratio"":1.63,""diff_ratio"":1.74,""contact_probability"":0.00036161}]",best_candidate_below_threshold
1181,F_008,dataset/fly_ball/Zhengxuan_Liu/F_008,1.4315,no,,,0.3204447,,0.7833643177503908,24,"[{""index"":1,""time"":1.429,""score"":3.184,""rms_ratio"":2.792,""diff_ratio"":3.63,""contact_probability"":0.3204447},{""index"":2,""time"":1.324,""score"":1.204,""rms_ratio"":1.451,""diff_ratio"":0.989,""contact_probability"":0.00937132},{""index"":3,""time"":1.559,""score"":1.599,""rms_ratio"":2.239,""diff_ratio"":1.142,""contact_probability"":0.03570605},{""index"":4,""time"":1.255,""score"":1.374,""rms_ratio"":1.511,""diff_ratio"":1.249,""contact_probability"":0.00143938},{""index"":5,""time"":1.624,""score"":1.512,""rms_ratio"":1.626,""diff_ratio"":1.407,""contact_probability"":0.02368537},{""index"":6,""time"":1.679,""score"":1.31,""rms_ratio"":1.394,""diff_ratio"":1.231,""contact_probability"":0.04479857},{""index"":7,""time"":1.165,""score"":1.34,""rms_ratio"":1.796,""diff_ratio"":0.732,""contact_probability"":0.00382872},{""index"":8,""time"":1.734,""score"":1.565,""rms_ratio"":1.558,""diff_ratio"":1.572,""contact_probability"":0.15089332},{""index"":9,""time"":1.075,""score"":1.332,""rms_ratio"":1.775,""diff_ratio"":0.58,""contact_probability"":0.01062581},{""index"":10,""time"":0.94,""score"":1.182,""rms_ratio"":1.398,""diff_ratio"":0.404,""contact_probability"":0.00164455},{""index"":11,""time"":0.836,""score"":1.256,""rms_ratio"":1.578,""diff_ratio"":0.84,""contact_probability"":0.00695077},{""index"":12,""time"":5.72,""score"":2.393,""rms_ratio"":1.211,""diff_ratio"":4.729,""contact_probability"":0.09805136},{""index"":13,""time"":4.797,""score"":2.039,""rms_ratio"":1.322,""diff_ratio"":3.146,""contact_probability"":0.00151959},{""index"":14,""time"":3.465,""score"":1.809,""rms_ratio"":2.014,""diff_ratio"":1.624,""contact_probability"":0.00052181},{""index"":15,""time"":3.245,""score"":1.792,""rms_ratio"":1.945,""diff_ratio"":1.652,""contact_probability"":0.00032729},{""index"":16,""time"":3.026,""score"":1.748,""rms_ratio"":2.039,""diff_ratio"":1.499,""contact_probability"":0.00028973},{""index"":17,""time"":4.607,""score"":1.747,""rms_ratio"":1.852,""diff_ratio"":1.649,""contact_probability"":0.00338157},{""index"":18,""time"":3.919,""score"":1.746,""rms_ratio"":1.78,""diff_ratio"":1.712,""contact_probability"":0.00017016},{""index"":19,""time"":2.806,""score"":1.732,""rms_ratio"":2.009,""diff_ratio"":1.494,""contact_probability"":0.00042923},{""index"":20,""time"":2.582,""score"":1.732,""rms_ratio"":2.058,""diff_ratio"":1.457,""contact_probability"":0.00186552},{""index"":21,""time"":2.721,""score"":1.717,""rms_ratio"":2.006,""diff_ratio"":1.47,""contact_probability"":0.00036997},{""index"":22,""time"":5.969,""score"":1.704,""rms_ratio"":0.947,""diff_ratio"":2.902,""contact_probability"":1.416e-05},{""index"":23,""time"":0.696,""score"":1.628,""rms_ratio"":0.711,""diff_ratio"":2.651,""contact_probability"":0.00102182},{""index"":24,""time"":3.664,""score"":1.621,""rms_ratio"":1.888,""diff_ratio"":1.391,""contact_probability"":0.00029589}]",best_candidate_below_threshold
1180,F_007,dataset/fly_ball/Zhengxuan_Liu/F_007,0.649,yes,1,0.646,0.942102,7.745,0.7833643177503908,24,"[{""index"":1,""time"":0.646,""score"":7.745,""rms_ratio"":6.208,""diff_ratio"":9.663,""contact_probability"":0.942102},{""index"":2,""time"":0.751,""score"":1.772,""rms_ratio"":1.962,""diff_ratio"":1.6,""contact_probability"":0.01188665},{""index"":3,""time"":0.536,""score"":1.94,""rms_ratio"":1.349,""diff_ratio"":2.79,""contact_probability"":0.00252347},{""index"":4,""time"":0.811,""score"":1.334,""rms_ratio"":1.586,""diff_ratio"":1.122,""contact_probability"":0.00145489},{""index"":5,""time"":0.402,""score"":2.127,""rms_ratio"":1.993,""diff_ratio"":2.27,""contact_probability"":0.00249219},{""index"":6,""time"":3.963,""score"":4.397,""rms_ratio"":2.384,""diff_ratio"":8.109,""contact_probability"":0.35882965},{""index"":7,""time"":2.866,""score"":3.938,""rms_ratio"":1.986,""diff_ratio"":7.81,""contact_probability"":0.0537613},{""index"":8,""time"":2.217,""score"":3.67,""rms_ratio"":2.826,""diff_ratio"":4.765,""contact_probability"":0.7178838},{""index"":9,""time"":4.956,""score"":3.399,""rms_ratio"":1.905,""diff_ratio"":6.065,""contact_probability"":0.00537656},{""index"":10,""time"":2.023,""score"":3.381,""rms_ratio"":1.786,""diff_ratio"":6.401,""contact_probability"":0.02209491},{""index"":11,""time"":4.677,""score"":2.745,""rms_ratio"":1.526,""diff_ratio"":4.937,""contact_probability"":0.00431631},{""index"":12,""time"":1.888,""score"":2.523,""rms_ratio"":1.873,""diff_ratio"":3.398,""contact_probability"":0.00927243},{""index"":13,""time"":1.644,""score"":2.403,""rms_ratio"":1.842,""diff_ratio"":3.134,""contact_probability"":0.0226025},{""index"":14,""time"":4.492,""score"":2.359,""rms_ratio"":1.962,""diff_ratio"":2.835,""contact_probability"":0.00298577},{""index"":15,""time"":2.975,""score"":2.237,""rms_ratio"":2.03,""diff_ratio"":2.465,""contact_probability"":0.00593021},{""index"":16,""time"":3.35,""score"":2.199,""rms_ratio"":2.08,""diff_ratio"":2.325,""contact_probability"":0.01225629},{""index"":17,""time"":5.056,""score"":2.181,""rms_ratio"":1.979,""diff_ratio"":2.405,""contact_probability"":0.00172788},{""index"":18,""time"":3.505,""score"":2.175,""rms_ratio"":1.731,""diff_ratio"":2.733,""contact_probability"":0.00595252},{""index"":19,""time"":2.706,""score"":2.139,""rms_ratio"":1.82,""diff_ratio"":2.515,""contact_probability"":0.01345564},{""index"":20,""time"":5.305,""score"":1.975,""rms_ratio"":1.82,""diff_ratio"":2.143,""contact_probability"":0.00012994},{""index"":21,""time"":2.332,""score"":1.899,""rms_ratio"":1.713,""diff_ratio"":2.105,""contact_probability"":0.11345722},{""index"":22,""time"":1.734,""score"":1.857,""rms_ratio"":1.498,""diff_ratio"":2.302,""contact_probability"":0.00374996},{""index"":23,""time"":4.228,""score"":1.846,""rms_ratio"":1.825,""diff_ratio"":1.867,""contact_probability"":0.00509804},{""index"":24,""time"":4.827,""score"":1.837,""rms_ratio"":1.605,""diff_ratio"":2.102,""contact_probability"":0.00021768}]",candidate_selected
1179,F_006,dataset/fly_ball/Zhengxuan_Liu/F_006,1.2135,no,,,0.76594918,,0.7833643177503908,24,"[{""index"":1,""time"":1.215,""score"":5.929,""rms_ratio"":5.484,""diff_ratio"":6.411,""contact_probability"":0.5351955},{""index"":2,""time"":1.13,""score"":2.208,""rms_ratio"":1.201,""diff_ratio"":4.06,""contact_probability"":0.03460174},{""index"":3,""time"":1.07,""score"":3.28,""rms_ratio"":1.803,""diff_ratio"":5.969,""contact_probability"":0.05496986},{""index"":4,""time"":1.03,""score"":2.441,""rms_ratio"":1.395,""diff_ratio"":4.271,""contact_probability"":0.00829229},{""index"":5,""time"":1.414,""score"":2.081,""rms_ratio"":1.726,""diff_ratio"":2.508,""contact_probability"":0.01343111},{""index"":6,""time"":0.98,""score"":3.807,""rms_ratio"":2.212,""diff_ratio"":6.554,""contact_probability"":0.01389314},{""index"":7,""time"":1.484,""score"":1.613,""rms_ratio"":1.248,""diff_ratio"":2.084,""contact_probability"":0.00341759},{""index"":8,""time"":0.825,""score"":1.356,""rms_ratio"":0.977,""diff_ratio"":1.838,""contact_probability"":0.00017708},{""index"":9,""time"":0.766,""score"":1.707,""rms_ratio"":1.248,""diff_ratio"":2.334,""contact_probability"":0.00143818},{""index"":10,""time"":1.674,""score"":2.358,""rms_ratio"":1.951,""diff_ratio"":2.85,""contact_probability"":0.10990941},{""index"":11,""time"":0.691,""score"":3.705,""rms_ratio"":2.093,""diff_ratio"":6.56,""contact_probability"":0.76594918},{""index"":12,""time"":1.754,""score"":1.447,""rms_ratio"":1.624,""diff_ratio"":1.29,""contact_probability"":0.00444734},{""index"":13,""time"":1.808,""score"":1.235,""rms_ratio"":1.524,""diff_ratio"":0.798,""contact_probability"":0.0007155},{""index"":14,""time"":0.212,""score"":3.414,""rms_ratio"":1.917,""diff_ratio"":6.08,""contact_probability"":0.19456612},{""index"":15,""time"":3.978,""score"":3.055,""rms_ratio"":1.822,""diff_ratio"":5.124,""contact_probability"":0.069549},{""index"":16,""time"":3.754,""score"":2.903,""rms_ratio"":2.62,""diff_ratio"":3.217,""contact_probability"":0.31235116},{""index"":17,""time"":3.554,""score"":2.751,""rms_ratio"":1.532,""diff_ratio"":4.94,""contact_probability"":0.037886},{""index"":18,""time"":2.686,""score"":2.487,""rms_ratio"":2.202,""diff_ratio"":2.809,""contact_probability"":0.02075724},{""index"":19,""time"":5.48,""score"":2.446,""rms_ratio"":2.315,""diff_ratio"":2.585,""contact_probability"":0.55152654},{""index"":20,""time"":3.28,""score"":2.38,""rms_ratio"":1.95,""diff_ratio"":2.904,""contact_probability"":0.01630939},{""index"":21,""time"":0.027,""score"":2.345,""rms_ratio"":2.173,""diff_ratio"":2.531,""contact_probability"":0.19099266},{""index"":22,""time"":1.978,""score"":1.89,""rms_ratio"":1.947,""diff_ratio"":1.834,""contact_probability"":0.00140351},{""index"":23,""time"":0.342,""score"":1.795,""rms_ratio"":1.078,""diff_ratio"":2.987,""contact_probability"":0.04035634},{""index"":24,""time"":4.188,""score"":1.79,""rms_ratio"":2.025,""diff_ratio"":1.582,""contact_probability"":0.03905352}]",best_candidate_below_threshold
1178,F_005,dataset/fly_ball/Zhengxuan_Liu/F_005,1.949,yes,1,1.948,0.96062434,3.949,0.7833643177503908,24,"[{""index"":1,""time"":1.948,""score"":3.949,""rms_ratio"":2.681,""diff_ratio"":5.815,""contact_probability"":0.96062434},{""index"":2,""time"":1.848,""score"":1.287,""rms_ratio"":1.178,""diff_ratio"":1.407,""contact_probability"":0.01654816},{""index"":3,""time"":2.058,""score"":1.262,""rms_ratio"":1.592,""diff_ratio"":0.891,""contact_probability"":0.09514198},{""index"":4,""time"":1.788,""score"":2.072,""rms_ratio"":1.765,""diff_ratio"":2.432,""contact_probability"":0.18140743},{""index"":5,""time"":2.113,""score"":2.183,""rms_ratio"":2.591,""diff_ratio"":1.84,""contact_probability"":0.05160512},{""index"":6,""time"":1.649,""score"":2.383,""rms_ratio"":2.116,""diff_ratio"":2.684,""contact_probability"":0.32751017},{""index"":7,""time"":2.257,""score"":2.185,""rms_ratio"":2.091,""diff_ratio"":2.284,""contact_probability"":0.03105303},{""index"":8,""time"":2.332,""score"":2.348,""rms_ratio"":2.086,""diff_ratio"":2.643,""contact_probability"":0.03222858},{""index"":9,""time"":1.554,""score"":2.246,""rms_ratio"":1.285,""diff_ratio"":3.925,""contact_probability"":0.00726704},{""index"":10,""time"":1.494,""score"":2.161,""rms_ratio"":1.234,""diff_ratio"":3.784,""contact_probability"":0.00305512},{""index"":11,""time"":2.462,""score"":3.998,""rms_ratio"":2.322,""diff_ratio"":6.884,""contact_probability"":0.03755581},{""index"":12,""time"":1.349,""score"":2.264,""rms_ratio"":2.047,""diff_ratio"":2.504,""contact_probability"":0.21117327},{""index"":13,""time"":4.218,""score"":5.38,""rms_ratio"":2.898,""diff_ratio"":9.987,""contact_probability"":0.03980625},{""index"":14,""time"":7.056,""score"":5.053,""rms_ratio"":5.333,""diff_ratio"":4.788,""contact_probability"":0.02025685},{""index"":15,""time"":5.046,""score"":4.146,""rms_ratio"":4.966,""diff_ratio"":3.461,""contact_probability"":0.00197207},{""index"":16,""time"":4.702,""score"":3.825,""rms_ratio"":4.839,""diff_ratio"":3.024,""contact_probability"":0.06054795},{""index"":17,""time"":5.39,""score"":3.763,""rms_ratio"":4.285,""diff_ratio"":3.305,""contact_probability"":0.03717986},{""index"":18,""time"":4.827,""score"":3.728,""rms_ratio"":4.027,""diff_ratio"":3.452,""contact_probability"":0.00270136},{""index"":19,""time"":5.171,""score"":3.372,""rms_ratio"":3.19,""diff_ratio"":3.564,""contact_probability"":0.00438835},{""index"":20,""time"":6.807,""score"":3.255,""rms_ratio"":2.735,""diff_ratio"":3.873,""contact_probability"":0.01611574},{""index"":21,""time"":6.288,""score"":3.187,""rms_ratio"":3.451,""diff_ratio"":2.942,""contact_probability"":0.02274412},{""index"":22,""time"":1.285,""score"":3.022,""rms_ratio"":2.665,""diff_ratio"":3.426,""contact_probability"":0.43584724},{""index"":23,""time"":6.687,""score"":2.998,""rms_ratio"":3.069,""diff_ratio"":2.927,""contact_probability"":0.02773028},{""index"":24,""time"":5.475,""score"":2.897,""rms_ratio"":2.611,""diff_ratio"":3.214,""contact_probability"":0.01814998}]",candidate_selected
1177,F_004,dataset/fly_ball/Zhengxuan_Liu/F_004,2.2985,yes,1,2.297,0.9999932,5.763,0.7833643177503908,24,"[{""index"":1,""time"":2.297,""score"":5.763,""rms_ratio"":3.368,""diff_ratio"":9.86,""contact_probability"":0.9999932},{""index"":2,""time"":1.983,""score"":1.357,""rms_ratio"":1.547,""diff_ratio"":1.19,""contact_probability"":0.00419721},{""index"":3,""time"":1.928,""score"":1.292,""rms_ratio"":1.349,""diff_ratio"":1.237,""contact_probability"":0.0014804},{""index"":4,""time"":1.808,""score"":1.175,""rms_ratio"":1.381,""diff_ratio"":0.993,""contact_probability"":0.0010459},{""index"":5,""time"":8.334,""score"":3.807,""rms_ratio"":2.0,""diff_ratio"":7.244,""contact_probability"":0.00243789},{""index"":6,""time"":8.375,""score"":3.101,""rms_ratio"":1.662,""diff_ratio"":5.786,""contact_probability"":0.00257649},{""index"":7,""time"":8.688,""score"":3.066,""rms_ratio"":3.705,""diff_ratio"":2.538,""contact_probability"":0.07987261},{""index"":8,""time"":5.475,""score"":2.83,""rms_ratio"":1.183,""diff_ratio"":6.767,""contact_probability"":0.012537},{""index"":9,""time"":5.39,""score"":2.786,""rms_ratio"":1.399,""diff_ratio"":5.548,""contact_probability"":0.00274923},{""index"":10,""time"":8.009,""score"":2.663,""rms_ratio"":1.857,""diff_ratio"":3.82,""contact_probability"":0.00350327},{""index"":11,""time"":7.216,""score"":2.24,""rms_ratio"":2.172,""diff_ratio"":2.31,""contact_probability"":0.00618232},{""index"":12,""time"":8.872,""score"":2.224,""rms_ratio"":1.994,""diff_ratio"":2.481,""contact_probability"":3.228e-05},{""index"":13,""time"":0.905,""score"":2.215,""rms_ratio"":0.998,""diff_ratio"":4.906,""contact_probability"":0.00785109},{""index"":14,""time"":4.807,""score"":2.182,""rms_ratio"":1.101,""diff_ratio"":4.325,""contact_probability"":0.00174607},{""index"":15,""time"":8.204,""score"":2.182,""rms_ratio"":2.071,""diff_ratio"":2.298,""contact_probability"":0.00130463},{""index"":16,""time"":6.647,""score"":2.168,""rms_ratio"":0.885,""diff_ratio"":4.698,""contact_probability"":0.00440216},{""index"":17,""time"":4.333,""score"":2.115,""rms_ratio"":0.858,""diff_ratio"":4.473,""contact_probability"":0.00377549},{""index"":18,""time"":4.013,""score"":2.006,""rms_ratio"":2.019,""diff_ratio"":1.993,""contact_probability"":0.00474744},{""index"":19,""time"":6.508,""score"":2.001,""rms_ratio"":1.362,""diff_ratio"":2.941,""contact_probability"":0.02355217},{""index"":20,""time"":3.031,""score"":2.0,""rms_ratio"":1.489,""diff_ratio"":2.686,""contact_probability"":0.01270852},{""index"":21,""time"":8.099,""score"":1.999,""rms_ratio"":1.556,""diff_ratio"":2.568,""contact_probability"":0.0009115},{""index"":22,""time"":0.287,""score"":1.972,""rms_ratio"":1.701,""diff_ratio"":2.285,""contact_probability"":0.02063278},{""index"":23,""time"":5.256,""score"":1.955,""rms_ratio"":2.01,""diff_ratio"":1.901,""contact_probability"":0.00473933},{""index"":24,""time"":8.523,""score"":1.95,""rms_ratio"":1.971,""diff_ratio"":1.93,""contact_probability"":0.00025179}]",candidate_selected
1176,F_003,dataset/fly_ball/Zhengxuan_Liu/F_003,2.047,no,,,0.58361218,,0.7833643177503908,24,"[{""index"":1,""time"":2.048,""score"":3.982,""rms_ratio"":1.94,""diff_ratio"":8.17,""contact_probability"":0.58361218},{""index"":2,""time"":2.128,""score"":1.389,""rms_ratio"":1.929,""diff_ratio"":0.587,""contact_probability"":0.00419018},{""index"":3,""time"":1.953,""score"":1.482,""rms_ratio"":1.844,""diff_ratio"":1.192,""contact_probability"":0.00291357},{""index"":4,""time"":2.207,""score"":1.527,""rms_ratio"":1.536,""diff_ratio"":1.518,""contact_probability"":0.01622702},{""index"":5,""time"":1.833,""score"":1.291,""rms_ratio"":1.668,""diff_ratio"":0.561,""contact_probability"":0.00070292},{""index"":6,""time"":1.778,""score"":1.351,""rms_ratio"":1.825,""diff_ratio"":0.537,""contact_probability"":0.00176579},{""index"":7,""time"":1.704,""score"":2.412,""rms_ratio"":2.488,""diff_ratio"":2.339,""contact_probability"":0.05036712},{""index"":8,""time"":2.472,""score"":1.516,""rms_ratio"":2.138,""diff_ratio"":1.075,""contact_probability"":0.02783241},{""index"":9,""time"":1.614,""score"":2.094,""rms_ratio"":1.831,""diff_ratio"":2.394,""contact_probability"":0.02784997},{""index"":10,""time"":2.51,""score"":1.357,""rms_ratio"":1.84,""diff_ratio"":0.64,""contact_probability"":0.02999655},{""index"":11,""time"":1.529,""score"":1.601,""rms_ratio"":1.553,""diff_ratio"":1.651,""contact_probability"":0.0016976},{""index"":12,""time"":2.597,""score"":1.411,""rms_ratio"":1.99,""diff_ratio"":0.505,""contact_probability"":0.01201705},{""index"":13,""time"":1.469,""score"":1.662,""rms_ratio"":1.462,""diff_ratio"":1.891,""contact_probability"":0.00146506},{""index"":14,""time"":5.061,""score"":2.794,""rms_ratio"":1.98,""diff_ratio"":3.944,""contact_probability"":0.08141407},{""index"":15,""time"":4.817,""score"":2.619,""rms_ratio"":1.698,""diff_ratio"":4.04,""contact_probability"":0.03068129},{""index"":16,""time"":4.622,""score"":2.596,""rms_ratio"":1.86,""diff_ratio"":3.622,""contact_probability"":0.19614947},{""index"":17,""time"":3.29,""score"":2.558,""rms_ratio"":2.198,""diff_ratio"":2.976,""contact_probability"":0.00749872},{""index"":18,""time"":6.637,""score"":2.378,""rms_ratio"":1.424,""diff_ratio"":3.972,""contact_probability"":0.03240892},{""index"":19,""time"":3.624,""score"":2.358,""rms_ratio"":2.309,""diff_ratio"":2.408,""contact_probability"":0.00237636},{""index"":20,""time"":6.513,""score"":2.31,""rms_ratio"":1.831,""diff_ratio"":2.915,""contact_probability"":0.03018593},{""index"":21,""time"":5.48,""score"":2.31,""rms_ratio"":1.699,""diff_ratio"":3.14,""contact_probability"":0.01983916},{""index"":22,""time"":4.532,""score"":2.305,""rms_ratio"":1.077,""diff_ratio"":4.931,""contact_probability"":0.01248821},{""index"":23,""time"":4.048,""score"":2.228,""rms_ratio"":1.632,""diff_ratio"":3.041,""contact_probability"":0.02248913},{""index"":24,""time"":3.555,""score"":2.161,""rms_ratio"":2.035,""diff_ratio"":2.295,""contact_probability"":0.00785555}]",best_candidate_below_threshold
1175,F_002,dataset/fly_ball/Zhengxuan_Liu/F_002,1.6365,no,,,0.27924253,,0.7833643177503908,24,"[{""index"":1,""time"":1.639,""score"":3.172,""rms_ratio"":1.507,""diff_ratio"":6.678,""contact_probability"":0.27924253},{""index"":2,""time"":1.704,""score"":2.008,""rms_ratio"":2.178,""diff_ratio"":1.851,""contact_probability"":0.00564284},{""index"":3,""time"":1.554,""score"":1.442,""rms_ratio"":1.834,""diff_ratio"":1.134,""contact_probability"":0.00237523},{""index"":4,""time"":1.818,""score"":1.584,""rms_ratio"":2.022,""diff_ratio"":1.241,""contact_probability"":0.01533211},{""index"":5,""time"":1.384,""score"":1.597,""rms_ratio"":1.459,""diff_ratio"":1.747,""contact_probability"":0.00458409},{""index"":6,""time"":1.315,""score"":1.222,""rms_ratio"":1.288,""diff_ratio"":1.159,""contact_probability"":0.00074327},{""index"":7,""time"":1.275,""score"":1.733,""rms_ratio"":1.995,""diff_ratio"":1.506,""contact_probability"":0.00391519},{""index"":8,""time"":1.155,""score"":1.209,""rms_ratio"":1.462,""diff_ratio"":0.656,""contact_probability"":0.00237782},{""index"":9,""time"":1.1,""score"":1.457,""rms_ratio"":1.73,""diff_ratio"":1.226,""contact_probability"":0.01220701},{""index"":10,""time"":1.04,""score"":1.268,""rms_ratio"":1.607,""diff_ratio"":0.843,""contact_probability"":0.00408039},{""index"":11,""time"":3.564,""score"":4.348,""rms_ratio"":2.786,""diff_ratio"":6.784,""contact_probability"":0.08353444},{""index"":12,""time"":3.455,""score"":3.755,""rms_ratio"":1.853,""diff_ratio"":7.609,""contact_probability"":0.00318522},{""index"":13,""time"":6.712,""score"":3.351,""rms_ratio"":2.621,""diff_ratio"":4.284,""contact_probability"":0.00490137},{""index"":14,""time"":3.006,""score"":3.34,""rms_ratio"":3.069,""diff_ratio"":3.634,""contact_probability"":0.01130673},{""index"":15,""time"":3.49,""score"":3.309,""rms_ratio"":1.662,""diff_ratio"":6.588,""contact_probability"":0.00603544},{""index"":16,""time"":4.502,""score"":3.273,""rms_ratio"":1.757,""diff_ratio"":6.098,""contact_probability"":0.0384842},{""index"":17,""time"":3.205,""score"":2.931,""rms_ratio"":2.544,""diff_ratio"":3.377,""contact_probability"":0.00694646},{""index"":18,""time"":2.542,""score"":2.893,""rms_ratio"":1.955,""diff_ratio"":4.281,""contact_probability"":0.02027016},{""index"":19,""time"":3.105,""score"":2.632,""rms_ratio"":2.663,""diff_ratio"":2.601,""contact_probability"":0.00455755},{""index"":20,""time"":3.839,""score"":2.624,""rms_ratio"":2.025,""diff_ratio"":3.4,""contact_probability"":0.01155312},{""index"":21,""time"":6.243,""score"":2.597,""rms_ratio"":1.983,""diff_ratio"":3.4,""contact_probability"":0.15642379},{""index"":22,""time"":2.397,""score"":2.563,""rms_ratio"":1.843,""diff_ratio"":3.565,""contact_probability"":0.0716351},{""index"":23,""time"":3.385,""score"":2.498,""rms_ratio"":1.758,""diff_ratio"":3.55,""contact_probability"":0.00203102},{""index"":24,""time"":0.037,""score"":2.498,""rms_ratio"":2.557,""diff_ratio"":2.44,""contact_probability"":0.01296079}]",best_candidate_below_threshold
1174,F_001,dataset/fly_ball/Zhengxuan_Liu/F_001,1.5125,yes,1,1.509,0.99999997,6.032,0.7833643177503908,24,"[{""index"":1,""time"":1.509,""score"":6.032,""rms_ratio"":2.728,""diff_ratio"":13.338,""contact_probability"":0.99999997},{""index"":2,""time"":1.32,""score"":1.274,""rms_ratio"":0.924,""diff_ratio"":1.624,""contact_probability"":0.00206293},{""index"":3,""time"":1.255,""score"":1.343,""rms_ratio"":1.016,""diff_ratio"":1.775,""contact_probability"":0.00539481},{""index"":4,""time"":1.823,""score"":1.234,""rms_ratio"":1.229,""diff_ratio"":1.239,""contact_probability"":0.02475942},{""index"":5,""time"":1.195,""score"":1.957,""rms_ratio"":1.575,""diff_ratio"":2.432,""contact_probability"":0.01642537},{""index"":6,""time"":2.008,""score"":1.578,""rms_ratio"":0.508,""diff_ratio"":2.491,""contact_probability"":0.00192742},{""index"":7,""time"":1.005,""score"":1.253,""rms_ratio"":1.108,""diff_ratio"":1.417,""contact_probability"":0.00069639},{""index"":8,""time"":0.965,""score"":1.193,""rms_ratio"":1.098,""diff_ratio"":1.296,""contact_probability"":0.00047217},{""index"":9,""time"":2.068,""score"":1.16,""rms_ratio"":0.444,""diff_ratio"":1.346,""contact_probability"":0.00064872},{""index"":10,""time"":0.915,""score"":1.172,""rms_ratio"":1.177,""diff_ratio"":1.168,""contact_probability"":0.00154031},{""index"":11,""time"":6.293,""score"":4.014,""rms_ratio"":2.739,""diff_ratio"":5.883,""contact_probability"":0.01752949},{""index"":12,""time"":6.602,""score"":3.835,""rms_ratio"":2.434,""diff_ratio"":6.043,""contact_probability"":0.01158585},{""index"":13,""time"":5.355,""score"":3.363,""rms_ratio"":2.072,""diff_ratio"":5.459,""contact_probability"":0.00437649},{""index"":14,""time"":6.822,""score"":3.348,""rms_ratio"":3.543,""diff_ratio"":3.163,""contact_probability"":0.00082383},{""index"":15,""time"":6.977,""score"":3.098,""rms_ratio"":2.72,""diff_ratio"":3.529,""contact_probability"":1.435e-05},{""index"":16,""time"":6.463,""score"":2.955,""rms_ratio"":3.246,""diff_ratio"":2.69,""contact_probability"":0.00160068},{""index"":17,""time"":6.722,""score"":2.624,""rms_ratio"":2.743,""diff_ratio"":2.511,""contact_probability"":0.00067406},{""index"":18,""time"":4.422,""score"":2.589,""rms_ratio"":1.17,""diff_ratio"":5.729,""contact_probability"":0.00214944},{""index"":19,""time"":6.024,""score"":2.514,""rms_ratio"":1.773,""diff_ratio"":3.565,""contact_probability"":0.00223489},{""index"":20,""time"":4.485,""score"":2.48,""rms_ratio"":1.146,""diff_ratio"":5.37,""contact_probability"":0.02392453},{""index"":21,""time"":6.168,""score"":2.342,""rms_ratio"":2.695,""diff_ratio"":2.035,""contact_probability"":0.0003176},{""index"":22,""time"":0.716,""score"":2.071,""rms_ratio"":1.671,""diff_ratio"":2.567,""contact_probability"":0.0665271},{""index"":23,""time"":5.844,""score"":2.052,""rms_ratio"":2.024,""diff_ratio"":2.08,""contact_probability"":0.00085045},{""index"":24,""time"":6.13,""score"":1.938,""rms_ratio"":1.728,""diff_ratio"":2.173,""contact_probability"":0.00059286}]",candidate_selected
1173,F_1289,dataset/fly_ball/Codex_Workstation/F_1289,2.0,yes,1,2.007,0.98326712,6.364,0.7833643177503908,24,"[{""index"":1,""time"":2.007,""score"":6.364,""rms_ratio"":4.87,""diff_ratio"":8.316,""contact_probability"":0.98326712},{""index"":2,""time"":1.947,""score"":1.517,""rms_ratio"":1.657,""diff_ratio"":1.389,""contact_probability"":0.00494412},{""index"":3,""time"":3.013,""score"":4.674,""rms_ratio"":2.46,""diff_ratio"":8.883,""contact_probability"":0.14552755},{""index"":4,""time"":5.242,""score"":3.914,""rms_ratio"":3.823,""diff_ratio"":4.007,""contact_probability"":0.22250663},{""index"":5,""time"":6.193,""score"":3.799,""rms_ratio"":3.594,""diff_ratio"":4.015,""contact_probability"":0.04295421},{""index"":6,""time"":6.718,""score"":3.76,""rms_ratio"":3.305,""diff_ratio"":4.278,""contact_probability"":0.02323521},{""index"":7,""time"":4.293,""score"":3.51,""rms_ratio"":3.63,""diff_ratio"":3.394,""contact_probability"":0.09308586},{""index"":8,""time"":5.977,""score"":3.074,""rms_ratio"":2.528,""diff_ratio"":3.737,""contact_probability"":0.00257367},{""index"":9,""time"":5.653,""score"":2.861,""rms_ratio"":4.178,""diff_ratio"":1.96,""contact_probability"":0.4094804},{""index"":10,""time"":4.017,""score"":2.659,""rms_ratio"":2.608,""diff_ratio"":2.711,""contact_probability"":0.15563295},{""index"":11,""time"":6.927,""score"":2.629,""rms_ratio"":3.507,""diff_ratio"":1.971,""contact_probability"":4.09e-06},{""index"":12,""time"":6.532,""score"":2.371,""rms_ratio"":2.383,""diff_ratio"":2.359,""contact_probability"":0.00097546},{""index"":13,""time"":6.423,""score"":2.306,""rms_ratio"":2.35,""diff_ratio"":2.262,""contact_probability"":0.00041761},{""index"":14,""time"":5.468,""score"":2.223,""rms_ratio"":1.891,""diff_ratio"":2.612,""contact_probability"":0.00109843},{""index"":15,""time"":4.508,""score"":2.217,""rms_ratio"":2.599,""diff_ratio"":1.891,""contact_probability"":0.00185249},{""index"":16,""time"":5.883,""score"":2.217,""rms_ratio"":2.174,""diff_ratio"":2.26,""contact_probability"":0.0002388},{""index"":17,""time"":6.077,""score"":2.109,""rms_ratio"":1.659,""diff_ratio"":2.681,""contact_probability"":0.001372},{""index"":18,""time"":6.318,""score"":2.088,""rms_ratio"":2.014,""diff_ratio"":2.165,""contact_probability"":0.00021603},{""index"":19,""time"":6.827,""score"":1.976,""rms_ratio"":2.199,""diff_ratio"":1.776,""contact_probability"":0.00021915},{""index"":20,""time"":0.767,""score"":1.961,""rms_ratio"":2.213,""diff_ratio"":1.737,""contact_probability"":0.20544569},{""index"":21,""time"":5.767,""score"":1.913,""rms_ratio"":1.711,""diff_ratio"":2.139,""contact_probability"":0.00132321},{""index"":22,""time"":6.622,""score"":1.892,""rms_ratio"":1.875,""diff_ratio"":1.909,""contact_probability"":0.00037776},{""index"":23,""time"":4.418,""score"":1.808,""rms_ratio"":1.494,""diff_ratio"":2.188,""contact_probability"":0.00035488},{""index"":24,""time"":3.122,""score"":1.768,""rms_ratio"":1.965,""diff_ratio"":1.591,""contact_probability"":0.00095092}]",candidate_selected
1172,F_1288,dataset/fly_ball/Codex_Workstation/F_1288,2.0,yes,14,0.962,0.98763369,3.15,0.7833643177503908,24,"[{""index"":1,""time"":1.975,""score"":1.544,""rms_ratio"":1.895,""diff_ratio"":1.258,""contact_probability"":0.00101076},{""index"":2,""time"":2.027,""score"":2.434,""rms_ratio"":2.805,""diff_ratio"":2.112,""contact_probability"":0.00160374},{""index"":3,""time"":2.088,""score"":1.858,""rms_ratio"":2.022,""diff_ratio"":1.707,""contact_probability"":0.00033801},{""index"":4,""time"":1.888,""score"":2.201,""rms_ratio"":1.814,""diff_ratio"":2.671,""contact_probability"":0.00035835},{""index"":5,""time"":2.148,""score"":2.155,""rms_ratio"":2.257,""diff_ratio"":2.058,""contact_probability"":0.00065362},{""index"":6,""time"":2.207,""score"":1.857,""rms_ratio"":2.052,""diff_ratio"":1.68,""contact_probability"":0.000112},{""index"":7,""time"":2.277,""score"":1.875,""rms_ratio"":2.038,""diff_ratio"":1.725,""contact_probability"":0.00011603},{""index"":8,""time"":1.722,""score"":1.691,""rms_ratio"":1.971,""diff_ratio"":1.452,""contact_probability"":0.00094173},{""index"":9,""time"":2.332,""score"":2.328,""rms_ratio"":2.467,""diff_ratio"":2.198,""contact_probability"":0.00223901},{""index"":10,""time"":2.398,""score"":2.178,""rms_ratio"":2.391,""diff_ratio"":1.984,""contact_probability"":0.00075862},{""index"":11,""time"":2.453,""score"":1.849,""rms_ratio"":1.742,""diff_ratio"":1.963,""contact_probability"":0.00068901},{""index"":12,""time"":2.537,""score"":1.545,""rms_ratio"":1.691,""diff_ratio"":1.411,""contact_probability"":0.00023889},{""index"":13,""time"":2.588,""score"":1.66,""rms_ratio"":1.961,""diff_ratio"":1.406,""contact_probability"":0.00050967},{""index"":14,""time"":0.962,""score"":3.15,""rms_ratio"":2.506,""diff_ratio"":3.96,""contact_probability"":0.98763369},{""index"":15,""time"":6.887,""score"":2.81,""rms_ratio"":2.42,""diff_ratio"":3.262,""contact_probability"":6.34e-06},{""index"":16,""time"":6.642,""score"":2.265,""rms_ratio"":2.16,""diff_ratio"":2.375,""contact_probability"":0.00080915},{""index"":17,""time"":6.372,""score"":2.248,""rms_ratio"":1.171,""diff_ratio"":4.314,""contact_probability"":0.00149602},{""index"":18,""time"":3.203,""score"":2.154,""rms_ratio"":1.481,""diff_ratio"":3.132,""contact_probability"":0.00123568},{""index"":19,""time"":6.142,""score"":2.1,""rms_ratio"":1.688,""diff_ratio"":2.612,""contact_probability"":0.00270494},{""index"":20,""time"":6.595,""score"":2.007,""rms_ratio"":1.746,""diff_ratio"":2.306,""contact_probability"":0.00054074},{""index"":21,""time"":3.392,""score"":1.914,""rms_ratio"":1.856,""diff_ratio"":1.973,""contact_probability"":0.00155074},{""index"":22,""time"":4.858,""score"":1.89,""rms_ratio"":1.756,""diff_ratio"":2.034,""contact_probability"":0.01833948},{""index"":23,""time"":6.472,""score"":1.821,""rms_ratio"":1.665,""diff_ratio"":1.992,""contact_probability"":0.00131096},{""index"":24,""time"":2.672,""score"":1.818,""rms_ratio"":2.078,""diff_ratio"":1.59,""contact_probability"":0.00162014}]",candidate_selected
1171,F_1287,dataset/fly_ball/Codex_Workstation/F_1287,2.0,no,,,0.03641126,,0.7833643177503908,24,"[{""index"":1,""time"":2.027,""score"":2.506,""rms_ratio"":2.945,""diff_ratio"":2.133,""contact_probability"":0.00220176},{""index"":2,""time"":1.972,""score"":2.288,""rms_ratio"":2.069,""diff_ratio"":2.53,""contact_probability"":0.00768693},{""index"":3,""time"":1.93,""score"":1.739,""rms_ratio"":1.471,""diff_ratio"":2.056,""contact_probability"":0.00104619},{""index"":4,""time"":2.082,""score"":2.226,""rms_ratio"":2.157,""diff_ratio"":2.299,""contact_probability"":0.00128873},{""index"":5,""time"":1.893,""score"":1.944,""rms_ratio"":2.233,""diff_ratio"":1.693,""contact_probability"":9.389e-05},{""index"":6,""time"":1.812,""score"":1.756,""rms_ratio"":1.798,""diff_ratio"":1.715,""contact_probability"":0.00057213},{""index"":7,""time"":2.223,""score"":2.443,""rms_ratio"":1.74,""diff_ratio"":3.429,""contact_probability"":0.0003071},{""index"":8,""time"":1.765,""score"":1.662,""rms_ratio"":2.018,""diff_ratio"":1.369,""contact_probability"":0.00304969},{""index"":9,""time"":2.297,""score"":1.912,""rms_ratio"":1.684,""diff_ratio"":2.17,""contact_probability"":0.0003088},{""index"":10,""time"":2.348,""score"":2.337,""rms_ratio"":1.931,""diff_ratio"":2.83,""contact_probability"":0.00101378},{""index"":11,""time"":1.628,""score"":2.42,""rms_ratio"":1.305,""diff_ratio"":4.489,""contact_probability"":0.01186347},{""index"":12,""time"":2.402,""score"":1.677,""rms_ratio"":1.575,""diff_ratio"":1.786,""contact_probability"":0.0023449},{""index"":13,""time"":2.45,""score"":1.311,""rms_ratio"":1.415,""diff_ratio"":1.214,""contact_probability"":0.00042452},{""index"":14,""time"":1.462,""score"":1.976,""rms_ratio"":2.086,""diff_ratio"":1.872,""contact_probability"":0.00404744},{""index"":15,""time"":1.408,""score"":2.082,""rms_ratio"":1.986,""diff_ratio"":2.182,""contact_probability"":0.00382564},{""index"":16,""time"":0.043,""score"":2.156,""rms_ratio"":1.372,""diff_ratio"":3.387,""contact_probability"":0.03641126},{""index"":17,""time"":0.308,""score"":2.116,""rms_ratio"":1.231,""diff_ratio"":3.636,""contact_probability"":0.00716756},{""index"":18,""time"":5.622,""score"":2.113,""rms_ratio"":1.901,""diff_ratio"":2.349,""contact_probability"":0.00038451},{""index"":19,""time"":5.787,""score"":1.915,""rms_ratio"":1.778,""diff_ratio"":2.063,""contact_probability"":0.00044053},{""index"":20,""time"":2.672,""score"":1.91,""rms_ratio"":1.651,""diff_ratio"":2.209,""contact_probability"":0.00149186},{""index"":21,""time"":2.888,""score"":1.857,""rms_ratio"":1.23,""diff_ratio"":2.804,""contact_probability"":0.00095166},{""index"":22,""time"":5.878,""score"":1.822,""rms_ratio"":2.143,""diff_ratio"":1.55,""contact_probability"":0.00127841},{""index"":23,""time"":4.952,""score"":1.817,""rms_ratio"":0.976,""diff_ratio"":3.301,""contact_probability"":0.02361636},{""index"":24,""time"":1.013,""score"":1.802,""rms_ratio"":0.87,""diff_ratio"":3.248,""contact_probability"":0.00402117}]",best_candidate_below_threshold
1170,F_1286,dataset/fly_ball/Codex_Workstation/F_1286,2.0,no,,,0.20820079,,0.7833643177503908,24,"[{""index"":1,""time"":2.027,""score"":2.823,""rms_ratio"":3.084,""diff_ratio"":2.584,""contact_probability"":0.00052374},{""index"":2,""time"":1.967,""score"":1.961,""rms_ratio"":2.203,""diff_ratio"":1.747,""contact_probability"":0.00050074},{""index"":3,""time"":2.092,""score"":2.679,""rms_ratio"":2.448,""diff_ratio"":2.933,""contact_probability"":0.0012246},{""index"":4,""time"":1.888,""score"":3.547,""rms_ratio"":1.791,""diff_ratio"":7.022,""contact_probability"":0.01187056},{""index"":5,""time"":2.162,""score"":1.984,""rms_ratio"":1.826,""diff_ratio"":2.155,""contact_probability"":0.00037345},{""index"":6,""time"":2.213,""score"":2.247,""rms_ratio"":2.195,""diff_ratio"":2.299,""contact_probability"":0.00070148},{""index"":7,""time"":1.758,""score"":1.904,""rms_ratio"":1.502,""diff_ratio"":2.414,""contact_probability"":0.00026061},{""index"":8,""time"":2.265,""score"":1.618,""rms_ratio"":1.781,""diff_ratio"":1.47,""contact_probability"":0.00034775},{""index"":9,""time"":1.702,""score"":1.751,""rms_ratio"":1.322,""diff_ratio"":2.319,""contact_probability"":0.00059733},{""index"":10,""time"":2.303,""score"":1.676,""rms_ratio"":1.915,""diff_ratio"":1.466,""contact_probability"":8.416e-05},{""index"":11,""time"":1.633,""score"":1.807,""rms_ratio"":1.352,""diff_ratio"":2.415,""contact_probability"":0.00190717},{""index"":12,""time"":1.572,""score"":1.621,""rms_ratio"":1.449,""diff_ratio"":1.813,""contact_probability"":0.00163824},{""index"":13,""time"":2.447,""score"":3.071,""rms_ratio"":1.833,""diff_ratio"":5.143,""contact_probability"":0.01539888},{""index"":14,""time"":6.207,""score"":2.795,""rms_ratio"":1.417,""diff_ratio"":5.512,""contact_probability"":0.20820079},{""index"":15,""time"":4.093,""score"":2.407,""rms_ratio"":1.17,""diff_ratio"":4.953,""contact_probability"":0.01454444},{""index"":16,""time"":6.727,""score"":2.259,""rms_ratio"":1.205,""diff_ratio"":4.237,""contact_probability"":0.07253877},{""index"":17,""time"":4.258,""score"":1.956,""rms_ratio"":1.491,""diff_ratio"":2.566,""contact_probability"":0.00162226},{""index"":18,""time"":5.157,""score"":1.871,""rms_ratio"":1.576,""diff_ratio"":2.221,""contact_probability"":0.01410527},{""index"":19,""time"":4.613,""score"":1.774,""rms_ratio"":1.739,""diff_ratio"":1.809,""contact_probability"":0.00076819},{""index"":20,""time"":6.617,""score"":1.748,""rms_ratio"":1.583,""diff_ratio"":1.931,""contact_probability"":0.00323667},{""index"":21,""time"":4.758,""score"":1.741,""rms_ratio"":1.592,""diff_ratio"":1.903,""contact_probability"":0.00100724},{""index"":22,""time"":3.822,""score"":1.715,""rms_ratio"":1.924,""diff_ratio"":1.53,""contact_probability"":0.00130274},{""index"":23,""time"":0.292,""score"":1.609,""rms_ratio"":1.309,""diff_ratio"":1.976,""contact_probability"":0.00093727},{""index"":24,""time"":1.212,""score"":1.551,""rms_ratio"":1.313,""diff_ratio"":1.831,""contact_probability"":0.00172776}]",best_candidate_below_threshold
1169,F_1285,dataset/fly_ball/Codex_Workstation/F_1285,2.0,no,,,0.01808814,,0.7833643177503908,24,"[{""index"":1,""time"":1.977,""score"":1.76,""rms_ratio"":1.763,""diff_ratio"":1.756,""contact_probability"":0.00236925},{""index"":2,""time"":2.037,""score"":2.262,""rms_ratio"":2.322,""diff_ratio"":2.204,""contact_probability"":0.00257644},{""index"":3,""time"":1.908,""score"":1.464,""rms_ratio"":1.455,""diff_ratio"":1.473,""contact_probability"":0.00017825},{""index"":4,""time"":2.122,""score"":1.615,""rms_ratio"":1.675,""diff_ratio"":1.558,""contact_probability"":0.00043091},{""index"":5,""time"":1.835,""score"":1.15,""rms_ratio"":1.323,""diff_ratio"":0.929,""contact_probability"":0.00220669},{""index"":6,""time"":2.203,""score"":1.343,""rms_ratio"":1.488,""diff_ratio"":1.211,""contact_probability"":6.434e-05},{""index"":7,""time"":2.257,""score"":1.698,""rms_ratio"":1.875,""diff_ratio"":1.538,""contact_probability"":0.0001735},{""index"":8,""time"":2.322,""score"":1.918,""rms_ratio"":2.253,""diff_ratio"":1.633,""contact_probability"":0.00032575},{""index"":9,""time"":2.365,""score"":1.785,""rms_ratio"":1.954,""diff_ratio"":1.631,""contact_probability"":0.00044425},{""index"":10,""time"":1.615,""score"":1.173,""rms_ratio"":1.0,""diff_ratio"":1.376,""contact_probability"":0.00209479},{""index"":11,""time"":2.443,""score"":1.781,""rms_ratio"":1.897,""diff_ratio"":1.673,""contact_probability"":0.00015397},{""index"":12,""time"":1.518,""score"":1.306,""rms_ratio"":1.26,""diff_ratio"":1.353,""contact_probability"":0.00092404},{""index"":13,""time"":2.533,""score"":1.647,""rms_ratio"":1.965,""diff_ratio"":1.38,""contact_probability"":0.00011767},{""index"":14,""time"":2.588,""score"":1.615,""rms_ratio"":1.676,""diff_ratio"":1.556,""contact_probability"":0.00011973},{""index"":15,""time"":0.327,""score"":2.158,""rms_ratio"":0.894,""diff_ratio"":4.658,""contact_probability"":0.00197937},{""index"":16,""time"":0.442,""score"":2.056,""rms_ratio"":1.723,""diff_ratio"":2.452,""contact_probability"":0.01808814},{""index"":17,""time"":0.188,""score"":1.969,""rms_ratio"":1.597,""diff_ratio"":2.427,""contact_probability"":0.01318048},{""index"":18,""time"":4.742,""score"":1.938,""rms_ratio"":0.941,""diff_ratio"":3.757,""contact_probability"":0.00260869},{""index"":19,""time"":2.872,""score"":1.815,""rms_ratio"":2.248,""diff_ratio"":1.466,""contact_probability"":0.00074911},{""index"":20,""time"":6.682,""score"":1.783,""rms_ratio"":0.775,""diff_ratio"":3.179,""contact_probability"":0.00991742},{""index"":21,""time"":2.638,""score"":1.746,""rms_ratio"":1.951,""diff_ratio"":1.563,""contact_probability"":0.0002788},{""index"":22,""time"":2.915,""score"":1.694,""rms_ratio"":1.707,""diff_ratio"":1.681,""contact_probability"":0.00078041},{""index"":23,""time"":2.767,""score"":1.682,""rms_ratio"":1.88,""diff_ratio"":1.505,""contact_probability"":0.00030324},{""index"":24,""time"":5.773,""score"":1.669,""rms_ratio"":1.819,""diff_ratio"":1.531,""contact_probability"":0.00112625}]",best_candidate_below_threshold
1168,F_1284,dataset/fly_ball/Codex_Workstation/F_1284,2.0,no,,,0.00713572,,0.7833643177503908,24,"[{""index"":1,""time"":2.013,""score"":1.989,""rms_ratio"":2.178,""diff_ratio"":1.817,""contact_probability"":0.00073644},{""index"":2,""time"":1.975,""score"":1.456,""rms_ratio"":1.61,""diff_ratio"":1.317,""contact_probability"":0.000221},{""index"":3,""time"":2.072,""score"":1.567,""rms_ratio"":1.95,""diff_ratio"":1.259,""contact_probability"":0.00026246},{""index"":4,""time"":1.908,""score"":1.71,""rms_ratio"":1.931,""diff_ratio"":1.515,""contact_probability"":0.000561},{""index"":5,""time"":2.142,""score"":1.268,""rms_ratio"":1.405,""diff_ratio"":1.145,""contact_probability"":0.00027317},{""index"":6,""time"":1.837,""score"":1.55,""rms_ratio"":1.117,""diff_ratio"":2.151,""contact_probability"":0.00042118},{""index"":7,""time"":2.193,""score"":1.588,""rms_ratio"":1.286,""diff_ratio"":1.961,""contact_probability"":0.00048088},{""index"":8,""time"":1.722,""score"":1.666,""rms_ratio"":1.286,""diff_ratio"":2.158,""contact_probability"":0.0019249},{""index"":9,""time"":2.283,""score"":1.639,""rms_ratio"":0.642,""diff_ratio"":2.686,""contact_probability"":0.00079483},{""index"":10,""time"":2.362,""score"":1.648,""rms_ratio"":1.256,""diff_ratio"":2.163,""contact_probability"":0.00375833},{""index"":11,""time"":1.582,""score"":1.263,""rms_ratio"":1.215,""diff_ratio"":1.314,""contact_probability"":0.00137248},{""index"":12,""time"":1.535,""score"":1.22,""rms_ratio"":1.245,""diff_ratio"":1.195,""contact_probability"":0.00142199},{""index"":13,""time"":2.527,""score"":1.609,""rms_ratio"":1.387,""diff_ratio"":1.865,""contact_probability"":0.00713572},{""index"":14,""time"":2.582,""score"":1.248,""rms_ratio"":1.076,""diff_ratio"":1.446,""contact_probability"":0.00142185},{""index"":15,""time"":6.258,""score"":1.85,""rms_ratio"":0.662,""diff_ratio"":3.424,""contact_probability"":0.00294389},{""index"":16,""time"":4.682,""score"":1.774,""rms_ratio"":1.647,""diff_ratio"":1.91,""contact_probability"":0.00076481},{""index"":17,""time"":6.295,""score"":1.771,""rms_ratio"":0.617,""diff_ratio"":3.136,""contact_probability"":0.00081637},{""index"":18,""time"":5.028,""score"":1.739,""rms_ratio"":0.822,""diff_ratio"":3.026,""contact_probability"":0.00400904},{""index"":19,""time"":3.537,""score"":1.724,""rms_ratio"":1.412,""diff_ratio"":2.106,""contact_probability"":0.00064008},{""index"":20,""time"":3.418,""score"":1.671,""rms_ratio"":1.67,""diff_ratio"":1.672,""contact_probability"":0.00048126},{""index"":21,""time"":3.943,""score"":1.659,""rms_ratio"":2.028,""diff_ratio"":1.358,""contact_probability"":0.00085965},{""index"":22,""time"":1.312,""score"":1.643,""rms_ratio"":0.659,""diff_ratio"":2.699,""contact_probability"":0.00096566},{""index"":23,""time"":2.733,""score"":1.609,""rms_ratio"":1.728,""diff_ratio"":1.499,""contact_probability"":0.00458296},{""index"":24,""time"":4.097,""score"":1.602,""rms_ratio"":1.525,""diff_ratio"":1.683,""contact_probability"":0.00079603}]",best_candidate_below_threshold
1167,F_1283,dataset/fly_ball/Codex_Workstation/F_1283,2.0,yes,1,2.007,0.98362539,6.55,0.7833643177503908,24,"[{""index"":1,""time"":2.007,""score"":6.55,""rms_ratio"":4.88,""diff_ratio"":8.791,""contact_probability"":0.98362539},{""index"":2,""time"":1.817,""score"":1.292,""rms_ratio"":1.327,""diff_ratio"":1.259,""contact_probability"":0.00031262},{""index"":3,""time"":2.588,""score"":1.154,""rms_ratio"":1.331,""diff_ratio"":0.816,""contact_probability"":0.00059428},{""index"":4,""time"":6.282,""score"":3.651,""rms_ratio"":3.299,""diff_ratio"":4.041,""contact_probability"":0.4234943},{""index"":5,""time"":6.907,""score"":3.4,""rms_ratio"":3.185,""diff_ratio"":3.631,""contact_probability"":0.00039275},{""index"":6,""time"":5.347,""score"":3.278,""rms_ratio"":2.912,""diff_ratio"":3.689,""contact_probability"":0.1687587},{""index"":7,""time"":6.593,""score"":2.726,""rms_ratio"":1.703,""diff_ratio"":4.363,""contact_probability"":0.01039647},{""index"":8,""time"":4.773,""score"":2.602,""rms_ratio"":2.16,""diff_ratio"":3.135,""contact_probability"":0.00052731},{""index"":9,""time"":6.688,""score"":2.6,""rms_ratio"":2.658,""diff_ratio"":2.543,""contact_probability"":0.00595605},{""index"":10,""time"":4.338,""score"":2.53,""rms_ratio"":2.383,""diff_ratio"":2.687,""contact_probability"":0.00896855},{""index"":11,""time"":3.507,""score"":2.504,""rms_ratio"":2.202,""diff_ratio"":2.847,""contact_probability"":0.02118543},{""index"":12,""time"":4.688,""score"":2.421,""rms_ratio"":2.038,""diff_ratio"":2.876,""contact_probability"":0.00036524},{""index"":13,""time"":4.008,""score"":2.326,""rms_ratio"":2.225,""diff_ratio"":2.431,""contact_probability"":0.00376632},{""index"":14,""time"":5.653,""score"":2.321,""rms_ratio"":2.232,""diff_ratio"":2.414,""contact_probability"":0.00123541},{""index"":15,""time"":3.303,""score"":2.293,""rms_ratio"":1.984,""diff_ratio"":2.65,""contact_probability"":0.0831965},{""index"":16,""time"":5.927,""score"":2.223,""rms_ratio"":1.942,""diff_ratio"":2.544,""contact_probability"":0.00105684},{""index"":17,""time"":5.812,""score"":2.054,""rms_ratio"":2.015,""diff_ratio"":2.093,""contact_probability"":0.00123156},{""index"":18,""time"":4.448,""score"":2.011,""rms_ratio"":1.57,""diff_ratio"":2.578,""contact_probability"":0.0019775},{""index"":19,""time"":4.863,""score"":2.007,""rms_ratio"":1.909,""diff_ratio"":2.109,""contact_probability"":0.00098918},{""index"":20,""time"":4.148,""score"":1.962,""rms_ratio"":1.31,""diff_ratio"":2.938,""contact_probability"":0.00073317},{""index"":21,""time"":3.632,""score"":1.935,""rms_ratio"":1.636,""diff_ratio"":2.288,""contact_probability"":0.00408436},{""index"":22,""time"":5.093,""score"":1.878,""rms_ratio"":2.049,""diff_ratio"":1.721,""contact_probability"":0.00044756},{""index"":23,""time"":5.233,""score"":1.845,""rms_ratio"":1.903,""diff_ratio"":1.789,""contact_probability"":0.00137754},{""index"":24,""time"":5.503,""score"":1.842,""rms_ratio"":1.859,""diff_ratio"":1.825,""contact_probability"":0.0001742}]",candidate_selected
1166,F_1282,dataset/fly_ball/Codex_Workstation/F_1282,2.0,no,,,0.17159412,,0.7833643177503908,24,"[{""index"":1,""time"":2.007,""score"":2.834,""rms_ratio"":3.424,""diff_ratio"":2.346,""contact_probability"":0.00091714},{""index"":2,""time"":1.947,""score"":3.025,""rms_ratio"":3.05,""diff_ratio"":2.999,""contact_probability"":0.00055037},{""index"":3,""time"":2.072,""score"":2.287,""rms_ratio"":2.976,""diff_ratio"":1.757,""contact_probability"":0.01006802},{""index"":4,""time"":1.867,""score"":2.763,""rms_ratio"":2.814,""diff_ratio"":2.714,""contact_probability"":0.00040243},{""index"":5,""time"":1.663,""score"":1.447,""rms_ratio"":1.633,""diff_ratio"":1.283,""contact_probability"":0.00203798},{""index"":6,""time"":1.503,""score"":2.044,""rms_ratio"":2.065,""diff_ratio"":2.022,""contact_probability"":0.00211808},{""index"":7,""time"":1.452,""score"":1.509,""rms_ratio"":1.835,""diff_ratio"":1.241,""contact_probability"":0.00207028},{""index"":8,""time"":1.405,""score"":1.18,""rms_ratio"":1.391,""diff_ratio"":0.932,""contact_probability"":0.0012622},{""index"":9,""time"":3.128,""score"":3.617,""rms_ratio"":2.804,""diff_ratio"":4.666,""contact_probability"":0.00511419},{""index"":10,""time"":0.502,""score"":3.3,""rms_ratio"":3.044,""diff_ratio"":3.578,""contact_probability"":0.00810853},{""index"":11,""time"":5.878,""score"":3.148,""rms_ratio"":3.114,""diff_ratio"":3.183,""contact_probability"":0.01968118},{""index"":12,""time"":1.337,""score"":3.062,""rms_ratio"":3.29,""diff_ratio"":2.85,""contact_probability"":0.00862614},{""index"":13,""time"":0.093,""score"":3.002,""rms_ratio"":2.819,""diff_ratio"":3.196,""contact_probability"":0.17159412},{""index"":14,""time"":3.908,""score"":2.952,""rms_ratio"":3.403,""diff_ratio"":2.561,""contact_probability"":0.03852798},{""index"":15,""time"":3.352,""score"":2.795,""rms_ratio"":2.673,""diff_ratio"":2.924,""contact_probability"":0.01305834},{""index"":16,""time"":2.963,""score"":2.743,""rms_ratio"":2.25,""diff_ratio"":3.343,""contact_probability"":0.00050124},{""index"":17,""time"":5.448,""score"":2.716,""rms_ratio"":3.033,""diff_ratio"":2.433,""contact_probability"":0.00462893},{""index"":18,""time"":5.003,""score"":2.697,""rms_ratio"":2.381,""diff_ratio"":3.055,""contact_probability"":0.13180305},{""index"":19,""time"":1.087,""score"":2.632,""rms_ratio"":2.243,""diff_ratio"":3.089,""contact_probability"":0.00309334},{""index"":20,""time"":5.653,""score"":2.606,""rms_ratio"":2.496,""diff_ratio"":2.72,""contact_probability"":0.00310794},{""index"":21,""time"":0.013,""score"":2.453,""rms_ratio"":1.269,""diff_ratio"":4.743,""contact_probability"":0.08579912},{""index"":22,""time"":4.492,""score"":2.395,""rms_ratio"":2.142,""diff_ratio"":2.678,""contact_probability"":0.00406004},{""index"":23,""time"":1.173,""score"":2.393,""rms_ratio"":1.235,""diff_ratio"":4.635,""contact_probability"":0.01088579},{""index"":24,""time"":6.548,""score"":2.348,""rms_ratio"":2.747,""diff_ratio"":2.007,""contact_probability"":0.10168657}]",best_candidate_below_threshold
1165,F_1281,dataset/fly_ball/Codex_Workstation/F_1281,2.0,no,,,0.10114988,,0.7833643177503908,24,"[{""index"":1,""time"":2.017,""score"":2.087,""rms_ratio"":2.687,""diff_ratio"":1.621,""contact_probability"":0.02416906},{""index"":2,""time"":1.91,""score"":1.261,""rms_ratio"":1.163,""diff_ratio"":1.368,""contact_probability"":0.00053071},{""index"":3,""time"":2.098,""score"":1.699,""rms_ratio"":1.447,""diff_ratio"":1.994,""contact_probability"":0.00807408},{""index"":4,""time"":1.872,""score"":1.777,""rms_ratio"":1.546,""diff_ratio"":2.043,""contact_probability"":0.00934902},{""index"":5,""time"":2.158,""score"":1.533,""rms_ratio"":1.44,""diff_ratio"":1.633,""contact_probability"":0.0003694},{""index"":6,""time"":1.812,""score"":3.409,""rms_ratio"":1.646,""diff_ratio"":7.062,""contact_probability"":0.03119474},{""index"":7,""time"":2.243,""score"":1.592,""rms_ratio"":1.349,""diff_ratio"":1.88,""contact_probability"":0.00063823},{""index"":8,""time"":1.673,""score"":1.633,""rms_ratio"":1.642,""diff_ratio"":1.625,""contact_probability"":0.00151118},{""index"":9,""time"":2.358,""score"":1.747,""rms_ratio"":1.508,""diff_ratio"":2.024,""contact_probability"":0.00359612},{""index"":10,""time"":1.597,""score"":1.552,""rms_ratio"":1.319,""diff_ratio"":1.827,""contact_probability"":0.00129871},{""index"":11,""time"":1.528,""score"":2.54,""rms_ratio"":2.189,""diff_ratio"":2.948,""contact_probability"":0.0070952},{""index"":12,""time"":2.53,""score"":1.157,""rms_ratio"":0.895,""diff_ratio"":1.34,""contact_probability"":0.00102133},{""index"":13,""time"":1.447,""score"":1.772,""rms_ratio"":1.706,""diff_ratio"":1.84,""contact_probability"":0.00058245},{""index"":14,""time"":2.588,""score"":2.245,""rms_ratio"":1.744,""diff_ratio"":2.889,""contact_probability"":0.00990052},{""index"":15,""time"":0.493,""score"":3.088,""rms_ratio"":2.359,""diff_ratio"":4.042,""contact_probability"":0.01771576},{""index"":16,""time"":1.278,""score"":2.786,""rms_ratio"":2.048,""diff_ratio"":3.79,""contact_probability"":0.00360272},{""index"":17,""time"":3.267,""score"":2.395,""rms_ratio"":1.952,""diff_ratio"":2.939,""contact_probability"":0.10114988},{""index"":18,""time"":4.287,""score"":2.383,""rms_ratio"":2.128,""diff_ratio"":2.668,""contact_probability"":0.01441666},{""index"":19,""time"":3.543,""score"":2.307,""rms_ratio"":2.035,""diff_ratio"":2.617,""contact_probability"":0.02873795},{""index"":20,""time"":2.912,""score"":2.208,""rms_ratio"":1.873,""diff_ratio"":2.601,""contact_probability"":0.03676154},{""index"":21,""time"":5.057,""score"":2.152,""rms_ratio"":1.406,""diff_ratio"":3.293,""contact_probability"":0.00623192},{""index"":22,""time"":0.292,""score"":2.105,""rms_ratio"":1.905,""diff_ratio"":2.325,""contact_probability"":0.00988216},{""index"":23,""time"":4.113,""score"":2.042,""rms_ratio"":1.692,""diff_ratio"":2.465,""contact_probability"":0.00605738},{""index"":24,""time"":3.672,""score"":1.988,""rms_ratio"":2.026,""diff_ratio"":1.95,""contact_probability"":0.01587876}]",best_candidate_below_threshold
1164,F_1280,dataset/fly_ball/Codex_Workstation/F_1280,3.91,yes,1,3.932,0.97922401,11.247,0.7833643177503908,24,"[{""index"":1,""time"":3.932,""score"":11.247,""rms_ratio"":7.214,""diff_ratio"":17.534,""contact_probability"":0.97922401},{""index"":2,""time"":3.878,""score"":2.017,""rms_ratio"":2.625,""diff_ratio"":1.549,""contact_probability"":0.00886537},{""index"":3,""time"":4.017,""score"":1.95,""rms_ratio"":2.261,""diff_ratio"":1.681,""contact_probability"":0.00481831},{""index"":4,""time"":3.777,""score"":1.481,""rms_ratio"":1.567,""diff_ratio"":1.4,""contact_probability"":0.00017182},{""index"":5,""time"":4.065,""score"":1.566,""rms_ratio"":1.88,""diff_ratio"":1.304,""contact_probability"":0.00046456},{""index"":6,""time"":4.113,""score"":1.498,""rms_ratio"":1.714,""diff_ratio"":1.309,""contact_probability"":0.00042735},{""index"":7,""time"":3.642,""score"":2.491,""rms_ratio"":1.631,""diff_ratio"":3.803,""contact_probability"":0.0017598},{""index"":8,""time"":4.207,""score"":1.869,""rms_ratio"":2.081,""diff_ratio"":1.679,""contact_probability"":0.00458457},{""index"":9,""time"":4.262,""score"":1.481,""rms_ratio"":1.309,""diff_ratio"":1.675,""contact_probability"":0.00391607},{""index"":10,""time"":3.497,""score"":2.372,""rms_ratio"":2.476,""diff_ratio"":2.272,""contact_probability"":0.06023911},{""index"":11,""time"":4.343,""score"":1.553,""rms_ratio"":1.344,""diff_ratio"":1.794,""contact_probability"":0.00269588},{""index"":12,""time"":4.427,""score"":1.474,""rms_ratio"":1.163,""diff_ratio"":1.866,""contact_probability"":0.00060238},{""index"":13,""time"":3.312,""score"":1.728,""rms_ratio"":1.447,""diff_ratio"":2.063,""contact_probability"":0.00191745},{""index"":14,""time"":1.487,""score"":3.484,""rms_ratio"":1.647,""diff_ratio"":7.37,""contact_probability"":0.10883696},{""index"":15,""time"":5.543,""score"":2.405,""rms_ratio"":1.891,""diff_ratio"":3.059,""contact_probability"":0.09750257},{""index"":16,""time"":6.548,""score"":2.302,""rms_ratio"":1.741,""diff_ratio"":3.045,""contact_probability"":0.07814677},{""index"":17,""time"":0.222,""score"":2.197,""rms_ratio"":2.17,""diff_ratio"":2.224,""contact_probability"":0.18738446},{""index"":18,""time"":3.057,""score"":2.177,""rms_ratio"":1.905,""diff_ratio"":2.488,""contact_probability"":0.23967292},{""index"":19,""time"":0.688,""score"":2.117,""rms_ratio"":1.057,""diff_ratio"":4.243,""contact_probability"":0.00260873},{""index"":20,""time"":0.498,""score"":2.105,""rms_ratio"":2.87,""diff_ratio"":1.543,""contact_probability"":0.02918595},{""index"":21,""time"":2.428,""score"":2.014,""rms_ratio"":2.039,""diff_ratio"":1.99,""contact_probability"":0.15645736},{""index"":22,""time"":5.097,""score"":2.006,""rms_ratio"":1.664,""diff_ratio"":2.419,""contact_probability"":0.00503507},{""index"":23,""time"":5.332,""score"":1.989,""rms_ratio"":1.604,""diff_ratio"":2.466,""contact_probability"":0.07224936},{""index"":24,""time"":3.193,""score"":1.944,""rms_ratio"":1.937,""diff_ratio"":1.95,""contact_probability"":0.00737954}]",candidate_selected
1163,F_1279,dataset/fly_ball/Codex_Workstation/F_1279,2.0,no,,,0.07729379,,0.7833643177503908,24,"[{""index"":1,""time"":2.027,""score"":3.035,""rms_ratio"":2.904,""diff_ratio"":3.17,""contact_probability"":0.00064597},{""index"":2,""time"":1.928,""score"":3.124,""rms_ratio"":2.351,""diff_ratio"":4.152,""contact_probability"":0.00076243},{""index"":3,""time"":2.108,""score"":2.541,""rms_ratio"":2.295,""diff_ratio"":2.813,""contact_probability"":0.00014958},{""index"":4,""time"":1.872,""score"":3.911,""rms_ratio"":2.462,""diff_ratio"":6.214,""contact_probability"":0.00095334},{""index"":5,""time"":2.168,""score"":3.077,""rms_ratio"":2.269,""diff_ratio"":4.172,""contact_probability"":0.00060994},{""index"":6,""time"":1.815,""score"":2.213,""rms_ratio"":2.128,""diff_ratio"":2.301,""contact_probability"":0.0001656},{""index"":7,""time"":2.257,""score"":3.421,""rms_ratio"":2.948,""diff_ratio"":3.97,""contact_probability"":0.00056637},{""index"":8,""time"":1.732,""score"":2.996,""rms_ratio"":2.548,""diff_ratio"":3.522,""contact_probability"":0.00105716},{""index"":9,""time"":1.668,""score"":3.058,""rms_ratio"":2.725,""diff_ratio"":3.431,""contact_probability"":0.01271618},{""index"":10,""time"":2.338,""score"":2.66,""rms_ratio"":2.723,""diff_ratio"":2.6,""contact_probability"":0.00043505},{""index"":11,""time"":2.402,""score"":2.743,""rms_ratio"":2.506,""diff_ratio"":3.003,""contact_probability"":0.00036631},{""index"":12,""time"":2.477,""score"":3.171,""rms_ratio"":3.172,""diff_ratio"":3.171,""contact_probability"":0.00064875},{""index"":13,""time"":1.51,""score"":1.517,""rms_ratio"":1.365,""diff_ratio"":1.687,""contact_probability"":0.00016269},{""index"":14,""time"":2.525,""score"":2.74,""rms_ratio"":2.53,""diff_ratio"":2.969,""contact_probability"":0.00058292},{""index"":15,""time"":1.45,""score"":1.525,""rms_ratio"":1.581,""diff_ratio"":1.47,""contact_probability"":0.00039383},{""index"":16,""time"":2.582,""score"":2.483,""rms_ratio"":2.176,""diff_ratio"":2.834,""contact_probability"":0.0007283},{""index"":17,""time"":2.977,""score"":2.649,""rms_ratio"":2.76,""diff_ratio"":2.543,""contact_probability"":0.00101057},{""index"":18,""time"":2.727,""score"":2.518,""rms_ratio"":2.571,""diff_ratio"":2.466,""contact_probability"":0.00046794},{""index"":19,""time"":3.062,""score"":2.463,""rms_ratio"":2.434,""diff_ratio"":2.493,""contact_probability"":0.00125443},{""index"":20,""time"":5.903,""score"":2.251,""rms_ratio"":2.318,""diff_ratio"":2.187,""contact_probability"":0.07729379},{""index"":21,""time"":2.888,""score"":2.197,""rms_ratio"":2.371,""diff_ratio"":2.036,""contact_probability"":0.0031019},{""index"":22,""time"":1.778,""score"":2.13,""rms_ratio"":1.873,""diff_ratio"":2.423,""contact_probability"":0.00040323},{""index"":23,""time"":2.805,""score"":2.119,""rms_ratio"":2.238,""diff_ratio"":2.007,""contact_probability"":0.00274442},{""index"":24,""time"":3.188,""score"":2.043,""rms_ratio"":1.983,""diff_ratio"":2.103,""contact_probability"":0.00067932}]",best_candidate_below_threshold
1162,F_1278,dataset/fly_ball/Codex_Workstation/F_1278,1.88,yes,1,1.898,0.99583906,8.017,0.7833643177503908,24,"[{""index"":1,""time"":1.898,""score"":8.017,""rms_ratio"":6.001,""diff_ratio"":10.71,""contact_probability"":0.99583906},{""index"":2,""time"":1.822,""score"":1.24,""rms_ratio"":1.454,""diff_ratio"":1.057,""contact_probability"":0.00304853},{""index"":3,""time"":1.992,""score"":1.597,""rms_ratio"":1.247,""diff_ratio"":2.045,""contact_probability"":0.03331718},{""index"":4,""time"":1.747,""score"":1.659,""rms_ratio"":2.067,""diff_ratio"":1.332,""contact_probability"":0.00544611},{""index"":5,""time"":2.082,""score"":1.23,""rms_ratio"":1.123,""diff_ratio"":1.348,""contact_probability"":0.00161164},{""index"":6,""time"":1.477,""score"":1.329,""rms_ratio"":1.274,""diff_ratio"":1.386,""contact_probability"":0.06643729},{""index"":7,""time"":4.097,""score"":4.057,""rms_ratio"":1.972,""diff_ratio"":8.348,""contact_probability"":0.0104878},{""index"":8,""time"":3.342,""score"":3.309,""rms_ratio"":3.808,""diff_ratio"":2.875,""contact_probability"":0.00287562},{""index"":9,""time"":4.767,""score"":3.305,""rms_ratio"":1.96,""diff_ratio"":5.574,""contact_probability"":0.00891289},{""index"":10,""time"":2.938,""score"":3.169,""rms_ratio"":3.349,""diff_ratio"":2.999,""contact_probability"":0.00026056},{""index"":11,""time"":2.763,""score"":3.075,""rms_ratio"":3.315,""diff_ratio"":2.851,""contact_probability"":0.00107017},{""index"":12,""time"":3.142,""score"":2.926,""rms_ratio"":3.11,""diff_ratio"":2.753,""contact_probability"":0.00018883},{""index"":13,""time"":3.648,""score"":2.864,""rms_ratio"":2.026,""diff_ratio"":4.046,""contact_probability"":0.0008783},{""index"":14,""time"":3.918,""score"":2.732,""rms_ratio"":2.73,""diff_ratio"":2.734,""contact_probability"":0.00084609},{""index"":15,""time"":4.338,""score"":2.718,""rms_ratio"":1.842,""diff_ratio"":4.009,""contact_probability"":0.00071168},{""index"":16,""time"":5.903,""score"":2.686,""rms_ratio"":1.968,""diff_ratio"":3.666,""contact_probability"":0.00732192},{""index"":17,""time"":3.443,""score"":2.67,""rms_ratio"":2.79,""diff_ratio"":2.556,""contact_probability"":0.00095966},{""index"":18,""time"":2.845,""score"":2.614,""rms_ratio"":2.741,""diff_ratio"":2.493,""contact_probability"":0.0001901},{""index"":19,""time"":3.043,""score"":2.5,""rms_ratio"":2.67,""diff_ratio"":2.341,""contact_probability"":0.00023328},{""index"":20,""time"":3.783,""score"":2.489,""rms_ratio"":2.045,""diff_ratio"":3.028,""contact_probability"":0.00037334},{""index"":21,""time"":4.193,""score"":2.35,""rms_ratio"":2.191,""diff_ratio"":2.52,""contact_probability"":0.00086304},{""index"":22,""time"":2.648,""score"":2.285,""rms_ratio"":2.26,""diff_ratio"":2.31,""contact_probability"":0.00109747},{""index"":23,""time"":4.39,""score"":2.237,""rms_ratio"":1.991,""diff_ratio"":2.515,""contact_probability"":0.00160174},{""index"":24,""time"":4.443,""score"":2.202,""rms_ratio"":2.043,""diff_ratio"":2.373,""contact_probability"":0.00276566}]",candidate_selected
1161,F_1277,dataset/fly_ball/Codex_Workstation/F_1277,2.0,yes,9,1.597,0.94043396,1.852,0.7833643177503908,24,"[{""index"":1,""time"":2.033,""score"":5.023,""rms_ratio"":6.556,""diff_ratio"":3.849,""contact_probability"":0.02574635},{""index"":2,""time"":1.952,""score"":3.686,""rms_ratio"":4.233,""diff_ratio"":3.209,""contact_probability"":0.00424364},{""index"":3,""time"":1.893,""score"":1.842,""rms_ratio"":2.701,""diff_ratio"":1.257,""contact_probability"":0.001507},{""index"":4,""time"":1.845,""score"":1.266,""rms_ratio"":1.602,""diff_ratio"":0.697,""contact_probability"":5.205e-05},{""index"":5,""time"":2.162,""score"":4.486,""rms_ratio"":5.907,""diff_ratio"":3.407,""contact_probability"":0.03704482},{""index"":6,""time"":2.257,""score"":5.686,""rms_ratio"":6.332,""diff_ratio"":5.105,""contact_probability"":0.03746567},{""index"":7,""time"":2.312,""score"":4.529,""rms_ratio"":4.007,""diff_ratio"":5.119,""contact_probability"":0.32151118},{""index"":8,""time"":2.368,""score"":1.432,""rms_ratio"":1.882,""diff_ratio"":1.09,""contact_probability"":0.01574065},{""index"":9,""time"":1.597,""score"":1.852,""rms_ratio"":0.846,""diff_ratio"":3.429,""contact_probability"":0.94043396},{""index"":10,""time"":1.538,""score"":1.764,""rms_ratio"":0.667,""diff_ratio"":3.112,""contact_probability"":0.9361154},{""index"":11,""time"":5.653,""score"":4.934,""rms_ratio"":2.012,""diff_ratio"":12.099,""contact_probability"":0.02215243},{""index"":12,""time"":3.658,""score"":4.757,""rms_ratio"":4.818,""diff_ratio"":4.697,""contact_probability"":0.0826312},{""index"":13,""time"":4.367,""score"":4.145,""rms_ratio"":3.506,""diff_ratio"":4.901,""contact_probability"":0.10321789},{""index"":14,""time"":5.747,""score"":4.006,""rms_ratio"":3.755,""diff_ratio"":4.274,""contact_probability"":0.04809655},{""index"":15,""time"":4.048,""score"":3.751,""rms_ratio"":4.828,""diff_ratio"":2.915,""contact_probability"":0.06906202},{""index"":16,""time"":4.537,""score"":3.668,""rms_ratio"":3.013,""diff_ratio"":4.466,""contact_probability"":0.02251961},{""index"":17,""time"":6.693,""score"":3.608,""rms_ratio"":2.707,""diff_ratio"":4.808,""contact_probability"":0.03900374},{""index"":18,""time"":5.575,""score"":3.519,""rms_ratio"":1.347,""diff_ratio"":9.191,""contact_probability"":0.05081503},{""index"":19,""time"":0.488,""score"":3.197,""rms_ratio"":1.292,""diff_ratio"":7.909,""contact_probability"":0.06541644},{""index"":20,""time"":1.097,""score"":3.108,""rms_ratio"":3.289,""diff_ratio"":2.937,""contact_probability"":0.23993439},{""index"":21,""time"":0.007,""score"":3.082,""rms_ratio"":3.837,""diff_ratio"":2.476,""contact_probability"":0.02899189},{""index"":22,""time"":4.727,""score"":3.027,""rms_ratio"":3.917,""diff_ratio"":2.34,""contact_probability"":0.4985825},{""index"":23,""time"":6.867,""score"":3.015,""rms_ratio"":3.321,""diff_ratio"":2.737,""contact_probability"":0.00039307},{""index"":24,""time"":6.088,""score"":3.011,""rms_ratio"":3.272,""diff_ratio"":2.771,""contact_probability"":0.061139}]",candidate_selected
1160,F_1276,dataset/fly_ball/Codex_Workstation/F_1276,0.28,yes,10,2.668,0.98382293,5.294,0.7833643177503908,24,"[{""index"":1,""time"":0.312,""score"":2.613,""rms_ratio"":2.958,""diff_ratio"":2.308,""contact_probability"":0.38943539},{""index"":2,""time"":0.368,""score"":1.818,""rms_ratio"":2.254,""diff_ratio"":1.466,""contact_probability"":0.04217913},{""index"":3,""time"":0.172,""score"":1.987,""rms_ratio"":2.439,""diff_ratio"":1.619,""contact_probability"":0.02675761},{""index"":4,""time"":0.102,""score"":1.47,""rms_ratio"":0.767,""diff_ratio"":2.162,""contact_probability"":0.0022264},{""index"":5,""time"":0.533,""score"":1.206,""rms_ratio"":1.203,""diff_ratio"":1.208,""contact_probability"":0.00043775},{""index"":6,""time"":0.618,""score"":2.221,""rms_ratio"":2.925,""diff_ratio"":1.686,""contact_probability"":0.09741407},{""index"":7,""time"":0.673,""score"":1.785,""rms_ratio"":1.991,""diff_ratio"":1.6,""contact_probability"":0.0325029},{""index"":8,""time"":0.793,""score"":1.227,""rms_ratio"":0.629,""diff_ratio"":1.505,""contact_probability"":5.495e-05},{""index"":9,""time"":0.853,""score"":1.229,""rms_ratio"":1.509,""diff_ratio"":0.689,""contact_probability"":0.00050188},{""index"":10,""time"":2.668,""score"":5.294,""rms_ratio"":3.84,""diff_ratio"":7.297,""contact_probability"":0.98382293},{""index"":11,""time"":4.113,""score"":3.242,""rms_ratio"":2.584,""diff_ratio"":4.067,""contact_probability"":0.01088457},{""index"":12,""time"":1.612,""score"":3.007,""rms_ratio"":1.504,""diff_ratio"":6.013,""contact_probability"":0.03069971},{""index"":13,""time"":3.372,""score"":2.908,""rms_ratio"":1.488,""diff_ratio"":5.685,""contact_probability"":0.00635323},{""index"":14,""time"":4.412,""score"":2.719,""rms_ratio"":2.163,""diff_ratio"":3.419,""contact_probability"":0.01561034},{""index"":15,""time"":3.247,""score"":2.516,""rms_ratio"":2.235,""diff_ratio"":2.833,""contact_probability"":0.01583855},{""index"":16,""time"":3.842,""score"":2.414,""rms_ratio"":1.872,""diff_ratio"":3.113,""contact_probability"":0.00041416},{""index"":17,""time"":4.682,""score"":2.337,""rms_ratio"":1.907,""diff_ratio"":2.864,""contact_probability"":0.00284154},{""index"":18,""time"":7.003,""score"":2.1,""rms_ratio"":2.117,""diff_ratio"":2.083,""contact_probability"":0.01609291},{""index"":19,""time"":3.693,""score"":2.087,""rms_ratio"":2.117,""diff_ratio"":2.058,""contact_probability"":0.00148435},{""index"":20,""time"":1.087,""score"":2.057,""rms_ratio"":2.631,""diff_ratio"":1.609,""contact_probability"":0.00737062},{""index"":21,""time"":3.557,""score"":1.977,""rms_ratio"":2.162,""diff_ratio"":1.808,""contact_probability"":0.00015215},{""index"":22,""time"":4.233,""score"":1.965,""rms_ratio"":1.336,""diff_ratio"":2.892,""contact_probability"":0.00319611},{""index"":23,""time"":6.278,""score"":1.909,""rms_ratio"":1.529,""diff_ratio"":2.383,""contact_probability"":0.00244099},{""index"":24,""time"":4.582,""score"":1.869,""rms_ratio"":1.92,""diff_ratio"":1.82,""contact_probability"":0.00108478}]",candidate_selected
1159,F_1275,dataset/fly_ball/Codex_Workstation/F_1275,2.0,yes,16,0.897,0.99878921,1.941,0.7833643177503908,24,"[{""index"":1,""time"":2.023,""score"":1.556,""rms_ratio"":1.942,""diff_ratio"":1.247,""contact_probability"":0.00048758},{""index"":2,""time"":1.965,""score"":1.291,""rms_ratio"":1.667,""diff_ratio"":0.898,""contact_probability"":0.00079029},{""index"":3,""time"":1.883,""score"":1.503,""rms_ratio"":0.926,""diff_ratio"":2.259,""contact_probability"":0.00033286},{""index"":4,""time"":2.178,""score"":1.589,""rms_ratio"":1.489,""diff_ratio"":1.695,""contact_probability"":0.00089326},{""index"":5,""time"":1.798,""score"":1.494,""rms_ratio"":1.821,""diff_ratio"":1.225,""contact_probability"":0.00103843},{""index"":6,""time"":2.247,""score"":1.492,""rms_ratio"":1.852,""diff_ratio"":1.202,""contact_probability"":0.00055175},{""index"":7,""time"":1.712,""score"":1.378,""rms_ratio"":1.549,""diff_ratio"":1.225,""contact_probability"":0.00127995},{""index"":8,""time"":2.322,""score"":1.507,""rms_ratio"":1.667,""diff_ratio"":1.363,""contact_probability"":0.00025695},{""index"":9,""time"":2.408,""score"":1.482,""rms_ratio"":1.593,""diff_ratio"":1.377,""contact_probability"":0.00020544},{""index"":10,""time"":2.463,""score"":1.347,""rms_ratio"":1.4,""diff_ratio"":1.296,""contact_probability"":0.00028202},{""index"":11,""time"":1.487,""score"":1.416,""rms_ratio"":1.325,""diff_ratio"":1.512,""contact_probability"":0.00421076},{""index"":12,""time"":1.428,""score"":2.002,""rms_ratio"":1.0,""diff_ratio"":4.007,""contact_probability"":0.03024952},{""index"":13,""time"":2.588,""score"":1.378,""rms_ratio"":1.369,""diff_ratio"":1.387,""contact_probability"":0.00032421},{""index"":14,""time"":5.407,""score"":2.032,""rms_ratio"":1.254,""diff_ratio"":3.292,""contact_probability"":0.00089077},{""index"":15,""time"":6.807,""score"":2.024,""rms_ratio"":1.335,""diff_ratio"":3.069,""contact_probability"":7.898e-05},{""index"":16,""time"":0.897,""score"":1.941,""rms_ratio"":1.301,""diff_ratio"":2.897,""contact_probability"":0.99878921},{""index"":17,""time"":3.318,""score"":1.655,""rms_ratio"":1.68,""diff_ratio"":1.629,""contact_probability"":0.00052512},{""index"":18,""time"":6.673,""score"":1.646,""rms_ratio"":1.407,""diff_ratio"":1.926,""contact_probability"":0.00043629},{""index"":19,""time"":3.737,""score"":1.645,""rms_ratio"":1.81,""diff_ratio"":1.495,""contact_probability"":0.00300528},{""index"":20,""time"":2.983,""score"":1.628,""rms_ratio"":1.605,""diff_ratio"":1.652,""contact_probability"":0.00047769},{""index"":21,""time"":5.282,""score"":1.577,""rms_ratio"":1.29,""diff_ratio"":1.928,""contact_probability"":0.00021817},{""index"":22,""time"":3.977,""score"":1.573,""rms_ratio"":1.686,""diff_ratio"":1.467,""contact_probability"":0.00020353},{""index"":23,""time"":6.892,""score"":1.561,""rms_ratio"":1.544,""diff_ratio"":1.578,""contact_probability"":2.09e-06},{""index"":24,""time"":4.367,""score"":1.521,""rms_ratio"":1.756,""diff_ratio"":1.318,""contact_probability"":0.00145738}]",candidate_selected
1158,F_1273,dataset/fly_ball/Codex_Workstation/F_1273,2.0,no,,,0.04443908,,0.7833643177503908,24,"[{""index"":1,""time"":1.992,""score"":1.443,""rms_ratio"":1.388,""diff_ratio"":1.501,""contact_probability"":0.00063423},{""index"":2,""time"":2.035,""score"":1.333,""rms_ratio"":1.777,""diff_ratio"":0.971,""contact_probability"":0.00029892},{""index"":3,""time"":1.915,""score"":1.205,""rms_ratio"":1.321,""diff_ratio"":1.1,""contact_probability"":0.00054065},{""index"":4,""time"":1.872,""score"":1.292,""rms_ratio"":1.273,""diff_ratio"":1.311,""contact_probability"":0.00042364},{""index"":5,""time"":2.142,""score"":1.376,""rms_ratio"":1.501,""diff_ratio"":1.262,""contact_probability"":0.00039622},{""index"":6,""time"":1.817,""score"":1.434,""rms_ratio"":1.241,""diff_ratio"":1.657,""contact_probability"":0.00034096},{""index"":7,""time"":2.213,""score"":1.988,""rms_ratio"":1.082,""diff_ratio"":3.655,""contact_probability"":0.00144809},{""index"":8,""time"":1.732,""score"":1.436,""rms_ratio"":1.287,""diff_ratio"":1.602,""contact_probability"":0.00043757},{""index"":9,""time"":2.277,""score"":1.763,""rms_ratio"":1.308,""diff_ratio"":2.375,""contact_probability"":0.00046888},{""index"":10,""time"":2.328,""score"":1.463,""rms_ratio"":1.21,""diff_ratio"":1.77,""contact_probability"":0.00057829},{""index"":11,""time"":1.607,""score"":1.412,""rms_ratio"":1.257,""diff_ratio"":1.586,""contact_probability"":0.00035484},{""index"":12,""time"":1.523,""score"":1.507,""rms_ratio"":1.899,""diff_ratio"":1.196,""contact_probability"":0.00092173},{""index"":13,""time"":2.483,""score"":1.373,""rms_ratio"":1.373,""diff_ratio"":1.374,""contact_probability"":0.0005108},{""index"":14,""time"":1.423,""score"":1.292,""rms_ratio"":1.669,""diff_ratio"":0.923,""contact_probability"":0.00135379},{""index"":15,""time"":6.557,""score"":2.152,""rms_ratio"":1.532,""diff_ratio"":3.023,""contact_probability"":0.00089999},{""index"":16,""time"":6.392,""score"":2.12,""rms_ratio"":1.611,""diff_ratio"":2.79,""contact_probability"":0.00036048},{""index"":17,""time"":6.495,""score"":2.09,""rms_ratio"":1.477,""diff_ratio"":2.958,""contact_probability"":0.00036528},{""index"":18,""time"":0.502,""score"":2.034,""rms_ratio"":1.106,""diff_ratio"":3.739,""contact_probability"":0.00150021},{""index"":19,""time"":6.972,""score"":1.994,""rms_ratio"":1.068,""diff_ratio"":3.723,""contact_probability"":0.04443908},{""index"":20,""time"":4.068,""score"":1.977,""rms_ratio"":1.119,""diff_ratio"":3.491,""contact_probability"":0.00300081},{""index"":21,""time"":6.048,""score"":1.859,""rms_ratio"":1.132,""diff_ratio"":3.053,""contact_probability"":0.00106979},{""index"":22,""time"":1.378,""score"":1.821,""rms_ratio"":1.17,""diff_ratio"":2.833,""contact_probability"":0.00173032},{""index"":23,""time"":0.273,""score"":1.731,""rms_ratio"":1.438,""diff_ratio"":2.084,""contact_probability"":0.00050614},{""index"":24,""time"":6.177,""score"":1.722,""rms_ratio"":1.427,""diff_ratio"":2.078,""contact_probability"":0.00040738}]",best_candidate_below_threshold
1157,F_1272,dataset/fly_ball/Codex_Workstation/F_1272,2.0,no,,,0.70434063,,0.7833643177503908,24,"[{""index"":1,""time"":1.987,""score"":3.704,""rms_ratio"":3.649,""diff_ratio"":3.76,""contact_probability"":0.03825584},{""index"":2,""time"":1.935,""score"":2.714,""rms_ratio"":2.571,""diff_ratio"":2.866,""contact_probability"":0.00663242},{""index"":3,""time"":2.122,""score"":2.468,""rms_ratio"":2.556,""diff_ratio"":2.383,""contact_probability"":0.01390939},{""index"":4,""time"":1.865,""score"":1.187,""rms_ratio"":0.291,""diff_ratio"":1.408,""contact_probability"":5.176e-05},{""index"":5,""time"":1.808,""score"":1.43,""rms_ratio"":0.403,""diff_ratio"":2.045,""contact_probability"":2.41e-06},{""index"":6,""time"":2.267,""score"":2.391,""rms_ratio"":2.508,""diff_ratio"":2.279,""contact_probability"":0.1154681},{""index"":7,""time"":2.328,""score"":2.5,""rms_ratio"":2.511,""diff_ratio"":2.489,""contact_probability"":0.04846499},{""index"":8,""time"":2.547,""score"":3.337,""rms_ratio"":2.94,""diff_ratio"":3.787,""contact_probability"":0.04516803},{""index"":9,""time"":2.598,""score"":3.411,""rms_ratio"":3.395,""diff_ratio"":3.427,""contact_probability"":0.06212264},{""index"":10,""time"":0.368,""score"":3.724,""rms_ratio"":3.379,""diff_ratio"":4.105,""contact_probability"":0.08767677},{""index"":11,""time"":3.342,""score"":3.722,""rms_ratio"":3.449,""diff_ratio"":4.017,""contact_probability"":0.01606178},{""index"":12,""time"":6.867,""score"":3.719,""rms_ratio"":3.184,""diff_ratio"":4.344,""contact_probability"":0.00324652},{""index"":13,""time"":3.043,""score"":3.543,""rms_ratio"":2.634,""diff_ratio"":4.765,""contact_probability"":0.01953094},{""index"":14,""time"":4.927,""score"":3.428,""rms_ratio"":3.681,""diff_ratio"":3.194,""contact_probability"":0.53519629},{""index"":15,""time"":6.213,""score"":3.414,""rms_ratio"":2.684,""diff_ratio"":4.343,""contact_probability"":0.02390598},{""index"":16,""time"":4.508,""score"":3.198,""rms_ratio"":2.543,""diff_ratio"":4.023,""contact_probability"":0.70434063},{""index"":17,""time"":3.128,""score"":3.194,""rms_ratio"":2.476,""diff_ratio"":4.12,""contact_probability"":0.00691462},{""index"":18,""time"":1.072,""score"":3.109,""rms_ratio"":2.653,""diff_ratio"":3.643,""contact_probability"":0.00578884},{""index"":19,""time"":0.425,""score"":3.031,""rms_ratio"":2.664,""diff_ratio"":3.449,""contact_probability"":0.19840772},{""index"":20,""time"":3.642,""score"":2.969,""rms_ratio"":3.064,""diff_ratio"":2.876,""contact_probability"":0.04787242},{""index"":21,""time"":2.902,""score"":2.928,""rms_ratio"":2.481,""diff_ratio"":3.456,""contact_probability"":0.01379752},{""index"":22,""time"":6.298,""score"":2.906,""rms_ratio"":2.725,""diff_ratio"":3.098,""contact_probability"":0.00331527},{""index"":23,""time"":6.492,""score"":2.793,""rms_ratio"":3.247,""diff_ratio"":2.402,""contact_probability"":0.01503932},{""index"":24,""time"":5.653,""score"":2.701,""rms_ratio"":2.884,""diff_ratio"":2.529,""contact_probability"":0.27946829}]",best_candidate_below_threshold
1156,F_1271,dataset/fly_ball/Codex_Workstation/F_1271,5.36,no,,,0.00749722,,0.7833643177503908,24,"[{""index"":1,""time"":5.367,""score"":2.06,""rms_ratio"":2.613,""diff_ratio"":1.625,""contact_probability"":0.00749722},{""index"":2,""time"":5.448,""score"":1.728,""rms_ratio"":1.554,""diff_ratio"":1.921,""contact_probability"":0.00253612},{""index"":3,""time"":5.238,""score"":1.638,""rms_ratio"":1.347,""diff_ratio"":1.992,""contact_probability"":0.00036433},{""index"":4,""time"":5.177,""score"":2.051,""rms_ratio"":2.136,""diff_ratio"":1.97,""contact_probability"":0.00095088},{""index"":5,""time"":5.562,""score"":2.118,""rms_ratio"":2.183,""diff_ratio"":2.054,""contact_probability"":0.00375271},{""index"":6,""time"":5.122,""score"":1.642,""rms_ratio"":1.774,""diff_ratio"":1.521,""contact_probability"":0.00033479},{""index"":7,""time"":5.043,""score"":1.545,""rms_ratio"":1.498,""diff_ratio"":1.593,""contact_probability"":0.00016582},{""index"":8,""time"":5.71,""score"":1.356,""rms_ratio"":1.674,""diff_ratio"":1.098,""contact_probability"":0.00049782},{""index"":9,""time"":4.992,""score"":1.776,""rms_ratio"":1.743,""diff_ratio"":1.809,""contact_probability"":0.00034269},{""index"":10,""time"":5.767,""score"":1.833,""rms_ratio"":1.678,""diff_ratio"":2.002,""contact_probability"":0.0003449},{""index"":11,""time"":4.945,""score"":1.552,""rms_ratio"":1.916,""diff_ratio"":1.258,""contact_probability"":0.00070175},{""index"":12,""time"":5.827,""score"":1.698,""rms_ratio"":1.511,""diff_ratio"":1.908,""contact_probability"":0.00028532},{""index"":13,""time"":4.87,""score"":1.198,""rms_ratio"":1.315,""diff_ratio"":1.091,""contact_probability"":0.00020572},{""index"":14,""time"":4.818,""score"":1.577,""rms_ratio"":1.918,""diff_ratio"":1.297,""contact_probability"":0.00013688},{""index"":15,""time"":5.918,""score"":1.659,""rms_ratio"":1.548,""diff_ratio"":1.778,""contact_probability"":0.00027852},{""index"":16,""time"":4.765,""score"":1.319,""rms_ratio"":1.414,""diff_ratio"":1.231,""contact_probability"":0.00011665},{""index"":17,""time"":6.133,""score"":2.5,""rms_ratio"":1.528,""diff_ratio"":4.091,""contact_probability"":0.00203877},{""index"":18,""time"":6.818,""score"":2.173,""rms_ratio"":1.873,""diff_ratio"":2.521,""contact_probability"":0.00013666},{""index"":19,""time"":0.018,""score"":1.719,""rms_ratio"":1.896,""diff_ratio"":1.558,""contact_probability"":0.0028872},{""index"":20,""time"":4.668,""score"":1.712,""rms_ratio"":2.009,""diff_ratio"":1.459,""contact_probability"":0.00100713},{""index"":21,""time"":1.053,""score"":1.688,""rms_ratio"":2.13,""diff_ratio"":1.337,""contact_probability"":0.0013189},{""index"":22,""time"":0.458,""score"":1.683,""rms_ratio"":1.787,""diff_ratio"":1.584,""contact_probability"":0.00023191},{""index"":23,""time"":4.577,""score"":1.62,""rms_ratio"":1.711,""diff_ratio"":1.534,""contact_probability"":0.00032633},{""index"":24,""time"":6.253,""score"":1.579,""rms_ratio"":1.48,""diff_ratio"":1.683,""contact_probability"":0.00017792}]",best_candidate_below_threshold
1155,F_1270,dataset/fly_ball/Codex_Workstation/F_1270,2.0,yes,1,2.027,0.99970279,10.998,0.7833643177503908,24,"[{""index"":1,""time"":2.027,""score"":10.998,""rms_ratio"":6.798,""diff_ratio"":17.793,""contact_probability"":0.99970279},{""index"":2,""time"":1.952,""score"":1.593,""rms_ratio"":0.885,""diff_ratio"":2.538,""contact_probability"":0.00210498},{""index"":3,""time"":2.078,""score"":1.308,""rms_ratio"":1.086,""diff_ratio"":1.574,""contact_probability"":0.00878615},{""index"":4,""time"":5.338,""score"":3.895,""rms_ratio"":2.057,""diff_ratio"":7.378,""contact_probability"":0.00913255},{""index"":5,""time"":0.887,""score"":3.537,""rms_ratio"":1.758,""diff_ratio"":7.117,""contact_probability"":0.0294011},{""index"":6,""time"":0.618,""score"":3.411,""rms_ratio"":1.634,""diff_ratio"":7.121,""contact_probability"":0.02363097},{""index"":7,""time"":0.203,""score"":3.409,""rms_ratio"":1.85,""diff_ratio"":6.279,""contact_probability"":0.02014669},{""index"":8,""time"":6.282,""score"":3.268,""rms_ratio"":1.754,""diff_ratio"":6.089,""contact_probability"":0.00797446},{""index"":9,""time"":5.508,""score"":2.631,""rms_ratio"":1.536,""diff_ratio"":4.505,""contact_probability"":0.00109734},{""index"":10,""time"":6.602,""score"":2.476,""rms_ratio"":1.437,""diff_ratio"":4.267,""contact_probability"":0.00260415},{""index"":11,""time"":4.948,""score"":2.419,""rms_ratio"":2.685,""diff_ratio"":2.18,""contact_probability"":0.00246507},{""index"":12,""time"":6.665,""score"":2.166,""rms_ratio"":2.041,""diff_ratio"":2.299,""contact_probability"":0.00782965},{""index"":13,""time"":4.778,""score"":2.129,""rms_ratio"":1.537,""diff_ratio"":2.951,""contact_probability"":0.00077909},{""index"":14,""time"":4.622,""score"":2.111,""rms_ratio"":2.329,""diff_ratio"":1.914,""contact_probability"":0.00241386},{""index"":15,""time"":5.148,""score"":2.102,""rms_ratio"":2.145,""diff_ratio"":2.06,""contact_probability"":0.00102904},{""index"":16,""time"":6.867,""score"":2.065,""rms_ratio"":2.498,""diff_ratio"":1.707,""contact_probability"":6.324e-05},{""index"":17,""time"":0.027,""score"":1.972,""rms_ratio"":2.315,""diff_ratio"":1.68,""contact_probability"":0.0114748},{""index"":18,""time"":5.838,""score"":1.966,""rms_ratio"":1.992,""diff_ratio"":1.941,""contact_probability"":0.00177745},{""index"":19,""time"":6.713,""score"":1.956,""rms_ratio"":1.727,""diff_ratio"":2.216,""contact_probability"":0.0032098},{""index"":20,""time"":6.438,""score"":1.945,""rms_ratio"":1.67,""diff_ratio"":2.264,""contact_probability"":0.00031606},{""index"":21,""time"":1.247,""score"":1.899,""rms_ratio"":1.34,""diff_ratio"":2.691,""contact_probability"":0.01902031},{""index"":22,""time"":4.102,""score"":1.856,""rms_ratio"":1.788,""diff_ratio"":1.927,""contact_probability"":0.00728153},{""index"":23,""time"":0.428,""score"":1.853,""rms_ratio"":1.426,""diff_ratio"":2.408,""contact_probability"":0.00087169},{""index"":24,""time"":5.423,""score"":1.839,""rms_ratio"":1.651,""diff_ratio"":2.049,""contact_probability"":0.0011576}]",candidate_selected
1154,F_1269,dataset/fly_ball/Codex_Workstation/F_1269,5.778,no,,,0.01994729,,0.7833643177503908,24,"[{""index"":1,""time"":5.762,""score"":1.38,""rms_ratio"":1.832,""diff_ratio"":1.04,""contact_probability"":0.00585142},{""index"":2,""time"":5.818,""score"":1.874,""rms_ratio"":2.142,""diff_ratio"":1.639,""contact_probability"":0.00430388},{""index"":3,""time"":5.872,""score"":1.818,""rms_ratio"":1.629,""diff_ratio"":2.029,""contact_probability"":0.00167445},{""index"":4,""time"":5.992,""score"":2.476,""rms_ratio"":1.391,""diff_ratio"":4.407,""contact_probability"":0.00161363},{""index"":5,""time"":6.097,""score"":1.582,""rms_ratio"":1.371,""diff_ratio"":1.825,""contact_probability"":0.0013581},{""index"":6,""time"":6.148,""score"":1.64,""rms_ratio"":2.083,""diff_ratio"":1.291,""contact_probability"":0.00794612},{""index"":7,""time"":6.242,""score"":1.833,""rms_ratio"":1.689,""diff_ratio"":1.989,""contact_probability"":0.00088894},{""index"":8,""time"":5.312,""score"":1.284,""rms_ratio"":1.168,""diff_ratio"":1.412,""contact_probability"":0.0003481},{""index"":9,""time"":6.293,""score"":1.486,""rms_ratio"":1.17,""diff_ratio"":1.887,""contact_probability"":0.00138547},{""index"":10,""time"":6.398,""score"":2.489,""rms_ratio"":2.206,""diff_ratio"":2.809,""contact_probability"":0.0117354},{""index"":11,""time"":3.517,""score"":2.156,""rms_ratio"":1.9,""diff_ratio"":2.446,""contact_probability"":0.00220957},{""index"":12,""time"":6.492,""score"":1.94,""rms_ratio"":1.79,""diff_ratio"":2.102,""contact_probability"":0.0020247},{""index"":13,""time"":3.858,""score"":1.915,""rms_ratio"":1.712,""diff_ratio"":2.142,""contact_probability"":0.00013162},{""index"":14,""time"":3.947,""score"":1.875,""rms_ratio"":1.947,""diff_ratio"":1.807,""contact_probability"":0.00041545},{""index"":15,""time"":3.713,""score"":1.864,""rms_ratio"":1.824,""diff_ratio"":1.906,""contact_probability"":0.00028191},{""index"":16,""time"":6.832,""score"":1.745,""rms_ratio"":2.095,""diff_ratio"":1.453,""contact_probability"":0.0002637},{""index"":17,""time"":6.988,""score"":1.722,""rms_ratio"":1.636,""diff_ratio"":1.812,""contact_probability"":0.01577782},{""index"":18,""time"":3.068,""score"":1.686,""rms_ratio"":1.514,""diff_ratio"":1.878,""contact_probability"":0.00037626},{""index"":19,""time"":3.422,""score"":1.673,""rms_ratio"":1.583,""diff_ratio"":1.768,""contact_probability"":0.00028289},{""index"":20,""time"":4.318,""score"":1.67,""rms_ratio"":1.617,""diff_ratio"":1.724,""contact_probability"":0.00023162},{""index"":21,""time"":0.933,""score"":1.609,""rms_ratio"":1.483,""diff_ratio"":1.746,""contact_probability"":0.01994729},{""index"":22,""time"":3.152,""score"":1.592,""rms_ratio"":1.392,""diff_ratio"":1.822,""contact_probability"":0.00035392},{""index"":23,""time"":3.665,""score"":1.589,""rms_ratio"":1.637,""diff_ratio"":1.542,""contact_probability"":0.00027744},{""index"":24,""time"":4.052,""score"":1.585,""rms_ratio"":1.648,""diff_ratio"":1.525,""contact_probability"":0.00018821}]",best_candidate_below_threshold
1153,F_1268,dataset/fly_ball/Codex_Workstation/F_1268,2.0,yes,15,6.367,0.96559587,3.085,0.7833643177503908,24,"[{""index"":1,""time"":2.023,""score"":2.967,""rms_ratio"":3.008,""diff_ratio"":2.925,""contact_probability"":0.8899915},{""index"":2,""time"":1.928,""score"":2.222,""rms_ratio"":1.44,""diff_ratio"":3.43,""contact_probability"":0.05112256},{""index"":3,""time"":1.867,""score"":2.124,""rms_ratio"":1.171,""diff_ratio"":3.851,""contact_probability"":0.00142164},{""index"":4,""time"":2.162,""score"":1.558,""rms_ratio"":1.127,""diff_ratio"":2.153,""contact_probability"":0.00882307},{""index"":5,""time"":1.808,""score"":1.637,""rms_ratio"":1.267,""diff_ratio"":2.116,""contact_probability"":0.00249748},{""index"":6,""time"":2.205,""score"":1.428,""rms_ratio"":0.734,""diff_ratio"":2.039,""contact_probability"":0.01809852},{""index"":7,""time"":2.257,""score"":2.509,""rms_ratio"":2.38,""diff_ratio"":2.646,""contact_probability"":0.74490321},{""index"":8,""time"":1.732,""score"":1.669,""rms_ratio"":1.218,""diff_ratio"":2.287,""contact_probability"":0.00102045},{""index"":9,""time"":2.338,""score"":1.952,""rms_ratio"":1.917,""diff_ratio"":1.988,""contact_probability"":0.0476711},{""index"":10,""time"":1.638,""score"":1.62,""rms_ratio"":1.551,""diff_ratio"":1.693,""contact_probability"":0.00061033},{""index"":11,""time"":2.432,""score"":1.737,""rms_ratio"":1.586,""diff_ratio"":1.902,""contact_probability"":0.00756188},{""index"":12,""time"":1.525,""score"":1.403,""rms_ratio"":1.024,""diff_ratio"":1.922,""contact_probability"":0.00099803},{""index"":13,""time"":2.533,""score"":1.848,""rms_ratio"":1.513,""diff_ratio"":2.257,""contact_probability"":0.0138373},{""index"":14,""time"":1.442,""score"":2.092,""rms_ratio"":1.052,""diff_ratio"":4.158,""contact_probability"":0.00109253},{""index"":15,""time"":6.367,""score"":3.085,""rms_ratio"":2.881,""diff_ratio"":3.304,""contact_probability"":0.96559587},{""index"":16,""time"":4.532,""score"":2.988,""rms_ratio"":1.888,""diff_ratio"":4.728,""contact_probability"":0.54342783},{""index"":17,""time"":3.868,""score"":2.865,""rms_ratio"":1.62,""diff_ratio"":5.069,""contact_probability"":0.22235244},{""index"":18,""time"":2.727,""score"":2.594,""rms_ratio"":3.218,""diff_ratio"":2.091,""contact_probability"":0.65261192},{""index"":19,""time"":3.688,""score"":2.587,""rms_ratio"":1.459,""diff_ratio"":4.588,""contact_probability"":0.10789211},{""index"":20,""time"":2.973,""score"":2.528,""rms_ratio"":1.881,""diff_ratio"":3.399,""contact_probability"":0.03638374},{""index"":21,""time"":5.452,""score"":2.479,""rms_ratio"":1.378,""diff_ratio"":4.458,""contact_probability"":0.00327328},{""index"":22,""time"":4.907,""score"":2.45,""rms_ratio"":3.003,""diff_ratio"":1.998,""contact_probability"":0.89858661},{""index"":23,""time"":3.132,""score"":2.446,""rms_ratio"":1.676,""diff_ratio"":3.569,""contact_probability"":0.56855578},{""index"":24,""time"":1.342,""score"":2.386,""rms_ratio"":1.145,""diff_ratio"":4.973,""contact_probability"":0.00117248}]",candidate_selected
1152,F_1267,dataset/fly_ball/Codex_Workstation/F_1267,2.0,no,,,0.02892027,,0.7833643177503908,24,"[{""index"":1,""time"":1.99,""score"":2.005,""rms_ratio"":1.966,""diff_ratio"":2.045,""contact_probability"":0.00145764},{""index"":2,""time"":2.027,""score"":2.605,""rms_ratio"":2.779,""diff_ratio"":2.442,""contact_probability"":0.00170357},{""index"":3,""time"":1.915,""score"":1.395,""rms_ratio"":1.369,""diff_ratio"":1.422,""contact_probability"":0.00016412},{""index"":4,""time"":2.088,""score"":1.948,""rms_ratio"":2.095,""diff_ratio"":1.811,""contact_probability"":0.00067519},{""index"":5,""time"":2.125,""score"":1.772,""rms_ratio"":1.874,""diff_ratio"":1.675,""contact_probability"":0.00032086},{""index"":6,""time"":1.857,""score"":1.552,""rms_ratio"":1.45,""diff_ratio"":1.661,""contact_probability"":0.00014724},{""index"":7,""time"":1.815,""score"":1.408,""rms_ratio"":1.411,""diff_ratio"":1.404,""contact_probability"":5.907e-05},{""index"":8,""time"":2.193,""score"":1.832,""rms_ratio"":1.79,""diff_ratio"":1.874,""contact_probability"":0.00034834},{""index"":9,""time"":2.283,""score"":1.787,""rms_ratio"":1.802,""diff_ratio"":1.772,""contact_probability"":0.00046039},{""index"":10,""time"":1.628,""score"":1.602,""rms_ratio"":1.545,""diff_ratio"":1.661,""contact_probability"":0.00100792},{""index"":11,""time"":2.392,""score"":1.598,""rms_ratio"":1.67,""diff_ratio"":1.528,""contact_probability"":0.00053329},{""index"":12,""time"":2.447,""score"":1.907,""rms_ratio"":2.06,""diff_ratio"":1.766,""contact_probability"":0.00076207},{""index"":13,""time"":1.523,""score"":2.018,""rms_ratio"":2.075,""diff_ratio"":1.962,""contact_probability"":0.00157485},{""index"":14,""time"":2.507,""score"":1.505,""rms_ratio"":1.59,""diff_ratio"":1.425,""contact_probability"":0.0003385},{""index"":15,""time"":1.438,""score"":1.839,""rms_ratio"":1.907,""diff_ratio"":1.774,""contact_probability"":0.00040859},{""index"":16,""time"":2.697,""score"":2.386,""rms_ratio"":2.469,""diff_ratio"":2.306,""contact_probability"":0.01875567},{""index"":17,""time"":0.822,""score"":2.047,""rms_ratio"":1.797,""diff_ratio"":2.331,""contact_probability"":0.00101607},{""index"":18,""time"":0.393,""score"":1.903,""rms_ratio"":2.049,""diff_ratio"":1.768,""contact_probability"":0.00154228},{""index"":19,""time"":1.082,""score"":1.88,""rms_ratio"":1.681,""diff_ratio"":2.103,""contact_probability"":0.00062155},{""index"":20,""time"":0.952,""score"":1.715,""rms_ratio"":1.417,""diff_ratio"":2.076,""contact_probability"":0.00048142},{""index"":21,""time"":5.023,""score"":1.712,""rms_ratio"":1.235,""diff_ratio"":2.374,""contact_probability"":0.02892027},{""index"":22,""time"":6.923,""score"":1.7,""rms_ratio"":1.03,""diff_ratio"":2.804,""contact_probability"":2.07e-06},{""index"":23,""time"":0.482,""score"":1.685,""rms_ratio"":1.697,""diff_ratio"":1.672,""contact_probability"":0.00034158},{""index"":24,""time"":4.182,""score"":1.655,""rms_ratio"":1.7,""diff_ratio"":1.61,""contact_probability"":0.00317306}]",best_candidate_below_threshold
1151,F_1266,dataset/fly_ball/Codex_Workstation/F_1266,2.0,no,,,0.02274065,,0.7833643177503908,24,"[{""index"":1,""time"":2.037,""score"":2.286,""rms_ratio"":2.553,""diff_ratio"":2.046,""contact_probability"":0.00179803},{""index"":2,""time"":2.132,""score"":2.054,""rms_ratio"":2.036,""diff_ratio"":2.073,""contact_probability"":0.00076364},{""index"":3,""time"":1.822,""score"":1.468,""rms_ratio"":1.299,""diff_ratio"":1.659,""contact_probability"":0.00321885},{""index"":4,""time"":2.237,""score"":2.013,""rms_ratio"":1.787,""diff_ratio"":2.268,""contact_probability"":0.00051917},{""index"":5,""time"":1.758,""score"":1.225,""rms_ratio"":1.08,""diff_ratio"":1.39,""contact_probability"":0.00135867},{""index"":6,""time"":2.285,""score"":1.745,""rms_ratio"":1.693,""diff_ratio"":1.8,""contact_probability"":0.00056009},{""index"":7,""time"":1.678,""score"":1.306,""rms_ratio"":1.165,""diff_ratio"":1.465,""contact_probability"":0.00125749},{""index"":8,""time"":2.342,""score"":2.02,""rms_ratio"":1.827,""diff_ratio"":2.233,""contact_probability"":0.00042535},{""index"":9,""time"":1.567,""score"":1.232,""rms_ratio"":1.129,""diff_ratio"":1.344,""contact_probability"":0.00068104},{""index"":10,""time"":2.497,""score"":2.176,""rms_ratio"":2.084,""diff_ratio"":2.271,""contact_probability"":0.00286385},{""index"":11,""time"":1.503,""score"":1.223,""rms_ratio"":1.091,""diff_ratio"":1.372,""contact_probability"":0.00208772},{""index"":12,""time"":2.535,""score"":1.774,""rms_ratio"":1.758,""diff_ratio"":1.79,""contact_probability"":0.00158956},{""index"":13,""time"":1.447,""score"":1.6,""rms_ratio"":1.775,""diff_ratio"":1.443,""contact_probability"":0.00094723},{""index"":14,""time"":2.578,""score"":1.97,""rms_ratio"":1.727,""diff_ratio"":2.247,""contact_probability"":0.00066685},{""index"":15,""time"":3.088,""score"":2.546,""rms_ratio"":1.51,""diff_ratio"":4.294,""contact_probability"":0.02274065},{""index"":16,""time"":5.952,""score"":2.428,""rms_ratio"":1.429,""diff_ratio"":4.127,""contact_probability"":0.01600274},{""index"":17,""time"":2.928,""score"":2.317,""rms_ratio"":1.907,""diff_ratio"":2.815,""contact_probability"":0.00417484},{""index"":18,""time"":2.842,""score"":2.038,""rms_ratio"":2.012,""diff_ratio"":2.065,""contact_probability"":0.00718424},{""index"":19,""time"":6.602,""score"":1.975,""rms_ratio"":1.954,""diff_ratio"":1.997,""contact_probability"":0.00456178},{""index"":20,""time"":3.628,""score"":1.922,""rms_ratio"":2.126,""diff_ratio"":1.738,""contact_probability"":0.0022067},{""index"":21,""time"":6.293,""score"":1.921,""rms_ratio"":1.606,""diff_ratio"":2.299,""contact_probability"":0.00879666},{""index"":22,""time"":3.207,""score"":1.916,""rms_ratio"":2.132,""diff_ratio"":1.721,""contact_probability"":0.01497078},{""index"":23,""time"":6.952,""score"":1.909,""rms_ratio"":1.879,""diff_ratio"":1.938,""contact_probability"":0.0008585},{""index"":24,""time"":5.247,""score"":1.896,""rms_ratio"":2.132,""diff_ratio"":1.686,""contact_probability"":0.00797099}]",best_candidate_below_threshold
1150,F_1265,dataset/fly_ball/Codex_Workstation/F_1265,2.0,no,,,0.08946783,,0.7833643177503908,24,"[{""index"":1,""time"":1.992,""score"":3.712,""rms_ratio"":3.933,""diff_ratio"":3.503,""contact_probability"":0.00213884},{""index"":2,""time"":2.047,""score"":4.524,""rms_ratio"":4.924,""diff_ratio"":4.156,""contact_probability"":0.00359214},{""index"":3,""time"":1.95,""score"":2.427,""rms_ratio"":2.65,""diff_ratio"":2.224,""contact_probability"":0.00043208},{""index"":4,""time"":1.883,""score"":3.854,""rms_ratio"":3.083,""diff_ratio"":4.817,""contact_probability"":0.0026206},{""index"":5,""time"":1.832,""score"":4.283,""rms_ratio"":4.044,""diff_ratio"":4.536,""contact_probability"":0.00086708},{""index"":6,""time"":2.188,""score"":3.893,""rms_ratio"":4.451,""diff_ratio"":3.405,""contact_probability"":0.00083573},{""index"":7,""time"":1.773,""score"":3.667,""rms_ratio"":3.299,""diff_ratio"":4.076,""contact_probability"":0.00038678},{""index"":8,""time"":2.245,""score"":2.643,""rms_ratio"":2.878,""diff_ratio"":2.427,""contact_probability"":0.00047124},{""index"":9,""time"":1.722,""score"":3.912,""rms_ratio"":3.669,""diff_ratio"":4.171,""contact_probability"":0.00122919},{""index"":10,""time"":2.295,""score"":2.617,""rms_ratio"":3.075,""diff_ratio"":2.228,""contact_probability"":0.00030569},{""index"":11,""time"":2.412,""score"":4.347,""rms_ratio"":4.106,""diff_ratio"":4.602,""contact_probability"":0.00722059},{""index"":12,""time"":1.572,""score"":3.215,""rms_ratio"":2.956,""diff_ratio"":3.495,""contact_probability"":0.00205726},{""index"":13,""time"":2.463,""score"":2.955,""rms_ratio"":3.759,""diff_ratio"":2.323,""contact_probability"":0.00058561},{""index"":14,""time"":1.518,""score"":2.968,""rms_ratio"":4.032,""diff_ratio"":2.185,""contact_probability"":0.00137919},{""index"":15,""time"":1.455,""score"":2.637,""rms_ratio"":3.84,""diff_ratio"":1.811,""contact_probability"":0.00117992},{""index"":16,""time"":2.598,""score"":3.506,""rms_ratio"":3.17,""diff_ratio"":3.877,""contact_probability"":0.0011329},{""index"":17,""time"":1.263,""score"":4.19,""rms_ratio"":2.741,""diff_ratio"":6.403,""contact_probability"":0.0028697},{""index"":18,""time"":2.688,""score"":3.634,""rms_ratio"":3.179,""diff_ratio"":4.154,""contact_probability"":0.00285277},{""index"":19,""time"":3.342,""score"":3.528,""rms_ratio"":3.101,""diff_ratio"":4.014,""contact_probability"":0.08946783},{""index"":20,""time"":2.783,""score"":3.163,""rms_ratio"":1.723,""diff_ratio"":5.804,""contact_probability"":0.00351196},{""index"":21,""time"":3.233,""score"":3.081,""rms_ratio"":2.695,""diff_ratio"":3.521,""contact_probability"":0.02485638},{""index"":22,""time"":3.295,""score"":2.787,""rms_ratio"":2.454,""diff_ratio"":3.165,""contact_probability"":0.03894955},{""index"":23,""time"":1.107,""score"":2.517,""rms_ratio"":2.769,""diff_ratio"":2.288,""contact_probability"":0.00092563},{""index"":24,""time"":4.423,""score"":2.507,""rms_ratio"":2.695,""diff_ratio"":2.332,""contact_probability"":0.05034469}]",best_candidate_below_threshold
1149,F_1264,dataset/fly_ball/Codex_Workstation/F_1264,2.0,no,,,0.10702781,,0.7833643177503908,24,"[{""index"":1,""time"":2.033,""score"":4.269,""rms_ratio"":4.495,""diff_ratio"":4.054,""contact_probability"":0.00082969},{""index"":2,""time"":1.942,""score"":4.205,""rms_ratio"":5.109,""diff_ratio"":3.462,""contact_probability"":0.00045576},{""index"":3,""time"":1.895,""score"":2.97,""rms_ratio"":4.076,""diff_ratio"":2.164,""contact_probability"":0.00043516},{""index"":4,""time"":2.128,""score"":4.141,""rms_ratio"":4.157,""diff_ratio"":4.125,""contact_probability"":0.0027345},{""index"":5,""time"":1.822,""score"":2.961,""rms_ratio"":4.088,""diff_ratio"":2.145,""contact_probability"":0.00176838},{""index"":6,""time"":2.217,""score"":2.981,""rms_ratio"":2.481,""diff_ratio"":3.582,""contact_probability"":0.00108067},{""index"":7,""time"":1.742,""score"":2.091,""rms_ratio"":2.253,""diff_ratio"":1.942,""contact_probability"":0.00046173},{""index"":8,""time"":2.307,""score"":2.003,""rms_ratio"":2.128,""diff_ratio"":1.885,""contact_probability"":0.00032124},{""index"":9,""time"":2.398,""score"":3.524,""rms_ratio"":3.738,""diff_ratio"":3.323,""contact_probability"":0.02264175},{""index"":10,""time"":1.548,""score"":2.393,""rms_ratio"":2.734,""diff_ratio"":2.094,""contact_probability"":0.01613379},{""index"":11,""time"":1.497,""score"":2.72,""rms_ratio"":3.244,""diff_ratio"":2.281,""contact_probability"":0.02348162},{""index"":12,""time"":1.41,""score"":1.43,""rms_ratio"":1.742,""diff_ratio"":1.175,""contact_probability"":0.01581317},{""index"":13,""time"":2.598,""score"":2.591,""rms_ratio"":3.17,""diff_ratio"":2.118,""contact_probability"":0.00272881},{""index"":14,""time"":5.662,""score"":4.389,""rms_ratio"":2.261,""diff_ratio"":8.518,""contact_probability"":0.06091835},{""index"":15,""time"":2.747,""score"":4.077,""rms_ratio"":3.839,""diff_ratio"":4.33,""contact_probability"":0.00149457},{""index"":16,""time"":5.412,""score"":2.846,""rms_ratio"":2.898,""diff_ratio"":2.795,""contact_probability"":0.00839585},{""index"":17,""time"":2.997,""score"":2.822,""rms_ratio"":3.157,""diff_ratio"":2.522,""contact_probability"":0.0354468},{""index"":18,""time"":3.947,""score"":2.668,""rms_ratio"":1.493,""diff_ratio"":4.766,""contact_probability"":0.0277393},{""index"":19,""time"":1.043,""score"":2.616,""rms_ratio"":2.607,""diff_ratio"":2.625,""contact_probability"":0.00806745},{""index"":20,""time"":6.602,""score"":2.579,""rms_ratio"":1.403,""diff_ratio"":4.739,""contact_probability"":0.00897075},{""index"":21,""time"":2.872,""score"":2.504,""rms_ratio"":2.877,""diff_ratio"":2.179,""contact_probability"":0.00122457},{""index"":22,""time"":0.533,""score"":2.444,""rms_ratio"":1.582,""diff_ratio"":3.776,""contact_probability"":0.00597674},{""index"":23,""time"":5.543,""score"":2.341,""rms_ratio"":2.43,""diff_ratio"":2.256,""contact_probability"":0.00502366},{""index"":24,""time"":3.747,""score"":2.303,""rms_ratio"":2.418,""diff_ratio"":2.194,""contact_probability"":0.10702781}]",best_candidate_below_threshold
1148,F_1263,dataset/fly_ball/Codex_Workstation/F_1263,2.0,no,,,0.12552121,,0.7833643177503908,24,"[{""index"":1,""time"":2.003,""score"":2.619,""rms_ratio"":3.106,""diff_ratio"":2.209,""contact_probability"":0.00185109},{""index"":2,""time"":2.075,""score"":2.101,""rms_ratio"":2.227,""diff_ratio"":1.981,""contact_probability"":0.00150119},{""index"":3,""time"":1.908,""score"":2.417,""rms_ratio"":1.621,""diff_ratio"":3.605,""contact_probability"":0.00274313},{""index"":4,""time"":2.122,""score"":2.278,""rms_ratio"":2.4,""diff_ratio"":2.163,""contact_probability"":0.00103033},{""index"":5,""time"":2.227,""score"":2.462,""rms_ratio"":2.022,""diff_ratio"":2.999,""contact_probability"":0.00078994},{""index"":6,""time"":1.753,""score"":1.925,""rms_ratio"":1.804,""diff_ratio"":2.054,""contact_probability"":0.00042224},{""index"":7,""time"":1.697,""score"":2.219,""rms_ratio"":2.194,""diff_ratio"":2.245,""contact_probability"":0.00063956},{""index"":8,""time"":2.362,""score"":1.964,""rms_ratio"":2.147,""diff_ratio"":1.798,""contact_probability"":0.00063627},{""index"":9,""time"":1.633,""score"":2.347,""rms_ratio"":2.187,""diff_ratio"":2.519,""contact_probability"":0.00113847},{""index"":10,""time"":2.453,""score"":1.855,""rms_ratio"":2.151,""diff_ratio"":1.6,""contact_probability"":0.00049108},{""index"":11,""time"":2.49,""score"":1.681,""rms_ratio"":1.857,""diff_ratio"":1.521,""contact_probability"":0.00136682},{""index"":12,""time"":1.467,""score"":2.958,""rms_ratio"":1.63,""diff_ratio"":5.37,""contact_probability"":0.00409551},{""index"":13,""time"":2.537,""score"":1.983,""rms_ratio"":2.072,""diff_ratio"":1.897,""contact_probability"":0.00043508},{""index"":14,""time"":2.595,""score"":1.485,""rms_ratio"":1.682,""diff_ratio"":1.312,""contact_probability"":0.00032399},{""index"":15,""time"":6.287,""score"":3.735,""rms_ratio"":1.593,""diff_ratio"":8.757,""contact_probability"":0.12552121},{""index"":16,""time"":4.282,""score"":3.174,""rms_ratio"":1.658,""diff_ratio"":6.076,""contact_probability"":0.05431892},{""index"":17,""time"":5.483,""score"":2.929,""rms_ratio"":1.418,""diff_ratio"":6.052,""contact_probability"":0.01173041},{""index"":18,""time"":3.747,""score"":2.792,""rms_ratio"":1.559,""diff_ratio"":5.0,""contact_probability"":0.00515984},{""index"":19,""time"":6.738,""score"":2.786,""rms_ratio"":1.532,""diff_ratio"":5.069,""contact_probability"":0.00467582},{""index"":20,""time"":5.415,""score"":2.752,""rms_ratio"":1.544,""diff_ratio"":4.905,""contact_probability"":0.00263791},{""index"":21,""time"":6.775,""score"":2.597,""rms_ratio"":1.384,""diff_ratio"":4.873,""contact_probability"":0.0516016},{""index"":22,""time"":3.418,""score"":2.533,""rms_ratio"":1.935,""diff_ratio"":3.317,""contact_probability"":0.00907329},{""index"":23,""time"":3.878,""score"":2.437,""rms_ratio"":2.566,""diff_ratio"":2.314,""contact_probability"":0.00815136},{""index"":24,""time"":1.298,""score"":2.261,""rms_ratio"":1.729,""diff_ratio"":2.958,""contact_probability"":0.00212132}]",best_candidate_below_threshold
1147,F_1262,dataset/fly_ball/Codex_Workstation/F_1262,2.0,no,,,0.14037274,,0.7833643177503908,24,"[{""index"":1,""time"":1.987,""score"":1.777,""rms_ratio"":2.373,""diff_ratio"":1.331,""contact_probability"":0.00346673},{""index"":2,""time"":2.043,""score"":2.397,""rms_ratio"":2.689,""diff_ratio"":2.137,""contact_probability"":0.00621115},{""index"":3,""time"":1.93,""score"":1.401,""rms_ratio"":1.962,""diff_ratio"":0.938,""contact_probability"":0.00127069},{""index"":4,""time"":1.847,""score"":1.644,""rms_ratio"":0.958,""diff_ratio"":2.703,""contact_probability"":6.537e-05},{""index"":5,""time"":1.783,""score"":1.84,""rms_ratio"":2.158,""diff_ratio"":1.568,""contact_probability"":0.00212687},{""index"":6,""time"":2.267,""score"":2.745,""rms_ratio"":1.438,""diff_ratio"":5.241,""contact_probability"":0.01911387},{""index"":7,""time"":1.727,""score"":1.642,""rms_ratio"":2.169,""diff_ratio"":1.243,""contact_probability"":0.00095789},{""index"":8,""time"":2.342,""score"":2.14,""rms_ratio"":2.084,""diff_ratio"":2.198,""contact_probability"":0.01779506},{""index"":9,""time"":1.648,""score"":1.595,""rms_ratio"":2.034,""diff_ratio"":1.251,""contact_probability"":0.00291684},{""index"":10,""time"":2.453,""score"":1.584,""rms_ratio"":1.395,""diff_ratio"":1.798,""contact_probability"":0.0009627},{""index"":11,""time"":1.492,""score"":2.045,""rms_ratio"":1.712,""diff_ratio"":2.443,""contact_probability"":0.0045402},{""index"":12,""time"":1.413,""score"":1.534,""rms_ratio"":1.536,""diff_ratio"":1.532,""contact_probability"":0.00059113},{""index"":13,""time"":2.588,""score"":2.171,""rms_ratio"":2.088,""diff_ratio"":2.258,""contact_probability"":0.00825456},{""index"":14,""time"":3.483,""score"":3.759,""rms_ratio"":1.824,""diff_ratio"":7.748,""contact_probability"":0.14037274},{""index"":15,""time"":1.067,""score"":3.502,""rms_ratio"":1.814,""diff_ratio"":6.757,""contact_probability"":0.06885543},{""index"":16,""time"":4.193,""score"":3.471,""rms_ratio"":1.842,""diff_ratio"":6.541,""contact_probability"":0.03674358},{""index"":17,""time"":0.592,""score"":2.55,""rms_ratio"":2.222,""diff_ratio"":2.927,""contact_probability"":0.00645025},{""index"":18,""time"":0.502,""score"":2.508,""rms_ratio"":2.274,""diff_ratio"":2.765,""contact_probability"":0.01869883},{""index"":19,""time"":2.928,""score"":2.27,""rms_ratio"":1.846,""diff_ratio"":2.792,""contact_probability"":0.02259204},{""index"":20,""time"":1.367,""score"":2.262,""rms_ratio"":2.69,""diff_ratio"":1.903,""contact_probability"":0.00734047},{""index"":21,""time"":3.207,""score"":2.19,""rms_ratio"":1.152,""diff_ratio"":4.164,""contact_probability"":0.04569055},{""index"":22,""time"":6.537,""score"":2.137,""rms_ratio"":2.215,""diff_ratio"":2.063,""contact_probability"":0.02634367},{""index"":23,""time"":0.63,""score"":2.111,""rms_ratio"":1.637,""diff_ratio"":2.723,""contact_probability"":0.011976},{""index"":24,""time"":0.817,""score"":2.109,""rms_ratio"":2.197,""diff_ratio"":2.024,""contact_probability"":0.00525078}]",best_candidate_below_threshold
1146,F_1261,dataset/fly_ball/Codex_Workstation/F_1261,2.0,no,,,0.27191584,,0.7833643177503908,24,"[{""index"":1,""time"":2.013,""score"":2.038,""rms_ratio"":2.432,""diff_ratio"":1.708,""contact_probability"":0.00071126},{""index"":2,""time"":1.965,""score"":1.642,""rms_ratio"":1.769,""diff_ratio"":1.524,""contact_probability"":0.0023143},{""index"":3,""time"":1.913,""score"":2.473,""rms_ratio"":1.281,""diff_ratio"":4.773,""contact_probability"":0.00882726},{""index"":4,""time"":2.108,""score"":2.225,""rms_ratio"":1.93,""diff_ratio"":2.564,""contact_probability"":0.00022437},{""index"":5,""time"":2.145,""score"":2.027,""rms_ratio"":1.723,""diff_ratio"":2.384,""contact_probability"":0.00128798},{""index"":6,""time"":2.188,""score"":1.901,""rms_ratio"":1.533,""diff_ratio"":2.359,""contact_probability"":0.00054889},{""index"":7,""time"":1.803,""score"":1.901,""rms_ratio"":0.921,""diff_ratio"":3.613,""contact_probability"":0.00192054},{""index"":8,""time"":2.263,""score"":1.761,""rms_ratio"":1.652,""diff_ratio"":1.878,""contact_probability"":0.00054688},{""index"":9,""time"":1.702,""score"":1.623,""rms_ratio"":1.397,""diff_ratio"":1.886,""contact_probability"":0.00269257},{""index"":10,""time"":2.318,""score"":1.576,""rms_ratio"":1.635,""diff_ratio"":1.519,""contact_probability"":0.00086522},{""index"":11,""time"":2.378,""score"":1.744,""rms_ratio"":1.879,""diff_ratio"":1.62,""contact_probability"":0.00079305},{""index"":12,""time"":1.602,""score"":1.698,""rms_ratio"":1.459,""diff_ratio"":1.977,""contact_probability"":0.00235031},{""index"":13,""time"":2.425,""score"":1.544,""rms_ratio"":1.601,""diff_ratio"":1.489,""contact_probability"":0.00319788},{""index"":14,""time"":1.533,""score"":1.901,""rms_ratio"":2.123,""diff_ratio"":1.703,""contact_probability"":0.00840446},{""index"":15,""time"":2.473,""score"":1.444,""rms_ratio"":1.44,""diff_ratio"":1.447,""contact_probability"":0.00391212},{""index"":16,""time"":1.163,""score"":2.962,""rms_ratio"":1.551,""diff_ratio"":5.656,""contact_probability"":0.27191584},{""index"":17,""time"":6.528,""score"":2.501,""rms_ratio"":1.316,""diff_ratio"":4.754,""contact_probability"":0.01262684},{""index"":18,""time"":6.287,""score"":2.259,""rms_ratio"":1.167,""diff_ratio"":4.376,""contact_probability"":0.05593923},{""index"":19,""time"":3.362,""score"":2.123,""rms_ratio"":1.673,""diff_ratio"":2.695,""contact_probability"":0.00361487},{""index"":20,""time"":3.598,""score"":2.031,""rms_ratio"":1.974,""diff_ratio"":2.089,""contact_probability"":0.00275701},{""index"":21,""time"":5.952,""score"":1.995,""rms_ratio"":1.275,""diff_ratio"":3.123,""contact_probability"":0.00607174},{""index"":22,""time"":6.25,""score"":1.951,""rms_ratio"":1.056,""diff_ratio"":3.604,""contact_probability"":0.06489969},{""index"":23,""time"":6.613,""score"":1.95,""rms_ratio"":1.876,""diff_ratio"":2.025,""contact_probability"":0.00084484},{""index"":24,""time"":3.487,""score"":1.929,""rms_ratio"":2.052,""diff_ratio"":1.814,""contact_probability"":0.00145691}]",best_candidate_below_threshold
1145,F_1260,dataset/fly_ball/Codex_Workstation/F_1260,5.593,no,,,0.21373749,,0.7833643177503908,24,"[{""index"":1,""time"":5.593,""score"":3.372,""rms_ratio"":4.915,""diff_ratio"":2.313,""contact_probability"":0.17836406},{""index"":2,""time"":5.677,""score"":2.033,""rms_ratio"":2.366,""diff_ratio"":1.747,""contact_probability"":0.00718005},{""index"":3,""time"":5.738,""score"":2.251,""rms_ratio"":2.665,""diff_ratio"":1.902,""contact_probability"":0.00105589},{""index"":4,""time"":5.443,""score"":2.233,""rms_ratio"":1.337,""diff_ratio"":3.729,""contact_probability"":0.00017164},{""index"":5,""time"":5.785,""score"":1.901,""rms_ratio"":2.15,""diff_ratio"":1.681,""contact_probability"":0.00147107},{""index"":6,""time"":5.327,""score"":1.782,""rms_ratio"":2.11,""diff_ratio"":1.506,""contact_probability"":0.01322928},{""index"":7,""time"":5.253,""score"":3.327,""rms_ratio"":4.13,""diff_ratio"":2.681,""contact_probability"":0.21373749},{""index"":8,""time"":5.983,""score"":2.31,""rms_ratio"":2.079,""diff_ratio"":2.567,""contact_probability"":0.04560568},{""index"":9,""time"":5.142,""score"":2.047,""rms_ratio"":2.322,""diff_ratio"":1.805,""contact_probability"":0.00687886},{""index"":10,""time"":6.117,""score"":1.937,""rms_ratio"":2.35,""diff_ratio"":1.597,""contact_probability"":0.01800793},{""index"":11,""time"":5.057,""score"":1.814,""rms_ratio"":2.043,""diff_ratio"":1.61,""contact_probability"":0.00034323},{""index"":12,""time"":6.165,""score"":1.651,""rms_ratio"":2.271,""diff_ratio"":1.2,""contact_probability"":0.00556634},{""index"":13,""time"":4.995,""score"":1.717,""rms_ratio"":1.825,""diff_ratio"":1.615,""contact_probability"":0.00573359},{""index"":14,""time"":1.992,""score"":3.519,""rms_ratio"":3.408,""diff_ratio"":3.635,""contact_probability"":0.19110665},{""index"":15,""time"":4.938,""score"":3.085,""rms_ratio"":3.446,""diff_ratio"":2.761,""contact_probability"":0.02925324},{""index"":16,""time"":1.737,""score"":2.945,""rms_ratio"":2.977,""diff_ratio"":2.913,""contact_probability"":0.09517456},{""index"":17,""time"":4.637,""score"":2.659,""rms_ratio"":3.558,""diff_ratio"":1.987,""contact_probability"":0.08684402},{""index"":18,""time"":1.173,""score"":2.501,""rms_ratio"":2.593,""diff_ratio"":2.413,""contact_probability"":0.035129},{""index"":19,""time"":4.477,""score"":2.464,""rms_ratio"":1.785,""diff_ratio"":3.401,""contact_probability"":0.00011989},{""index"":20,""time"":1.482,""score"":2.446,""rms_ratio"":2.839,""diff_ratio"":2.107,""contact_probability"":0.01526791},{""index"":21,""time"":6.358,""score"":2.425,""rms_ratio"":3.007,""diff_ratio"":1.956,""contact_probability"":0.01014013},{""index"":22,""time"":0.837,""score"":2.332,""rms_ratio"":3.315,""diff_ratio"":1.641,""contact_probability"":0.1012939},{""index"":23,""time"":3.977,""score"":2.288,""rms_ratio"":2.73,""diff_ratio"":1.917,""contact_probability"":0.02719587},{""index"":24,""time"":0.998,""score"":2.14,""rms_ratio"":2.254,""diff_ratio"":2.031,""contact_probability"":0.00930044}]",best_candidate_below_threshold
1144,F_1258,dataset/fly_ball/Codex_Workstation/F_1258,2.0,no,,,0.5224093,,0.7833643177503908,24,"[{""index"":1,""time"":2.023,""score"":1.515,""rms_ratio"":2.296,""diff_ratio"":0.899,""contact_probability"":0.01660644},{""index"":2,""time"":2.082,""score"":1.607,""rms_ratio"":1.605,""diff_ratio"":1.609,""contact_probability"":0.00232534},{""index"":3,""time"":2.125,""score"":1.554,""rms_ratio"":1.317,""diff_ratio"":1.833,""contact_probability"":0.00063955},{""index"":4,""time"":1.857,""score"":1.495,""rms_ratio"":1.852,""diff_ratio"":1.206,""contact_probability"":0.04731468},{""index"":5,""time"":2.223,""score"":1.532,""rms_ratio"":1.187,""diff_ratio"":1.977,""contact_probability"":0.00017115},{""index"":6,""time"":2.283,""score"":1.772,""rms_ratio"":1.371,""diff_ratio"":2.288,""contact_probability"":0.00051817},{""index"":7,""time"":1.707,""score"":1.846,""rms_ratio"":1.462,""diff_ratio"":2.331,""contact_probability"":0.00610368},{""index"":8,""time"":1.628,""score"":1.459,""rms_ratio"":1.652,""diff_ratio"":1.289,""contact_probability"":0.00692165},{""index"":9,""time"":2.382,""score"":2.356,""rms_ratio"":2.026,""diff_ratio"":2.74,""contact_probability"":0.00981404},{""index"":10,""time"":2.438,""score"":1.981,""rms_ratio"":2.314,""diff_ratio"":1.695,""contact_probability"":0.01366255},{""index"":11,""time"":1.508,""score"":2.888,""rms_ratio"":1.66,""diff_ratio"":5.022,""contact_probability"":0.02515718},{""index"":12,""time"":2.495,""score"":1.356,""rms_ratio"":1.367,""diff_ratio"":1.346,""contact_probability"":0.00113019},{""index"":13,""time"":2.537,""score"":1.421,""rms_ratio"":1.413,""diff_ratio"":1.429,""contact_probability"":0.00171256},{""index"":14,""time"":4.633,""score"":2.828,""rms_ratio"":1.607,""diff_ratio"":4.977,""contact_probability"":0.08230971},{""index"":15,""time"":3.818,""score"":2.166,""rms_ratio"":2.33,""diff_ratio"":2.015,""contact_probability"":0.03751045},{""index"":16,""time"":3.267,""score"":2.082,""rms_ratio"":1.728,""diff_ratio"":2.508,""contact_probability"":0.00412717},{""index"":17,""time"":5.497,""score"":2.057,""rms_ratio"":2.393,""diff_ratio"":1.768,""contact_probability"":0.5224093},{""index"":18,""time"":4.508,""score"":2.021,""rms_ratio"":1.948,""diff_ratio"":2.096,""contact_probability"":0.24744931},{""index"":19,""time"":3.402,""score"":1.932,""rms_ratio"":1.725,""diff_ratio"":2.164,""contact_probability"":0.00358299},{""index"":20,""time"":2.932,""score"":1.923,""rms_ratio"":1.565,""diff_ratio"":2.363,""contact_probability"":0.00388917},{""index"":21,""time"":2.793,""score"":1.897,""rms_ratio"":1.113,""diff_ratio"":3.233,""contact_probability"":0.00194315},{""index"":22,""time"":1.158,""score"":1.887,""rms_ratio"":1.938,""diff_ratio"":1.838,""contact_probability"":0.13164535},{""index"":23,""time"":6.367,""score"":1.875,""rms_ratio"":2.227,""diff_ratio"":1.58,""contact_probability"":0.02610342},{""index"":24,""time"":1.352,""score"":1.815,""rms_ratio"":1.845,""diff_ratio"":1.786,""contact_probability"":0.03575966}]",best_candidate_below_threshold
1143,F_1257,dataset/fly_ball/Codex_Workstation/F_1257,2.0,no,,,0.06217356,,0.7833643177503908,24,"[{""index"":1,""time"":2.043,""score"":1.884,""rms_ratio"":1.913,""diff_ratio"":1.856,""contact_probability"":0.01967897},{""index"":2,""time"":1.915,""score"":1.844,""rms_ratio"":1.133,""diff_ratio"":3.003,""contact_probability"":0.00309439},{""index"":3,""time"":2.112,""score"":1.312,""rms_ratio"":1.29,""diff_ratio"":1.334,""contact_probability"":0.00073152},{""index"":4,""time"":1.872,""score"":2.428,""rms_ratio"":1.421,""diff_ratio"":4.15,""contact_probability"":0.01055672},{""index"":5,""time"":1.798,""score"":1.484,""rms_ratio"":0.892,""diff_ratio"":2.202,""contact_probability"":0.0001032},{""index"":6,""time"":2.253,""score"":2.027,""rms_ratio"":1.991,""diff_ratio"":2.065,""contact_probability"":0.05353522},{""index"":7,""time"":1.692,""score"":1.426,""rms_ratio"":1.255,""diff_ratio"":1.621,""contact_probability"":0.002975},{""index"":8,""time"":2.352,""score"":1.753,""rms_ratio"":1.435,""diff_ratio"":2.141,""contact_probability"":0.00124837},{""index"":9,""time"":1.622,""score"":1.629,""rms_ratio"":1.606,""diff_ratio"":1.653,""contact_probability"":0.01430048},{""index"":10,""time"":2.39,""score"":1.375,""rms_ratio"":1.278,""diff_ratio"":1.479,""contact_probability"":0.00066259},{""index"":11,""time"":1.558,""score"":1.671,""rms_ratio"":1.019,""diff_ratio"":2.739,""contact_probability"":0.00111097},{""index"":12,""time"":2.463,""score"":1.711,""rms_ratio"":1.413,""diff_ratio"":2.072,""contact_probability"":0.00077572},{""index"":13,""time"":1.418,""score"":1.54,""rms_ratio"":1.45,""diff_ratio"":1.635,""contact_probability"":0.00079629},{""index"":14,""time"":0.822,""score"":2.488,""rms_ratio"":1.402,""diff_ratio"":4.416,""contact_probability"":0.00732737},{""index"":15,""time"":0.77,""score"":2.147,""rms_ratio"":1.202,""diff_ratio"":3.837,""contact_probability"":0.00807748},{""index"":16,""time"":5.062,""score"":2.031,""rms_ratio"":1.221,""diff_ratio"":3.378,""contact_probability"":0.01007853},{""index"":17,""time"":3.713,""score"":2.025,""rms_ratio"":1.127,""diff_ratio"":3.64,""contact_probability"":0.00279294},{""index"":18,""time"":3.078,""score"":2.01,""rms_ratio"":1.111,""diff_ratio"":3.636,""contact_probability"":0.0166949},{""index"":19,""time"":5.497,""score"":1.966,""rms_ratio"":1.129,""diff_ratio"":3.422,""contact_probability"":0.00373298},{""index"":20,""time"":4.403,""score"":1.959,""rms_ratio"":2.148,""diff_ratio"":1.786,""contact_probability"":0.00269103},{""index"":21,""time"":0.412,""score"":1.948,""rms_ratio"":1.207,""diff_ratio"":3.143,""contact_probability"":0.06217356},{""index"":22,""time"":2.658,""score"":1.946,""rms_ratio"":1.919,""diff_ratio"":1.974,""contact_probability"":0.01076949},{""index"":23,""time"":5.698,""score"":1.894,""rms_ratio"":1.089,""diff_ratio"":3.295,""contact_probability"":0.00088218},{""index"":24,""time"":1.183,""score"":1.784,""rms_ratio"":1.927,""diff_ratio"":1.651,""contact_probability"":0.04122122}]",best_candidate_below_threshold
1142,F_1255,dataset/fly_ball/Codex_Workstation/F_1255,3.116,no,,,0.60673369,,0.7833643177503908,24,"[{""index"":1,""time"":3.122,""score"":3.911,""rms_ratio"":6.0,""diff_ratio"":2.55,""contact_probability"":0.00158103},{""index"":2,""time"":3.043,""score"":3.075,""rms_ratio"":5.009,""diff_ratio"":1.887,""contact_probability"":0.00144089},{""index"":3,""time"":3.273,""score"":3.401,""rms_ratio"":5.504,""diff_ratio"":2.102,""contact_probability"":0.00373254},{""index"":4,""time"":2.947,""score"":8.027,""rms_ratio"":3.714,""diff_ratio"":17.348,""contact_probability"":0.3946616},{""index"":5,""time"":3.378,""score"":3.081,""rms_ratio"":3.903,""diff_ratio"":2.432,""contact_probability"":0.00095889},{""index"":6,""time"":3.467,""score"":3.104,""rms_ratio"":3.911,""diff_ratio"":2.463,""contact_probability"":0.00365377},{""index"":7,""time"":3.515,""score"":2.509,""rms_ratio"":3.557,""diff_ratio"":1.769,""contact_probability"":0.00248508},{""index"":8,""time"":3.642,""score"":3.558,""rms_ratio"":5.938,""diff_ratio"":2.132,""contact_probability"":0.01477683},{""index"":9,""time"":3.715,""score"":2.245,""rms_ratio"":2.059,""diff_ratio"":2.448,""contact_probability"":0.00341189},{""index"":10,""time"":3.983,""score"":9.129,""rms_ratio"":4.074,""diff_ratio"":20.458,""contact_probability"":0.18240853},{""index"":11,""time"":3.898,""score"":9.082,""rms_ratio"":4.152,""diff_ratio"":19.866,""contact_probability"":0.30876603},{""index"":12,""time"":5.702,""score"":5.871,""rms_ratio"":2.76,""diff_ratio"":12.488,""contact_probability"":0.60673369},{""index"":13,""time"":0.023,""score"":5.25,""rms_ratio"":4.259,""diff_ratio"":6.472,""contact_probability"":0.29937702},{""index"":14,""time"":6.593,""score"":4.306,""rms_ratio"":2.003,""diff_ratio"":9.257,""contact_probability"":0.02587284},{""index"":15,""time"":5.012,""score"":4.12,""rms_ratio"":3.69,""diff_ratio"":4.599,""contact_probability"":0.01084536},{""index"":16,""time"":4.363,""score"":4.046,""rms_ratio"":4.269,""diff_ratio"":3.834,""contact_probability"":0.00071665},{""index"":17,""time"":6.052,""score"":3.883,""rms_ratio"":1.784,""diff_ratio"":8.452,""contact_probability"":0.0468686},{""index"":18,""time"":5.483,""score"":3.817,""rms_ratio"":3.334,""diff_ratio"":4.37,""contact_probability"":0.00599514},{""index"":19,""time"":6.177,""score"":3.813,""rms_ratio"":5.266,""diff_ratio"":2.761,""contact_probability"":0.08378287},{""index"":20,""time"":6.492,""score"":3.701,""rms_ratio"":3.921,""diff_ratio"":3.493,""contact_probability"":0.00992373},{""index"":21,""time"":5.878,""score"":3.659,""rms_ratio"":3.658,""diff_ratio"":3.66,""contact_probability"":0.0016131},{""index"":22,""time"":5.128,""score"":3.595,""rms_ratio"":3.648,""diff_ratio"":3.543,""contact_probability"":0.00553829},{""index"":23,""time"":4.198,""score"":3.586,""rms_ratio"":4.319,""diff_ratio"":2.978,""contact_probability"":0.00018317},{""index"":24,""time"":6.892,""score"":3.513,""rms_ratio"":5.542,""diff_ratio"":2.227,""contact_probability"":2.021e-05}]",best_candidate_below_threshold
1141,F_1254,dataset/fly_ball/Codex_Workstation/F_1254,2.0,no,,,0.34033077,,0.7833643177503908,24,"[{""index"":1,""time"":2.013,""score"":1.81,""rms_ratio"":2.351,""diff_ratio"":1.393,""contact_probability"":0.00131775},{""index"":2,""time"":1.933,""score"":2.282,""rms_ratio"":1.962,""diff_ratio"":2.655,""contact_probability"":0.01204337},{""index"":3,""time"":2.088,""score"":1.597,""rms_ratio"":1.789,""diff_ratio"":1.426,""contact_probability"":0.00029321},{""index"":4,""time"":2.148,""score"":2.363,""rms_ratio"":2.063,""diff_ratio"":2.707,""contact_probability"":0.00370968},{""index"":5,""time"":2.223,""score"":1.469,""rms_ratio"":1.58,""diff_ratio"":1.367,""contact_probability"":0.00163821},{""index"":6,""time"":1.707,""score"":1.806,""rms_ratio"":1.552,""diff_ratio"":2.102,""contact_probability"":0.00257639},{""index"":7,""time"":2.322,""score"":1.436,""rms_ratio"":1.774,""diff_ratio"":1.163,""contact_probability"":0.00650375},{""index"":8,""time"":1.638,""score"":2.139,""rms_ratio"":2.284,""diff_ratio"":2.004,""contact_probability"":0.03959223},{""index"":9,""time"":2.487,""score"":2.261,""rms_ratio"":2.303,""diff_ratio"":2.22,""contact_probability"":0.0298522},{""index"":10,""time"":1.508,""score"":1.588,""rms_ratio"":1.392,""diff_ratio"":1.812,""contact_probability"":0.00239081},{""index"":11,""time"":2.543,""score"":1.579,""rms_ratio"":1.519,""diff_ratio"":1.642,""contact_probability"":0.00091622},{""index"":12,""time"":1.447,""score"":1.778,""rms_ratio"":2.165,""diff_ratio"":1.46,""contact_probability"":0.019683},{""index"":13,""time"":5.523,""score"":2.673,""rms_ratio"":1.596,""diff_ratio"":4.477,""contact_probability"":0.00799633},{""index"":14,""time"":6.778,""score"":2.615,""rms_ratio"":1.442,""diff_ratio"":4.741,""contact_probability"":0.27305739},{""index"":15,""time"":5.202,""score"":2.61,""rms_ratio"":1.593,""diff_ratio"":4.275,""contact_probability"":0.01447629},{""index"":16,""time"":3.947,""score"":2.54,""rms_ratio"":1.535,""diff_ratio"":4.201,""contact_probability"":0.0114649},{""index"":17,""time"":0.652,""score"":2.534,""rms_ratio"":1.469,""diff_ratio"":4.372,""contact_probability"":0.00655926},{""index"":18,""time"":0.438,""score"":2.45,""rms_ratio"":2.622,""diff_ratio"":2.29,""contact_probability"":0.12702489},{""index"":19,""time"":1.117,""score"":2.446,""rms_ratio"":2.224,""diff_ratio"":2.69,""contact_probability"":0.08281924},{""index"":20,""time"":2.622,""score"":2.375,""rms_ratio"":1.365,""diff_ratio"":4.134,""contact_probability"":0.01965829},{""index"":21,""time"":0.788,""score"":2.236,""rms_ratio"":1.892,""diff_ratio"":2.644,""contact_probability"":0.02340568},{""index"":22,""time"":4.753,""score"":2.117,""rms_ratio"":2.272,""diff_ratio"":1.972,""contact_probability"":0.05774329},{""index"":23,""time"":0.087,""score"":2.112,""rms_ratio"":2.135,""diff_ratio"":2.09,""contact_probability"":0.34033077},{""index"":24,""time"":6.617,""score"":2.101,""rms_ratio"":2.412,""diff_ratio"":1.83,""contact_probability"":0.1262494}]",best_candidate_below_threshold
1140,F_1253,dataset/fly_ball/Codex_Workstation/F_1253,4.014,no,,,0.22127534,,0.7833643177503908,24,"[{""index"":1,""time"":4.032,""score"":2.056,""rms_ratio"":2.592,""diff_ratio"":1.63,""contact_probability"":0.02044352},{""index"":2,""time"":4.095,""score"":1.281,""rms_ratio"":1.64,""diff_ratio"":0.915,""contact_probability"":0.00288877},{""index"":3,""time"":4.142,""score"":1.359,""rms_ratio"":1.388,""diff_ratio"":1.33,""contact_probability"":0.00151562},{""index"":4,""time"":3.862,""score"":1.702,""rms_ratio"":1.245,""diff_ratio"":2.328,""contact_probability"":0.00475817},{""index"":5,""time"":3.787,""score"":2.338,""rms_ratio"":2.173,""diff_ratio"":2.517,""contact_probability"":0.01123042},{""index"":6,""time"":4.262,""score"":1.564,""rms_ratio"":2.128,""diff_ratio"":1.15,""contact_probability"":0.00547301},{""index"":7,""time"":4.338,""score"":1.852,""rms_ratio"":1.884,""diff_ratio"":1.821,""contact_probability"":0.00145442},{""index"":8,""time"":3.678,""score"":1.584,""rms_ratio"":1.288,""diff_ratio"":1.948,""contact_probability"":0.00146243},{""index"":9,""time"":3.622,""score"":1.967,""rms_ratio"":1.8,""diff_ratio"":2.149,""contact_probability"":0.00108928},{""index"":10,""time"":3.523,""score"":2.018,""rms_ratio"":0.788,""diff_ratio"":4.071,""contact_probability"":0.02823832},{""index"":11,""time"":4.548,""score"":2.165,""rms_ratio"":2.257,""diff_ratio"":2.076,""contact_probability"":0.22127534},{""index"":12,""time"":3.453,""score"":1.708,""rms_ratio"":0.581,""diff_ratio"":2.918,""contact_probability"":0.00019434},{""index"":13,""time"":4.602,""score"":1.179,""rms_ratio"":1.027,""diff_ratio"":1.354,""contact_probability"":0.01384133},{""index"":14,""time"":6.188,""score"":3.376,""rms_ratio"":1.401,""diff_ratio"":8.136,""contact_probability"":0.13115237},{""index"":15,""time"":0.618,""score"":2.911,""rms_ratio"":1.271,""diff_ratio"":6.668,""contact_probability"":0.09544368},{""index"":16,""time"":0.545,""score"":2.796,""rms_ratio"":1.334,""diff_ratio"":5.858,""contact_probability"":0.02047003},{""index"":17,""time"":5.568,""score"":2.707,""rms_ratio"":1.28,""diff_ratio"":5.723,""contact_probability"":0.10256613},{""index"":18,""time"":0.047,""score"":2.435,""rms_ratio"":1.215,""diff_ratio"":4.879,""contact_probability"":0.0253153},{""index"":19,""time"":6.352,""score"":2.368,""rms_ratio"":1.826,""diff_ratio"":3.07,""contact_probability"":0.02190793},{""index"":20,""time"":5.483,""score"":2.293,""rms_ratio"":1.066,""diff_ratio"":4.931,""contact_probability"":0.0066341},{""index"":21,""time"":1.283,""score"":2.105,""rms_ratio"":1.986,""diff_ratio"":2.232,""contact_probability"":0.00190697},{""index"":22,""time"":2.253,""score"":2.009,""rms_ratio"":1.855,""diff_ratio"":2.177,""contact_probability"":0.00259401},{""index"":23,""time"":4.807,""score"":1.974,""rms_ratio"":0.691,""diff_ratio"":3.898,""contact_probability"":0.00797871},{""index"":24,""time"":1.533,""score"":1.97,""rms_ratio"":1.711,""diff_ratio"":2.269,""contact_probability"":0.00202293}]",best_candidate_below_threshold
1139,F_1252,dataset/fly_ball/Codex_Workstation/F_1252,6.665,yes,2,6.707,0.89371319,3.129,0.7833643177503908,24,"[{""index"":1,""time"":6.648,""score"":2.474,""rms_ratio"":2.735,""diff_ratio"":2.239,""contact_probability"":0.08084647},{""index"":2,""time"":6.707,""score"":3.129,""rms_ratio"":3.565,""diff_ratio"":2.746,""contact_probability"":0.89371319},{""index"":3,""time"":6.472,""score"":1.514,""rms_ratio"":1.686,""diff_ratio"":1.36,""contact_probability"":0.00386126},{""index"":4,""time"":6.412,""score"":2.235,""rms_ratio"":0.843,""diff_ratio"":4.995,""contact_probability"":0.06084594},{""index"":5,""time"":6.347,""score"":1.953,""rms_ratio"":0.773,""diff_ratio"":3.814,""contact_probability"":0.00519199},{""index"":6,""time"":6.207,""score"":3.574,""rms_ratio"":1.491,""diff_ratio"":8.569,""contact_probability"":0.08292134},{""index"":7,""time"":6.082,""score"":2.518,""rms_ratio"":2.172,""diff_ratio"":2.919,""contact_probability"":0.24056045},{""index"":8,""time"":0.452,""score"":3.474,""rms_ratio"":3.318,""diff_ratio"":3.637,""contact_probability"":0.06787272},{""index"":9,""time"":0.567,""score"":3.144,""rms_ratio"":3.04,""diff_ratio"":3.251,""contact_probability"":0.12938617},{""index"":10,""time"":2.382,""score"":3.004,""rms_ratio"":3.415,""diff_ratio"":2.642,""contact_probability"":0.01410383},{""index"":11,""time"":3.352,""score"":2.962,""rms_ratio"":3.032,""diff_ratio"":2.893,""contact_probability"":0.03077419},{""index"":12,""time"":0.252,""score"":2.931,""rms_ratio"":2.991,""diff_ratio"":2.872,""contact_probability"":0.57739957},{""index"":13,""time"":3.142,""score"":2.81,""rms_ratio"":3.466,""diff_ratio"":2.277,""contact_probability"":0.03557251},{""index"":14,""time"":2.158,""score"":2.803,""rms_ratio"":3.238,""diff_ratio"":2.427,""contact_probability"":0.10887125},{""index"":15,""time"":2.527,""score"":2.802,""rms_ratio"":1.074,""diff_ratio"":7.31,""contact_probability"":0.01836994},{""index"":16,""time"":5.443,""score"":2.796,""rms_ratio"":3.522,""diff_ratio"":2.22,""contact_probability"":0.00458574},{""index"":17,""time"":0.848,""score"":2.712,""rms_ratio"":2.696,""diff_ratio"":2.728,""contact_probability"":0.05085736},{""index"":18,""time"":2.852,""score"":2.675,""rms_ratio"":3.279,""diff_ratio"":2.183,""contact_probability"":0.0572865},{""index"":19,""time"":4.543,""score"":2.658,""rms_ratio"":2.521,""diff_ratio"":2.803,""contact_probability"":0.10766891},{""index"":20,""time"":3.967,""score"":2.653,""rms_ratio"":3.15,""diff_ratio"":2.235,""contact_probability"":0.00899035},{""index"":21,""time"":5.557,""score"":2.652,""rms_ratio"":3.799,""diff_ratio"":1.851,""contact_probability"":0.008528},{""index"":22,""time"":4.062,""score"":2.647,""rms_ratio"":2.681,""diff_ratio"":2.613,""contact_probability"":0.02844235},{""index"":23,""time"":2.652,""score"":2.642,""rms_ratio"":1.916,""diff_ratio"":3.643,""contact_probability"":0.01252616},{""index"":24,""time"":1.403,""score"":2.629,""rms_ratio"":3.427,""diff_ratio"":2.016,""contact_probability"":0.08057027}]",candidate_selected
1138,F_1251,dataset/fly_ball/Codex_Workstation/F_1251,2.0,no,,,0.15134865,,0.7833643177503908,24,"[{""index"":1,""time"":2.017,""score"":1.557,""rms_ratio"":2.423,""diff_ratio"":0.852,""contact_probability"":0.00668986},{""index"":2,""time"":1.965,""score"":1.179,""rms_ratio"":1.131,""diff_ratio"":1.228,""contact_probability"":0.00330021},{""index"":3,""time"":2.092,""score"":1.69,""rms_ratio"":1.526,""diff_ratio"":1.872,""contact_probability"":0.01266182},{""index"":4,""time"":1.898,""score"":1.622,""rms_ratio"":1.294,""diff_ratio"":2.033,""contact_probability"":0.01470927},{""index"":5,""time"":1.822,""score"":2.428,""rms_ratio"":1.131,""diff_ratio"":5.211,""contact_probability"":0.00454478},{""index"":6,""time"":2.197,""score"":1.699,""rms_ratio"":1.298,""diff_ratio"":2.224,""contact_probability"":0.0083094},{""index"":7,""time"":1.768,""score"":2.071,""rms_ratio"":0.953,""diff_ratio"":4.288,""contact_probability"":0.01097101},{""index"":8,""time"":1.688,""score"":1.557,""rms_ratio"":2.081,""diff_ratio"":1.165,""contact_probability"":0.0137222},{""index"":9,""time"":2.362,""score"":1.178,""rms_ratio"":1.388,""diff_ratio"":0.901,""contact_probability"":0.01664204},{""index"":10,""time"":1.543,""score"":1.493,""rms_ratio"":2.228,""diff_ratio"":0.962,""contact_probability"":0.01547503},{""index"":11,""time"":1.462,""score"":1.208,""rms_ratio"":1.459,""diff_ratio"":0.962,""contact_probability"":0.00284125},{""index"":12,""time"":2.862,""score"":3.521,""rms_ratio"":1.633,""diff_ratio"":7.593,""contact_probability"":0.0892702},{""index"":13,""time"":5.068,""score"":3.433,""rms_ratio"":1.57,""diff_ratio"":7.508,""contact_probability"":0.15134865},{""index"":14,""time"":4.062,""score"":2.719,""rms_ratio"":1.257,""diff_ratio"":5.878,""contact_probability"":0.01329083},{""index"":15,""time"":3.582,""score"":2.432,""rms_ratio"":1.094,""diff_ratio"":5.404,""contact_probability"":0.0070127},{""index"":16,""time"":3.277,""score"":2.192,""rms_ratio"":1.055,""diff_ratio"":4.557,""contact_probability"":0.04096471},{""index"":17,""time"":0.147,""score"":2.131,""rms_ratio"":1.765,""diff_ratio"":2.573,""contact_probability"":0.10247949},{""index"":18,""time"":4.278,""score"":2.033,""rms_ratio"":2.105,""diff_ratio"":1.963,""contact_probability"":0.0136392},{""index"":19,""time"":0.748,""score"":1.954,""rms_ratio"":2.025,""diff_ratio"":1.885,""contact_probability"":0.00402122},{""index"":20,""time"":3.457,""score"":1.917,""rms_ratio"":1.644,""diff_ratio"":2.234,""contact_probability"":0.00307132},{""index"":21,""time"":3.902,""score"":1.895,""rms_ratio"":2.22,""diff_ratio"":1.617,""contact_probability"":0.02863865},{""index"":22,""time"":0.292,""score"":1.786,""rms_ratio"":1.638,""diff_ratio"":1.947,""contact_probability"":0.01524802},{""index"":23,""time"":0.498,""score"":1.779,""rms_ratio"":2.154,""diff_ratio"":1.469,""contact_probability"":0.00353529},{""index"":24,""time"":5.932,""score"":1.77,""rms_ratio"":1.486,""diff_ratio"":2.109,""contact_probability"":0.02995036}]",best_candidate_below_threshold
1137,F_1250,dataset/fly_ball/Codex_Workstation/F_1250,2.0,yes,15,0.863,0.99999879,7.309,0.7833643177503908,24,"[{""index"":1,""time"":1.975,""score"":1.481,""rms_ratio"":0.917,""diff_ratio"":2.193,""contact_probability"":0.00138994},{""index"":2,""time"":2.027,""score"":2.339,""rms_ratio"":2.997,""diff_ratio"":1.826,""contact_probability"":0.02539962},{""index"":3,""time"":2.118,""score"":2.682,""rms_ratio"":3.061,""diff_ratio"":2.351,""contact_probability"":0.01941769},{""index"":4,""time"":1.842,""score"":1.897,""rms_ratio"":2.231,""diff_ratio"":1.613,""contact_probability"":0.00070171},{""index"":5,""time"":1.773,""score"":1.86,""rms_ratio"":2.37,""diff_ratio"":1.46,""contact_probability"":0.00274813},{""index"":6,""time"":2.243,""score"":2.514,""rms_ratio"":2.303,""diff_ratio"":2.745,""contact_probability"":0.00176105},{""index"":7,""time"":2.352,""score"":1.641,""rms_ratio"":2.316,""diff_ratio"":1.162,""contact_probability"":0.00057378},{""index"":8,""time"":1.643,""score"":1.974,""rms_ratio"":0.653,""diff_ratio"":3.897,""contact_probability"":0.00108518},{""index"":9,""time"":2.422,""score"":2.395,""rms_ratio"":2.923,""diff_ratio"":1.963,""contact_probability"":0.00239849},{""index"":10,""time"":1.548,""score"":1.887,""rms_ratio"":2.039,""diff_ratio"":1.747,""contact_probability"":0.00487916},{""index"":11,""time"":2.493,""score"":1.708,""rms_ratio"":1.807,""diff_ratio"":1.614,""contact_probability"":0.00089864},{""index"":12,""time"":1.505,""score"":1.675,""rms_ratio"":1.712,""diff_ratio"":1.639,""contact_probability"":0.04809849},{""index"":13,""time"":1.457,""score"":1.589,""rms_ratio"":0.833,""diff_ratio"":2.525,""contact_probability"":0.05352604},{""index"":14,""time"":2.553,""score"":1.666,""rms_ratio"":1.891,""diff_ratio"":1.468,""contact_probability"":0.00097179},{""index"":15,""time"":0.863,""score"":7.309,""rms_ratio"":4.251,""diff_ratio"":12.568,""contact_probability"":0.99999879},{""index"":16,""time"":6.702,""score"":2.966,""rms_ratio"":1.176,""diff_ratio"":7.479,""contact_probability"":0.01005306},{""index"":17,""time"":5.898,""score"":2.576,""rms_ratio"":2.618,""diff_ratio"":2.534,""contact_probability"":0.01584239},{""index"":18,""time"":5.323,""score"":2.564,""rms_ratio"":2.786,""diff_ratio"":2.36,""contact_probability"":0.03784545},{""index"":19,""time"":4.747,""score"":2.52,""rms_ratio"":2.621,""diff_ratio"":2.423,""contact_probability"":0.01780257},{""index"":20,""time"":5.077,""score"":2.477,""rms_ratio"":1.979,""diff_ratio"":3.1,""contact_probability"":0.00155432},{""index"":21,""time"":5.733,""score"":2.428,""rms_ratio"":2.224,""diff_ratio"":2.65,""contact_probability"":0.00638061},{""index"":22,""time"":4.858,""score"":2.383,""rms_ratio"":1.876,""diff_ratio"":3.027,""contact_probability"":0.00062911},{""index"":23,""time"":3.277,""score"":2.376,""rms_ratio"":2.724,""diff_ratio"":2.073,""contact_probability"":0.02065475},{""index"":24,""time"":3.408,""score"":2.227,""rms_ratio"":2.095,""diff_ratio"":2.367,""contact_probability"":0.00122034}]",candidate_selected
1136,F_1249,dataset/fly_ball/Codex_Workstation/F_1249,3.651,yes,4,3.392,0.97425278,6.538,0.7833643177503908,24,"[{""index"":1,""time"":3.678,""score"":2.221,""rms_ratio"":2.385,""diff_ratio"":2.068,""contact_probability"":0.00832646},{""index"":2,""time"":3.743,""score"":1.889,""rms_ratio"":1.701,""diff_ratio"":2.098,""contact_probability"":0.01131984},{""index"":3,""time"":3.497,""score"":1.697,""rms_ratio"":1.699,""diff_ratio"":1.696,""contact_probability"":0.00902237},{""index"":4,""time"":3.392,""score"":6.538,""rms_ratio"":2.981,""diff_ratio"":14.338,""contact_probability"":0.97425278},{""index"":5,""time"":3.918,""score"":1.325,""rms_ratio"":1.165,""diff_ratio"":1.506,""contact_probability"":0.00659395},{""index"":6,""time"":3.332,""score"":1.261,""rms_ratio"":1.589,""diff_ratio"":0.741,""contact_probability"":0.00159692},{""index"":7,""time"":3.973,""score"":1.31,""rms_ratio"":1.473,""diff_ratio"":1.166,""contact_probability"":0.01806807},{""index"":8,""time"":3.237,""score"":1.962,""rms_ratio"":2.077,""diff_ratio"":1.854,""contact_probability"":0.01355856},{""index"":9,""time"":3.178,""score"":1.37,""rms_ratio"":0.955,""diff_ratio"":1.876,""contact_probability"":0.00124342},{""index"":10,""time"":4.128,""score"":1.85,""rms_ratio"":1.917,""diff_ratio"":1.786,""contact_probability"":0.02918509},{""index"":11,""time"":4.182,""score"":1.337,""rms_ratio"":1.132,""diff_ratio"":1.58,""contact_probability"":0.00544195},{""index"":12,""time"":4.238,""score"":1.489,""rms_ratio"":1.442,""diff_ratio"":1.538,""contact_probability"":0.00937363},{""index"":13,""time"":3.055,""score"":1.17,""rms_ratio"":1.37,""diff_ratio"":0.969,""contact_probability"":0.00066761},{""index"":14,""time"":5.702,""score"":2.16,""rms_ratio"":1.393,""diff_ratio"":3.35,""contact_probability"":0.02060122},{""index"":15,""time"":0.052,""score"":2.153,""rms_ratio"":2.059,""diff_ratio"":2.252,""contact_probability"":0.72624378},{""index"":16,""time"":0.268,""score"":2.079,""rms_ratio"":1.605,""diff_ratio"":2.693,""contact_probability"":0.07697719},{""index"":17,""time"":5.202,""score"":2.068,""rms_ratio"":2.174,""diff_ratio"":1.967,""contact_probability"":0.01839025},{""index"":18,""time"":6.418,""score"":2.043,""rms_ratio"":1.784,""diff_ratio"":2.339,""contact_probability"":0.01436153},{""index"":19,""time"":0.962,""score"":2.003,""rms_ratio"":1.467,""diff_ratio"":2.736,""contact_probability"":0.01186788},{""index"":20,""time"":2.438,""score"":1.996,""rms_ratio"":1.747,""diff_ratio"":2.28,""contact_probability"":0.01337591},{""index"":21,""time"":5.403,""score"":1.959,""rms_ratio"":1.959,""diff_ratio"":1.959,""contact_probability"":0.004172},{""index"":22,""time"":1.903,""score"":1.957,""rms_ratio"":2.453,""diff_ratio"":1.562,""contact_probability"":0.02149238},{""index"":23,""time"":5.812,""score"":1.951,""rms_ratio"":2.054,""diff_ratio"":1.853,""contact_probability"":0.01982971},{""index"":24,""time"":6.818,""score"":1.885,""rms_ratio"":1.683,""diff_ratio"":2.11,""contact_probability"":0.00022529}]",candidate_selected
1135,F_1248,dataset/fly_ball/Codex_Workstation/F_1248,2.0,no,,,0.23615423,,0.7833643177503908,24,"[{""index"":1,""time"":1.972,""score"":1.403,""rms_ratio"":1.075,""diff_ratio"":1.83,""contact_probability"":0.0002684},{""index"":2,""time"":2.033,""score"":1.871,""rms_ratio"":2.384,""diff_ratio"":1.469,""contact_probability"":0.00174311},{""index"":3,""time"":2.102,""score"":2.035,""rms_ratio"":2.049,""diff_ratio"":2.021,""contact_probability"":0.00068371},{""index"":4,""time"":1.872,""score"":1.351,""rms_ratio"":1.316,""diff_ratio"":1.387,""contact_probability"":3.877e-05},{""index"":5,""time"":2.168,""score"":1.796,""rms_ratio"":1.915,""diff_ratio"":1.685,""contact_probability"":0.00021507},{""index"":6,""time"":1.758,""score"":1.332,""rms_ratio"":1.479,""diff_ratio"":1.2,""contact_probability"":0.00022608},{""index"":7,""time"":2.253,""score"":1.895,""rms_ratio"":1.805,""diff_ratio"":1.99,""contact_probability"":0.00023795},{""index"":8,""time"":1.715,""score"":1.21,""rms_ratio"":1.329,""diff_ratio"":1.103,""contact_probability"":0.00031705},{""index"":9,""time"":2.312,""score"":1.903,""rms_ratio"":1.417,""diff_ratio"":2.555,""contact_probability"":0.00057324},{""index"":10,""time"":2.382,""score"":2.64,""rms_ratio"":1.599,""diff_ratio"":4.359,""contact_probability"":0.0019283},{""index"":11,""time"":2.483,""score"":1.282,""rms_ratio"":1.141,""diff_ratio"":1.44,""contact_probability"":0.0007291},{""index"":12,""time"":1.508,""score"":1.302,""rms_ratio"":1.331,""diff_ratio"":1.273,""contact_probability"":0.00053728},{""index"":13,""time"":2.553,""score"":1.523,""rms_ratio"":1.764,""diff_ratio"":1.316,""contact_probability"":0.00149283},{""index"":14,""time"":2.59,""score"":1.409,""rms_ratio"":1.556,""diff_ratio"":1.275,""contact_probability"":0.0007203},{""index"":15,""time"":4.148,""score"":3.347,""rms_ratio"":1.957,""diff_ratio"":5.723,""contact_probability"":0.23615423},{""index"":16,""time"":3.358,""score"":2.809,""rms_ratio"":1.921,""diff_ratio"":4.106,""contact_probability"":0.00449663},{""index"":17,""time"":4.762,""score"":2.685,""rms_ratio"":1.531,""diff_ratio"":4.71,""contact_probability"":0.03378781},{""index"":18,""time"":3.618,""score"":2.684,""rms_ratio"":1.501,""diff_ratio"":4.8,""contact_probability"":0.0256437},{""index"":19,""time"":3.812,""score"":2.546,""rms_ratio"":1.951,""diff_ratio"":3.321,""contact_probability"":0.00162466},{""index"":20,""time"":4.403,""score"":2.522,""rms_ratio"":1.678,""diff_ratio"":3.79,""contact_probability"":0.00247325},{""index"":21,""time"":4.497,""score"":2.201,""rms_ratio"":1.859,""diff_ratio"":2.606,""contact_probability"":0.0014105},{""index"":22,""time"":2.983,""score"":2.169,""rms_ratio"":1.779,""diff_ratio"":2.644,""contact_probability"":0.00077382},{""index"":23,""time"":3.128,""score"":2.168,""rms_ratio"":1.832,""diff_ratio"":2.566,""contact_probability"":0.00858194},{""index"":24,""time"":0.688,""score"":2.135,""rms_ratio"":1.926,""diff_ratio"":2.368,""contact_probability"":0.00204243}]",best_candidate_below_threshold
1134,F_1247,dataset/fly_ball/Codex_Workstation/F_1247,2.0,no,,,0.00615105,,0.7833643177503908,24,"[{""index"":1,""time"":2.037,""score"":1.922,""rms_ratio"":1.982,""diff_ratio"":1.864,""contact_probability"":0.00034611},{""index"":2,""time"":1.95,""score"":1.247,""rms_ratio"":1.378,""diff_ratio"":1.129,""contact_probability"":5.729e-05},{""index"":3,""time"":1.852,""score"":1.898,""rms_ratio"":1.985,""diff_ratio"":1.814,""contact_probability"":0.00029134},{""index"":4,""time"":2.178,""score"":2.233,""rms_ratio"":1.977,""diff_ratio"":2.523,""contact_probability"":0.00034453},{""index"":5,""time"":2.233,""score"":2.041,""rms_ratio"":1.739,""diff_ratio"":2.394,""contact_probability"":0.00018622},{""index"":6,""time"":1.753,""score"":2.763,""rms_ratio"":1.607,""diff_ratio"":4.753,""contact_probability"":0.00302861},{""index"":7,""time"":2.287,""score"":2.023,""rms_ratio"":1.702,""diff_ratio"":2.406,""contact_probability"":0.00027379},{""index"":8,""time"":1.695,""score"":2.308,""rms_ratio"":1.416,""diff_ratio"":3.762,""contact_probability"":0.00154579},{""index"":9,""time"":1.648,""score"":2.43,""rms_ratio"":1.464,""diff_ratio"":4.034,""contact_probability"":0.00064439},{""index"":10,""time"":1.577,""score"":2.645,""rms_ratio"":1.536,""diff_ratio"":4.556,""contact_probability"":0.00096126},{""index"":11,""time"":2.438,""score"":2.29,""rms_ratio"":1.813,""diff_ratio"":2.892,""contact_probability"":0.00032981},{""index"":12,""time"":2.493,""score"":1.683,""rms_ratio"":1.308,""diff_ratio"":2.166,""contact_probability"":0.00014898},{""index"":13,""time"":1.452,""score"":2.012,""rms_ratio"":1.572,""diff_ratio"":2.576,""contact_probability"":0.00013247},{""index"":14,""time"":2.562,""score"":2.179,""rms_ratio"":1.577,""diff_ratio"":3.012,""contact_probability"":0.00201258},{""index"":15,""time"":2.838,""score"":3.257,""rms_ratio"":1.856,""diff_ratio"":5.714,""contact_probability"":0.00504925},{""index"":16,""time"":6.818,""score"":2.721,""rms_ratio"":1.324,""diff_ratio"":5.59,""contact_probability"":0.00201803},{""index"":17,""time"":6.238,""score"":2.4,""rms_ratio"":1.66,""diff_ratio"":3.47,""contact_probability"":0.00040688},{""index"":18,""time"":1.367,""score"":2.393,""rms_ratio"":1.852,""diff_ratio"":3.093,""contact_probability"":0.00060502},{""index"":19,""time"":6.077,""score"":2.372,""rms_ratio"":1.691,""diff_ratio"":3.327,""contact_probability"":0.00047912},{""index"":20,""time"":6.602,""score"":2.27,""rms_ratio"":1.739,""diff_ratio"":2.964,""contact_probability"":0.00115602},{""index"":21,""time"":5.952,""score"":2.189,""rms_ratio"":1.703,""diff_ratio"":2.813,""contact_probability"":0.00072169},{""index"":22,""time"":2.987,""score"":2.117,""rms_ratio"":1.871,""diff_ratio"":2.395,""contact_probability"":0.00615105},{""index"":23,""time"":6.483,""score"":2.058,""rms_ratio"":1.58,""diff_ratio"":2.68,""contact_probability"":0.00059107},{""index"":24,""time"":0.798,""score"":2.029,""rms_ratio"":1.865,""diff_ratio"":2.208,""contact_probability"":0.00058976}]",best_candidate_below_threshold
1133,F_1246,dataset/fly_ball/Codex_Workstation/F_1246,1.84,yes,1,1.872,0.99893178,10.589,0.7833643177503908,24,"[{""index"":1,""time"":1.872,""score"":10.589,""rms_ratio"":6.197,""diff_ratio"":18.093,""contact_probability"":0.99893178},{""index"":2,""time"":1.788,""score"":1.266,""rms_ratio"":1.539,""diff_ratio"":1.042,""contact_probability"":0.00015198},{""index"":3,""time"":1.933,""score"":1.482,""rms_ratio"":1.726,""diff_ratio"":1.273,""contact_probability"":0.00051029},{""index"":4,""time"":1.737,""score"":1.547,""rms_ratio"":1.67,""diff_ratio"":1.432,""contact_probability"":8.219e-05},{""index"":5,""time"":2.017,""score"":1.846,""rms_ratio"":1.48,""diff_ratio"":2.302,""contact_probability"":0.0002638},{""index"":6,""time"":1.648,""score"":1.321,""rms_ratio"":1.483,""diff_ratio"":1.176,""contact_probability"":5.139e-05},{""index"":7,""time"":2.072,""score"":2.044,""rms_ratio"":1.84,""diff_ratio"":2.27,""contact_probability"":0.00088908},{""index"":8,""time"":2.132,""score"":1.415,""rms_ratio"":1.395,""diff_ratio"":1.436,""contact_probability"":0.00076049},{""index"":9,""time"":3.777,""score"":3.796,""rms_ratio"":2.156,""diff_ratio"":6.683,""contact_probability"":0.00176918},{""index"":10,""time"":3.148,""score"":3.19,""rms_ratio"":2.666,""diff_ratio"":3.817,""contact_probability"":0.04606509},{""index"":11,""time"":5.077,""score"":2.903,""rms_ratio"":1.486,""diff_ratio"":5.673,""contact_probability"":0.01377907},{""index"":12,""time"":3.318,""score"":2.649,""rms_ratio"":2.701,""diff_ratio"":2.598,""contact_probability"":0.00032967},{""index"":13,""time"":4.713,""score"":2.578,""rms_ratio"":1.433,""diff_ratio"":4.639,""contact_probability"":0.0013185},{""index"":14,""time"":3.612,""score"":2.526,""rms_ratio"":2.364,""diff_ratio"":2.7,""contact_probability"":0.00037963},{""index"":15,""time"":3.408,""score"":2.461,""rms_ratio"":2.421,""diff_ratio"":2.502,""contact_probability"":0.00046768},{""index"":16,""time"":6.727,""score"":2.403,""rms_ratio"":1.38,""diff_ratio"":4.184,""contact_probability"":0.002701},{""index"":17,""time"":3.19,""score"":2.314,""rms_ratio"":2.461,""diff_ratio"":2.176,""contact_probability"":0.00164823},{""index"":18,""time"":4.323,""score"":2.225,""rms_ratio"":1.864,""diff_ratio"":2.655,""contact_probability"":0.00040982},{""index"":19,""time"":3.908,""score"":2.214,""rms_ratio"":2.533,""diff_ratio"":1.935,""contact_probability"":0.00185826},{""index"":20,""time"":5.222,""score"":2.161,""rms_ratio"":2.73,""diff_ratio"":1.711,""contact_probability"":0.12569542},{""index"":21,""time"":3.535,""score"":2.14,""rms_ratio"":2.163,""diff_ratio"":2.117,""contact_probability"":0.00130946},{""index"":22,""time"":5.448,""score"":2.093,""rms_ratio"":1.467,""diff_ratio"":2.986,""contact_probability"":0.00193456},{""index"":23,""time"":4.162,""score"":2.026,""rms_ratio"":2.953,""diff_ratio"":1.389,""contact_probability"":0.00763681},{""index"":24,""time"":4.927,""score"":1.908,""rms_ratio"":1.835,""diff_ratio"":1.983,""contact_probability"":0.0007232}]",candidate_selected
1132,F_1245,dataset/fly_ball/Codex_Workstation/F_1245,5.639,no,,,0.04877116,,0.7833643177503908,24,"[{""index"":1,""time"":5.648,""score"":2.297,""rms_ratio"":2.514,""diff_ratio"":2.098,""contact_probability"":0.00982951},{""index"":2,""time"":5.577,""score"":1.947,""rms_ratio"":2.037,""diff_ratio"":1.861,""contact_probability"":0.0017927},{""index"":3,""time"":5.762,""score"":1.479,""rms_ratio"":1.888,""diff_ratio"":1.158,""contact_probability"":0.04877116},{""index"":4,""time"":5.508,""score"":1.4,""rms_ratio"":1.291,""diff_ratio"":1.518,""contact_probability"":0.00588534},{""index"":5,""time"":5.267,""score"":1.312,""rms_ratio"":1.723,""diff_ratio"":0.963,""contact_probability"":0.01351097},{""index"":6,""time"":5.142,""score"":1.34,""rms_ratio"":1.728,""diff_ratio"":1.038,""contact_probability"":0.03067497},{""index"":7,""time"":5.088,""score"":2.174,""rms_ratio"":0.941,""diff_ratio"":4.725,""contact_probability"":0.03728333},{""index"":8,""time"":2.072,""score"":2.34,""rms_ratio"":1.466,""diff_ratio"":3.735,""contact_probability"":0.00717292},{""index"":9,""time"":0.572,""score"":2.139,""rms_ratio"":2.113,""diff_ratio"":2.164,""contact_probability"":0.00070294},{""index"":10,""time"":0.468,""score"":2.097,""rms_ratio"":2.39,""diff_ratio"":1.84,""contact_probability"":0.00482685},{""index"":11,""time"":0.257,""score"":2.068,""rms_ratio"":1.783,""diff_ratio"":2.399,""contact_probability"":0.00820292},{""index"":12,""time"":4.637,""score"":2.056,""rms_ratio"":1.785,""diff_ratio"":2.368,""contact_probability"":0.00282411},{""index"":13,""time"":1.038,""score"":1.97,""rms_ratio"":2.003,""diff_ratio"":1.938,""contact_probability"":0.00411359},{""index"":14,""time"":3.328,""score"":1.954,""rms_ratio"":2.258,""diff_ratio"":1.69,""contact_probability"":0.0014187},{""index"":15,""time"":0.748,""score"":1.953,""rms_ratio"":2.33,""diff_ratio"":1.637,""contact_probability"":0.00496197},{""index"":16,""time"":4.887,""score"":1.943,""rms_ratio"":0.943,""diff_ratio"":3.776,""contact_probability"":0.00565518},{""index"":17,""time"":1.075,""score"":1.91,""rms_ratio"":1.576,""diff_ratio"":2.314,""contact_probability"":0.00514072},{""index"":18,""time"":4.758,""score"":1.902,""rms_ratio"":1.612,""diff_ratio"":2.245,""contact_probability"":0.00232811},{""index"":19,""time"":1.367,""score"":1.889,""rms_ratio"":2.169,""diff_ratio"":1.646,""contact_probability"":0.01609764},{""index"":20,""time"":2.812,""score"":1.875,""rms_ratio"":1.95,""diff_ratio"":1.803,""contact_probability"":0.00063507},{""index"":21,""time"":1.227,""score"":1.822,""rms_ratio"":2.198,""diff_ratio"":1.51,""contact_probability"":0.01813112},{""index"":22,""time"":2.707,""score"":1.813,""rms_ratio"":1.858,""diff_ratio"":1.769,""contact_probability"":0.00036434},{""index"":23,""time"":1.597,""score"":1.787,""rms_ratio"":2.086,""diff_ratio"":1.53,""contact_probability"":0.00090067},{""index"":24,""time"":1.867,""score"":1.785,""rms_ratio"":2.109,""diff_ratio"":1.51,""contact_probability"":0.00353155}]",best_candidate_below_threshold
1131,F_1244,dataset/fly_ball/Codex_Workstation/F_1244,2.0,no,,,0.01239547,,0.7833643177503908,24,"[{""index"":1,""time"":2.057,""score"":1.716,""rms_ratio"":2.288,""diff_ratio"":1.287,""contact_probability"":0.00043401},{""index"":2,""time"":2.11,""score"":1.566,""rms_ratio"":1.984,""diff_ratio"":1.237,""contact_probability"":0.00033846},{""index"":3,""time"":1.842,""score"":1.606,""rms_ratio"":1.603,""diff_ratio"":1.61,""contact_probability"":0.00331638},{""index"":4,""time"":2.162,""score"":1.917,""rms_ratio"":2.423,""diff_ratio"":1.516,""contact_probability"":0.00087295},{""index"":5,""time"":2.217,""score"":1.648,""rms_ratio"":1.973,""diff_ratio"":1.377,""contact_probability"":0.00037789},{""index"":6,""time"":1.747,""score"":1.861,""rms_ratio"":1.725,""diff_ratio"":2.008,""contact_probability"":0.01239547},{""index"":7,""time"":2.297,""score"":1.53,""rms_ratio"":1.114,""diff_ratio"":2.103,""contact_probability"":0.00085848},{""index"":8,""time"":2.368,""score"":1.787,""rms_ratio"":1.772,""diff_ratio"":1.803,""contact_probability"":0.00131436},{""index"":9,""time"":2.453,""score"":1.585,""rms_ratio"":1.757,""diff_ratio"":1.429,""contact_probability"":0.00107699},{""index"":10,""time"":1.535,""score"":1.352,""rms_ratio"":1.334,""diff_ratio"":1.369,""contact_probability"":0.00092641},{""index"":11,""time"":1.497,""score"":1.556,""rms_ratio"":1.656,""diff_ratio"":1.462,""contact_probability"":0.00038539},{""index"":12,""time"":2.513,""score"":1.428,""rms_ratio"":1.691,""diff_ratio"":1.206,""contact_probability"":0.00024526},{""index"":13,""time"":2.568,""score"":1.867,""rms_ratio"":2.178,""diff_ratio"":1.599,""contact_probability"":0.00199676},{""index"":14,""time"":1.423,""score"":1.464,""rms_ratio"":1.648,""diff_ratio"":1.301,""contact_probability"":0.00026065},{""index"":15,""time"":4.338,""score"":2.303,""rms_ratio"":1.316,""diff_ratio"":4.032,""contact_probability"":0.00093672},{""index"":16,""time"":5.778,""score"":2.219,""rms_ratio"":1.24,""diff_ratio"":3.969,""contact_probability"":0.00133989},{""index"":17,""time"":0.983,""score"":2.177,""rms_ratio"":1.351,""diff_ratio"":3.508,""contact_probability"":0.00068033},{""index"":18,""time"":4.463,""score"":2.17,""rms_ratio"":2.085,""diff_ratio"":2.259,""contact_probability"":0.00166939},{""index"":19,""time"":4.097,""score"":2.122,""rms_ratio"":1.888,""diff_ratio"":2.385,""contact_probability"":0.00304365},{""index"":20,""time"":4.405,""score"":2.078,""rms_ratio"":1.174,""diff_ratio"":3.676,""contact_probability"":0.0007277},{""index"":21,""time"":3.273,""score"":2.008,""rms_ratio"":2.259,""diff_ratio"":1.784,""contact_probability"":0.00348311},{""index"":22,""time"":1.138,""score"":1.97,""rms_ratio"":1.925,""diff_ratio"":2.015,""contact_probability"":0.00136083},{""index"":23,""time"":0.93,""score"":1.866,""rms_ratio"":1.165,""diff_ratio"":2.987,""contact_probability"":0.00066343},{""index"":24,""time"":3.898,""score"":1.853,""rms_ratio"":2.137,""diff_ratio"":1.607,""contact_probability"":0.00114144}]",best_candidate_below_threshold
1130,F_1243,dataset/fly_ball/Codex_Workstation/F_1243,2.0,no,,,0.09749681,,0.7833643177503908,24,"[{""index"":1,""time"":1.982,""score"":3.267,""rms_ratio"":1.757,""diff_ratio"":6.076,""contact_probability"":0.00808037},{""index"":2,""time"":2.037,""score"":2.259,""rms_ratio"":2.386,""diff_ratio"":2.139,""contact_probability"":0.00376849},{""index"":3,""time"":2.102,""score"":1.593,""rms_ratio"":1.531,""diff_ratio"":1.657,""contact_probability"":0.00032456},{""index"":4,""time"":1.888,""score"":3.237,""rms_ratio"":1.737,""diff_ratio"":6.031,""contact_probability"":0.00267793},{""index"":5,""time"":1.827,""score"":2.418,""rms_ratio"":1.966,""diff_ratio"":2.974,""contact_probability"":0.00043979},{""index"":6,""time"":2.223,""score"":2.342,""rms_ratio"":1.945,""diff_ratio"":2.819,""contact_probability"":0.00161979},{""index"":7,""time"":1.707,""score"":1.958,""rms_ratio"":2.155,""diff_ratio"":1.778,""contact_probability"":0.00052301},{""index"":8,""time"":2.297,""score"":1.936,""rms_ratio"":2.081,""diff_ratio"":1.801,""contact_probability"":0.00095788},{""index"":9,""time"":1.648,""score"":2.223,""rms_ratio"":2.289,""diff_ratio"":2.159,""contact_probability"":0.00188369},{""index"":10,""time"":1.597,""score"":1.331,""rms_ratio"":1.384,""diff_ratio"":1.279,""contact_probability"":0.00025201},{""index"":11,""time"":2.457,""score"":2.222,""rms_ratio"":2.52,""diff_ratio"":1.958,""contact_probability"":0.00211832},{""index"":12,""time"":2.533,""score"":2.254,""rms_ratio"":2.481,""diff_ratio"":2.048,""contact_probability"":0.0034609},{""index"":13,""time"":2.882,""score"":3.323,""rms_ratio"":1.68,""diff_ratio"":6.573,""contact_probability"":0.0161979},{""index"":14,""time"":6.807,""score"":3.251,""rms_ratio"":1.738,""diff_ratio"":6.081,""contact_probability"":0.01084782},{""index"":15,""time"":0.967,""score"":2.951,""rms_ratio"":1.557,""diff_ratio"":5.594,""contact_probability"":0.00423353},{""index"":16,""time"":0.218,""score"":2.867,""rms_ratio"":1.63,""diff_ratio"":5.043,""contact_probability"":0.01239704},{""index"":17,""time"":0.488,""score"":2.86,""rms_ratio"":1.713,""diff_ratio"":4.777,""contact_probability"":0.00469143},{""index"":18,""time"":0.062,""score"":2.85,""rms_ratio"":1.661,""diff_ratio"":4.892,""contact_probability"":0.09749681},{""index"":19,""time"":0.817,""score"":2.723,""rms_ratio"":2.524,""diff_ratio"":2.938,""contact_probability"":0.00570391},{""index"":20,""time"":2.693,""score"":2.395,""rms_ratio"":1.738,""diff_ratio"":3.302,""contact_probability"":0.00257283},{""index"":21,""time"":0.308,""score"":2.295,""rms_ratio"":2.614,""diff_ratio"":2.014,""contact_probability"":0.01613131},{""index"":22,""time"":1.148,""score"":2.215,""rms_ratio"":1.914,""diff_ratio"":2.564,""contact_probability"":0.00042177},{""index"":23,""time"":1.788,""score"":2.126,""rms_ratio"":2.172,""diff_ratio"":2.081,""contact_probability"":0.00133463},{""index"":24,""time"":4.452,""score"":2.076,""rms_ratio"":1.644,""diff_ratio"":2.62,""contact_probability"":0.0062222}]",best_candidate_below_threshold
1129,F_1242,dataset/fly_ball/Codex_Workstation/F_1242,2.0,no,,,0.62480781,,0.7833643177503908,24,"[{""index"":1,""time"":2.027,""score"":3.006,""rms_ratio"":3.842,""diff_ratio"":2.352,""contact_probability"":0.62480781},{""index"":2,""time"":2.092,""score"":1.285,""rms_ratio"":1.308,""diff_ratio"":1.261,""contact_probability"":0.00334536},{""index"":3,""time"":1.857,""score"":2.766,""rms_ratio"":3.944,""diff_ratio"":1.94,""contact_probability"":0.4098683},{""index"":4,""time"":1.803,""score"":1.281,""rms_ratio"":1.283,""diff_ratio"":1.279,""contact_probability"":0.00064697},{""index"":5,""time"":2.273,""score"":2.359,""rms_ratio"":2.427,""diff_ratio"":2.294,""contact_probability"":0.03142606},{""index"":6,""time"":1.668,""score"":1.212,""rms_ratio"":1.091,""diff_ratio"":1.345,""contact_probability"":0.00010044},{""index"":7,""time"":1.617,""score"":1.538,""rms_ratio"":1.444,""diff_ratio"":1.638,""contact_probability"":0.00014918},{""index"":8,""time"":1.562,""score"":1.205,""rms_ratio"":1.098,""diff_ratio"":1.324,""contact_probability"":0.00020636},{""index"":9,""time"":2.503,""score"":1.692,""rms_ratio"":2.458,""diff_ratio"":1.164,""contact_probability"":0.00786522},{""index"":10,""time"":1.482,""score"":1.333,""rms_ratio"":0.931,""diff_ratio"":1.778,""contact_probability"":0.00012052},{""index"":11,""time"":1.413,""score"":1.706,""rms_ratio"":1.142,""diff_ratio"":2.55,""contact_probability"":0.00147049},{""index"":12,""time"":2.598,""score"":1.259,""rms_ratio"":1.49,""diff_ratio"":1.064,""contact_probability"":0.00036443},{""index"":13,""time"":4.392,""score"":2.926,""rms_ratio"":3.298,""diff_ratio"":2.596,""contact_probability"":0.61580939},{""index"":14,""time"":0.168,""score"":2.634,""rms_ratio"":2.144,""diff_ratio"":3.236,""contact_probability"":0.03759032},{""index"":15,""time"":5.298,""score"":2.562,""rms_ratio"":3.427,""diff_ratio"":1.915,""contact_probability"":0.12509619},{""index"":16,""time"":3.257,""score"":2.547,""rms_ratio"":1.787,""diff_ratio"":3.631,""contact_probability"":0.00346775},{""index"":17,""time"":0.013,""score"":2.454,""rms_ratio"":3.146,""diff_ratio"":1.914,""contact_probability"":0.12657125},{""index"":18,""time"":5.798,""score"":2.383,""rms_ratio"":1.769,""diff_ratio"":3.211,""contact_probability"":0.00539662},{""index"":19,""time"":3.553,""score"":2.241,""rms_ratio"":1.673,""diff_ratio"":3.003,""contact_probability"":0.00613061},{""index"":20,""time"":6.738,""score"":2.24,""rms_ratio"":3.408,""diff_ratio"":1.472,""contact_probability"":0.25721688},{""index"":21,""time"":5.677,""score"":2.227,""rms_ratio"":1.995,""diff_ratio"":2.486,""contact_probability"":0.02982673},{""index"":22,""time"":3.812,""score"":2.226,""rms_ratio"":2.724,""diff_ratio"":1.82,""contact_probability"":0.10868681},{""index"":23,""time"":2.973,""score"":2.144,""rms_ratio"":2.224,""diff_ratio"":2.067,""contact_probability"":0.06191796},{""index"":24,""time"":5.017,""score"":2.105,""rms_ratio"":2.471,""diff_ratio"":1.793,""contact_probability"":0.0508631}]",best_candidate_below_threshold
1128,F_1240,dataset/fly_ball/Codex_Workstation/F_1240,2.0,no,,,0.02090315,,0.7833643177503908,24,"[{""index"":1,""time"":2.023,""score"":2.532,""rms_ratio"":2.818,""diff_ratio"":2.276,""contact_probability"":0.01093422},{""index"":2,""time"":1.913,""score"":2.538,""rms_ratio"":2.644,""diff_ratio"":2.436,""contact_probability"":0.00194786},{""index"":3,""time"":2.088,""score"":2.131,""rms_ratio"":2.29,""diff_ratio"":1.983,""contact_probability"":0.00564886},{""index"":4,""time"":1.832,""score"":2.767,""rms_ratio"":2.975,""diff_ratio"":2.573,""contact_probability"":0.01206428},{""index"":5,""time"":2.297,""score"":1.882,""rms_ratio"":2.259,""diff_ratio"":1.568,""contact_probability"":0.00126601},{""index"":6,""time"":1.612,""score"":1.503,""rms_ratio"":1.08,""diff_ratio"":2.094,""contact_probability"":0.00014379},{""index"":7,""time"":2.412,""score"":2.156,""rms_ratio"":1.587,""diff_ratio"":2.928,""contact_probability"":0.00167283},{""index"":8,""time"":1.553,""score"":1.702,""rms_ratio"":1.427,""diff_ratio"":2.03,""contact_probability"":0.0042304},{""index"":9,""time"":2.455,""score"":1.441,""rms_ratio"":1.292,""diff_ratio"":1.606,""contact_probability"":0.00045894},{""index"":10,""time"":2.497,""score"":1.856,""rms_ratio"":1.563,""diff_ratio"":2.203,""contact_probability"":0.00039239},{""index"":11,""time"":1.492,""score"":2.494,""rms_ratio"":1.968,""diff_ratio"":3.161,""contact_probability"":0.00481071},{""index"":12,""time"":2.553,""score"":1.784,""rms_ratio"":1.442,""diff_ratio"":2.208,""contact_probability"":0.00154975},{""index"":13,""time"":1.403,""score"":2.167,""rms_ratio"":1.943,""diff_ratio"":2.417,""contact_probability"":0.0007652},{""index"":14,""time"":0.177,""score"":2.938,""rms_ratio"":2.284,""diff_ratio"":3.779,""contact_probability"":0.00115251},{""index"":15,""time"":0.002,""score"":2.715,""rms_ratio"":2.483,""diff_ratio"":2.968,""contact_probability"":0.01456673},{""index"":16,""time"":0.083,""score"":2.655,""rms_ratio"":2.252,""diff_ratio"":3.132,""contact_probability"":0.00705077},{""index"":17,""time"":0.298,""score"":2.617,""rms_ratio"":2.198,""diff_ratio"":3.116,""contact_probability"":0.00116705},{""index"":18,""time"":2.773,""score"":2.533,""rms_ratio"":2.286,""diff_ratio"":2.807,""contact_probability"":0.02090315},{""index"":19,""time"":3.197,""score"":2.464,""rms_ratio"":2.856,""diff_ratio"":2.126,""contact_probability"":0.0078249},{""index"":20,""time"":0.978,""score"":2.363,""rms_ratio"":2.592,""diff_ratio"":2.154,""contact_probability"":0.00500866},{""index"":21,""time"":1.362,""score"":2.191,""rms_ratio"":2.236,""diff_ratio"":2.146,""contact_probability"":0.00138488},{""index"":22,""time"":1.325,""score"":2.128,""rms_ratio"":1.963,""diff_ratio"":2.308,""contact_probability"":0.00097622},{""index"":23,""time"":2.938,""score"":2.088,""rms_ratio"":1.716,""diff_ratio"":2.541,""contact_probability"":0.00155993},{""index"":24,""time"":0.407,""score"":2.003,""rms_ratio"":1.787,""diff_ratio"":2.245,""contact_probability"":0.00328145}]",best_candidate_below_threshold
1127,F_1239,dataset/fly_ball/Codex_Workstation/F_1239,2.0,no,,,0.06730825,,0.7833643177503908,24,"[{""index"":1,""time"":2.023,""score"":2.047,""rms_ratio"":4.189,""diff_ratio"":0.586,""contact_probability"":0.01720111},{""index"":2,""time"":1.933,""score"":2.407,""rms_ratio"":2.845,""diff_ratio"":2.036,""contact_probability"":0.06455314},{""index"":3,""time"":2.082,""score"":1.906,""rms_ratio"":3.282,""diff_ratio"":1.107,""contact_probability"":0.06730825},{""index"":4,""time"":2.148,""score"":1.641,""rms_ratio"":1.654,""diff_ratio"":1.628,""contact_probability"":0.00465665},{""index"":5,""time"":1.847,""score"":1.652,""rms_ratio"":1.229,""diff_ratio"":2.221,""contact_probability"":0.00087906},{""index"":6,""time"":2.233,""score"":1.435,""rms_ratio"":2.058,""diff_ratio"":0.396,""contact_probability"":0.00086215},{""index"":7,""time"":2.352,""score"":1.798,""rms_ratio"":3.232,""diff_ratio"":0.852,""contact_probability"":0.0051997},{""index"":8,""time"":2.432,""score"":1.93,""rms_ratio"":3.134,""diff_ratio"":1.188,""contact_probability"":0.01230125},{""index"":9,""time"":1.513,""score"":1.598,""rms_ratio"":1.345,""diff_ratio"":1.899,""contact_probability"":0.00536315},{""index"":10,""time"":2.497,""score"":1.416,""rms_ratio"":2.006,""diff_ratio"":0.638,""contact_probability"":0.00400738},{""index"":11,""time"":1.452,""score"":1.442,""rms_ratio"":1.151,""diff_ratio"":1.805,""contact_probability"":0.00374816},{""index"":12,""time"":2.592,""score"":1.366,""rms_ratio"":1.304,""diff_ratio"":1.431,""contact_probability"":0.01005615},{""index"":13,""time"":5.747,""score"":2.791,""rms_ratio"":1.184,""diff_ratio"":6.58,""contact_probability"":0.00861704},{""index"":14,""time"":4.642,""score"":2.465,""rms_ratio"":1.416,""diff_ratio"":4.292,""contact_probability"":0.00116384},{""index"":15,""time"":5.593,""score"":2.23,""rms_ratio"":1.801,""diff_ratio"":2.761,""contact_probability"":0.00289585},{""index"":16,""time"":0.472,""score"":2.161,""rms_ratio"":1.677,""diff_ratio"":2.784,""contact_probability"":0.00498195},{""index"":17,""time"":0.627,""score"":2.133,""rms_ratio"":1.128,""diff_ratio"":4.034,""contact_probability"":0.0051053},{""index"":18,""time"":3.878,""score"":2.126,""rms_ratio"":1.039,""diff_ratio"":4.35,""contact_probability"":0.0038303},{""index"":19,""time"":4.273,""score"":2.093,""rms_ratio"":0.958,""diff_ratio"":4.379,""contact_probability"":0.01386515},{""index"":20,""time"":6.508,""score"":1.944,""rms_ratio"":1.632,""diff_ratio"":2.314,""contact_probability"":0.02437968},{""index"":21,""time"":6.403,""score"":1.937,""rms_ratio"":1.84,""diff_ratio"":2.04,""contact_probability"":0.0029038},{""index"":22,""time"":4.838,""score"":1.929,""rms_ratio"":1.654,""diff_ratio"":2.249,""contact_probability"":0.00169475},{""index"":23,""time"":4.543,""score"":1.929,""rms_ratio"":0.923,""diff_ratio"":3.72,""contact_probability"":0.00039438},{""index"":24,""time"":6.028,""score"":1.906,""rms_ratio"":1.616,""diff_ratio"":2.248,""contact_probability"":0.00355558}]",best_candidate_below_threshold
1126,F_1238,dataset/fly_ball/Codex_Workstation/F_1238,2.0,no,,,0.09793038,,0.7833643177503908,24,"[{""index"":1,""time"":1.987,""score"":2.761,""rms_ratio"":2.939,""diff_ratio"":2.595,""contact_probability"":0.03944113},{""index"":2,""time"":2.035,""score"":2.208,""rms_ratio"":4.873,""diff_ratio"":0.708,""contact_probability"":0.04156006},{""index"":3,""time"":1.933,""score"":1.753,""rms_ratio"":3.072,""diff_ratio"":0.708,""contact_probability"":0.00455852},{""index"":4,""time"":2.092,""score"":2.479,""rms_ratio"":3.917,""diff_ratio"":1.57,""contact_probability"":0.03375492},{""index"":5,""time"":1.81,""score"":1.31,""rms_ratio"":1.159,""diff_ratio"":1.481,""contact_probability"":0.00302645},{""index"":6,""time"":2.193,""score"":2.534,""rms_ratio"":2.173,""diff_ratio"":2.955,""contact_probability"":0.0045331},{""index"":7,""time"":1.758,""score"":1.651,""rms_ratio"":1.356,""diff_ratio"":2.009,""contact_probability"":0.00214387},{""index"":8,""time"":2.257,""score"":2.111,""rms_ratio"":2.779,""diff_ratio"":1.604,""contact_probability"":0.01050244},{""index"":9,""time"":2.295,""score"":1.942,""rms_ratio"":2.048,""diff_ratio"":1.84,""contact_probability"":0.00649303},{""index"":10,""time"":1.678,""score"":1.81,""rms_ratio"":1.582,""diff_ratio"":2.07,""contact_probability"":0.00230503},{""index"":11,""time"":2.362,""score"":2.779,""rms_ratio"":4.824,""diff_ratio"":1.601,""contact_probability"":0.0337375},{""index"":12,""time"":2.443,""score"":2.926,""rms_ratio"":3.135,""diff_ratio"":2.731,""contact_probability"":0.09793038},{""index"":13,""time"":1.543,""score"":2.166,""rms_ratio"":1.679,""diff_ratio"":2.794,""contact_probability"":0.00351912},{""index"":14,""time"":2.523,""score"":1.799,""rms_ratio"":2.505,""diff_ratio"":1.292,""contact_probability"":0.04686567},{""index"":15,""time"":1.462,""score"":2.064,""rms_ratio"":0.863,""diff_ratio"":4.259,""contact_probability"":0.00977794},{""index"":16,""time"":2.787,""score"":2.885,""rms_ratio"":2.381,""diff_ratio"":3.497,""contact_probability"":0.0301823},{""index"":17,""time"":3.557,""score"":2.546,""rms_ratio"":3.162,""diff_ratio"":2.05,""contact_probability"":0.00498591},{""index"":18,""time"":2.868,""score"":2.363,""rms_ratio"":2.148,""diff_ratio"":2.601,""contact_probability"":0.04682529},{""index"":19,""time"":3.773,""score"":2.358,""rms_ratio"":1.099,""diff_ratio"":5.058,""contact_probability"":0.00498889},{""index"":20,""time"":3.652,""score"":2.31,""rms_ratio"":1.831,""diff_ratio"":2.915,""contact_probability"":0.0083403},{""index"":21,""time"":3.987,""score"":2.205,""rms_ratio"":1.699,""diff_ratio"":2.861,""contact_probability"":0.0079249},{""index"":22,""time"":0.998,""score"":2.202,""rms_ratio"":1.86,""diff_ratio"":2.606,""contact_probability"":0.00247741},{""index"":23,""time"":3.858,""score"":2.194,""rms_ratio"":0.979,""diff_ratio"":4.812,""contact_probability"":0.00813934},{""index"":24,""time"":5.017,""score"":2.192,""rms_ratio"":1.624,""diff_ratio"":2.959,""contact_probability"":0.01677104}]",best_candidate_below_threshold
1125,F_1237,dataset/fly_ball/Codex_Workstation/F_1237,3.605,no,,,0.21386583,,0.7833643177503908,24,"[{""index"":1,""time"":3.628,""score"":1.509,""rms_ratio"":2.276,""diff_ratio"":0.86,""contact_probability"":0.00902768},{""index"":2,""time"":3.537,""score"":1.251,""rms_ratio"":1.284,""diff_ratio"":1.219,""contact_probability"":0.00021409},{""index"":3,""time"":3.688,""score"":1.307,""rms_ratio"":1.708,""diff_ratio"":0.76,""contact_probability"":0.0032863},{""index"":4,""time"":3.783,""score"":1.715,""rms_ratio"":1.737,""diff_ratio"":1.694,""contact_probability"":0.00447803},{""index"":5,""time"":3.382,""score"":1.353,""rms_ratio"":1.831,""diff_ratio"":0.785,""contact_probability"":0.00309603},{""index"":6,""time"":3.303,""score"":1.509,""rms_ratio"":2.179,""diff_ratio"":1.045,""contact_probability"":0.01437499},{""index"":7,""time"":3.967,""score"":1.513,""rms_ratio"":1.313,""diff_ratio"":1.744,""contact_probability"":0.00017986},{""index"":8,""time"":3.237,""score"":1.167,""rms_ratio"":1.184,""diff_ratio"":1.149,""contact_probability"":0.00069884},{""index"":9,""time"":3.122,""score"":1.711,""rms_ratio"":1.593,""diff_ratio"":1.838,""contact_probability"":0.00167041},{""index"":10,""time"":4.137,""score"":2.082,""rms_ratio"":2.805,""diff_ratio"":1.545,""contact_probability"":0.21386583},{""index"":11,""time"":4.193,""score"":1.302,""rms_ratio"":1.423,""diff_ratio"":1.191,""contact_probability"":0.01447434},{""index"":12,""time"":3.013,""score"":1.542,""rms_ratio"":1.676,""diff_ratio"":1.418,""contact_probability"":0.00041719},{""index"":13,""time"":5.202,""score"":2.247,""rms_ratio"":1.989,""diff_ratio"":2.538,""contact_probability"":0.00252714},{""index"":14,""time"":5.287,""score"":2.229,""rms_ratio"":2.128,""diff_ratio"":2.334,""contact_probability"":0.00133973},{""index"":15,""time"":4.738,""score"":2.09,""rms_ratio"":2.116,""diff_ratio"":2.064,""contact_probability"":0.09473094},{""index"":16,""time"":5.245,""score"":2.038,""rms_ratio"":1.758,""diff_ratio"":2.364,""contact_probability"":0.00175951},{""index"":17,""time"":2.223,""score"":1.849,""rms_ratio"":1.634,""diff_ratio"":2.093,""contact_probability"":0.00637623},{""index"":18,""time"":4.472,""score"":1.759,""rms_ratio"":2.434,""diff_ratio"":1.271,""contact_probability"":0.16525423},{""index"":19,""time"":2.878,""score"":1.755,""rms_ratio"":2.357,""diff_ratio"":1.308,""contact_probability"":0.05486996},{""index"":20,""time"":6.182,""score"":1.754,""rms_ratio"":1.594,""diff_ratio"":1.93,""contact_probability"":0.01655377},{""index"":21,""time"":4.972,""score"":1.669,""rms_ratio"":1.902,""diff_ratio"":1.465,""contact_probability"":0.05583351},{""index"":22,""time"":6.383,""score"":1.631,""rms_ratio"":2.113,""diff_ratio"":1.258,""contact_probability"":0.0683778},{""index"":23,""time"":2.477,""score"":1.571,""rms_ratio"":2.026,""diff_ratio"":1.218,""contact_probability"":0.00492448},{""index"":24,""time"":5.872,""score"":1.538,""rms_ratio"":2.223,""diff_ratio"":1.064,""contact_probability"":0.04706672}]",best_candidate_below_threshold
1124,F_1235,dataset/fly_ball/Codex_Workstation/F_1235,2.0,no,,,0.1554966,,0.7833643177503908,24,"[{""index"":1,""time"":2.037,""score"":2.662,""rms_ratio"":3.203,""diff_ratio"":2.213,""contact_probability"":0.00094737},{""index"":2,""time"":1.957,""score"":2.758,""rms_ratio"":3.073,""diff_ratio"":2.476,""contact_probability"":0.00113076},{""index"":3,""time"":2.172,""score"":1.899,""rms_ratio"":2.254,""diff_ratio"":1.599,""contact_probability"":0.00016947},{""index"":4,""time"":2.223,""score"":2.866,""rms_ratio"":2.697,""diff_ratio"":3.046,""contact_probability"":0.00109466},{""index"":5,""time"":1.747,""score"":2.057,""rms_ratio"":1.578,""diff_ratio"":2.68,""contact_probability"":0.0002542},{""index"":6,""time"":2.293,""score"":2.622,""rms_ratio"":1.978,""diff_ratio"":3.477,""contact_probability"":0.00047701},{""index"":7,""time"":1.653,""score"":1.748,""rms_ratio"":1.457,""diff_ratio"":2.097,""contact_probability"":0.00114598},{""index"":8,""time"":2.372,""score"":2.341,""rms_ratio"":1.99,""diff_ratio"":2.753,""contact_probability"":0.0016708},{""index"":9,""time"":1.602,""score"":1.657,""rms_ratio"":1.25,""diff_ratio"":2.195,""contact_probability"":0.00153926},{""index"":10,""time"":2.432,""score"":2.1,""rms_ratio"":1.661,""diff_ratio"":2.654,""contact_probability"":0.01334998},{""index"":11,""time"":1.548,""score"":2.522,""rms_ratio"":2.221,""diff_ratio"":2.864,""contact_probability"":0.00883421},{""index"":12,""time"":1.482,""score"":1.703,""rms_ratio"":1.174,""diff_ratio"":2.469,""contact_probability"":0.00041081},{""index"":13,""time"":1.405,""score"":1.375,""rms_ratio"":1.222,""diff_ratio"":1.546,""contact_probability"":0.00134757},{""index"":14,""time"":2.332,""score"":2.563,""rms_ratio"":2.017,""diff_ratio"":3.257,""contact_probability"":0.00055695},{""index"":15,""time"":4.438,""score"":2.474,""rms_ratio"":2.18,""diff_ratio"":2.808,""contact_probability"":0.00101589},{""index"":16,""time"":0.947,""score"":2.415,""rms_ratio"":2.657,""diff_ratio"":2.195,""contact_probability"":0.00118372},{""index"":17,""time"":3.912,""score"":2.347,""rms_ratio"":2.244,""diff_ratio"":2.454,""contact_probability"":0.00915353},{""index"":18,""time"":1.092,""score"":2.293,""rms_ratio"":2.591,""diff_ratio"":2.028,""contact_probability"":0.00132906},{""index"":19,""time"":1.227,""score"":2.277,""rms_ratio"":1.791,""diff_ratio"":2.893,""contact_probability"":0.00066874},{""index"":20,""time"":0.837,""score"":2.206,""rms_ratio"":2.447,""diff_ratio"":1.989,""contact_probability"":0.00166322},{""index"":21,""time"":1.015,""score"":2.164,""rms_ratio"":2.394,""diff_ratio"":1.955,""contact_probability"":0.00087079},{""index"":22,""time"":0.002,""score"":2.121,""rms_ratio"":2.03,""diff_ratio"":2.216,""contact_probability"":0.1554966},{""index"":23,""time"":5.727,""score"":2.085,""rms_ratio"":2.253,""diff_ratio"":1.929,""contact_probability"":0.01515612},{""index"":24,""time"":0.905,""score"":2.084,""rms_ratio"":2.084,""diff_ratio"":2.085,""contact_probability"":0.0007395}]",best_candidate_below_threshold
1123,F_1234,dataset/fly_ball/Codex_Workstation/F_1234,2.0,yes,20,0.357,0.99951389,1.761,0.7833643177503908,24,"[{""index"":1,""time"":1.977,""score"":1.801,""rms_ratio"":2.055,""diff_ratio"":1.579,""contact_probability"":0.00037069},{""index"":2,""time"":2.025,""score"":1.602,""rms_ratio"":2.039,""diff_ratio"":1.259,""contact_probability"":0.00027143},{""index"":3,""time"":2.062,""score"":1.586,""rms_ratio"":1.91,""diff_ratio"":1.317,""contact_probability"":0.00029479},{""index"":4,""time"":1.925,""score"":1.416,""rms_ratio"":1.82,""diff_ratio"":1.102,""contact_probability"":0.00022807},{""index"":5,""time"":2.125,""score"":1.532,""rms_ratio"":1.594,""diff_ratio"":1.472,""contact_probability"":0.00030169},{""index"":6,""time"":1.842,""score"":1.422,""rms_ratio"":1.574,""diff_ratio"":1.284,""contact_probability"":0.00047972},{""index"":7,""time"":2.21,""score"":1.312,""rms_ratio"":1.197,""diff_ratio"":1.438,""contact_probability"":0.00064352},{""index"":8,""time"":1.755,""score"":1.523,""rms_ratio"":1.537,""diff_ratio"":1.508,""contact_probability"":0.00959849},{""index"":9,""time"":2.247,""score"":1.521,""rms_ratio"":1.276,""diff_ratio"":1.813,""contact_probability"":0.00024963},{""index"":10,""time"":2.303,""score"":1.703,""rms_ratio"":1.376,""diff_ratio"":2.108,""contact_probability"":0.00050795},{""index"":11,""time"":2.398,""score"":1.871,""rms_ratio"":1.51,""diff_ratio"":2.317,""contact_probability"":0.0013136},{""index"":12,""time"":1.597,""score"":1.449,""rms_ratio"":1.167,""diff_ratio"":1.8,""contact_probability"":0.00089333},{""index"":13,""time"":2.457,""score"":1.617,""rms_ratio"":1.308,""diff_ratio"":1.998,""contact_probability"":0.0013209},{""index"":14,""time"":1.543,""score"":1.499,""rms_ratio"":1.256,""diff_ratio"":1.787,""contact_probability"":0.00106259},{""index"":15,""time"":1.49,""score"":1.243,""rms_ratio"":1.231,""diff_ratio"":1.256,""contact_probability"":0.00151251},{""index"":16,""time"":2.527,""score"":1.446,""rms_ratio"":1.123,""diff_ratio"":1.861,""contact_probability"":0.00099964},{""index"":17,""time"":2.565,""score"":1.423,""rms_ratio"":1.141,""diff_ratio"":1.774,""contact_probability"":0.00058553},{""index"":18,""time"":6.457,""score"":1.939,""rms_ratio"":1.666,""diff_ratio"":2.258,""contact_probability"":0.00143129},{""index"":19,""time"":3.737,""score"":1.921,""rms_ratio"":0.878,""diff_ratio"":3.692,""contact_probability"":0.01482821},{""index"":20,""time"":0.357,""score"":1.761,""rms_ratio"":1.251,""diff_ratio"":2.478,""contact_probability"":0.99951389},{""index"":21,""time"":6.332,""score"":1.727,""rms_ratio"":1.577,""diff_ratio"":1.891,""contact_probability"":0.00048574},{""index"":22,""time"":5.062,""score"":1.725,""rms_ratio"":1.889,""diff_ratio"":1.575,""contact_probability"":0.0015906},{""index"":23,""time"":3.918,""score"":1.719,""rms_ratio"":1.427,""diff_ratio"":2.07,""contact_probability"":0.00039863},{""index"":24,""time"":5.153,""score"":1.708,""rms_ratio"":1.781,""diff_ratio"":1.637,""contact_probability"":0.00368441}]",candidate_selected
1122,F_1233,dataset/fly_ball/Codex_Workstation/F_1233,2.0,no,,,0.71874518,,0.7833643177503908,24,"[{""index"":1,""time"":2.027,""score"":2.685,""rms_ratio"":2.823,""diff_ratio"":2.553,""contact_probability"":0.71874518},{""index"":2,""time"":2.098,""score"":1.239,""rms_ratio"":1.317,""diff_ratio"":1.166,""contact_probability"":0.00196912},{""index"":3,""time"":2.172,""score"":1.362,""rms_ratio"":1.604,""diff_ratio"":1.157,""contact_probability"":0.00036313},{""index"":4,""time"":1.808,""score"":1.416,""rms_ratio"":1.371,""diff_ratio"":1.462,""contact_probability"":0.01165928},{""index"":5,""time"":2.227,""score"":1.176,""rms_ratio"":1.383,""diff_ratio"":0.82,""contact_probability"":0.00016127},{""index"":6,""time"":1.742,""score"":1.29,""rms_ratio"":1.274,""diff_ratio"":1.306,""contact_probability"":0.02822771},{""index"":7,""time"":1.688,""score"":1.499,""rms_ratio"":1.544,""diff_ratio"":1.455,""contact_probability"":0.00593606},{""index"":8,""time"":1.597,""score"":1.179,""rms_ratio"":1.07,""diff_ratio"":1.299,""contact_probability"":0.00033308},{""index"":9,""time"":2.422,""score"":1.882,""rms_ratio"":2.755,""diff_ratio"":1.286,""contact_probability"":0.00909655},{""index"":10,""time"":2.477,""score"":1.291,""rms_ratio"":1.666,""diff_ratio"":0.941,""contact_probability"":0.00049351},{""index"":11,""time"":2.533,""score"":1.349,""rms_ratio"":1.651,""diff_ratio"":1.102,""contact_probability"":0.00020393},{""index"":12,""time"":2.57,""score"":1.264,""rms_ratio"":1.499,""diff_ratio"":1.066,""contact_probability"":0.00013162},{""index"":13,""time"":6.918,""score"":2.686,""rms_ratio"":2.467,""diff_ratio"":2.924,""contact_probability"":0.00023622},{""index"":14,""time"":5.677,""score"":2.349,""rms_ratio"":2.335,""diff_ratio"":2.362,""contact_probability"":0.03977663},{""index"":15,""time"":6.677,""score"":2.3,""rms_ratio"":2.267,""diff_ratio"":2.334,""contact_probability"":0.01974767},{""index"":16,""time"":3.118,""score"":1.935,""rms_ratio"":2.332,""diff_ratio"":1.607,""contact_probability"":0.02392582},{""index"":17,""time"":4.398,""score"":1.93,""rms_ratio"":2.356,""diff_ratio"":1.581,""contact_probability"":0.02086882},{""index"":18,""time"":6.312,""score"":1.856,""rms_ratio"":2.385,""diff_ratio"":1.444,""contact_probability"":0.02178896},{""index"":19,""time"":6.173,""score"":1.837,""rms_ratio"":1.747,""diff_ratio"":1.932,""contact_probability"":0.02618532},{""index"":20,""time"":0.233,""score"":1.826,""rms_ratio"":2.041,""diff_ratio"":1.634,""contact_probability"":0.22535746},{""index"":21,""time"":5.782,""score"":1.76,""rms_ratio"":1.864,""diff_ratio"":1.662,""contact_probability"":0.01025868},{""index"":22,""time"":5.948,""score"":1.678,""rms_ratio"":1.199,""diff_ratio"":2.347,""contact_probability"":0.00013097},{""index"":23,""time"":4.537,""score"":1.642,""rms_ratio"":2.345,""diff_ratio"":1.149,""contact_probability"":0.01040409},{""index"":24,""time"":6.832,""score"":1.574,""rms_ratio"":1.486,""diff_ratio"":1.667,""contact_probability"":5.169e-05}]",best_candidate_below_threshold
1121,F_1232,dataset/fly_ball/Codex_Workstation/F_1232,2.0,no,,,0.04858636,,0.7833643177503908,24,"[{""index"":1,""time"":2.023,""score"":1.911,""rms_ratio"":2.068,""diff_ratio"":1.766,""contact_probability"":0.00789482},{""index"":2,""time"":1.945,""score"":1.172,""rms_ratio"":1.118,""diff_ratio"":1.228,""contact_probability"":0.00020442},{""index"":3,""time"":1.888,""score"":1.497,""rms_ratio"":1.614,""diff_ratio"":1.389,""contact_probability"":0.00239632},{""index"":4,""time"":2.112,""score"":1.348,""rms_ratio"":1.166,""diff_ratio"":1.558,""contact_probability"":0.00033052},{""index"":5,""time"":1.832,""score"":1.513,""rms_ratio"":1.676,""diff_ratio"":1.366,""contact_probability"":0.00095927},{""index"":6,""time"":2.193,""score"":1.442,""rms_ratio"":1.389,""diff_ratio"":1.498,""contact_probability"":0.00025793},{""index"":7,""time"":2.273,""score"":1.917,""rms_ratio"":2.126,""diff_ratio"":1.729,""contact_probability"":0.00477129},{""index"":8,""time"":1.722,""score"":1.792,""rms_ratio"":2.128,""diff_ratio"":1.51,""contact_probability"":0.02455039},{""index"":9,""time"":2.335,""score"":1.501,""rms_ratio"":1.588,""diff_ratio"":1.418,""contact_probability"":0.00112921},{""index"":10,""time"":2.378,""score"":1.652,""rms_ratio"":1.738,""diff_ratio"":1.569,""contact_probability"":0.00125796},{""index"":11,""time"":2.438,""score"":1.327,""rms_ratio"":1.376,""diff_ratio"":1.28,""contact_probability"":0.00059905},{""index"":12,""time"":2.527,""score"":2.386,""rms_ratio"":2.189,""diff_ratio"":2.601,""contact_probability"":0.01036112},{""index"":13,""time"":1.447,""score"":1.578,""rms_ratio"":1.447,""diff_ratio"":1.721,""contact_probability"":0.00694177},{""index"":14,""time"":2.588,""score"":1.637,""rms_ratio"":1.554,""diff_ratio"":1.724,""contact_probability"":0.000743},{""index"":15,""time"":4.052,""score"":2.725,""rms_ratio"":1.257,""diff_ratio"":5.909,""contact_probability"":0.00723613},{""index"":16,""time"":0.822,""score"":2.261,""rms_ratio"":1.794,""diff_ratio"":2.848,""contact_probability"":0.0105221},{""index"":17,""time"":1.018,""score"":2.233,""rms_ratio"":1.818,""diff_ratio"":2.744,""contact_probability"":0.02250349},{""index"":18,""time"":5.903,""score"":2.151,""rms_ratio"":1.988,""diff_ratio"":2.327,""contact_probability"":0.03305546},{""index"":19,""time"":5.492,""score"":1.992,""rms_ratio"":1.636,""diff_ratio"":2.426,""contact_probability"":0.04858636},{""index"":20,""time"":3.612,""score"":1.923,""rms_ratio"":1.385,""diff_ratio"":2.671,""contact_probability"":0.00718326},{""index"":21,""time"":6.517,""score"":1.889,""rms_ratio"":2.076,""diff_ratio"":1.719,""contact_probability"":0.03662406},{""index"":22,""time"":4.383,""score"":1.886,""rms_ratio"":1.803,""diff_ratio"":1.972,""contact_probability"":0.00091368},{""index"":23,""time"":0.287,""score"":1.871,""rms_ratio"":1.497,""diff_ratio"":2.339,""contact_probability"":0.01305728},{""index"":24,""time"":0.162,""score"":1.861,""rms_ratio"":1.585,""diff_ratio"":2.186,""contact_probability"":0.03284371}]",best_candidate_below_threshold
1120,F_1231,dataset/fly_ball/Codex_Workstation/F_1231,1.04,yes,1,1.072,0.99999293,14.637,0.7833643177503908,24,"[{""index"":1,""time"":1.072,""score"":14.637,""rms_ratio"":10.79,""diff_ratio"":19.856,""contact_probability"":0.99999293},{""index"":2,""time"":1.587,""score"":1.937,""rms_ratio"":0.957,""diff_ratio"":3.753,""contact_probability"":0.02401942},{""index"":3,""time"":6.722,""score"":4.778,""rms_ratio"":5.455,""diff_ratio"":4.185,""contact_probability"":0.00086007},{""index"":4,""time"":6.858,""score"":4.447,""rms_ratio"":4.575,""diff_ratio"":4.323,""contact_probability"":1.052e-05},{""index"":5,""time"":5.398,""score"":4.139,""rms_ratio"":1.982,""diff_ratio"":8.645,""contact_probability"":0.05313592},{""index"":6,""time"":6.557,""score"":4.007,""rms_ratio"":4.122,""diff_ratio"":3.897,""contact_probability"":0.00021827},{""index"":7,""time"":6.595,""score"":3.652,""rms_ratio"":3.52,""diff_ratio"":3.79,""contact_probability"":0.00029615},{""index"":8,""time"":6.468,""score"":3.537,""rms_ratio"":4.185,""diff_ratio"":2.99,""contact_probability"":0.00059984},{""index"":9,""time"":5.017,""score"":3.123,""rms_ratio"":1.747,""diff_ratio"":5.584,""contact_probability"":0.00458442},{""index"":10,""time"":6.218,""score"":3.052,""rms_ratio"":3.072,""diff_ratio"":3.032,""contact_probability"":0.00861935},{""index"":11,""time"":6.117,""score"":3.04,""rms_ratio"":3.03,""diff_ratio"":3.05,""contact_probability"":0.00258882},{""index"":12,""time"":6.012,""score"":2.967,""rms_ratio"":3.432,""diff_ratio"":2.564,""contact_probability"":0.00140258},{""index"":13,""time"":2.168,""score"":2.939,""rms_ratio"":3.264,""diff_ratio"":2.646,""contact_probability"":0.01948188},{""index"":14,""time"":6.327,""score"":2.739,""rms_ratio"":5.124,""diff_ratio"":1.464,""contact_probability"":0.00441294},{""index"":15,""time"":2.848,""score"":2.707,""rms_ratio"":3.403,""diff_ratio"":2.153,""contact_probability"":0.01280609},{""index"":16,""time"":1.947,""score"":2.684,""rms_ratio"":2.429,""diff_ratio"":2.967,""contact_probability"":0.00180892},{""index"":17,""time"":4.043,""score"":2.675,""rms_ratio"":1.408,""diff_ratio"":5.08,""contact_probability"":0.00484932},{""index"":18,""time"":5.242,""score"":2.49,""rms_ratio"":3.88,""diff_ratio"":1.598,""contact_probability"":0.03033315},{""index"":19,""time"":5.818,""score"":2.449,""rms_ratio"":2.664,""diff_ratio"":2.252,""contact_probability"":0.0017776},{""index"":20,""time"":6.943,""score"":2.375,""rms_ratio"":2.301,""diff_ratio"":2.451,""contact_probability"":7e-08},{""index"":21,""time"":3.572,""score"":2.371,""rms_ratio"":3.095,""diff_ratio"":1.817,""contact_probability"":0.03087482},{""index"":22,""time"":2.547,""score"":2.335,""rms_ratio"":2.948,""diff_ratio"":1.85,""contact_probability"":0.00437154},{""index"":23,""time"":2.072,""score"":2.276,""rms_ratio"":2.858,""diff_ratio"":1.812,""contact_probability"":0.00193815},{""index"":24,""time"":2.432,""score"":2.275,""rms_ratio"":3.204,""diff_ratio"":1.615,""contact_probability"":0.0075469}]",candidate_selected
1119,F_1230,dataset/fly_ball/Codex_Workstation/F_1230,1.02,yes,1,1.058,0.99991316,7.336,0.7833643177503908,24,"[{""index"":1,""time"":1.058,""score"":7.336,""rms_ratio"":5.19,""diff_ratio"":10.369,""contact_probability"":0.99991316},{""index"":2,""time"":5.512,""score"":3.321,""rms_ratio"":1.347,""diff_ratio"":8.19,""contact_probability"":0.00719656},{""index"":3,""time"":2.142,""score"":2.972,""rms_ratio"":1.348,""diff_ratio"":6.552,""contact_probability"":0.02119824},{""index"":4,""time"":4.602,""score"":2.92,""rms_ratio"":1.428,""diff_ratio"":5.972,""contact_probability"":0.00279736},{""index"":5,""time"":4.157,""score"":2.766,""rms_ratio"":1.288,""diff_ratio"":5.941,""contact_probability"":0.02115874},{""index"":6,""time"":2.557,""score"":2.666,""rms_ratio"":1.342,""diff_ratio"":5.296,""contact_probability"":0.04458624},{""index"":7,""time"":5.727,""score"":2.505,""rms_ratio"":2.511,""diff_ratio"":2.499,""contact_probability"":0.00053571},{""index"":8,""time"":3.642,""score"":2.229,""rms_ratio"":1.322,""diff_ratio"":3.759,""contact_probability"":0.00267303},{""index"":9,""time"":6.273,""score"":2.16,""rms_ratio"":2.381,""diff_ratio"":1.96,""contact_probability"":0.00034576},{""index"":10,""time"":5.358,""score"":2.156,""rms_ratio"":2.058,""diff_ratio"":2.259,""contact_probability"":0.00097109},{""index"":11,""time"":5.918,""score"":2.131,""rms_ratio"":2.316,""diff_ratio"":1.96,""contact_probability"":0.00046601},{""index"":12,""time"":5.608,""score"":1.958,""rms_ratio"":2.017,""diff_ratio"":1.901,""contact_probability"":0.00062656},{""index"":13,""time"":6.358,""score"":1.931,""rms_ratio"":2.125,""diff_ratio"":1.755,""contact_probability"":0.00087522},{""index"":14,""time"":6.702,""score"":1.909,""rms_ratio"":2.098,""diff_ratio"":1.738,""contact_probability"":0.00074166},{""index"":15,""time"":6.235,""score"":1.893,""rms_ratio"":2.045,""diff_ratio"":1.752,""contact_probability"":0.0011576},{""index"":16,""time"":6.062,""score"":1.891,""rms_ratio"":1.831,""diff_ratio"":1.952,""contact_probability"":0.00021345},{""index"":17,""time"":2.908,""score"":1.88,""rms_ratio"":1.845,""diff_ratio"":1.916,""contact_probability"":0.00277276},{""index"":18,""time"":5.812,""score"":1.863,""rms_ratio"":1.701,""diff_ratio"":2.041,""contact_probability"":0.00022078},{""index"":19,""time"":6.537,""score"":1.856,""rms_ratio"":2.117,""diff_ratio"":1.627,""contact_probability"":0.00034762},{""index"":20,""time"":2.438,""score"":1.774,""rms_ratio"":1.763,""diff_ratio"":1.784,""contact_probability"":0.00066653},{""index"":21,""time"":3.797,""score"":1.769,""rms_ratio"":1.648,""diff_ratio"":1.9,""contact_probability"":0.00173326},{""index"":22,""time"":5.43,""score"":1.762,""rms_ratio"":1.573,""diff_ratio"":1.974,""contact_probability"":0.0004043},{""index"":23,""time"":4.023,""score"":1.715,""rms_ratio"":1.889,""diff_ratio"":1.558,""contact_probability"":0.00126512},{""index"":24,""time"":5.965,""score"":1.714,""rms_ratio"":1.649,""diff_ratio"":1.781,""contact_probability"":0.00042668}]",candidate_selected
1118,F_1229,dataset/fly_ball/Codex_Workstation/F_1229,1.22,yes,1,1.247,0.99930971,14.399,0.7833643177503908,24,"[{""index"":1,""time"":1.247,""score"":14.399,""rms_ratio"":9.059,""diff_ratio"":22.885,""contact_probability"":0.99930971},{""index"":2,""time"":1.298,""score"":1.646,""rms_ratio"":0.698,""diff_ratio"":2.709,""contact_probability"":0.0061715},{""index"":3,""time"":1.117,""score"":1.3,""rms_ratio"":1.69,""diff_ratio"":0.936,""contact_probability"":0.0003192},{""index"":4,""time"":1.335,""score"":1.505,""rms_ratio"":0.586,""diff_ratio"":2.264,""contact_probability"":0.00666034},{""index"":5,""time"":1.038,""score"":2.143,""rms_ratio"":1.013,""diff_ratio"":4.536,""contact_probability"":0.00897736},{""index"":6,""time"":0.842,""score"":1.948,""rms_ratio"":0.835,""diff_ratio"":3.794,""contact_probability"":0.0619816},{""index"":7,""time"":3.338,""score"":4.192,""rms_ratio"":2.07,""diff_ratio"":8.488,""contact_probability"":0.10102444},{""index"":8,""time"":4.253,""score"":3.863,""rms_ratio"":3.39,""diff_ratio"":4.401,""contact_probability"":0.02838276},{""index"":9,""time"":3.068,""score"":3.707,""rms_ratio"":2.091,""diff_ratio"":6.573,""contact_probability"":0.01881678},{""index"":10,""time"":3.818,""score"":3.54,""rms_ratio"":1.738,""diff_ratio"":7.211,""contact_probability"":0.02245296},{""index"":11,""time"":5.037,""score"":3.289,""rms_ratio"":1.684,""diff_ratio"":6.421,""contact_probability"":0.02317183},{""index"":12,""time"":4.477,""score"":2.731,""rms_ratio"":2.261,""diff_ratio"":3.3,""contact_probability"":0.03993448},{""index"":13,""time"":3.598,""score"":2.694,""rms_ratio"":2.809,""diff_ratio"":2.584,""contact_probability"":0.00172975},{""index"":14,""time"":6.028,""score"":2.674,""rms_ratio"":2.972,""diff_ratio"":2.405,""contact_probability"":0.01532189},{""index"":15,""time"":5.593,""score"":2.661,""rms_ratio"":2.942,""diff_ratio"":2.407,""contact_probability"":0.02873919},{""index"":16,""time"":6.312,""score"":2.651,""rms_ratio"":2.475,""diff_ratio"":2.841,""contact_probability"":0.01385202},{""index"":17,""time"":5.168,""score"":2.586,""rms_ratio"":2.568,""diff_ratio"":2.604,""contact_probability"":0.02824982},{""index"":18,""time"":3.517,""score"":2.561,""rms_ratio"":3.029,""diff_ratio"":2.165,""contact_probability"":0.00346201},{""index"":19,""time"":6.807,""score"":2.524,""rms_ratio"":3.214,""diff_ratio"":1.982,""contact_probability"":0.00105613},{""index"":20,""time"":5.747,""score"":2.458,""rms_ratio"":2.506,""diff_ratio"":2.41,""contact_probability"":0.03559319},{""index"":21,""time"":2.678,""score"":2.453,""rms_ratio"":2.433,""diff_ratio"":2.473,""contact_probability"":0.01621045},{""index"":22,""time"":7.003,""score"":2.421,""rms_ratio"":2.066,""diff_ratio"":2.837,""contact_probability"":0.17231038},{""index"":23,""time"":4.093,""score"":2.417,""rms_ratio"":3.15,""diff_ratio"":1.855,""contact_probability"":0.00111873},{""index"":24,""time"":3.688,""score"":2.409,""rms_ratio"":1.981,""diff_ratio"":2.928,""contact_probability"":0.00122547}]",candidate_selected
1117,F_1228,dataset/fly_ball/Codex_Workstation/F_1228,2.0,no,,,0.69901475,,0.7833643177503908,24,"[{""index"":1,""time"":2.017,""score"":1.79,""rms_ratio"":2.43,""diff_ratio"":1.318,""contact_probability"":0.00657668},{""index"":2,""time"":1.923,""score"":3.211,""rms_ratio"":1.478,""diff_ratio"":6.972,""contact_probability"":0.09944464},{""index"":3,""time"":2.092,""score"":1.576,""rms_ratio"":1.509,""diff_ratio"":1.646,""contact_probability"":0.00142789},{""index"":4,""time"":1.832,""score"":1.732,""rms_ratio"":1.706,""diff_ratio"":1.758,""contact_probability"":0.00216784},{""index"":5,""time"":2.193,""score"":1.849,""rms_ratio"":2.32,""diff_ratio"":1.474,""contact_probability"":0.01584799},{""index"":6,""time"":1.773,""score"":1.854,""rms_ratio"":1.436,""diff_ratio"":2.393,""contact_probability"":0.00191746},{""index"":7,""time"":2.253,""score"":1.41,""rms_ratio"":1.791,""diff_ratio"":1.11,""contact_probability"":0.00148846},{""index"":8,""time"":1.712,""score"":1.153,""rms_ratio"":1.256,""diff_ratio"":1.058,""contact_probability"":0.00147407},{""index"":9,""time"":2.312,""score"":1.602,""rms_ratio"":1.986,""diff_ratio"":1.292,""contact_probability"":0.00413071},{""index"":10,""time"":2.537,""score"":1.917,""rms_ratio"":2.714,""diff_ratio"":1.354,""contact_probability"":0.0211183},{""index"":11,""time"":2.598,""score"":1.179,""rms_ratio"":1.39,""diff_ratio"":0.919,""contact_probability"":0.00177909},{""index"":12,""time"":3.392,""score"":3.757,""rms_ratio"":1.698,""diff_ratio"":8.31,""contact_probability"":0.11023014},{""index"":13,""time"":0.097,""score"":3.574,""rms_ratio"":1.541,""diff_ratio"":8.288,""contact_probability"":0.69901475},{""index"":14,""time"":4.733,""score"":3.134,""rms_ratio"":1.493,""diff_ratio"":6.581,""contact_probability"":0.03768762},{""index"":15,""time"":6.168,""score"":2.707,""rms_ratio"":1.182,""diff_ratio"":6.198,""contact_probability"":0.0579939},{""index"":16,""time"":3.662,""score"":2.304,""rms_ratio"":1.168,""diff_ratio"":4.546,""contact_probability"":0.01169286},{""index"":17,""time"":3.287,""score"":2.241,""rms_ratio"":1.115,""diff_ratio"":4.502,""contact_probability"":0.00101606},{""index"":18,""time"":3.705,""score"":2.198,""rms_ratio"":1.134,""diff_ratio"":4.259,""contact_probability"":0.00489713},{""index"":19,""time"":6.957,""score"":2.112,""rms_ratio"":0.938,""diff_ratio"":4.46,""contact_probability"":0.0984369},{""index"":20,""time"":2.787,""score"":2.033,""rms_ratio"":0.871,""diff_ratio"":4.132,""contact_probability"":0.00624605},{""index"":21,""time"":4.302,""score"":1.994,""rms_ratio"":2.227,""diff_ratio"":1.786,""contact_probability"":0.03336975},{""index"":22,""time"":0.248,""score"":1.94,""rms_ratio"":2.07,""diff_ratio"":1.819,""contact_probability"":0.00402062},{""index"":23,""time"":0.387,""score"":1.758,""rms_ratio"":1.888,""diff_ratio"":1.637,""contact_probability"":0.00441779},{""index"":24,""time"":0.752,""score"":1.746,""rms_ratio"":2.086,""diff_ratio"":1.461,""contact_probability"":0.03737077}]",best_candidate_below_threshold
1116,F_1227,dataset/fly_ball/Codex_Workstation/F_1227,2.0,no,,,0.06523704,,0.7833643177503908,24,"[{""index"":1,""time"":2.007,""score"":2.083,""rms_ratio"":1.672,""diff_ratio"":2.594,""contact_probability"":0.00738591},{""index"":2,""time"":1.923,""score"":1.871,""rms_ratio"":0.844,""diff_ratio"":3.502,""contact_probability"":0.00083399},{""index"":3,""time"":2.092,""score"":1.761,""rms_ratio"":1.994,""diff_ratio"":1.556,""contact_probability"":0.00063235},{""index"":4,""time"":1.847,""score"":1.618,""rms_ratio"":1.579,""diff_ratio"":1.657,""contact_probability"":0.00188405},{""index"":5,""time"":2.182,""score"":1.802,""rms_ratio"":1.923,""diff_ratio"":1.688,""contact_probability"":0.00141162},{""index"":6,""time"":1.753,""score"":1.896,""rms_ratio"":1.949,""diff_ratio"":1.844,""contact_probability"":0.00053311},{""index"":7,""time"":2.293,""score"":1.834,""rms_ratio"":2.398,""diff_ratio"":1.402,""contact_probability"":0.0177848},{""index"":8,""time"":1.663,""score"":1.807,""rms_ratio"":1.74,""diff_ratio"":1.877,""contact_probability"":0.00028438},{""index"":9,""time"":1.595,""score"":1.73,""rms_ratio"":1.706,""diff_ratio"":1.754,""contact_probability"":0.000413},{""index"":10,""time"":1.558,""score"":1.858,""rms_ratio"":1.831,""diff_ratio"":1.884,""contact_probability"":0.0005926},{""index"":11,""time"":2.45,""score"":1.165,""rms_ratio"":1.254,""diff_ratio"":1.083,""contact_probability"":0.00399532},{""index"":12,""time"":1.487,""score"":2.247,""rms_ratio"":1.381,""diff_ratio"":3.655,""contact_probability"":0.00094527},{""index"":13,""time"":2.533,""score"":2.479,""rms_ratio"":1.743,""diff_ratio"":3.526,""contact_probability"":0.00682142},{""index"":14,""time"":2.598,""score"":1.708,""rms_ratio"":1.578,""diff_ratio"":1.849,""contact_probability"":0.00123036},{""index"":15,""time"":4.438,""score"":2.463,""rms_ratio"":1.086,""diff_ratio"":5.591,""contact_probability"":0.03680574},{""index"":16,""time"":4.495,""score"":2.308,""rms_ratio"":1.037,""diff_ratio"":5.137,""contact_probability"":0.06523704},{""index"":17,""time"":1.048,""score"":2.187,""rms_ratio"":2.439,""diff_ratio"":1.962,""contact_probability"":0.00335764},{""index"":18,""time"":5.892,""score"":2.045,""rms_ratio"":0.947,""diff_ratio"":4.183,""contact_probability"":0.00357123},{""index"":19,""time"":3.188,""score"":2.021,""rms_ratio"":0.899,""diff_ratio"":4.084,""contact_probability"":0.00489377},{""index"":20,""time"":3.068,""score"":2.009,""rms_ratio"":2.114,""diff_ratio"":1.909,""contact_probability"":0.00520219},{""index"":21,""time"":0.938,""score"":1.708,""rms_ratio"":1.759,""diff_ratio"":1.659,""contact_probability"":0.00142869},{""index"":22,""time"":6.552,""score"":1.706,""rms_ratio"":1.094,""diff_ratio"":2.661,""contact_probability"":0.03752361},{""index"":23,""time"":3.533,""score"":1.686,""rms_ratio"":1.826,""diff_ratio"":1.557,""contact_probability"":0.00653656},{""index"":24,""time"":3.328,""score"":1.658,""rms_ratio"":1.814,""diff_ratio"":1.516,""contact_probability"":0.00125134}]",best_candidate_below_threshold
1115,F_1226,dataset/fly_ball/Codex_Workstation/F_1226,2.0,yes,13,0.377,0.81153601,2.946,0.7833643177503908,24,"[{""index"":1,""time"":2.027,""score"":1.992,""rms_ratio"":2.461,""diff_ratio"":1.613,""contact_probability"":0.01626652},{""index"":2,""time"":1.942,""score"":1.517,""rms_ratio"":1.374,""diff_ratio"":1.675,""contact_probability"":0.00111271},{""index"":3,""time"":2.098,""score"":1.884,""rms_ratio"":1.888,""diff_ratio"":1.879,""contact_probability"":0.00460932},{""index"":4,""time"":1.867,""score"":1.312,""rms_ratio"":1.049,""diff_ratio"":1.64,""contact_probability"":0.00029571},{""index"":5,""time"":2.172,""score"":1.605,""rms_ratio"":1.547,""diff_ratio"":1.665,""contact_probability"":0.00179745},{""index"":6,""time"":1.812,""score"":1.409,""rms_ratio"":1.852,""diff_ratio"":1.072,""contact_probability"":0.0017645},{""index"":7,""time"":1.758,""score"":1.626,""rms_ratio"":1.823,""diff_ratio"":1.45,""contact_probability"":0.00451187},{""index"":8,""time"":2.283,""score"":1.844,""rms_ratio"":1.734,""diff_ratio"":1.96,""contact_probability"":0.02415881},{""index"":9,""time"":1.707,""score"":1.746,""rms_ratio"":2.048,""diff_ratio"":1.488,""contact_probability"":0.00595888},{""index"":10,""time"":1.633,""score"":1.39,""rms_ratio"":1.399,""diff_ratio"":1.381,""contact_probability"":0.0009689},{""index"":11,""time"":2.388,""score"":1.768,""rms_ratio"":1.25,""diff_ratio"":2.5,""contact_probability"":0.00171844},{""index"":12,""time"":2.588,""score"":1.52,""rms_ratio"":1.687,""diff_ratio"":1.369,""contact_probability"":0.0063182},{""index"":13,""time"":0.377,""score"":2.946,""rms_ratio"":1.973,""diff_ratio"":4.398,""contact_probability"":0.81153601},{""index"":14,""time"":5.077,""score"":2.207,""rms_ratio"":2.287,""diff_ratio"":2.13,""contact_probability"":0.0213824},{""index"":15,""time"":3.723,""score"":2.106,""rms_ratio"":2.36,""diff_ratio"":1.879,""contact_probability"":0.0023706},{""index"":16,""time"":0.257,""score"":2.06,""rms_ratio"":0.68,""diff_ratio"":4.243,""contact_probability"":0.20556772},{""index"":17,""time"":6.972,""score"":1.948,""rms_ratio"":2.03,""diff_ratio"":1.87,""contact_probability"":0.34200122},{""index"":18,""time"":4.318,""score"":1.926,""rms_ratio"":2.015,""diff_ratio"":1.841,""contact_probability"":0.01005364},{""index"":19,""time"":4.793,""score"":1.915,""rms_ratio"":1.904,""diff_ratio"":1.926,""contact_probability"":0.00793596},{""index"":20,""time"":5.392,""score"":1.875,""rms_ratio"":1.917,""diff_ratio"":1.833,""contact_probability"":0.01919316},{""index"":21,""time"":5.543,""score"":1.799,""rms_ratio"":1.627,""diff_ratio"":1.989,""contact_probability"":0.02019409},{""index"":22,""time"":4.117,""score"":1.785,""rms_ratio"":1.706,""diff_ratio"":1.868,""contact_probability"":0.00268075},{""index"":23,""time"":5.818,""score"":1.738,""rms_ratio"":1.77,""diff_ratio"":1.706,""contact_probability"":0.06003951},{""index"":24,""time"":4.503,""score"":1.697,""rms_ratio"":1.964,""diff_ratio"":1.466,""contact_probability"":0.00142849}]",candidate_selected
1114,F_1225,dataset/fly_ball/Codex_Workstation/F_1225,2.0,no,,,0.37843475,,0.7833643177503908,24,"[{""index"":1,""time"":2.027,""score"":2.97,""rms_ratio"":3.879,""diff_ratio"":2.273,""contact_probability"":0.0311695},{""index"":2,""time"":2.102,""score"":2.948,""rms_ratio"":2.72,""diff_ratio"":3.196,""contact_probability"":0.0287757},{""index"":3,""time"":2.178,""score"":1.766,""rms_ratio"":1.826,""diff_ratio"":1.708,""contact_probability"":0.00061911},{""index"":4,""time"":1.763,""score"":1.512,""rms_ratio"":2.016,""diff_ratio"":1.134,""contact_probability"":0.00733481},{""index"":5,""time"":1.712,""score"":2.348,""rms_ratio"":2.483,""diff_ratio"":2.22,""contact_probability"":0.00728087},{""index"":6,""time"":1.648,""score"":2.995,""rms_ratio"":3.234,""diff_ratio"":2.774,""contact_probability"":0.00178259},{""index"":7,""time"":2.385,""score"":3.112,""rms_ratio"":3.474,""diff_ratio"":2.787,""contact_probability"":0.01864761},{""index"":8,""time"":1.587,""score"":2.285,""rms_ratio"":2.252,""diff_ratio"":2.318,""contact_probability"":0.00026182},{""index"":9,""time"":2.443,""score"":2.403,""rms_ratio"":2.237,""diff_ratio"":2.581,""contact_probability"":0.00355908},{""index"":10,""time"":1.545,""score"":2.158,""rms_ratio"":2.264,""diff_ratio"":2.056,""contact_probability"":0.00013943},{""index"":11,""time"":1.503,""score"":2.463,""rms_ratio"":2.542,""diff_ratio"":2.387,""contact_probability"":0.00012169},{""index"":12,""time"":2.527,""score"":3.005,""rms_ratio"":3.015,""diff_ratio"":2.994,""contact_probability"":0.0131848},{""index"":13,""time"":1.403,""score"":2.515,""rms_ratio"":2.678,""diff_ratio"":2.362,""contact_probability"":0.00036164},{""index"":14,""time"":5.543,""score"":3.753,""rms_ratio"":1.676,""diff_ratio"":8.402,""contact_probability"":0.09417134},{""index"":15,""time"":5.168,""score"":3.331,""rms_ratio"":3.662,""diff_ratio"":3.03,""contact_probability"":0.01074332},{""index"":16,""time"":1.293,""score"":3.09,""rms_ratio"":3.148,""diff_ratio"":3.034,""contact_probability"":0.00959318},{""index"":17,""time"":2.713,""score"":2.913,""rms_ratio"":3.027,""diff_ratio"":2.803,""contact_probability"":0.16608121},{""index"":18,""time"":4.517,""score"":2.834,""rms_ratio"":3.09,""diff_ratio"":2.599,""contact_probability"":0.01511604},{""index"":19,""time"":5.892,""score"":2.77,""rms_ratio"":3.977,""diff_ratio"":1.929,""contact_probability"":0.37843475},{""index"":20,""time"":4.898,""score"":2.689,""rms_ratio"":3.328,""diff_ratio"":2.174,""contact_probability"":0.0010191},{""index"":21,""time"":5.633,""score"":2.683,""rms_ratio"":2.446,""diff_ratio"":2.942,""contact_probability"":0.01058376},{""index"":22,""time"":5.387,""score"":2.667,""rms_ratio"":2.555,""diff_ratio"":2.783,""contact_probability"":0.0182539},{""index"":23,""time"":2.963,""score"":2.666,""rms_ratio"":2.343,""diff_ratio"":3.034,""contact_probability"":0.05459915},{""index"":24,""time"":3.207,""score"":2.611,""rms_ratio"":1.136,""diff_ratio"":6.004,""contact_probability"":0.02003034}]",best_candidate_below_threshold
1113,F_1224,dataset/fly_ball/Codex_Workstation/F_1224,2.0,no,,,0.03896592,,0.7833643177503908,24,"[{""index"":1,""time"":2.027,""score"":2.647,""rms_ratio"":2.692,""diff_ratio"":2.604,""contact_probability"":0.00269412},{""index"":2,""time"":1.955,""score"":1.991,""rms_ratio"":1.955,""diff_ratio"":2.027,""contact_probability"":0.00015151},{""index"":3,""time"":2.078,""score"":2.01,""rms_ratio"":1.914,""diff_ratio"":2.111,""contact_probability"":0.00053365},{""index"":4,""time"":1.908,""score"":2.606,""rms_ratio"":2.532,""diff_ratio"":2.682,""contact_probability"":0.00021281},{""index"":5,""time"":2.138,""score"":2.019,""rms_ratio"":2.176,""diff_ratio"":1.873,""contact_probability"":0.00050082},{""index"":6,""time"":1.852,""score"":2.148,""rms_ratio"":1.907,""diff_ratio"":2.42,""contact_probability"":0.00036388},{""index"":7,""time"":2.223,""score"":1.925,""rms_ratio"":1.881,""diff_ratio"":1.97,""contact_probability"":0.00062951},{""index"":8,""time"":1.753,""score"":2.279,""rms_ratio"":2.115,""diff_ratio"":2.455,""contact_probability"":0.00176961},{""index"":9,""time"":1.697,""score"":1.952,""rms_ratio"":1.396,""diff_ratio"":2.727,""contact_probability"":0.00120947},{""index"":10,""time"":2.307,""score"":1.815,""rms_ratio"":1.793,""diff_ratio"":1.837,""contact_probability"":0.00017012},{""index"":11,""time"":2.457,""score"":1.766,""rms_ratio"":1.894,""diff_ratio"":1.646,""contact_probability"":0.0002948},{""index"":12,""time"":1.525,""score"":1.654,""rms_ratio"":1.4,""diff_ratio"":1.954,""contact_probability"":0.00045472},{""index"":13,""time"":2.517,""score"":1.999,""rms_ratio"":2.082,""diff_ratio"":1.919,""contact_probability"":0.00152318},{""index"":14,""time"":1.43,""score"":1.225,""rms_ratio"":1.098,""diff_ratio"":1.367,""contact_probability"":0.0005691},{""index"":15,""time"":3.973,""score"":2.767,""rms_ratio"":1.34,""diff_ratio"":5.716,""contact_probability"":0.01298438},{""index"":16,""time"":4.963,""score"":2.559,""rms_ratio"":1.199,""diff_ratio"":5.459,""contact_probability"":0.02810597},{""index"":17,""time"":4.508,""score"":2.345,""rms_ratio"":1.096,""diff_ratio"":5.019,""contact_probability"":0.02503587},{""index"":18,""time"":6.423,""score"":2.308,""rms_ratio"":1.05,""diff_ratio"":5.075,""contact_probability"":0.02112419},{""index"":19,""time"":5.503,""score"":2.204,""rms_ratio"":0.991,""diff_ratio"":4.859,""contact_probability"":0.00402017},{""index"":20,""time"":0.533,""score"":2.179,""rms_ratio"":0.919,""diff_ratio"":4.75,""contact_probability"":0.03896592},{""index"":21,""time"":3.598,""score"":2.076,""rms_ratio"":1.28,""diff_ratio"":3.369,""contact_probability"":0.0013272},{""index"":22,""time"":2.803,""score"":1.861,""rms_ratio"":1.922,""diff_ratio"":1.803,""contact_probability"":0.00065307},{""index"":23,""time"":3.392,""score"":1.828,""rms_ratio"":1.94,""diff_ratio"":1.723,""contact_probability"":0.00519146},{""index"":24,""time"":2.648,""score"":1.808,""rms_ratio"":1.979,""diff_ratio"":1.653,""contact_probability"":0.00082291}]",best_candidate_below_threshold
1112,F_1223,dataset/fly_ball/Codex_Workstation/F_1223,2.0,no,,,0.395635,,0.7833643177503908,24,"[{""index"":1,""time"":2.027,""score"":3.187,""rms_ratio"":3.301,""diff_ratio"":3.078,""contact_probability"":0.00216157},{""index"":2,""time"":1.965,""score"":1.816,""rms_ratio"":1.871,""diff_ratio"":1.762,""contact_probability"":0.00056779},{""index"":3,""time"":1.918,""score"":3.118,""rms_ratio"":2.239,""diff_ratio"":4.341,""contact_probability"":0.00282309},{""index"":4,""time"":2.112,""score"":2.943,""rms_ratio"":3.334,""diff_ratio"":2.598,""contact_probability"":0.00141389},{""index"":5,""time"":1.827,""score"":2.543,""rms_ratio"":2.199,""diff_ratio"":2.941,""contact_probability"":0.00025523},{""index"":6,""time"":2.197,""score"":1.91,""rms_ratio"":1.958,""diff_ratio"":1.863,""contact_probability"":0.00081013},{""index"":7,""time"":1.768,""score"":2.113,""rms_ratio"":2.279,""diff_ratio"":1.96,""contact_probability"":0.00031524},{""index"":8,""time"":2.253,""score"":1.959,""rms_ratio"":2.03,""diff_ratio"":1.89,""contact_probability"":0.00012498},{""index"":9,""time"":1.712,""score"":1.913,""rms_ratio"":2.028,""diff_ratio"":1.804,""contact_probability"":0.000135},{""index"":10,""time"":2.35,""score"":1.403,""rms_ratio"":1.487,""diff_ratio"":1.324,""contact_probability"":0.00024222},{""index"":11,""time"":1.617,""score"":2.106,""rms_ratio"":2.225,""diff_ratio"":1.994,""contact_probability"":0.00032873},{""index"":12,""time"":2.388,""score"":1.702,""rms_ratio"":1.792,""diff_ratio"":1.617,""contact_probability"":0.00026843},{""index"":13,""time"":2.467,""score"":1.909,""rms_ratio"":1.911,""diff_ratio"":1.908,""contact_probability"":0.00022236},{""index"":14,""time"":1.51,""score"":1.287,""rms_ratio"":1.322,""diff_ratio"":1.253,""contact_probability"":0.00090172},{""index"":15,""time"":2.568,""score"":2.143,""rms_ratio"":1.478,""diff_ratio"":3.107,""contact_probability"":0.00050892},{""index"":16,""time"":0.268,""score"":2.742,""rms_ratio"":1.192,""diff_ratio"":6.306,""contact_probability"":0.395635},{""index"":17,""time"":2.713,""score"":2.365,""rms_ratio"":1.729,""diff_ratio"":3.234,""contact_probability"":0.00091559},{""index"":18,""time"":0.038,""score"":2.236,""rms_ratio"":0.913,""diff_ratio"":4.998,""contact_probability"":0.06158734},{""index"":19,""time"":1.237,""score"":2.133,""rms_ratio"":1.557,""diff_ratio"":2.922,""contact_probability"":0.25912111},{""index"":20,""time"":2.888,""score"":2.062,""rms_ratio"":2.199,""diff_ratio"":1.934,""contact_probability"":0.00118406},{""index"":21,""time"":6.562,""score"":1.838,""rms_ratio"":0.821,""diff_ratio"":3.377,""contact_probability"":0.00108227},{""index"":22,""time"":5.028,""score"":1.728,""rms_ratio"":1.724,""diff_ratio"":1.731,""contact_probability"":0.0018456},{""index"":23,""time"":3.223,""score"":1.61,""rms_ratio"":1.843,""diff_ratio"":1.407,""contact_probability"":0.00081205},{""index"":24,""time"":2.797,""score"":1.598,""rms_ratio"":1.684,""diff_ratio"":1.516,""contact_probability"":0.00020699}]",best_candidate_below_threshold
1111,F_1222,dataset/fly_ball/Codex_Workstation/F_1222,1.2,yes,1,1.227,0.9987432,6.647,0.7833643177503908,24,"[{""index"":1,""time"":1.227,""score"":6.647,""rms_ratio"":5.071,""diff_ratio"":8.711,""contact_probability"":0.9987432},{""index"":2,""time"":5.932,""score"":2.317,""rms_ratio"":1.327,""diff_ratio"":4.046,""contact_probability"":0.00203376},{""index"":3,""time"":3.858,""score"":2.298,""rms_ratio"":1.533,""diff_ratio"":3.447,""contact_probability"":0.00432325},{""index"":4,""time"":6.738,""score"":2.101,""rms_ratio"":1.206,""diff_ratio"":3.66,""contact_probability"":0.00128851},{""index"":5,""time"":4.747,""score"":1.808,""rms_ratio"":1.292,""diff_ratio"":2.528,""contact_probability"":0.00105862},{""index"":6,""time"":3.977,""score"":1.789,""rms_ratio"":1.699,""diff_ratio"":1.883,""contact_probability"":0.0017266},{""index"":7,""time"":4.383,""score"":1.786,""rms_ratio"":1.973,""diff_ratio"":1.616,""contact_probability"":0.00098022},{""index"":8,""time"":3.037,""score"":1.781,""rms_ratio"":1.906,""diff_ratio"":1.663,""contact_probability"":0.00097815},{""index"":9,""time"":6.262,""score"":1.755,""rms_ratio"":1.521,""diff_ratio"":2.026,""contact_probability"":0.00092797},{""index"":10,""time"":6.392,""score"":1.75,""rms_ratio"":1.878,""diff_ratio"":1.631,""contact_probability"":0.0015813},{""index"":11,""time"":4.642,""score"":1.745,""rms_ratio"":1.67,""diff_ratio"":1.823,""contact_probability"":0.00050262},{""index"":12,""time"":5.443,""score"":1.728,""rms_ratio"":1.754,""diff_ratio"":1.701,""contact_probability"":0.00121852},{""index"":13,""time"":6.597,""score"":1.686,""rms_ratio"":1.775,""diff_ratio"":1.602,""contact_probability"":0.00093798},{""index"":14,""time"":5.298,""score"":1.68,""rms_ratio"":1.18,""diff_ratio"":2.393,""contact_probability"":0.00123042},{""index"":15,""time"":3.085,""score"":1.671,""rms_ratio"":1.804,""diff_ratio"":1.548,""contact_probability"":0.00166049},{""index"":16,""time"":5.037,""score"":1.666,""rms_ratio"":1.889,""diff_ratio"":1.469,""contact_probability"":0.00070869},{""index"":17,""time"":3.693,""score"":1.656,""rms_ratio"":1.752,""diff_ratio"":1.565,""contact_probability"":0.00140261},{""index"":18,""time"":6.977,""score"":1.655,""rms_ratio"":1.512,""diff_ratio"":1.812,""contact_probability"":0.00609925},{""index"":19,""time"":2.092,""score"":1.652,""rms_ratio"":1.68,""diff_ratio"":1.625,""contact_probability"":0.0014291},{""index"":20,""time"":5.633,""score"":1.647,""rms_ratio"":1.62,""diff_ratio"":1.675,""contact_probability"":0.00057168},{""index"":21,""time"":6.823,""score"":1.622,""rms_ratio"":1.878,""diff_ratio"":1.401,""contact_probability"":0.0001597},{""index"":22,""time"":6.113,""score"":1.617,""rms_ratio"":1.732,""diff_ratio"":1.51,""contact_probability"":0.00028678},{""index"":23,""time"":3.378,""score"":1.614,""rms_ratio"":1.286,""diff_ratio"":2.025,""contact_probability"":0.00051937},{""index"":24,""time"":4.345,""score"":1.575,""rms_ratio"":1.829,""diff_ratio"":1.357,""contact_probability"":0.00075692}]",candidate_selected
1110,F_1221,dataset/fly_ball/Codex_Workstation/F_1221,1.26,yes,1,1.288,0.99999866,15.446,0.7833643177503908,24,"[{""index"":1,""time"":1.288,""score"":15.446,""rms_ratio"":9.276,""diff_ratio"":25.719,""contact_probability"":0.99999866},{""index"":2,""time"":1.413,""score"":1.175,""rms_ratio"":1.382,""diff_ratio"":0.747,""contact_probability"":0.00418957},{""index"":3,""time"":1.793,""score"":1.333,""rms_ratio"":1.778,""diff_ratio"":0.546,""contact_probability"":0.02220739},{""index"":4,""time"":5.883,""score"":5.914,""rms_ratio"":2.937,""diff_ratio"":11.906,""contact_probability"":0.03151668},{""index"":5,""time"":5.512,""score"":5.534,""rms_ratio"":2.903,""diff_ratio"":10.552,""contact_probability"":0.00721413},{""index"":6,""time"":5.218,""score"":5.349,""rms_ratio"":2.791,""diff_ratio"":10.251,""contact_probability"":0.3697104},{""index"":7,""time"":5.255,""score"":4.954,""rms_ratio"":3.448,""diff_ratio"":7.118,""contact_probability"":0.064084},{""index"":8,""time"":5.47,""score"":4.844,""rms_ratio"":2.699,""diff_ratio"":8.695,""contact_probability"":0.00446035},{""index"":9,""time"":6.028,""score"":4.525,""rms_ratio"":4.526,""diff_ratio"":4.523,""contact_probability"":0.05285385},{""index"":10,""time"":4.523,""score"":4.436,""rms_ratio"":3.768,""diff_ratio"":5.224,""contact_probability"":0.08433534},{""index"":11,""time"":6.887,""score"":4.344,""rms_ratio"":4.368,""diff_ratio"":4.32,""contact_probability"":9.572e-05},{""index"":12,""time"":6.588,""score"":4.327,""rms_ratio"":2.427,""diff_ratio"":7.714,""contact_probability"":0.00759611},{""index"":13,""time"":3.963,""score"":3.828,""rms_ratio"":3.753,""diff_ratio"":3.904,""contact_probability"":0.03176757},{""index"":14,""time"":6.457,""score"":3.785,""rms_ratio"":3.711,""diff_ratio"":3.86,""contact_probability"":0.00477576},{""index"":15,""time"":6.332,""score"":3.701,""rms_ratio"":3.314,""diff_ratio"":4.133,""contact_probability"":0.01132164},{""index"":16,""time"":3.668,""score"":3.655,""rms_ratio"":4.035,""diff_ratio"":3.311,""contact_probability"":0.01367725},{""index"":17,""time"":5.742,""score"":3.595,""rms_ratio"":4.093,""diff_ratio"":3.157,""contact_probability"":0.00138588},{""index"":18,""time"":6.673,""score"":3.446,""rms_ratio"":3.96,""diff_ratio"":2.998,""contact_probability"":0.03275694},{""index"":19,""time"":5.597,""score"":3.416,""rms_ratio"":1.945,""diff_ratio"":6.0,""contact_probability"":0.00165365},{""index"":20,""time"":4.432,""score"":3.392,""rms_ratio"":1.852,""diff_ratio"":6.214,""contact_probability"":0.0019211},{""index"":21,""time"":4.03,""score"":3.381,""rms_ratio"":3.192,""diff_ratio"":3.581,""contact_probability"":0.00902937},{""index"":22,""time"":4.273,""score"":3.359,""rms_ratio"":3.384,""diff_ratio"":3.335,""contact_probability"":0.00519073},{""index"":23,""time"":4.898,""score"":3.325,""rms_ratio"":3.69,""diff_ratio"":2.996,""contact_probability"":0.03044795},{""index"":24,""time"":6.997,""score"":3.273,""rms_ratio"":2.921,""diff_ratio"":3.668,""contact_probability"":0.04815279}]",candidate_selected
1109,F_1220,dataset/fly_ball/Codex_Workstation/F_1220,3.91,no,,,0.14109008,,0.7833643177503908,24,"[{""index"":1,""time"":3.912,""score"":3.704,""rms_ratio"":2.951,""diff_ratio"":4.649,""contact_probability"":0.07482612},{""index"":2,""time"":3.977,""score"":2.299,""rms_ratio"":1.729,""diff_ratio"":3.057,""contact_probability"":0.00973503},{""index"":3,""time"":3.737,""score"":1.805,""rms_ratio"":1.443,""diff_ratio"":2.258,""contact_probability"":0.00094253},{""index"":4,""time"":4.108,""score"":1.688,""rms_ratio"":0.943,""diff_ratio"":2.851,""contact_probability"":0.00053936},{""index"":5,""time"":3.678,""score"":1.784,""rms_ratio"":1.629,""diff_ratio"":1.955,""contact_probability"":0.00395584},{""index"":6,""time"":4.182,""score"":1.766,""rms_ratio"":1.397,""diff_ratio"":2.232,""contact_probability"":0.00819478},{""index"":7,""time"":3.592,""score"":2.361,""rms_ratio"":1.857,""diff_ratio"":3.001,""contact_probability"":0.01650243},{""index"":8,""time"":4.352,""score"":2.87,""rms_ratio"":2.474,""diff_ratio"":3.33,""contact_probability"":0.0699074},{""index"":9,""time"":4.432,""score"":2.025,""rms_ratio"":1.718,""diff_ratio"":2.387,""contact_probability"":0.02680929},{""index"":10,""time"":3.372,""score"":2.579,""rms_ratio"":1.908,""diff_ratio"":3.486,""contact_probability"":0.01358143},{""index"":11,""time"":4.508,""score"":1.256,""rms_ratio"":1.022,""diff_ratio"":1.544,""contact_probability"":0.00213287},{""index"":12,""time"":3.31,""score"":1.233,""rms_ratio"":0.884,""diff_ratio"":1.52,""contact_probability"":0.00026954},{""index"":13,""time"":5.338,""score"":3.052,""rms_ratio"":1.637,""diff_ratio"":5.691,""contact_probability"":0.02214319},{""index"":14,""time"":6.918,""score"":2.822,""rms_ratio"":1.381,""diff_ratio"":5.767,""contact_probability"":9.411e-05},{""index"":15,""time"":3.078,""score"":2.279,""rms_ratio"":1.243,""diff_ratio"":4.18,""contact_probability"":0.00164812},{""index"":16,""time"":5.168,""score"":2.203,""rms_ratio"":2.222,""diff_ratio"":2.185,""contact_probability"":0.00649311},{""index"":17,""time"":1.513,""score"":2.186,""rms_ratio"":1.814,""diff_ratio"":2.634,""contact_probability"":0.00783034},{""index"":18,""time"":5.552,""score"":2.155,""rms_ratio"":1.189,""diff_ratio"":3.908,""contact_probability"":0.00275271},{""index"":19,""time"":6.312,""score"":2.118,""rms_ratio"":2.618,""diff_ratio"":1.713,""contact_probability"":0.01128099},{""index"":20,""time"":6.418,""score"":2.067,""rms_ratio"":1.701,""diff_ratio"":2.513,""contact_probability"":0.00889289},{""index"":21,""time"":1.143,""score"":2.025,""rms_ratio"":2.255,""diff_ratio"":1.819,""contact_probability"":0.14109008},{""index"":22,""time"":6.628,""score"":2.022,""rms_ratio"":2.024,""diff_ratio"":2.02,""contact_probability"":0.00569413},{""index"":23,""time"":5.798,""score"":2.016,""rms_ratio"":1.698,""diff_ratio"":2.395,""contact_probability"":0.01580882},{""index"":24,""time"":1.435,""score"":1.991,""rms_ratio"":1.582,""diff_ratio"":2.507,""contact_probability"":0.00285618}]",best_candidate_below_threshold
1108,F_1219,dataset/fly_ball/Codex_Workstation/F_1219,3.506,no,,,0.51636116,,0.7833643177503908,24,"[{""index"":1,""time"":3.523,""score"":3.147,""rms_ratio"":4.117,""diff_ratio"":2.406,""contact_probability"":0.51636116},{""index"":2,""time"":3.723,""score"":1.268,""rms_ratio"":1.609,""diff_ratio"":0.964,""contact_probability"":0.0013206},{""index"":3,""time"":3.888,""score"":1.193,""rms_ratio"":1.241,""diff_ratio"":1.148,""contact_probability"":0.00011156},{""index"":4,""time"":3.115,""score"":1.478,""rms_ratio"":1.433,""diff_ratio"":1.524,""contact_probability"":0.00847398},{""index"":5,""time"":3.943,""score"":1.957,""rms_ratio"":1.847,""diff_ratio"":2.074,""contact_probability"":0.00180053},{""index"":6,""time"":3.062,""score"":2.062,""rms_ratio"":2.016,""diff_ratio"":2.109,""contact_probability"":0.0220258},{""index"":7,""time"":4.012,""score"":1.896,""rms_ratio"":1.656,""diff_ratio"":2.171,""contact_probability"":0.00163291},{""index"":8,""time"":2.967,""score"":1.925,""rms_ratio"":2.338,""diff_ratio"":1.584,""contact_probability"":0.0091065},{""index"":9,""time"":4.093,""score"":2.381,""rms_ratio"":1.257,""diff_ratio"":4.511,""contact_probability"":0.0034845},{""index"":10,""time"":2.912,""score"":1.461,""rms_ratio"":1.452,""diff_ratio"":1.471,""contact_probability"":0.00014856},{""index"":11,""time"":4.182,""score"":3.439,""rms_ratio"":2.723,""diff_ratio"":4.343,""contact_probability"":0.17109869},{""index"":12,""time"":0.928,""score"":3.327,""rms_ratio"":2.473,""diff_ratio"":4.476,""contact_probability"":0.00078521},{""index"":13,""time"":4.532,""score"":3.225,""rms_ratio"":1.721,""diff_ratio"":6.046,""contact_probability"":0.03524617},{""index"":14,""time"":0.498,""score"":3.196,""rms_ratio"":2.935,""diff_ratio"":3.481,""contact_probability"":0.04744651},{""index"":15,""time"":1.918,""score"":3.155,""rms_ratio"":2.567,""diff_ratio"":3.879,""contact_probability"":0.02887899},{""index"":16,""time"":1.638,""score"":3.077,""rms_ratio"":3.822,""diff_ratio"":2.478,""contact_probability"":0.0107078},{""index"":17,""time"":4.378,""score"":3.048,""rms_ratio"":2.739,""diff_ratio"":3.391,""contact_probability"":0.13499344},{""index"":18,""time"":2.203,""score"":2.743,""rms_ratio"":2.547,""diff_ratio"":2.954,""contact_probability"":0.00580499},{""index"":19,""time"":1.008,""score"":2.603,""rms_ratio"":1.919,""diff_ratio"":3.53,""contact_probability"":0.00111719},{""index"":20,""time"":1.975,""score"":2.581,""rms_ratio"":1.979,""diff_ratio"":3.367,""contact_probability"":0.00589307},{""index"":21,""time"":0.218,""score"":2.581,""rms_ratio"":2.195,""diff_ratio"":3.035,""contact_probability"":0.00358693},{""index"":22,""time"":1.367,""score"":2.505,""rms_ratio"":2.609,""diff_ratio"":2.405,""contact_probability"":0.01288743},{""index"":23,""time"":2.523,""score"":2.371,""rms_ratio"":2.07,""diff_ratio"":2.715,""contact_probability"":0.003907},{""index"":24,""time"":0.023,""score"":2.345,""rms_ratio"":2.45,""diff_ratio"":2.244,""contact_probability"":0.00175767}]",best_candidate_below_threshold
1107,F_1218,dataset/fly_ball/Codex_Workstation/F_1218,4.146,no,,,0.32954573,,0.7833643177503908,24,"[{""index"":1,""time"":4.198,""score"":3.933,""rms_ratio"":3.126,""diff_ratio"":4.948,""contact_probability"":0.22474568},{""index"":2,""time"":4.258,""score"":2.314,""rms_ratio"":2.1,""diff_ratio"":2.55,""contact_probability"":0.04708873},{""index"":3,""time"":4.017,""score"":2.515,""rms_ratio"":2.357,""diff_ratio"":2.683,""contact_probability"":0.0042393},{""index"":4,""time"":3.943,""score"":2.097,""rms_ratio"":1.551,""diff_ratio"":2.837,""contact_probability"":0.00241562},{""index"":5,""time"":4.367,""score"":3.494,""rms_ratio"":1.668,""diff_ratio"":7.321,""contact_probability"":0.22244769},{""index"":6,""time"":3.858,""score"":2.114,""rms_ratio"":1.128,""diff_ratio"":3.961,""contact_probability"":0.01259869},{""index"":7,""time"":4.517,""score"":1.751,""rms_ratio"":1.712,""diff_ratio"":1.791,""contact_probability"":0.03156938},{""index"":8,""time"":3.723,""score"":2.37,""rms_ratio"":1.673,""diff_ratio"":3.357,""contact_probability"":0.01235073},{""index"":9,""time"":3.648,""score"":1.775,""rms_ratio"":1.816,""diff_ratio"":1.735,""contact_probability"":0.01023058},{""index"":10,""time"":4.707,""score"":1.892,""rms_ratio"":2.415,""diff_ratio"":1.482,""contact_probability"":0.0008609},{""index"":11,""time"":3.553,""score"":2.111,""rms_ratio"":2.264,""diff_ratio"":1.969,""contact_probability"":0.01408872},{""index"":12,""time"":4.745,""score"":1.827,""rms_ratio"":2.362,""diff_ratio"":1.414,""contact_probability"":0.00151346},{""index"":13,""time"":2.753,""score"":3.458,""rms_ratio"":2.274,""diff_ratio"":5.259,""contact_probability"":0.01721046},{""index"":14,""time"":2.842,""score"":3.317,""rms_ratio"":2.304,""diff_ratio"":4.775,""contact_probability"":0.01721554},{""index"":15,""time"":2.372,""score"":3.262,""rms_ratio"":2.424,""diff_ratio"":4.389,""contact_probability"":0.20050201},{""index"":16,""time"":5.247,""score"":3.15,""rms_ratio"":1.64,""diff_ratio"":6.05,""contact_probability"":0.08630655},{""index"":17,""time"":6.827,""score"":3.032,""rms_ratio"":1.345,""diff_ratio"":6.832,""contact_probability"":0.17146325},{""index"":18,""time"":0.902,""score"":3.029,""rms_ratio"":3.301,""diff_ratio"":2.779,""contact_probability"":0.06364414},{""index"":19,""time"":5.568,""score"":2.997,""rms_ratio"":1.446,""diff_ratio"":6.21,""contact_probability"":0.14689386},{""index"":20,""time"":0.452,""score"":2.979,""rms_ratio"":2.747,""diff_ratio"":3.231,""contact_probability"":0.32954573},{""index"":21,""time"":5.878,""score"":2.96,""rms_ratio"":3.402,""diff_ratio"":2.575,""contact_probability"":0.28182471},{""index"":22,""time"":0.047,""score"":2.832,""rms_ratio"":2.301,""diff_ratio"":3.486,""contact_probability"":0.20607398},{""index"":23,""time"":6.653,""score"":2.696,""rms_ratio"":1.906,""diff_ratio"":3.813,""contact_probability"":0.02377527},{""index"":24,""time"":0.268,""score"":2.68,""rms_ratio"":1.433,""diff_ratio"":5.014,""contact_probability"":0.00755466}]",best_candidate_below_threshold
1106,F_1217,dataset/fly_ball/Codex_Workstation/F_1217,2.0,yes,13,0.127,0.99997379,8.06,0.7833643177503908,24,"[{""index"":1,""time"":2.027,""score"":2.543,""rms_ratio"":2.504,""diff_ratio"":2.583,""contact_probability"":0.04855973},{""index"":2,""time"":1.928,""score"":2.044,""rms_ratio"":1.682,""diff_ratio"":2.483,""contact_probability"":0.0042006},{""index"":3,""time"":1.862,""score"":1.971,""rms_ratio"":1.914,""diff_ratio"":2.029,""contact_probability"":0.00142591},{""index"":4,""time"":1.788,""score"":1.878,""rms_ratio"":2.147,""diff_ratio"":1.643,""contact_probability"":0.00101436},{""index"":5,""time"":2.223,""score"":2.007,""rms_ratio"":1.205,""diff_ratio"":3.343,""contact_probability"":0.00193882},{""index"":6,""time"":2.277,""score"":2.102,""rms_ratio"":2.113,""diff_ratio"":2.091,""contact_probability"":0.00718758},{""index"":7,""time"":1.717,""score"":1.559,""rms_ratio"":2.054,""diff_ratio"":1.183,""contact_probability"":0.00667637},{""index"":8,""time"":2.432,""score"":1.443,""rms_ratio"":1.869,""diff_ratio"":1.114,""contact_probability"":0.00091007},{""index"":9,""time"":1.523,""score"":1.534,""rms_ratio"":1.284,""diff_ratio"":1.834,""contact_probability"":0.00262006},{""index"":10,""time"":2.503,""score"":1.654,""rms_ratio"":1.608,""diff_ratio"":1.702,""contact_probability"":0.00264361},{""index"":11,""time"":1.433,""score"":1.782,""rms_ratio"":1.929,""diff_ratio"":1.646,""contact_probability"":0.01032638},{""index"":12,""time"":2.598,""score"":1.663,""rms_ratio"":1.532,""diff_ratio"":1.804,""contact_probability"":0.00121464},{""index"":13,""time"":0.127,""score"":8.06,""rms_ratio"":3.866,""diff_ratio"":16.802,""contact_probability"":0.99997379},{""index"":14,""time"":0.738,""score"":2.732,""rms_ratio"":1.554,""diff_ratio"":4.803,""contact_probability"":0.00460678},{""index"":15,""time"":0.382,""score"":2.614,""rms_ratio"":1.458,""diff_ratio"":4.688,""contact_probability"":0.00292174},{""index"":16,""time"":0.507,""score"":2.312,""rms_ratio"":1.254,""diff_ratio"":4.265,""contact_probability"":0.00370907},{""index"":17,""time"":3.543,""score"":2.178,""rms_ratio"":2.072,""diff_ratio"":2.29,""contact_probability"":0.00889135},{""index"":18,""time"":6.168,""score"":2.159,""rms_ratio"":2.279,""diff_ratio"":2.045,""contact_probability"":0.03917722},{""index"":19,""time"":4.847,""score"":2.109,""rms_ratio"":1.936,""diff_ratio"":2.297,""contact_probability"":0.20264216},{""index"":20,""time"":2.777,""score"":2.006,""rms_ratio"":2.007,""diff_ratio"":2.004,""contact_probability"":0.05088913},{""index"":21,""time"":3.122,""score"":1.99,""rms_ratio"":1.903,""diff_ratio"":2.08,""contact_probability"":0.00684754},{""index"":22,""time"":6.613,""score"":1.934,""rms_ratio"":1.826,""diff_ratio"":2.048,""contact_probability"":0.04104859},{""index"":23,""time"":0.822,""score"":1.915,""rms_ratio"":2.089,""diff_ratio"":1.755,""contact_probability"":0.01209816},{""index"":24,""time"":5.463,""score"":1.895,""rms_ratio"":1.112,""diff_ratio"":3.227,""contact_probability"":0.00107925}]",candidate_selected
1105,F_1216,dataset/fly_ball/Codex_Workstation/F_1216,2.0,yes,1,2.023,0.99999953,17.947,0.7833643177503908,24,"[{""index"":1,""time"":2.023,""score"":17.947,""rms_ratio"":9.953,""diff_ratio"":32.359,""contact_probability"":0.99999953},{""index"":2,""time"":2.152,""score"":1.222,""rms_ratio"":1.493,""diff_ratio"":0.386,""contact_probability"":0.00406804},{""index"":3,""time"":2.392,""score"":1.256,""rms_ratio"":1.578,""diff_ratio"":0.44,""contact_probability"":0.02708827},{""index"":4,""time"":5.532,""score"":4.44,""rms_ratio"":2.646,""diff_ratio"":7.451,""contact_probability"":0.01534781},{""index"":5,""time"":5.912,""score"":4.324,""rms_ratio"":3.769,""diff_ratio"":4.962,""contact_probability"":0.73412976},{""index"":6,""time"":5.642,""score"":3.985,""rms_ratio"":3.518,""diff_ratio"":4.514,""contact_probability"":0.00877603},{""index"":7,""time"":4.238,""score"":3.812,""rms_ratio"":3.914,""diff_ratio"":3.713,""contact_probability"":0.01362797},{""index"":8,""time"":4.517,""score"":3.738,""rms_ratio"":3.928,""diff_ratio"":3.558,""contact_probability"":0.00615073},{""index"":9,""time"":4.113,""score"":3.412,""rms_ratio"":3.455,""diff_ratio"":3.371,""contact_probability"":0.03876803},{""index"":10,""time"":5.787,""score"":3.17,""rms_ratio"":3.076,""diff_ratio"":3.268,""contact_probability"":0.00291399},{""index"":11,""time"":5.392,""score"":2.997,""rms_ratio"":3.463,""diff_ratio"":2.594,""contact_probability"":0.01025588},{""index"":12,""time"":3.818,""score"":2.773,""rms_ratio"":3.336,""diff_ratio"":2.304,""contact_probability"":0.00251938},{""index"":13,""time"":4.617,""score"":2.635,""rms_ratio"":2.758,""diff_ratio"":2.518,""contact_probability"":0.00235732},{""index"":14,""time"":3.875,""score"":2.613,""rms_ratio"":2.992,""diff_ratio"":2.281,""contact_probability"":0.00225486},{""index"":15,""time"":3.422,""score"":2.522,""rms_ratio"":3.22,""diff_ratio"":1.976,""contact_probability"":0.00647085},{""index"":16,""time"":6.327,""score"":2.409,""rms_ratio"":2.293,""diff_ratio"":2.532,""contact_probability"":0.00059468},{""index"":17,""time"":6.043,""score"":2.324,""rms_ratio"":2.442,""diff_ratio"":2.212,""contact_probability"":0.00031169},{""index"":18,""time"":3.168,""score"":2.173,""rms_ratio"":1.949,""diff_ratio"":2.423,""contact_probability"":0.01061467},{""index"":19,""time"":3.533,""score"":2.061,""rms_ratio"":1.932,""diff_ratio"":2.199,""contact_probability"":0.00173038},{""index"":20,""time"":6.198,""score"":2.015,""rms_ratio"":2.019,""diff_ratio"":2.011,""contact_probability"":0.00015664},{""index"":21,""time"":5.218,""score"":1.982,""rms_ratio"":1.882,""diff_ratio"":2.088,""contact_probability"":6.317e-05},{""index"":22,""time"":3.628,""score"":1.978,""rms_ratio"":2.291,""diff_ratio"":1.707,""contact_probability"":0.00079653},{""index"":23,""time"":3.737,""score"":1.965,""rms_ratio"":2.701,""diff_ratio"":1.43,""contact_probability"":0.00069724},{""index"":24,""time"":6.423,""score"":1.944,""rms_ratio"":1.942,""diff_ratio"":1.946,""contact_probability"":0.00243274}]",candidate_selected
1104,F_1214,dataset/fly_ball/Codex_Workstation/F_1214,2.0,no,,,0.04532706,,0.7833643177503908,24,"[{""index"":1,""time"":2.023,""score"":2.296,""rms_ratio"":3.041,""diff_ratio"":1.734,""contact_probability"":0.00812864},{""index"":2,""time"":1.938,""score"":1.441,""rms_ratio"":2.075,""diff_ratio"":0.771,""contact_probability"":0.00388675},{""index"":3,""time"":2.098,""score"":1.53,""rms_ratio"":1.64,""diff_ratio"":1.428,""contact_probability"":0.00184361},{""index"":4,""time"":1.753,""score"":1.609,""rms_ratio"":1.794,""diff_ratio"":1.443,""contact_probability"":0.01457204},{""index"":5,""time"":2.287,""score"":1.56,""rms_ratio"":1.901,""diff_ratio"":1.28,""contact_probability"":0.01609056},{""index"":6,""time"":1.702,""score"":1.697,""rms_ratio"":1.908,""diff_ratio"":1.51,""contact_probability"":0.00541161},{""index"":7,""time"":1.582,""score"":1.354,""rms_ratio"":1.302,""diff_ratio"":1.409,""contact_probability"":0.00039664},{""index"":8,""time"":1.518,""score"":1.505,""rms_ratio"":1.529,""diff_ratio"":1.48,""contact_probability"":0.00058185},{""index"":9,""time"":1.447,""score"":1.869,""rms_ratio"":1.871,""diff_ratio"":1.867,""contact_probability"":0.00091438},{""index"":10,""time"":2.553,""score"":1.618,""rms_ratio"":2.033,""diff_ratio"":1.288,""contact_probability"":0.009243},{""index"":11,""time"":0.827,""score"":2.75,""rms_ratio"":2.065,""diff_ratio"":3.662,""contact_probability"":0.00234027},{""index"":12,""time"":0.918,""score"":2.439,""rms_ratio"":2.067,""diff_ratio"":2.879,""contact_probability"":0.00436109},{""index"":13,""time"":1.117,""score"":2.225,""rms_ratio"":1.177,""diff_ratio"":4.208,""contact_probability"":0.00721566},{""index"":14,""time"":2.783,""score"":2.133,""rms_ratio"":2.351,""diff_ratio"":1.935,""contact_probability"":0.01471765},{""index"":15,""time"":1.197,""score"":2.041,""rms_ratio"":2.29,""diff_ratio"":1.819,""contact_probability"":0.00641175},{""index"":16,""time"":5.867,""score"":2.008,""rms_ratio"":2.159,""diff_ratio"":1.867,""contact_probability"":0.00726698},{""index"":17,""time"":3.672,""score"":1.954,""rms_ratio"":2.407,""diff_ratio"":1.586,""contact_probability"":0.02018197},{""index"":18,""time"":5.597,""score"":1.911,""rms_ratio"":1.839,""diff_ratio"":1.986,""contact_probability"":0.00569897},{""index"":19,""time"":4.238,""score"":1.897,""rms_ratio"":1.982,""diff_ratio"":1.816,""contact_probability"":0.04532706},{""index"":20,""time"":1.332,""score"":1.896,""rms_ratio"":2.175,""diff_ratio"":1.652,""contact_probability"":0.00077139},{""index"":21,""time"":6.532,""score"":1.864,""rms_ratio"":2.051,""diff_ratio"":1.694,""contact_probability"":0.00535991},{""index"":22,""time"":0.013,""score"":1.859,""rms_ratio"":2.424,""diff_ratio"":1.426,""contact_probability"":0.01088185},{""index"":23,""time"":5.403,""score"":1.81,""rms_ratio"":1.286,""diff_ratio"":2.547,""contact_probability"":0.00779959},{""index"":24,""time"":4.412,""score"":1.805,""rms_ratio"":2.174,""diff_ratio"":1.498,""contact_probability"":0.04251361}]",best_candidate_below_threshold
1103,F_1213,dataset/fly_ball/Codex_Workstation/F_1213,3.023,yes,15,1.913,1.0,14.168,0.7833643177503908,24,"[{""index"":1,""time"":3.027,""score"":4.597,""rms_ratio"":5.014,""diff_ratio"":4.216,""contact_probability"":0.01025614},{""index"":2,""time"":2.975,""score"":3.428,""rms_ratio"":3.607,""diff_ratio"":3.258,""contact_probability"":0.00371099},{""index"":3,""time"":3.197,""score"":3.827,""rms_ratio"":2.73,""diff_ratio"":5.365,""contact_probability"":0.0033811},{""index"":4,""time"":3.253,""score"":2.446,""rms_ratio"":2.8,""diff_ratio"":2.137,""contact_probability"":0.00052796},{""index"":5,""time"":2.773,""score"":3.489,""rms_ratio"":2.156,""diff_ratio"":5.646,""contact_probability"":0.00783763},{""index"":6,""time"":3.307,""score"":2.568,""rms_ratio"":3.379,""diff_ratio"":1.952,""contact_probability"":0.00010405},{""index"":7,""time"":2.703,""score"":2.688,""rms_ratio"":2.588,""diff_ratio"":2.793,""contact_probability"":0.00198768},{""index"":8,""time"":3.368,""score"":3.198,""rms_ratio"":3.669,""diff_ratio"":2.787,""contact_probability"":0.00026434},{""index"":9,""time"":3.422,""score"":2.808,""rms_ratio"":3.629,""diff_ratio"":2.173,""contact_probability"":0.00030069},{""index"":10,""time"":2.605,""score"":1.38,""rms_ratio"":1.715,""diff_ratio"":1.111,""contact_probability"":0.0011797},{""index"":11,""time"":3.47,""score"":1.803,""rms_ratio"":2.374,""diff_ratio"":1.369,""contact_probability"":0.00015682},{""index"":12,""time"":2.503,""score"":1.661,""rms_ratio"":0.792,""diff_ratio"":2.758,""contact_probability"":0.00048185},{""index"":13,""time"":3.598,""score"":3.632,""rms_ratio"":4.081,""diff_ratio"":3.233,""contact_probability"":0.00412425},{""index"":14,""time"":2.432,""score"":3.051,""rms_ratio"":2.662,""diff_ratio"":3.496,""contact_probability"":0.03065913},{""index"":15,""time"":1.913,""score"":14.168,""rms_ratio"":7.029,""diff_ratio"":28.56,""contact_probability"":1.0},{""index"":16,""time"":4.102,""score"":3.74,""rms_ratio"":4.222,""diff_ratio"":3.313,""contact_probability"":0.01060564},{""index"":17,""time"":3.822,""score"":3.638,""rms_ratio"":2.004,""diff_ratio"":6.604,""contact_probability"":0.01649681},{""index"":18,""time"":3.997,""score"":3.333,""rms_ratio"":3.859,""diff_ratio"":2.879,""contact_probability"":0.00322755},{""index"":19,""time"":5.012,""score"":3.178,""rms_ratio"":2.633,""diff_ratio"":3.835,""contact_probability"":0.00300068},{""index"":20,""time"":6.918,""score"":3.095,""rms_ratio"":2.589,""diff_ratio"":3.699,""contact_probability"":1.98e-06},{""index"":21,""time"":4.327,""score"":3.005,""rms_ratio"":2.237,""diff_ratio"":4.035,""contact_probability"":0.02101554},{""index"":22,""time"":1.062,""score"":2.766,""rms_ratio"":2.927,""diff_ratio"":2.613,""contact_probability"":0.12033064},{""index"":23,""time"":0.762,""score"":2.744,""rms_ratio"":2.569,""diff_ratio"":2.932,""contact_probability"":0.0968113},{""index"":24,""time"":6.193,""score"":2.725,""rms_ratio"":2.721,""diff_ratio"":2.728,""contact_probability"":0.01331284}]",candidate_selected
1102,F_1212,dataset/fly_ball/Codex_Workstation/F_1212,1.74,yes,1,1.768,0.99999363,10.123,0.7833643177503908,24,"[{""index"":1,""time"":1.768,""score"":10.123,""rms_ratio"":6.793,""diff_ratio"":15.085,""contact_probability"":0.99999363},{""index"":2,""time"":2.253,""score"":1.436,""rms_ratio"":1.723,""diff_ratio"":1.196,""contact_probability"":0.01145076},{""index"":3,""time"":2.312,""score"":1.802,""rms_ratio"":1.695,""diff_ratio"":1.914,""contact_probability"":0.01606134},{""index"":4,""time"":6.238,""score"":3.785,""rms_ratio"":1.72,""diff_ratio"":8.331,""contact_probability"":0.12614723},{""index"":5,""time"":3.753,""score"":3.738,""rms_ratio"":2.012,""diff_ratio"":6.944,""contact_probability"":0.00534103},{""index"":6,""time"":6.707,""score"":3.312,""rms_ratio"":1.63,""diff_ratio"":6.731,""contact_probability"":0.04492334},{""index"":7,""time"":6.997,""score"":3.269,""rms_ratio"":1.557,""diff_ratio"":6.862,""contact_probability"":0.51623482},{""index"":8,""time"":6.19,""score"":3.076,""rms_ratio"":1.541,""diff_ratio"":6.141,""contact_probability"":0.04873397},{""index"":9,""time"":6.798,""score"":3.002,""rms_ratio"":2.371,""diff_ratio"":3.8,""contact_probability"":0.00780327},{""index"":10,""time"":3.372,""score"":2.924,""rms_ratio"":3.117,""diff_ratio"":2.743,""contact_probability"":0.01377722},{""index"":11,""time"":6.068,""score"":2.864,""rms_ratio"":2.471,""diff_ratio"":3.32,""contact_probability"":0.01236009},{""index"":12,""time"":2.838,""score"":2.813,""rms_ratio"":3.443,""diff_ratio"":2.298,""contact_probability"":0.06196384},{""index"":13,""time"":3.062,""score"":2.809,""rms_ratio"":3.216,""diff_ratio"":2.454,""contact_probability"":0.08228444},{""index"":14,""time"":3.658,""score"":2.659,""rms_ratio"":1.899,""diff_ratio"":3.724,""contact_probability"":0.00429253},{""index"":15,""time"":3.605,""score"":2.415,""rms_ratio"":2.171,""diff_ratio"":2.686,""contact_probability"":0.00076321},{""index"":16,""time"":3.918,""score"":2.347,""rms_ratio"":2.624,""diff_ratio"":2.099,""contact_probability"":0.0046677},{""index"":17,""time"":4.448,""score"":2.302,""rms_ratio"":2.578,""diff_ratio"":2.056,""contact_probability"":0.01461893},{""index"":18,""time"":4.142,""score"":2.293,""rms_ratio"":2.313,""diff_ratio"":2.273,""contact_probability"":0.00360334},{""index"":19,""time"":5.807,""score"":2.28,""rms_ratio"":2.092,""diff_ratio"":2.486,""contact_probability"":0.02350009},{""index"":20,""time"":3.503,""score"":2.13,""rms_ratio"":2.328,""diff_ratio"":1.949,""contact_probability"":0.00015853},{""index"":21,""time"":6.608,""score"":2.001,""rms_ratio"":1.875,""diff_ratio"":2.135,""contact_probability"":0.00175376},{""index"":22,""time"":2.77,""score"":1.982,""rms_ratio"":1.533,""diff_ratio"":2.564,""contact_probability"":0.01616212},{""index"":23,""time"":5.508,""score"":1.974,""rms_ratio"":2.147,""diff_ratio"":1.815,""contact_probability"":0.00291025},{""index"":24,""time"":6.492,""score"":1.961,""rms_ratio"":2.07,""diff_ratio"":1.857,""contact_probability"":0.01580473}]",candidate_selected
1101,F_1211,dataset/fly_ball/Codex_Workstation/F_1211,2.0,no,,,0.0613202,,0.7833643177503908,22,"[{""index"":1,""time"":2.017,""score"":2.56,""rms_ratio"":2.989,""diff_ratio"":2.192,""contact_probability"":0.00110455},{""index"":2,""time"":1.938,""score"":2.106,""rms_ratio"":2.395,""diff_ratio"":1.852,""contact_probability"":0.00039062},{""index"":3,""time"":2.07,""score"":1.977,""rms_ratio"":1.955,""diff_ratio"":1.999,""contact_probability"":0.001323},{""index"":4,""time"":1.862,""score"":2.273,""rms_ratio"":2.65,""diff_ratio"":1.95,""contact_probability"":0.00010584},{""index"":5,""time"":2.158,""score"":2.098,""rms_ratio"":1.817,""diff_ratio"":2.422,""contact_probability"":0.00032942},{""index"":6,""time"":1.808,""score"":2.54,""rms_ratio"":2.596,""diff_ratio"":2.485,""contact_probability"":0.00036016},{""index"":7,""time"":2.213,""score"":2.326,""rms_ratio"":2.78,""diff_ratio"":1.946,""contact_probability"":0.00091193},{""index"":8,""time"":1.747,""score"":2.319,""rms_ratio"":2.468,""diff_ratio"":2.179,""contact_probability"":0.00026266},{""index"":9,""time"":2.273,""score"":2.467,""rms_ratio"":2.69,""diff_ratio"":2.262,""contact_probability"":0.00050418},{""index"":10,""time"":1.673,""score"":2.392,""rms_ratio"":2.79,""diff_ratio"":2.051,""contact_probability"":0.00030286},{""index"":11,""time"":2.355,""score"":1.99,""rms_ratio"":2.101,""diff_ratio"":1.885,""contact_probability"":0.00246144},{""index"":12,""time"":1.617,""score"":2.229,""rms_ratio"":2.512,""diff_ratio"":1.978,""contact_probability"":0.00019752},{""index"":13,""time"":1.533,""score"":2.361,""rms_ratio"":2.488,""diff_ratio"":2.24,""contact_probability"":0.00110599},{""index"":14,""time"":2.473,""score"":2.905,""rms_ratio"":3.557,""diff_ratio"":2.373,""contact_probability"":0.0613202},{""index"":15,""time"":2.555,""score"":1.878,""rms_ratio"":2.134,""diff_ratio"":1.653,""contact_probability"":0.00124806},{""index"":16,""time"":3.013,""score"":2.422,""rms_ratio"":1.606,""diff_ratio"":3.652,""contact_probability"":0.00086779},{""index"":17,""time"":2.632,""score"":2.181,""rms_ratio"":1.971,""diff_ratio"":2.414,""contact_probability"":0.00152993},{""index"":18,""time"":2.723,""score"":1.972,""rms_ratio"":2.305,""diff_ratio"":1.687,""contact_probability"":0.0003725},{""index"":19,""time"":2.872,""score"":1.856,""rms_ratio"":1.844,""diff_ratio"":1.869,""contact_probability"":0.00023004},{""index"":20,""time"":6.823,""score"":1.591,""rms_ratio"":1.734,""diff_ratio"":1.46,""contact_probability"":0.00018996},{""index"":21,""time"":3.652,""score"":1.523,""rms_ratio"":1.435,""diff_ratio"":1.617,""contact_probability"":0.00026597},{""index"":22,""time"":3.332,""score"":1.508,""rms_ratio"":1.673,""diff_ratio"":1.36,""contact_probability"":0.0002706}]",best_candidate_below_threshold
1100,F_1210,dataset/fly_ball/Codex_Workstation/F_1210,2.0,no,,,0.03106619,,0.7833643177503908,24,"[{""index"":1,""time"":2.043,""score"":2.544,""rms_ratio"":2.873,""diff_ratio"":2.253,""contact_probability"":0.00167501},{""index"":2,""time"":1.918,""score"":2.07,""rms_ratio"":2.239,""diff_ratio"":1.914,""contact_probability"":0.00027664},{""index"":3,""time"":2.112,""score"":2.091,""rms_ratio"":1.805,""diff_ratio"":2.422,""contact_probability"":0.00021791},{""index"":4,""time"":1.832,""score"":2.324,""rms_ratio"":1.427,""diff_ratio"":3.788,""contact_probability"":0.0008524},{""index"":5,""time"":2.178,""score"":2.141,""rms_ratio"":2.212,""diff_ratio"":2.072,""contact_probability"":0.00011593},{""index"":6,""time"":2.257,""score"":2.788,""rms_ratio"":2.635,""diff_ratio"":2.95,""contact_probability"":0.00101864},{""index"":7,""time"":1.707,""score"":2.099,""rms_ratio"":2.207,""diff_ratio"":1.997,""contact_probability"":0.00053778},{""index"":8,""time"":2.372,""score"":2.275,""rms_ratio"":2.693,""diff_ratio"":1.921,""contact_probability"":0.00083834},{""index"":9,""time"":1.622,""score"":2.625,""rms_ratio"":3.01,""diff_ratio"":2.289,""contact_probability"":0.00351238},{""index"":10,""time"":2.447,""score"":2.169,""rms_ratio"":1.943,""diff_ratio"":2.422,""contact_probability"":0.00026855},{""index"":11,""time"":1.53,""score"":1.387,""rms_ratio"":1.355,""diff_ratio"":1.42,""contact_probability"":0.00109061},{""index"":12,""time"":2.517,""score"":2.314,""rms_ratio"":2.375,""diff_ratio"":2.255,""contact_probability"":0.00033088},{""index"":13,""time"":2.582,""score"":2.065,""rms_ratio"":2.046,""diff_ratio"":2.083,""contact_probability"":0.00062254},{""index"":14,""time"":3.057,""score"":2.188,""rms_ratio"":1.422,""diff_ratio"":3.365,""contact_probability"":0.0019072},{""index"":15,""time"":3.142,""score"":2.115,""rms_ratio"":2.577,""diff_ratio"":1.737,""contact_probability"":0.00772557},{""index"":16,""time"":2.618,""score"":2.089,""rms_ratio"":2.106,""diff_ratio"":2.072,""contact_probability"":0.00038288},{""index"":17,""time"":1.173,""score"":1.94,""rms_ratio"":1.232,""diff_ratio"":3.056,""contact_probability"":0.00825958},{""index"":18,""time"":3.957,""score"":1.924,""rms_ratio"":1.938,""diff_ratio"":1.909,""contact_probability"":0.00310483},{""index"":19,""time"":3.352,""score"":1.919,""rms_ratio"":1.683,""diff_ratio"":2.188,""contact_probability"":0.0004197},{""index"":20,""time"":2.807,""score"":1.901,""rms_ratio"":2.171,""diff_ratio"":1.665,""contact_probability"":0.0044637},{""index"":21,""time"":0.287,""score"":1.88,""rms_ratio"":0.955,""diff_ratio"":3.535,""contact_probability"":0.03106619},{""index"":22,""time"":3.513,""score"":1.867,""rms_ratio"":1.851,""diff_ratio"":1.882,""contact_probability"":0.00033422},{""index"":23,""time"":0.887,""score"":1.77,""rms_ratio"":1.287,""diff_ratio"":2.435,""contact_probability"":0.01810336},{""index"":24,""time"":3.608,""score"":1.759,""rms_ratio"":1.177,""diff_ratio"":2.628,""contact_probability"":0.00043538}]",best_candidate_below_threshold
1099,F_1209,dataset/fly_ball/Codex_Workstation/F_1209,2.0,no,,,0.17660654,,0.7833643177503908,24,"[{""index"":1,""time"":2.027,""score"":4.202,""rms_ratio"":4.251,""diff_ratio"":4.153,""contact_probability"":0.03904931},{""index"":2,""time"":2.092,""score"":2.578,""rms_ratio"":2.623,""diff_ratio"":2.534,""contact_probability"":0.00082},{""index"":3,""time"":2.185,""score"":2.826,""rms_ratio"":2.435,""diff_ratio"":3.28,""contact_probability"":0.00093147},{""index"":4,""time"":2.243,""score"":3.779,""rms_ratio"":3.333,""diff_ratio"":4.285,""contact_probability"":0.01453534},{""index"":5,""time"":2.297,""score"":2.484,""rms_ratio"":2.705,""diff_ratio"":2.28,""contact_probability"":0.00088162},{""index"":6,""time"":2.372,""score"":2.918,""rms_ratio"":2.945,""diff_ratio"":2.89,""contact_probability"":0.00722435},{""index"":7,""time"":2.455,""score"":1.653,""rms_ratio"":0.981,""diff_ratio"":2.732,""contact_probability"":0.00026125},{""index"":8,""time"":2.507,""score"":1.85,""rms_ratio"":1.115,""diff_ratio"":3.069,""contact_probability"":0.00050279},{""index"":9,""time"":2.562,""score"":2.987,""rms_ratio"":2.431,""diff_ratio"":3.672,""contact_probability"":0.00419047},{""index"":10,""time"":1.423,""score"":1.511,""rms_ratio"":0.802,""diff_ratio"":2.283,""contact_probability"":0.00114931},{""index"":11,""time"":5.543,""score"":4.81,""rms_ratio"":4.048,""diff_ratio"":5.716,""contact_probability"":0.02889891},{""index"":12,""time"":5.077,""score"":4.67,""rms_ratio"":3.814,""diff_ratio"":5.718,""contact_probability"":0.03357546},{""index"":13,""time"":0.188,""score"":4.451,""rms_ratio"":3.649,""diff_ratio"":5.43,""contact_probability"":0.00832428},{""index"":14,""time"":4.918,""score"":3.7,""rms_ratio"":3.349,""diff_ratio"":4.088,""contact_probability"":0.04210615},{""index"":15,""time"":2.822,""score"":3.59,""rms_ratio"":3.129,""diff_ratio"":4.119,""contact_probability"":0.17660654},{""index"":16,""time"":2.688,""score"":3.29,""rms_ratio"":2.852,""diff_ratio"":3.796,""contact_probability"":0.00332302},{""index"":17,""time"":3.523,""score"":3.231,""rms_ratio"":3.589,""diff_ratio"":2.908,""contact_probability"":0.00711215},{""index"":18,""time"":3.112,""score"":3.169,""rms_ratio"":2.887,""diff_ratio"":3.478,""contact_probability"":0.05251421},{""index"":19,""time"":0.273,""score"":2.994,""rms_ratio"":3.257,""diff_ratio"":2.753,""contact_probability"":0.00113328},{""index"":20,""time"":5.358,""score"":2.852,""rms_ratio"":2.533,""diff_ratio"":3.212,""contact_probability"":0.00086003},{""index"":21,""time"":0.858,""score"":2.692,""rms_ratio"":3.723,""diff_ratio"":1.947,""contact_probability"":0.00766104},{""index"":22,""time"":0.013,""score"":2.652,""rms_ratio"":2.607,""diff_ratio"":2.697,""contact_probability"":0.00116873},{""index"":23,""time"":5.273,""score"":2.634,""rms_ratio"":2.973,""diff_ratio"":2.333,""contact_probability"":0.00288571},{""index"":24,""time"":2.977,""score"":2.484,""rms_ratio"":2.423,""diff_ratio"":2.546,""contact_probability"":0.00944626}]",best_candidate_below_threshold
1098,F_1208,dataset/fly_ball/Codex_Workstation/F_1208,2.0,yes,1,2.017,0.92931913,10.825,0.7833643177503908,24,"[{""index"":1,""time"":2.017,""score"":10.825,""rms_ratio"":8.626,""diff_ratio"":13.585,""contact_probability"":0.92931913},{""index"":2,""time"":1.935,""score"":1.344,""rms_ratio"":1.378,""diff_ratio"":1.311,""contact_probability"":0.00043984},{""index"":3,""time"":2.112,""score"":1.802,""rms_ratio"":2.478,""diff_ratio"":1.31,""contact_probability"":0.0410736},{""index"":4,""time"":1.883,""score"":2.093,""rms_ratio"":2.21,""diff_ratio"":1.983,""contact_probability"":0.00213803},{""index"":5,""time"":2.213,""score"":1.626,""rms_ratio"":1.408,""diff_ratio"":1.878,""contact_probability"":0.00064398},{""index"":6,""time"":2.283,""score"":1.262,""rms_ratio"":1.575,""diff_ratio"":1.011,""contact_probability"":0.00031724},{""index"":7,""time"":1.715,""score"":1.561,""rms_ratio"":1.453,""diff_ratio"":1.676,""contact_probability"":0.00040621},{""index"":8,""time"":1.668,""score"":1.652,""rms_ratio"":1.58,""diff_ratio"":1.728,""contact_probability"":0.00048039},{""index"":9,""time"":1.617,""score"":1.784,""rms_ratio"":2.06,""diff_ratio"":1.545,""contact_probability"":0.00132998},{""index"":10,""time"":2.453,""score"":1.89,""rms_ratio"":2.298,""diff_ratio"":1.555,""contact_probability"":0.00759238},{""index"":11,""time"":1.273,""score"":2.208,""rms_ratio"":2.168,""diff_ratio"":2.248,""contact_probability"":0.02001001},{""index"":12,""time"":0.273,""score"":2.149,""rms_ratio"":2.298,""diff_ratio"":2.009,""contact_probability"":0.00138829},{""index"":13,""time"":2.898,""score"":2.059,""rms_ratio"":2.394,""diff_ratio"":1.771,""contact_probability"":0.04608129},{""index"":14,""time"":3.243,""score"":1.974,""rms_ratio"":2.793,""diff_ratio"":1.395,""contact_probability"":0.07413953},{""index"":15,""time"":0.047,""score"":1.971,""rms_ratio"":2.47,""diff_ratio"":1.572,""contact_probability"":0.01300911},{""index"":16,""time"":0.235,""score"":1.968,""rms_ratio"":2.033,""diff_ratio"":1.905,""contact_probability"":0.00068809},{""index"":17,""time"":0.172,""score"":1.966,""rms_ratio"":2.038,""diff_ratio"":1.896,""contact_probability"":0.00048523},{""index"":18,""time"":0.407,""score"":1.919,""rms_ratio"":2.115,""diff_ratio"":1.74,""contact_probability"":0.0040771},{""index"":19,""time"":6.477,""score"":1.852,""rms_ratio"":1.787,""diff_ratio"":1.919,""contact_probability"":0.01449983},{""index"":20,""time"":0.873,""score"":1.845,""rms_ratio"":2.228,""diff_ratio"":1.527,""contact_probability"":0.06584148},{""index"":21,""time"":3.562,""score"":1.796,""rms_ratio"":2.12,""diff_ratio"":1.521,""contact_probability"":0.00150358},{""index"":22,""time"":3.408,""score"":1.785,""rms_ratio"":2.045,""diff_ratio"":1.558,""contact_probability"":0.00729777},{""index"":23,""time"":6.133,""score"":1.757,""rms_ratio"":2.113,""diff_ratio"":1.461,""contact_probability"":0.01101024},{""index"":24,""time"":0.553,""score"":1.753,""rms_ratio"":1.203,""diff_ratio"":2.553,""contact_probability"":0.00207591}]",candidate_selected
1097,F_1207,dataset/fly_ball/Codex_Workstation/F_1207,1.8,yes,1,1.832,0.99980609,7.825,0.7833643177503908,24,"[{""index"":1,""time"":1.832,""score"":7.825,""rms_ratio"":6.1,""diff_ratio"":10.038,""contact_probability"":0.99980609},{""index"":2,""time"":2.398,""score"":1.964,""rms_ratio"":2.074,""diff_ratio"":1.86,""contact_probability"":0.02512637},{""index"":3,""time"":3.902,""score"":2.753,""rms_ratio"":3.358,""diff_ratio"":2.257,""contact_probability"":0.0059731},{""index"":4,""time"":3.118,""score"":2.559,""rms_ratio"":2.46,""diff_ratio"":2.661,""contact_probability"":0.00035822},{""index"":5,""time"":3.767,""score"":2.532,""rms_ratio"":2.174,""diff_ratio"":2.948,""contact_probability"":0.0006479},{""index"":6,""time"":5.082,""score"":2.527,""rms_ratio"":1.97,""diff_ratio"":3.243,""contact_probability"":0.0011372},{""index"":7,""time"":4.818,""score"":2.508,""rms_ratio"":2.904,""diff_ratio"":2.166,""contact_probability"":0.00119409},{""index"":8,""time"":4.378,""score"":2.484,""rms_ratio"":2.006,""diff_ratio"":3.076,""contact_probability"":0.00252392},{""index"":9,""time"":4.113,""score"":2.377,""rms_ratio"":1.661,""diff_ratio"":3.402,""contact_probability"":0.00149525},{""index"":10,""time"":4.657,""score"":2.349,""rms_ratio"":2.746,""diff_ratio"":2.009,""contact_probability"":0.0132616},{""index"":11,""time"":4.988,""score"":2.306,""rms_ratio"":1.863,""diff_ratio"":2.855,""contact_probability"":0.00025931},{""index"":12,""time"":2.888,""score"":2.232,""rms_ratio"":2.971,""diff_ratio"":1.677,""contact_probability"":0.00179877},{""index"":13,""time"":4.222,""score"":2.152,""rms_ratio"":2.455,""diff_ratio"":1.886,""contact_probability"":0.00034672},{""index"":14,""time"":5.145,""score"":2.152,""rms_ratio"":2.265,""diff_ratio"":2.044,""contact_probability"":0.00231141},{""index"":15,""time"":5.492,""score"":2.125,""rms_ratio"":2.238,""diff_ratio"":2.017,""contact_probability"":0.00676066},{""index"":16,""time"":4.512,""score"":2.073,""rms_ratio"":2.167,""diff_ratio"":1.982,""contact_probability"":0.00037484},{""index"":17,""time"":3.223,""score"":2.07,""rms_ratio"":2.311,""diff_ratio"":1.854,""contact_probability"":0.00033658},{""index"":18,""time"":3.275,""score"":1.991,""rms_ratio"":2.44,""diff_ratio"":1.625,""contact_probability"":0.00036178},{""index"":19,""time"":3.368,""score"":1.988,""rms_ratio"":2.204,""diff_ratio"":1.793,""contact_probability"":0.00022745},{""index"":20,""time"":2.793,""score"":1.891,""rms_ratio"":1.43,""diff_ratio"":2.501,""contact_probability"":0.00097702},{""index"":21,""time"":2.977,""score"":1.877,""rms_ratio"":2.106,""diff_ratio"":1.672,""contact_probability"":8.439e-05},{""index"":22,""time"":3.493,""score"":1.828,""rms_ratio"":2.078,""diff_ratio"":1.607,""contact_probability"":0.00023731},{""index"":23,""time"":4.017,""score"":1.82,""rms_ratio"":2.003,""diff_ratio"":1.655,""contact_probability"":0.00087402},{""index"":24,""time"":3.425,""score"":1.765,""rms_ratio"":1.942,""diff_ratio"":1.604,""contact_probability"":0.000527}]",candidate_selected
1096,F_1206,dataset/fly_ball/Codex_Workstation/F_1206,2.0,yes,1,2.023,0.99962134,10.323,0.7833643177503908,24,"[{""index"":1,""time"":2.023,""score"":10.323,""rms_ratio"":5.357,""diff_ratio"":19.89,""contact_probability"":0.99962134},{""index"":2,""time"":1.893,""score"":1.367,""rms_ratio"":1.868,""diff_ratio"":0.741,""contact_probability"":0.00092261},{""index"":3,""time"":2.108,""score"":1.862,""rms_ratio"":0.797,""diff_ratio"":3.465,""contact_probability"":0.00772793},{""index"":4,""time"":1.803,""score"":1.176,""rms_ratio"":1.383,""diff_ratio"":0.367,""contact_probability"":0.00034447},{""index"":5,""time"":2.207,""score"":1.557,""rms_ratio"":0.601,""diff_ratio"":2.423,""contact_probability"":0.00432612},{""index"":6,""time"":2.263,""score"":1.903,""rms_ratio"":0.839,""diff_ratio"":3.622,""contact_probability"":0.02009817},{""index"":7,""time"":1.697,""score"":1.362,""rms_ratio"":0.499,""diff_ratio"":1.855,""contact_probability"":0.00139059},{""index"":8,""time"":2.328,""score"":1.376,""rms_ratio"":1.892,""diff_ratio"":0.512,""contact_probability"":0.00722694},{""index"":9,""time"":2.408,""score"":1.169,""rms_ratio"":1.367,""diff_ratio"":0.542,""contact_probability"":0.00098196},{""index"":10,""time"":1.508,""score"":1.528,""rms_ratio"":1.713,""diff_ratio"":1.363,""contact_probability"":0.08062298},{""index"":11,""time"":2.572,""score"":1.386,""rms_ratio"":1.92,""diff_ratio"":0.697,""contact_probability"":0.00416512},{""index"":12,""time"":1.403,""score"":1.212,""rms_ratio"":1.468,""diff_ratio"":0.513,""contact_probability"":0.00945809},{""index"":13,""time"":5.662,""score"":2.503,""rms_ratio"":2.586,""diff_ratio"":2.423,""contact_probability"":0.05891647},{""index"":14,""time"":5.912,""score"":2.444,""rms_ratio"":2.605,""diff_ratio"":2.292,""contact_probability"":0.00867355},{""index"":15,""time"":4.227,""score"":2.239,""rms_ratio"":1.364,""diff_ratio"":3.677,""contact_probability"":0.00396182},{""index"":16,""time"":6.097,""score"":2.167,""rms_ratio"":1.906,""diff_ratio"":2.463,""contact_probability"":0.00528063},{""index"":17,""time"":6.907,""score"":2.15,""rms_ratio"":1.23,""diff_ratio"":3.76,""contact_probability"":6.61e-06},{""index"":18,""time"":6.367,""score"":2.116,""rms_ratio"":2.38,""diff_ratio"":1.881,""contact_probability"":0.03032006},{""index"":19,""time"":3.943,""score"":2.089,""rms_ratio"":2.04,""diff_ratio"":2.139,""contact_probability"":0.00099812},{""index"":20,""time"":3.592,""score"":2.076,""rms_ratio"":1.976,""diff_ratio"":2.182,""contact_probability"":0.00265874},{""index"":21,""time"":3.388,""score"":2.05,""rms_ratio"":1.199,""diff_ratio"":3.504,""contact_probability"":0.00910038},{""index"":22,""time"":6.688,""score"":2.046,""rms_ratio"":2.472,""diff_ratio"":1.694,""contact_probability"":0.01516744},{""index"":23,""time"":6.258,""score"":2.016,""rms_ratio"":1.114,""diff_ratio"":3.648,""contact_probability"":0.00399118},{""index"":24,""time"":2.652,""score"":1.972,""rms_ratio"":1.033,""diff_ratio"":3.766,""contact_probability"":0.00890927}]",candidate_selected
1095,F_1205,dataset/fly_ball/Codex_Workstation/F_1205,2.0,yes,1,2.023,0.99998702,13.301,0.7833643177503908,24,"[{""index"":1,""time"":2.023,""score"":13.301,""rms_ratio"":8.434,""diff_ratio"":20.978,""contact_probability"":0.99998702},{""index"":2,""time"":2.993,""score"":3.975,""rms_ratio"":3.468,""diff_ratio"":4.556,""contact_probability"":0.0635882},{""index"":3,""time"":4.258,""score"":3.675,""rms_ratio"":2.761,""diff_ratio"":4.892,""contact_probability"":0.02360797},{""index"":4,""time"":4.173,""score"":3.598,""rms_ratio"":1.829,""diff_ratio"":7.075,""contact_probability"":0.02187449},{""index"":5,""time"":3.947,""score"":3.365,""rms_ratio"":3.151,""diff_ratio"":3.592,""contact_probability"":0.00371393},{""index"":6,""time"":4.508,""score"":3.051,""rms_ratio"":2.389,""diff_ratio"":3.898,""contact_probability"":0.00376129},{""index"":7,""time"":3.628,""score"":2.995,""rms_ratio"":2.418,""diff_ratio"":3.709,""contact_probability"":0.00090058},{""index"":8,""time"":6.952,""score"":2.925,""rms_ratio"":2.236,""diff_ratio"":3.825,""contact_probability"":0.0141062},{""index"":9,""time"":3.767,""score"":2.876,""rms_ratio"":1.712,""diff_ratio"":4.832,""contact_probability"":0.00533345},{""index"":10,""time"":6.702,""score"":2.843,""rms_ratio"":2.043,""diff_ratio"":3.955,""contact_probability"":0.01027258},{""index"":11,""time"":3.138,""score"":2.75,""rms_ratio"":2.421,""diff_ratio"":3.123,""contact_probability"":0.0006747},{""index"":12,""time"":3.348,""score"":2.667,""rms_ratio"":2.906,""diff_ratio"":2.447,""contact_probability"":0.00057987},{""index"":13,""time"":3.447,""score"":2.505,""rms_ratio"":2.743,""diff_ratio"":2.288,""contact_probability"":0.00019549},{""index"":14,""time"":3.805,""score"":2.419,""rms_ratio"":1.702,""diff_ratio"":3.438,""contact_probability"":0.00079538},{""index"":15,""time"":4.617,""score"":2.316,""rms_ratio"":2.028,""diff_ratio"":2.645,""contact_probability"":0.00083295},{""index"":16,""time"":4.032,""score"":2.309,""rms_ratio"":1.737,""diff_ratio"":3.07,""contact_probability"":0.00052547},{""index"":17,""time"":6.343,""score"":2.26,""rms_ratio"":2.365,""diff_ratio"":2.159,""contact_probability"":0.00121338},{""index"":18,""time"":6.012,""score"":2.231,""rms_ratio"":2.215,""diff_ratio"":2.247,""contact_probability"":0.00653443},{""index"":19,""time"":6.443,""score"":2.22,""rms_ratio"":1.997,""diff_ratio"":2.467,""contact_probability"":0.00096279},{""index"":20,""time"":2.812,""score"":2.183,""rms_ratio"":1.068,""diff_ratio"":4.463,""contact_probability"":0.00814229},{""index"":21,""time"":5.483,""score"":2.129,""rms_ratio"":1.615,""diff_ratio"":2.806,""contact_probability"":0.00410394},{""index"":22,""time"":6.613,""score"":2.11,""rms_ratio"":1.313,""diff_ratio"":3.39,""contact_probability"":0.00066141},{""index"":23,""time"":6.055,""score"":2.086,""rms_ratio"":1.782,""diff_ratio"":2.44,""contact_probability"":0.00205846},{""index"":24,""time"":3.862,""score"":2.008,""rms_ratio"":1.138,""diff_ratio"":3.544,""contact_probability"":0.0008788}]",candidate_selected
1094,F_1204,dataset/fly_ball/Codex_Workstation/F_1204,1.12,yes,1,1.138,0.99999067,14.954,0.7833643177503908,24,"[{""index"":1,""time"":1.138,""score"":14.954,""rms_ratio"":7.555,""diff_ratio"":29.599,""contact_probability"":0.99999067},{""index"":2,""time"":2.997,""score"":4.222,""rms_ratio"":2.823,""diff_ratio"":6.315,""contact_probability"":0.01846392},{""index"":3,""time"":4.222,""score"":3.627,""rms_ratio"":2.698,""diff_ratio"":4.875,""contact_probability"":0.1334895},{""index"":4,""time"":2.088,""score"":3.589,""rms_ratio"":1.578,""diff_ratio"":8.16,""contact_probability"":0.02451447},{""index"":5,""time"":6.832,""score"":3.164,""rms_ratio"":3.151,""diff_ratio"":3.177,""contact_probability"":0.01371349},{""index"":6,""time"":2.648,""score"":3.053,""rms_ratio"":1.411,""diff_ratio"":6.605,""contact_probability"":0.01339507},{""index"":7,""time"":2.322,""score"":3.007,""rms_ratio"":1.843,""diff_ratio"":4.907,""contact_probability"":0.00093078},{""index"":8,""time"":3.612,""score"":2.992,""rms_ratio"":2.692,""diff_ratio"":3.325,""contact_probability"":0.00079092},{""index"":9,""time"":3.858,""score"":2.853,""rms_ratio"":2.506,""diff_ratio"":3.249,""contact_probability"":0.00336249},{""index"":10,""time"":2.858,""score"":2.804,""rms_ratio"":2.909,""diff_ratio"":2.704,""contact_probability"":0.00048227},{""index"":11,""time"":5.588,""score"":2.726,""rms_ratio"":2.474,""diff_ratio"":3.004,""contact_probability"":0.02658734},{""index"":12,""time"":3.703,""score"":2.703,""rms_ratio"":2.326,""diff_ratio"":3.142,""contact_probability"":0.00187132},{""index"":13,""time"":2.483,""score"":2.648,""rms_ratio"":3.408,""diff_ratio"":2.057,""contact_probability"":0.00510717},{""index"":14,""time"":3.152,""score"":2.56,""rms_ratio"":2.028,""diff_ratio"":3.231,""contact_probability"":0.00185289},{""index"":15,""time"":3.378,""score"":2.491,""rms_ratio"":2.953,""diff_ratio"":2.101,""contact_probability"":0.01663757},{""index"":16,""time"":5.188,""score"":2.45,""rms_ratio"":2.208,""diff_ratio"":2.718,""contact_probability"":0.01960333},{""index"":17,""time"":6.427,""score"":2.439,""rms_ratio"":1.941,""diff_ratio"":3.066,""contact_probability"":0.00357673},{""index"":18,""time"":4.427,""score"":2.427,""rms_ratio"":3.007,""diff_ratio"":1.959,""contact_probability"":0.04960787},{""index"":19,""time"":6.017,""score"":2.389,""rms_ratio"":1.962,""diff_ratio"":2.91,""contact_probability"":0.00667449},{""index"":20,""time"":4.023,""score"":2.374,""rms_ratio"":2.336,""diff_ratio"":2.413,""contact_probability"":0.01294881},{""index"":21,""time"":5.418,""score"":2.359,""rms_ratio"":2.648,""diff_ratio"":2.102,""contact_probability"":0.00601357},{""index"":22,""time"":5.912,""score"":2.352,""rms_ratio"":2.058,""diff_ratio"":2.688,""contact_probability"":0.00533083},{""index"":23,""time"":2.773,""score"":2.301,""rms_ratio"":2.76,""diff_ratio"":1.918,""contact_probability"":0.00034141},{""index"":24,""time"":3.075,""score"":2.207,""rms_ratio"":1.628,""diff_ratio"":2.992,""contact_probability"":0.00280716}]",candidate_selected
1093,F_1203,dataset/fly_ball/Codex_Workstation/F_1203,2.0,no,,,0.43663663,,0.7833643177503908,24,"[{""index"":1,""time"":2.027,""score"":2.496,""rms_ratio"":2.86,""diff_ratio"":2.178,""contact_probability"":0.01272278},{""index"":2,""time"":2.102,""score"":5.187,""rms_ratio"":1.933,""diff_ratio"":13.919,""contact_probability"":0.09993907},{""index"":3,""time"":1.862,""score"":2.39,""rms_ratio"":1.733,""diff_ratio"":3.295,""contact_probability"":0.00504626},{""index"":4,""time"":2.168,""score"":1.953,""rms_ratio"":2.506,""diff_ratio"":1.523,""contact_probability"":0.00529009},{""index"":5,""time"":1.803,""score"":2.651,""rms_ratio"":1.963,""diff_ratio"":3.581,""contact_probability"":0.08696904},{""index"":6,""time"":2.223,""score"":2.336,""rms_ratio"":2.746,""diff_ratio"":1.986,""contact_probability"":0.01171181},{""index"":7,""time"":1.737,""score"":1.608,""rms_ratio"":1.284,""diff_ratio"":2.014,""contact_probability"":0.00300323},{""index"":8,""time"":2.293,""score"":1.715,""rms_ratio"":1.468,""diff_ratio"":2.003,""contact_probability"":0.07446863},{""index"":9,""time"":1.663,""score"":2.186,""rms_ratio"":1.769,""diff_ratio"":2.703,""contact_probability"":0.0384415},{""index"":10,""time"":1.602,""score"":2.132,""rms_ratio"":2.666,""diff_ratio"":1.705,""contact_probability"":0.13850004},{""index"":11,""time"":1.555,""score"":2.083,""rms_ratio"":2.087,""diff_ratio"":2.078,""contact_probability"":0.12819111},{""index"":12,""time"":1.447,""score"":2.351,""rms_ratio"":2.552,""diff_ratio"":2.166,""contact_probability"":0.20421711},{""index"":13,""time"":4.938,""score"":5.154,""rms_ratio"":1.878,""diff_ratio"":14.146,""contact_probability"":0.14338483},{""index"":14,""time"":5.907,""score"":4.638,""rms_ratio"":1.817,""diff_ratio"":11.84,""contact_probability"":0.09541772},{""index"":15,""time"":0.957,""score"":4.273,""rms_ratio"":1.662,""diff_ratio"":10.989,""contact_probability"":0.25461751},{""index"":16,""time"":5.855,""score"":4.156,""rms_ratio"":1.474,""diff_ratio"":11.719,""contact_probability"":0.36923273},{""index"":17,""time"":4.137,""score"":3.983,""rms_ratio"":1.557,""diff_ratio"":10.186,""contact_probability"":0.04912867},{""index"":18,""time"":5.028,""score"":3.928,""rms_ratio"":1.422,""diff_ratio"":10.853,""contact_probability"":0.43663663},{""index"":19,""time"":6.173,""score"":3.084,""rms_ratio"":3.196,""diff_ratio"":2.975,""contact_probability"":0.34805111},{""index"":20,""time"":3.922,""score"":3.001,""rms_ratio"":2.266,""diff_ratio"":3.975,""contact_probability"":0.34638038},{""index"":21,""time"":0.577,""score"":2.929,""rms_ratio"":3.017,""diff_ratio"":2.843,""contact_probability"":0.1026987},{""index"":22,""time"":0.018,""score"":2.823,""rms_ratio"":2.673,""diff_ratio"":2.982,""contact_probability"":0.00651875},{""index"":23,""time"":6.608,""score"":2.691,""rms_ratio"":3.221,""diff_ratio"":2.248,""contact_probability"":0.01926929},{""index"":24,""time"":6.077,""score"":2.661,""rms_ratio"":1.784,""diff_ratio"":3.968,""contact_probability"":0.06651896}]",best_candidate_below_threshold
1092,F_1202,dataset/fly_ball/Codex_Workstation/F_1202,6.366,no,,,0.06027196,,0.7833643177503908,24,"[{""index"":1,""time"":6.395,""score"":2.717,""rms_ratio"":2.473,""diff_ratio"":2.984,""contact_probability"":0.00838389},{""index"":2,""time"":6.325,""score"":1.365,""rms_ratio"":1.604,""diff_ratio"":1.162,""contact_probability"":0.00031399},{""index"":3,""time"":6.432,""score"":2.86,""rms_ratio"":2.395,""diff_ratio"":3.415,""contact_probability"":0.00959556},{""index"":4,""time"":6.475,""score"":1.982,""rms_ratio"":2.186,""diff_ratio"":1.797,""contact_probability"":0.00215813},{""index"":5,""time"":6.253,""score"":3.02,""rms_ratio"":2.384,""diff_ratio"":3.826,""contact_probability"":0.00459309},{""index"":6,""time"":6.568,""score"":2.399,""rms_ratio"":2.338,""diff_ratio"":2.461,""contact_probability"":0.00883068},{""index"":7,""time"":6.157,""score"":2.318,""rms_ratio"":1.977,""diff_ratio"":2.719,""contact_probability"":0.00077767},{""index"":8,""time"":6.653,""score"":2.022,""rms_ratio"":2.337,""diff_ratio"":1.749,""contact_probability"":0.01372323},{""index"":9,""time"":6.068,""score"":2.094,""rms_ratio"":1.733,""diff_ratio"":2.53,""contact_probability"":0.00058107},{""index"":10,""time"":6.727,""score"":2.372,""rms_ratio"":2.497,""diff_ratio"":2.252,""contact_probability"":0.01603105},{""index"":11,""time"":5.957,""score"":2.039,""rms_ratio"":2.157,""diff_ratio"":1.928,""contact_probability"":0.0064737},{""index"":12,""time"":6.827,""score"":1.951,""rms_ratio"":1.858,""diff_ratio"":2.048,""contact_probability"":0.00253008},{""index"":13,""time"":5.863,""score"":2.135,""rms_ratio"":1.024,""diff_ratio"":4.451,""contact_probability"":0.0065202},{""index"":14,""time"":5.812,""score"":2.535,""rms_ratio"":1.652,""diff_ratio"":3.891,""contact_probability"":0.00242602},{""index"":15,""time"":2.582,""score"":2.991,""rms_ratio"":1.402,""diff_ratio"":6.381,""contact_probability"":0.00414649},{""index"":16,""time"":4.392,""score"":2.835,""rms_ratio"":1.911,""diff_ratio"":4.205,""contact_probability"":0.06027196},{""index"":17,""time"":0.738,""score"":2.607,""rms_ratio"":1.376,""diff_ratio"":4.941,""contact_probability"":0.01528002},{""index"":18,""time"":0.477,""score"":2.472,""rms_ratio"":1.943,""diff_ratio"":3.146,""contact_probability"":0.0035958},{""index"":19,""time"":0.562,""score"":2.446,""rms_ratio"":1.543,""diff_ratio"":3.878,""contact_probability"":0.00329544},{""index"":20,""time"":3.922,""score"":2.41,""rms_ratio"":2.022,""diff_ratio"":2.873,""contact_probability"":0.01681385},{""index"":21,""time"":2.932,""score"":2.405,""rms_ratio"":1.598,""diff_ratio"":3.62,""contact_probability"":0.00139235},{""index"":22,""time"":5.173,""score"":2.369,""rms_ratio"":1.524,""diff_ratio"":3.684,""contact_probability"":0.0225834},{""index"":23,""time"":4.33,""score"":2.303,""rms_ratio"":1.502,""diff_ratio"":3.529,""contact_probability"":0.0044361},{""index"":24,""time"":4.133,""score"":2.297,""rms_ratio"":2.389,""diff_ratio"":2.208,""contact_probability"":0.01358302}]",best_candidate_below_threshold
1091,F_1201,dataset/fly_ball/Codex_Workstation/F_1201,2.0,no,,,0.0090125,,0.7833643177503908,24,"[{""index"":1,""time"":2.023,""score"":1.937,""rms_ratio"":2.039,""diff_ratio"":1.839,""contact_probability"":0.0008909},{""index"":2,""time"":1.962,""score"":1.725,""rms_ratio"":1.704,""diff_ratio"":1.746,""contact_probability"":0.00025792},{""index"":3,""time"":2.092,""score"":1.361,""rms_ratio"":1.325,""diff_ratio"":1.398,""contact_probability"":0.00017242},{""index"":4,""time"":1.898,""score"":1.402,""rms_ratio"":1.425,""diff_ratio"":1.381,""contact_probability"":0.00012125},{""index"":5,""time"":2.158,""score"":1.47,""rms_ratio"":1.506,""diff_ratio"":1.436,""contact_probability"":0.00071416},{""index"":6,""time"":1.822,""score"":1.475,""rms_ratio"":1.524,""diff_ratio"":1.428,""contact_probability"":0.00017811},{""index"":7,""time"":2.195,""score"":1.413,""rms_ratio"":1.635,""diff_ratio"":1.22,""contact_probability"":0.00068091},{""index"":8,""time"":1.717,""score"":1.719,""rms_ratio"":1.494,""diff_ratio"":1.978,""contact_probability"":0.00104387},{""index"":9,""time"":2.283,""score"":1.534,""rms_ratio"":1.582,""diff_ratio"":1.488,""contact_probability"":0.00057224},{""index"":10,""time"":1.653,""score"":1.318,""rms_ratio"":1.736,""diff_ratio"":0.935,""contact_probability"":0.001072},{""index"":11,""time"":1.587,""score"":1.207,""rms_ratio"":1.457,""diff_ratio"":0.721,""contact_probability"":0.00133685},{""index"":12,""time"":2.523,""score"":1.755,""rms_ratio"":1.012,""diff_ratio"":3.044,""contact_probability"":0.007729},{""index"":13,""time"":0.652,""score"":1.887,""rms_ratio"":1.394,""diff_ratio"":2.556,""contact_probability"":0.0090125},{""index"":14,""time"":4.588,""score"":1.87,""rms_ratio"":1.104,""diff_ratio"":3.166,""contact_probability"":0.00362066},{""index"":15,""time"":0.947,""score"":1.817,""rms_ratio"":1.604,""diff_ratio"":2.058,""contact_probability"":0.00043941},{""index"":16,""time"":3.237,""score"":1.789,""rms_ratio"":1.227,""diff_ratio"":2.608,""contact_probability"":0.00357803},{""index"":17,""time"":4.943,""score"":1.768,""rms_ratio"":1.635,""diff_ratio"":1.911,""contact_probability"":0.00059951},{""index"":18,""time"":0.995,""score"":1.726,""rms_ratio"":1.605,""diff_ratio"":1.855,""contact_probability"":0.00035037},{""index"":19,""time"":3.418,""score"":1.65,""rms_ratio"":1.525,""diff_ratio"":1.785,""contact_probability"":0.00189333},{""index"":20,""time"":2.987,""score"":1.637,""rms_ratio"":1.558,""diff_ratio"":1.72,""contact_probability"":0.00208015},{""index"":21,""time"":4.113,""score"":1.619,""rms_ratio"":1.583,""diff_ratio"":1.655,""contact_probability"":0.00050857},{""index"":22,""time"":3.495,""score"":1.615,""rms_ratio"":1.493,""diff_ratio"":1.748,""contact_probability"":0.00170682},{""index"":23,""time"":3.763,""score"":1.569,""rms_ratio"":1.349,""diff_ratio"":1.824,""contact_probability"":0.00033533},{""index"":24,""time"":4.438,""score"":1.562,""rms_ratio"":1.409,""diff_ratio"":1.731,""contact_probability"":0.0004761}]",best_candidate_below_threshold
1090,F_1200,dataset/fly_ball/Codex_Workstation/F_1200,5.767,no,,,0.50343423,,0.7833643177503908,24,"[{""index"":1,""time"":5.745,""score"":1.423,""rms_ratio"":1.627,""diff_ratio"":1.244,""contact_probability"":0.00327168},{""index"":2,""time"":5.827,""score"":3.499,""rms_ratio"":2.243,""diff_ratio"":5.459,""contact_probability"":0.01459062},{""index"":3,""time"":5.698,""score"":1.819,""rms_ratio"":1.567,""diff_ratio"":2.112,""contact_probability"":0.00051466},{""index"":4,""time"":5.648,""score"":2.353,""rms_ratio"":2.51,""diff_ratio"":2.206,""contact_probability"":0.00140638},{""index"":5,""time"":5.597,""score"":2.917,""rms_ratio"":2.436,""diff_ratio"":3.493,""contact_probability"":0.01444595},{""index"":6,""time"":5.938,""score"":2.925,""rms_ratio"":1.998,""diff_ratio"":4.281,""contact_probability"":0.00940737},{""index"":7,""time"":6.012,""score"":2.619,""rms_ratio"":2.161,""diff_ratio"":3.174,""contact_probability"":0.02503662},{""index"":8,""time"":5.383,""score"":3.151,""rms_ratio"":2.481,""diff_ratio"":4.001,""contact_probability"":0.00968158},{""index"":9,""time"":6.182,""score"":2.008,""rms_ratio"":2.259,""diff_ratio"":1.785,""contact_probability"":0.04746467},{""index"":10,""time"":5.287,""score"":2.531,""rms_ratio"":2.119,""diff_ratio"":3.022,""contact_probability"":0.00381002},{""index"":11,""time"":6.293,""score"":1.789,""rms_ratio"":1.911,""diff_ratio"":1.674,""contact_probability"":0.00482628},{""index"":12,""time"":5.222,""score"":1.95,""rms_ratio"":2.472,""diff_ratio"":1.538,""contact_probability"":0.00276426},{""index"":13,""time"":6.347,""score"":2.21,""rms_ratio"":2.297,""diff_ratio"":2.126,""contact_probability"":0.05304982},{""index"":14,""time"":2.947,""score"":3.384,""rms_ratio"":1.552,""diff_ratio"":7.379,""contact_probability"":0.01343882},{""index"":15,""time"":2.382,""score"":3.341,""rms_ratio"":1.641,""diff_ratio"":6.805,""contact_probability"":0.50343423},{""index"":16,""time"":2.112,""score"":2.876,""rms_ratio"":1.45,""diff_ratio"":5.707,""contact_probability"":0.00697112},{""index"":17,""time"":1.742,""score"":2.847,""rms_ratio"":1.909,""diff_ratio"":4.245,""contact_probability"":0.01073766},{""index"":18,""time"":1.947,""score"":2.605,""rms_ratio"":1.966,""diff_ratio"":3.451,""contact_probability"":0.00400563},{""index"":19,""time"":2.193,""score"":2.507,""rms_ratio"":1.255,""diff_ratio"":5.004,""contact_probability"":0.00764398},{""index"":20,""time"":0.933,""score"":2.493,""rms_ratio"":2.061,""diff_ratio"":3.015,""contact_probability"":0.0200503},{""index"":21,""time"":0.678,""score"":2.468,""rms_ratio"":1.717,""diff_ratio"":3.545,""contact_probability"":0.00631649},{""index"":22,""time"":1.023,""score"":2.374,""rms_ratio"":1.974,""diff_ratio"":2.855,""contact_probability"":0.01519679},{""index"":23,""time"":1.452,""score"":2.353,""rms_ratio"":1.913,""diff_ratio"":2.894,""contact_probability"":0.02514099},{""index"":24,""time"":0.812,""score"":2.335,""rms_ratio"":2.072,""diff_ratio"":2.632,""contact_probability"":0.03159579}]",best_candidate_below_threshold
1089,F_1199,dataset/fly_ball/Codex_Workstation/F_1199,2.0,no,,,0.01870466,,0.7833643177503908,24,"[{""index"":1,""time"":1.967,""score"":3.438,""rms_ratio"":2.14,""diff_ratio"":5.524,""contact_probability"":0.00649807},{""index"":2,""time"":2.057,""score"":4.316,""rms_ratio"":4.943,""diff_ratio"":3.769,""contact_probability"":0.00692458},{""index"":3,""time"":2.152,""score"":1.937,""rms_ratio"":2.371,""diff_ratio"":1.583,""contact_probability"":0.00040135},{""index"":4,""time"":1.83,""score"":1.542,""rms_ratio"":1.664,""diff_ratio"":1.429,""contact_probability"":3.332e-05},{""index"":5,""time"":2.217,""score"":3.126,""rms_ratio"":2.502,""diff_ratio"":3.906,""contact_probability"":0.00052107},{""index"":6,""time"":2.293,""score"":4.237,""rms_ratio"":3.886,""diff_ratio"":4.619,""contact_probability"":0.00407187},{""index"":7,""time"":1.695,""score"":2.198,""rms_ratio"":2.188,""diff_ratio"":2.207,""contact_probability"":0.00366025},{""index"":8,""time"":1.648,""score"":2.65,""rms_ratio"":2.549,""diff_ratio"":2.754,""contact_probability"":0.00247693},{""index"":9,""time"":2.372,""score"":2.481,""rms_ratio"":3.132,""diff_ratio"":1.965,""contact_probability"":0.00042836},{""index"":10,""time"":2.432,""score"":2.228,""rms_ratio"":2.757,""diff_ratio"":1.8,""contact_probability"":0.00019435},{""index"":11,""time"":1.543,""score"":2.204,""rms_ratio"":2.391,""diff_ratio"":2.032,""contact_probability"":0.00053015},{""index"":12,""time"":2.483,""score"":3.465,""rms_ratio"":3.93,""diff_ratio"":3.056,""contact_probability"":0.00653657},{""index"":13,""time"":1.485,""score"":1.613,""rms_ratio"":2.022,""diff_ratio"":1.286,""contact_probability"":0.00018782},{""index"":14,""time"":2.545,""score"":2.495,""rms_ratio"":2.713,""diff_ratio"":2.295,""contact_probability"":0.00138452},{""index"":15,""time"":1.433,""score"":2.229,""rms_ratio"":2.706,""diff_ratio"":1.836,""contact_probability"":0.00059179},{""index"":16,""time"":0.278,""score"":2.983,""rms_ratio"":1.733,""diff_ratio"":5.134,""contact_probability"":0.00999593},{""index"":17,""time"":1.178,""score"":2.953,""rms_ratio"":2.338,""diff_ratio"":3.73,""contact_probability"":0.00123857},{""index"":18,""time"":0.315,""score"":2.738,""rms_ratio"":1.623,""diff_ratio"":4.62,""contact_probability"":0.01306305},{""index"":19,""time"":2.638,""score"":2.593,""rms_ratio"":1.931,""diff_ratio"":3.482,""contact_probability"":0.00203795},{""index"":20,""time"":1.335,""score"":2.429,""rms_ratio"":3.189,""diff_ratio"":1.849,""contact_probability"":0.00279976},{""index"":21,""time"":2.908,""score"":2.358,""rms_ratio"":2.913,""diff_ratio"":1.909,""contact_probability"":0.01009264},{""index"":22,""time"":0.417,""score"":2.34,""rms_ratio"":3.42,""diff_ratio"":1.601,""contact_probability"":0.01440154},{""index"":23,""time"":0.658,""score"":2.336,""rms_ratio"":3.423,""diff_ratio"":1.594,""contact_probability"":0.01870466},{""index"":24,""time"":3.128,""score"":2.264,""rms_ratio"":1.719,""diff_ratio"":2.982,""contact_probability"":0.01773505}]",best_candidate_below_threshold
1088,F_1198,dataset/fly_ball/Codex_Workstation/F_1198,1.18,yes,1,1.202,0.99999999,23.865,0.7833643177503908,24,"[{""index"":1,""time"":1.202,""score"":23.865,""rms_ratio"":12.41,""diff_ratio"":45.894,""contact_probability"":0.99999999},{""index"":2,""time"":1.268,""score"":1.242,""rms_ratio"":0.962,""diff_ratio"":1.543,""contact_probability"":0.00050512},{""index"":3,""time"":1.077,""score"":1.234,""rms_ratio"":0.905,""diff_ratio"":1.523,""contact_probability"":3.882e-05},{""index"":4,""time"":1.548,""score"":1.197,""rms_ratio"":1.356,""diff_ratio"":1.056,""contact_probability"":0.00063088},{""index"":5,""time"":0.772,""score"":1.235,""rms_ratio"":1.333,""diff_ratio"":1.144,""contact_probability"":0.00064982},{""index"":6,""time"":1.633,""score"":1.489,""rms_ratio"":1.076,""diff_ratio"":2.061,""contact_probability"":0.00319091},{""index"":7,""time"":1.773,""score"":1.371,""rms_ratio"":1.711,""diff_ratio"":1.098,""contact_probability"":0.00103676},{""index"":8,""time"":2.973,""score"":4.769,""rms_ratio"":2.629,""diff_ratio"":8.652,""contact_probability"":0.00581885},{""index"":9,""time"":2.892,""score"":4.691,""rms_ratio"":2.68,""diff_ratio"":8.21,""contact_probability"":0.00182095},{""index"":10,""time"":3.588,""score"":3.798,""rms_ratio"":5.158,""diff_ratio"":2.796,""contact_probability"":0.00630561},{""index"":11,""time"":3.332,""score"":3.643,""rms_ratio"":4.369,""diff_ratio"":3.037,""contact_probability"":0.0189571},{""index"":12,""time"":3.693,""score"":3.574,""rms_ratio"":2.786,""diff_ratio"":4.584,""contact_probability"":0.02188438},{""index"":13,""time"":3.062,""score"":3.324,""rms_ratio"":4.573,""diff_ratio"":2.417,""contact_probability"":0.00566121},{""index"":14,""time"":3.158,""score"":3.111,""rms_ratio"":3.588,""diff_ratio"":2.698,""contact_probability"":0.00159019},{""index"":15,""time"":3.41,""score"":3.109,""rms_ratio"":4.029,""diff_ratio"":2.399,""contact_probability"":0.0066101},{""index"":16,""time"":3.755,""score"":2.8,""rms_ratio"":2.292,""diff_ratio"":3.421,""contact_probability"":0.00451189},{""index"":17,""time"":6.662,""score"":2.513,""rms_ratio"":2.628,""diff_ratio"":2.403,""contact_probability"":0.00104953},{""index"":18,""time"":6.832,""score"":2.421,""rms_ratio"":2.291,""diff_ratio"":2.56,""contact_probability"":5.635e-05},{""index"":19,""time"":6.948,""score"":2.34,""rms_ratio"":2.305,""diff_ratio"":2.376,""contact_probability"":5e-08},{""index"":20,""time"":0.488,""score"":2.257,""rms_ratio"":1.172,""diff_ratio"":4.343,""contact_probability"":0.01939681},{""index"":21,""time"":6.512,""score"":2.02,""rms_ratio"":1.899,""diff_ratio"":2.149,""contact_probability"":0.00022519},{""index"":22,""time"":6.233,""score"":2.014,""rms_ratio"":2.112,""diff_ratio"":1.92,""contact_probability"":0.00217153},{""index"":23,""time"":6.418,""score"":1.956,""rms_ratio"":1.834,""diff_ratio"":2.086,""contact_probability"":0.00025527},{""index"":24,""time"":3.465,""score"":1.945,""rms_ratio"":2.715,""diff_ratio"":1.393,""contact_probability"":0.00048258}]",candidate_selected
1087,F_1197,dataset/fly_ball/Codex_Workstation/F_1197,3.927,yes,18,0.728,0.99973778,13.342,0.7833643177503908,24,"[{""index"":1,""time"":3.938,""score"":3.354,""rms_ratio"":3.838,""diff_ratio"":2.931,""contact_probability"":0.033761},{""index"":2,""time"":3.885,""score"":1.236,""rms_ratio"":0.751,""diff_ratio"":1.528,""contact_probability"":7.757e-05},{""index"":3,""time"":4.052,""score"":3.147,""rms_ratio"":2.717,""diff_ratio"":3.645,""contact_probability"":0.00518633},{""index"":4,""time"":3.753,""score"":2.611,""rms_ratio"":3.072,""diff_ratio"":2.218,""contact_probability"":0.00355987},{""index"":5,""time"":4.137,""score"":3.504,""rms_ratio"":2.724,""diff_ratio"":4.509,""contact_probability"":0.00075035},{""index"":6,""time"":3.697,""score"":4.591,""rms_ratio"":3.583,""diff_ratio"":5.883,""contact_probability"":0.01981839},{""index"":7,""time"":4.198,""score"":3.237,""rms_ratio"":2.607,""diff_ratio"":4.019,""contact_probability"":0.00076112},{""index"":8,""time"":4.282,""score"":2.684,""rms_ratio"":2.38,""diff_ratio"":3.026,""contact_probability"":0.00023465},{""index"":9,""time"":3.562,""score"":3.713,""rms_ratio"":3.017,""diff_ratio"":4.57,""contact_probability"":0.00088445},{""index"":10,""time"":4.332,""score"":2.749,""rms_ratio"":2.248,""diff_ratio"":3.362,""contact_probability"":0.00068541},{""index"":11,""time"":3.515,""score"":3.571,""rms_ratio"":3.625,""diff_ratio"":3.518,""contact_probability"":0.00144162},{""index"":12,""time"":3.47,""score"":2.28,""rms_ratio"":2.724,""diff_ratio"":1.909,""contact_probability"":0.0018375},{""index"":13,""time"":4.403,""score"":2.608,""rms_ratio"":2.186,""diff_ratio"":3.11,""contact_probability"":0.00042994},{""index"":14,""time"":3.432,""score"":2.411,""rms_ratio"":3.249,""diff_ratio"":1.79,""contact_probability"":0.00207739},{""index"":15,""time"":4.445,""score"":2.333,""rms_ratio"":1.867,""diff_ratio"":2.916,""contact_probability"":0.00072276},{""index"":16,""time"":4.515,""score"":1.764,""rms_ratio"":1.583,""diff_ratio"":1.965,""contact_probability"":0.00010027},{""index"":17,""time"":3.33,""score"":1.375,""rms_ratio"":1.732,""diff_ratio"":1.092,""contact_probability"":0.00041185},{""index"":18,""time"":0.728,""score"":13.342,""rms_ratio"":5.887,""diff_ratio"":30.234,""contact_probability"":0.99973778},{""index"":19,""time"":5.468,""score"":3.741,""rms_ratio"":1.739,""diff_ratio"":8.046,""contact_probability"":0.04159229},{""index"":20,""time"":4.677,""score"":3.304,""rms_ratio"":1.435,""diff_ratio"":7.606,""contact_probability"":0.00964348},{""index"":21,""time"":3.188,""score"":3.21,""rms_ratio"":3.296,""diff_ratio"":3.126,""contact_probability"":0.01599704},{""index"":22,""time"":5.177,""score"":3.153,""rms_ratio"":1.388,""diff_ratio"":7.164,""contact_probability"":0.01329653},{""index"":23,""time"":5.327,""score"":2.904,""rms_ratio"":2.977,""diff_ratio"":2.833,""contact_probability"":0.03093117},{""index"":24,""time"":4.847,""score"":2.475,""rms_ratio"":2.453,""diff_ratio"":2.498,""contact_probability"":0.00298151}]",candidate_selected
1086,F_1196,dataset/fly_ball/Codex_Workstation/F_1196,1.76,yes,1,1.798,0.99998065,14.079,0.7833643177503908,24,"[{""index"":1,""time"":1.798,""score"":14.079,""rms_ratio"":8.454,""diff_ratio"":23.448,""contact_probability"":0.99998065},{""index"":2,""time"":2.227,""score"":1.166,""rms_ratio"":1.009,""diff_ratio"":1.346,""contact_probability"":0.00813125},{""index"":3,""time"":5.242,""score"":4.512,""rms_ratio"":3.693,""diff_ratio"":5.512,""contact_probability"":0.02849574},{""index"":4,""time"":2.848,""score"":3.628,""rms_ratio"":1.822,""diff_ratio"":7.224,""contact_probability"":0.00709754},{""index"":5,""time"":5.443,""score"":3.462,""rms_ratio"":2.722,""diff_ratio"":4.405,""contact_probability"":0.01118913},{""index"":6,""time"":2.503,""score"":3.16,""rms_ratio"":1.58,""diff_ratio"":6.321,""contact_probability"":0.01494941},{""index"":7,""time"":5.707,""score"":2.825,""rms_ratio"":3.672,""diff_ratio"":2.174,""contact_probability"":0.03905239},{""index"":8,""time"":5.012,""score"":2.802,""rms_ratio"":3.558,""diff_ratio"":2.208,""contact_probability"":0.0039027},{""index"":9,""time"":3.737,""score"":2.729,""rms_ratio"":3.831,""diff_ratio"":1.943,""contact_probability"":0.07768102},{""index"":10,""time"":4.008,""score"":2.686,""rms_ratio"":1.362,""diff_ratio"":5.298,""contact_probability"":0.04042877},{""index"":11,""time"":4.258,""score"":2.657,""rms_ratio"":3.052,""diff_ratio"":2.313,""contact_probability"":0.10134126},{""index"":12,""time"":6.923,""score"":2.621,""rms_ratio"":2.836,""diff_ratio"":2.422,""contact_probability"":8.1e-07},{""index"":13,""time"":3.348,""score"":2.62,""rms_ratio"":2.884,""diff_ratio"":2.381,""contact_probability"":0.00616861},{""index"":14,""time"":6.753,""score"":2.607,""rms_ratio"":3.211,""diff_ratio"":2.117,""contact_probability"":0.01133685},{""index"":15,""time"":5.602,""score"":2.588,""rms_ratio"":1.329,""diff_ratio"":5.041,""contact_probability"":0.00358658},{""index"":16,""time"":3.257,""score"":2.58,""rms_ratio"":2.611,""diff_ratio"":2.548,""contact_probability"":0.02715049},{""index"":17,""time"":4.642,""score"":2.559,""rms_ratio"":2.691,""diff_ratio"":2.433,""contact_probability"":0.00064811},{""index"":18,""time"":3.517,""score"":2.546,""rms_ratio"":2.963,""diff_ratio"":2.188,""contact_probability"":0.01164471},{""index"":19,""time"":6.548,""score"":2.542,""rms_ratio"":2.716,""diff_ratio"":2.38,""contact_probability"":0.00393991},{""index"":20,""time"":4.787,""score"":2.502,""rms_ratio"":3.415,""diff_ratio"":1.833,""contact_probability"":0.00323557},{""index"":21,""time"":2.938,""score"":2.408,""rms_ratio"":3.186,""diff_ratio"":1.819,""contact_probability"":0.00988862},{""index"":22,""time"":2.697,""score"":2.294,""rms_ratio"":2.652,""diff_ratio"":1.985,""contact_probability"":0.0008392},{""index"":23,""time"":7.008,""score"":2.224,""rms_ratio"":1.975,""diff_ratio"":2.504,""contact_probability"":0.00533074},{""index"":24,""time"":3.047,""score"":2.055,""rms_ratio"":2.634,""diff_ratio"":1.603,""contact_probability"":0.00640667}]",candidate_selected
1085,F_1195,dataset/fly_ball/Codex_Workstation/F_1195,2.0,no,,,0.08255083,,0.7833643177503908,24,"[{""index"":1,""time"":2.023,""score"":3.151,""rms_ratio"":3.386,""diff_ratio"":2.933,""contact_probability"":0.08255083},{""index"":2,""time"":1.908,""score"":1.195,""rms_ratio"":1.212,""diff_ratio"":1.179,""contact_probability"":0.00034658},{""index"":3,""time"":2.122,""score"":1.619,""rms_ratio"":1.897,""diff_ratio"":1.382,""contact_probability"":0.00105303},{""index"":4,""time"":1.808,""score"":1.407,""rms_ratio"":1.914,""diff_ratio"":1.035,""contact_probability"":0.00057223},{""index"":5,""time"":2.273,""score"":2.113,""rms_ratio"":2.666,""diff_ratio"":1.674,""contact_probability"":0.01301277},{""index"":6,""time"":1.725,""score"":1.708,""rms_ratio"":2.316,""diff_ratio"":1.259,""contact_probability"":0.00791593},{""index"":7,""time"":1.678,""score"":2.379,""rms_ratio"":1.766,""diff_ratio"":3.204,""contact_probability"":0.00314662},{""index"":8,""time"":2.328,""score"":1.371,""rms_ratio"":1.561,""diff_ratio"":1.205,""contact_probability"":0.00053503},{""index"":9,""time"":2.402,""score"":3.149,""rms_ratio"":1.939,""diff_ratio"":5.113,""contact_probability"":0.00623331},{""index"":10,""time"":1.492,""score"":1.347,""rms_ratio"":1.814,""diff_ratio"":0.881,""contact_probability"":0.00078472},{""index"":11,""time"":1.438,""score"":1.976,""rms_ratio"":2.966,""diff_ratio"":1.316,""contact_probability"":0.00121026},{""index"":12,""time"":2.592,""score"":1.643,""rms_ratio"":2.142,""diff_ratio"":1.26,""contact_probability"":0.00127337},{""index"":13,""time"":6.552,""score"":2.842,""rms_ratio"":1.899,""diff_ratio"":4.252,""contact_probability"":0.00614291},{""index"":14,""time"":1.242,""score"":2.421,""rms_ratio"":3.015,""diff_ratio"":1.945,""contact_probability"":0.00483407},{""index"":15,""time"":6.677,""score"":2.33,""rms_ratio"":2.38,""diff_ratio"":2.281,""contact_probability"":0.00665841},{""index"":16,""time"":0.902,""score"":2.209,""rms_ratio"":2.632,""diff_ratio"":1.854,""contact_probability"":0.01089235},{""index"":17,""time"":2.888,""score"":2.13,""rms_ratio"":2.848,""diff_ratio"":1.593,""contact_probability"":0.0204976},{""index"":18,""time"":6.918,""score"":2.079,""rms_ratio"":2.389,""diff_ratio"":1.81,""contact_probability"":7.32e-06},{""index"":19,""time"":3.588,""score"":1.967,""rms_ratio"":2.886,""diff_ratio"":1.341,""contact_probability"":0.03145098},{""index"":20,""time"":0.147,""score"":1.954,""rms_ratio"":2.228,""diff_ratio"":1.714,""contact_probability"":0.00619363},{""index"":21,""time"":3.753,""score"":1.893,""rms_ratio"":1.619,""diff_ratio"":2.213,""contact_probability"":0.00074412},{""index"":22,""time"":6.363,""score"":1.885,""rms_ratio"":2.145,""diff_ratio"":1.657,""contact_probability"":0.00168022},{""index"":23,""time"":3.888,""score"":1.785,""rms_ratio"":1.833,""diff_ratio"":1.738,""contact_probability"":0.00990765},{""index"":24,""time"":6.262,""score"":1.769,""rms_ratio"":2.194,""diff_ratio"":1.427,""contact_probability"":0.0011733}]",best_candidate_below_threshold
1084,F_1194,dataset/fly_ball/Codex_Workstation/F_1194,2.0,no,,,0.5266339,,0.7833643177503908,24,"[{""index"":1,""time"":2.023,""score"":3.073,""rms_ratio"":4.135,""diff_ratio"":2.284,""contact_probability"":0.33019461},{""index"":2,""time"":2.078,""score"":1.682,""rms_ratio"":1.756,""diff_ratio"":1.611,""contact_probability"":0.00888177},{""index"":3,""time"":1.878,""score"":1.834,""rms_ratio"":1.591,""diff_ratio"":2.114,""contact_probability"":0.00415417},{""index"":4,""time"":2.132,""score"":1.933,""rms_ratio"":2.032,""diff_ratio"":1.84,""contact_probability"":0.03092525},{""index"":5,""time"":1.817,""score"":1.887,""rms_ratio"":1.52,""diff_ratio"":2.342,""contact_probability"":0.00154235},{""index"":6,""time"":2.188,""score"":1.615,""rms_ratio"":1.628,""diff_ratio"":1.603,""contact_probability"":0.00346805},{""index"":7,""time"":2.243,""score"":1.773,""rms_ratio"":1.898,""diff_ratio"":1.656,""contact_probability"":0.01121037},{""index"":8,""time"":1.742,""score"":1.962,""rms_ratio"":1.628,""diff_ratio"":2.365,""contact_probability"":0.0198634},{""index"":9,""time"":1.683,""score"":3.252,""rms_ratio"":3.237,""diff_ratio"":3.268,""contact_probability"":0.29139519},{""index"":10,""time"":1.553,""score"":3.571,""rms_ratio"":1.492,""diff_ratio"":8.55,""contact_probability"":0.02777258},{""index"":11,""time"":1.497,""score"":2.159,""rms_ratio"":0.915,""diff_ratio"":4.663,""contact_probability"":0.00018631},{""index"":12,""time"":5.088,""score"":3.532,""rms_ratio"":2.793,""diff_ratio"":4.467,""contact_probability"":0.40021627},{""index"":13,""time"":2.757,""score"":3.241,""rms_ratio"":3.022,""diff_ratio"":3.476,""contact_probability"":0.5266339},{""index"":14,""time"":4.108,""score"":3.222,""rms_ratio"":3.267,""diff_ratio"":3.177,""contact_probability"":0.131002},{""index"":15,""time"":3.122,""score"":3.099,""rms_ratio"":1.187,""diff_ratio"":8.093,""contact_probability"":0.09037727},{""index"":16,""time"":4.452,""score"":3.04,""rms_ratio"":2.777,""diff_ratio"":3.327,""contact_probability"":0.30902875},{""index"":17,""time"":5.562,""score"":3.018,""rms_ratio"":2.552,""diff_ratio"":3.569,""contact_probability"":0.24749831},{""index"":18,""time"":4.718,""score"":2.945,""rms_ratio"":3.051,""diff_ratio"":2.843,""contact_probability"":0.14781171},{""index"":19,""time"":3.507,""score"":2.906,""rms_ratio"":2.72,""diff_ratio"":3.104,""contact_probability"":0.04348695},{""index"":20,""time"":4.267,""score"":2.704,""rms_ratio"":2.682,""diff_ratio"":2.726,""contact_probability"":0.08583312},{""index"":21,""time"":0.808,""score"":2.628,""rms_ratio"":2.32,""diff_ratio"":2.977,""contact_probability"":0.04813056},{""index"":22,""time"":3.878,""score"":2.535,""rms_ratio"":2.698,""diff_ratio"":2.382,""contact_probability"":0.04295891},{""index"":23,""time"":5.332,""score"":2.508,""rms_ratio"":2.166,""diff_ratio"":2.905,""contact_probability"":0.06846483},{""index"":24,""time"":3.588,""score"":2.475,""rms_ratio"":2.285,""diff_ratio"":2.68,""contact_probability"":0.13121154}]",best_candidate_below_threshold
1083,F_1193,dataset/fly_ball/Codex_Workstation/F_1193,3.391,no,,,0.57090291,,0.7833643177503908,24,"[{""index"":1,""time"":3.428,""score"":2.153,""rms_ratio"":3.09,""diff_ratio"":1.5,""contact_probability"":0.20612272},{""index"":2,""time"":3.307,""score"":1.166,""rms_ratio"":0.521,""diff_ratio"":1.36,""contact_probability"":0.00117254},{""index"":3,""time"":3.527,""score"":2.892,""rms_ratio"":1.31,""diff_ratio"":6.382,""contact_probability"":0.0319718},{""index"":4,""time"":3.237,""score"":1.203,""rms_ratio"":1.446,""diff_ratio"":0.918,""contact_probability"":0.00352504},{""index"":5,""time"":3.622,""score"":1.831,""rms_ratio"":2.861,""diff_ratio"":1.172,""contact_probability"":0.13908156},{""index"":6,""time"":3.158,""score"":1.327,""rms_ratio"":1.761,""diff_ratio"":0.951,""contact_probability"":0.02779471},{""index"":7,""time"":3.79,""score"":1.64,""rms_ratio"":0.793,""diff_ratio"":2.69,""contact_probability"":0.00205599},{""index"":8,""time"":3.842,""score"":2.336,""rms_ratio"":1.131,""diff_ratio"":4.824,""contact_probability"":0.03016439},{""index"":9,""time"":2.888,""score"":1.403,""rms_ratio"":1.343,""diff_ratio"":1.466,""contact_probability"":0.00765439},{""index"":10,""time"":2.818,""score"":1.694,""rms_ratio"":1.741,""diff_ratio"":1.649,""contact_probability"":0.00156748},{""index"":11,""time"":3.967,""score"":2.025,""rms_ratio"":2.61,""diff_ratio"":1.572,""contact_probability"":0.07473747},{""index"":12,""time"":5.738,""score"":4.2,""rms_ratio"":1.906,""diff_ratio"":9.254,""contact_probability"":0.35987719},{""index"":13,""time"":0.108,""score"":3.94,""rms_ratio"":2.177,""diff_ratio"":7.13,""contact_probability"":0.13975334},{""index"":14,""time"":1.192,""score"":3.869,""rms_ratio"":1.821,""diff_ratio"":8.219,""contact_probability"":0.10521885},{""index"":15,""time"":4.383,""score"":2.964,""rms_ratio"":2.669,""diff_ratio"":3.292,""contact_probability"":0.1165901},{""index"":16,""time"":5.633,""score"":2.553,""rms_ratio"":1.939,""diff_ratio"":3.363,""contact_probability"":0.01394168},{""index"":17,""time"":2.513,""score"":2.501,""rms_ratio"":2.748,""diff_ratio"":2.277,""contact_probability"":0.11048},{""index"":18,""time"":2.223,""score"":2.5,""rms_ratio"":2.925,""diff_ratio"":2.138,""contact_probability"":0.57090291},{""index"":19,""time"":4.662,""score"":2.387,""rms_ratio"":1.514,""diff_ratio"":3.765,""contact_probability"":0.04544129},{""index"":20,""time"":5.823,""score"":2.311,""rms_ratio"":2.736,""diff_ratio"":1.953,""contact_probability"":0.02038532},{""index"":21,""time"":4.218,""score"":2.284,""rms_ratio"":1.992,""diff_ratio"":2.619,""contact_probability"":0.0308018},{""index"":22,""time"":4.302,""score"":2.236,""rms_ratio"":1.127,""diff_ratio"":4.436,""contact_probability"":0.01344969},{""index"":23,""time"":1.737,""score"":2.222,""rms_ratio"":1.669,""diff_ratio"":2.959,""contact_probability"":0.02049879},{""index"":24,""time"":1.283,""score"":2.161,""rms_ratio"":1.739,""diff_ratio"":2.685,""contact_probability"":0.00885163}]",best_candidate_below_threshold
1082,F_1192,dataset/fly_ball/Codex_Workstation/F_1192,2.0,no,,,0.14934505,,0.7833643177503908,24,"[{""index"":1,""time"":1.977,""score"":2.302,""rms_ratio"":3.058,""diff_ratio"":1.733,""contact_probability"":0.03357946},{""index"":2,""time"":2.037,""score"":2.624,""rms_ratio"":3.002,""diff_ratio"":2.293,""contact_probability"":0.01014319},{""index"":3,""time"":1.923,""score"":1.292,""rms_ratio"":1.477,""diff_ratio"":1.13,""contact_probability"":5.599e-05},{""index"":4,""time"":2.108,""score"":2.427,""rms_ratio"":2.298,""diff_ratio"":2.563,""contact_probability"":0.00163063},{""index"":5,""time"":1.827,""score"":2.081,""rms_ratio"":2.102,""diff_ratio"":2.061,""contact_probability"":0.00045796},{""index"":6,""time"":1.768,""score"":2.326,""rms_ratio"":2.212,""diff_ratio"":2.445,""contact_probability"":0.00136182},{""index"":7,""time"":2.277,""score"":4.068,""rms_ratio"":1.903,""diff_ratio"":8.694,""contact_probability"":0.14934505},{""index"":8,""time"":1.702,""score"":2.765,""rms_ratio"":2.515,""diff_ratio"":3.04,""contact_probability"":0.00558441},{""index"":9,""time"":2.358,""score"":2.479,""rms_ratio"":2.525,""diff_ratio"":2.433,""contact_probability"":0.00065098},{""index"":10,""time"":1.617,""score"":3.292,""rms_ratio"":2.079,""diff_ratio"":5.215,""contact_probability"":0.00796463},{""index"":11,""time"":2.438,""score"":2.231,""rms_ratio"":1.634,""diff_ratio"":3.046,""contact_probability"":0.00088339},{""index"":12,""time"":2.543,""score"":2.783,""rms_ratio"":2.253,""diff_ratio"":3.438,""contact_probability"":0.00223152},{""index"":13,""time"":4.892,""score"":3.202,""rms_ratio"":1.555,""diff_ratio"":6.596,""contact_probability"":0.09288031},{""index"":14,""time"":2.753,""score"":3.045,""rms_ratio"":1.41,""diff_ratio"":6.576,""contact_probability"":0.01877101},{""index"":15,""time"":2.705,""score"":2.909,""rms_ratio"":1.486,""diff_ratio"":5.694,""contact_probability"":0.01070949},{""index"":16,""time"":4.508,""score"":2.83,""rms_ratio"":2.236,""diff_ratio"":3.58,""contact_probability"":0.14780738},{""index"":17,""time"":4.997,""score"":2.629,""rms_ratio"":2.65,""diff_ratio"":2.609,""contact_probability"":0.02852933},{""index"":18,""time"":6.023,""score"":2.537,""rms_ratio"":2.068,""diff_ratio"":3.111,""contact_probability"":0.08062091},{""index"":19,""time"":6.883,""score"":2.532,""rms_ratio"":2.15,""diff_ratio"":2.983,""contact_probability"":5.87e-06},{""index"":20,""time"":5.492,""score"":2.493,""rms_ratio"":2.384,""diff_ratio"":2.606,""contact_probability"":0.00152577},{""index"":21,""time"":4.662,""score"":2.442,""rms_ratio"":2.013,""diff_ratio"":2.961,""contact_probability"":0.00079188},{""index"":22,""time"":3.483,""score"":2.439,""rms_ratio"":2.546,""diff_ratio"":2.336,""contact_probability"":0.00093032},{""index"":23,""time"":6.412,""score"":2.413,""rms_ratio"":2.021,""diff_ratio"":2.88,""contact_probability"":0.1456648},{""index"":24,""time"":5.455,""score"":2.37,""rms_ratio"":2.006,""diff_ratio"":2.8,""contact_probability"":0.00263795}]",best_candidate_below_threshold
1081,F_1191,dataset/fly_ball/Codex_Workstation/F_1191,2.0,no,,,0.64346086,,0.7833643177503908,24,"[{""index"":1,""time"":2.013,""score"":1.849,""rms_ratio"":2.412,""diff_ratio"":1.418,""contact_probability"":0.00550986},{""index"":2,""time"":1.893,""score"":1.777,""rms_ratio"":1.0,""diff_ratio"":3.159,""contact_probability"":0.00284461},{""index"":3,""time"":2.128,""score"":1.572,""rms_ratio"":1.655,""diff_ratio"":1.493,""contact_probability"":0.00370315},{""index"":4,""time"":1.837,""score"":3.343,""rms_ratio"":1.92,""diff_ratio"":5.824,""contact_probability"":0.01185075},{""index"":5,""time"":2.207,""score"":3.282,""rms_ratio"":1.447,""diff_ratio"":7.445,""contact_probability"":0.06842623},{""index"":6,""time"":1.668,""score"":2.639,""rms_ratio"":1.698,""diff_ratio"":4.103,""contact_probability"":0.13528017},{""index"":7,""time"":2.338,""score"":1.883,""rms_ratio"":0.957,""diff_ratio"":3.545,""contact_probability"":0.00700194},{""index"":8,""time"":2.422,""score"":1.824,""rms_ratio"":1.692,""diff_ratio"":1.967,""contact_probability"":0.00172156},{""index"":9,""time"":1.562,""score"":1.642,""rms_ratio"":1.487,""diff_ratio"":1.814,""contact_probability"":0.00911695},{""index"":10,""time"":2.473,""score"":1.433,""rms_ratio"":1.748,""diff_ratio"":1.175,""contact_probability"":0.00039345},{""index"":11,""time"":1.462,""score"":1.733,""rms_ratio"":1.566,""diff_ratio"":1.918,""contact_probability"":0.00180392},{""index"":12,""time"":1.408,""score"":2.068,""rms_ratio"":2.134,""diff_ratio"":2.004,""contact_probability"":0.00694579},{""index"":13,""time"":4.298,""score"":3.505,""rms_ratio"":1.689,""diff_ratio"":7.275,""contact_probability"":0.05887258},{""index"":14,""time"":4.017,""score"":3.499,""rms_ratio"":1.552,""diff_ratio"":7.891,""contact_probability"":0.13916851},{""index"":15,""time"":3.027,""score"":3.474,""rms_ratio"":1.614,""diff_ratio"":7.477,""contact_probability"":0.15739047},{""index"":16,""time"":6.073,""score"":3.295,""rms_ratio"":1.713,""diff_ratio"":6.336,""contact_probability"":0.07625175},{""index"":17,""time"":3.193,""score"":2.964,""rms_ratio"":1.398,""diff_ratio"":6.281,""contact_probability"":0.04338568},{""index"":18,""time"":5.932,""score"":2.938,""rms_ratio"":1.389,""diff_ratio"":6.214,""contact_probability"":0.64346086},{""index"":19,""time"":0.207,""score"":2.742,""rms_ratio"":1.398,""diff_ratio"":5.376,""contact_probability"":0.03228218},{""index"":20,""time"":0.463,""score"":2.717,""rms_ratio"":1.448,""diff_ratio"":5.099,""contact_probability"":0.01710355},{""index"":21,""time"":1.268,""score"":2.711,""rms_ratio"":1.417,""diff_ratio"":5.188,""contact_probability"":0.12807744},{""index"":22,""time"":6.858,""score"":2.546,""rms_ratio"":1.45,""diff_ratio"":4.472,""contact_probability"":0.00024505},{""index"":23,""time"":4.722,""score"":2.233,""rms_ratio"":2.256,""diff_ratio"":2.21,""contact_probability"":0.12520076},{""index"":24,""time"":2.908,""score"":2.163,""rms_ratio"":1.776,""diff_ratio"":2.634,""contact_probability"":0.02194002}]",best_candidate_below_threshold
1080,F_1190,dataset/fly_ball/Codex_Workstation/F_1190,2.0,yes,1,2.017,0.98915486,11.129,0.7833643177503908,24,"[{""index"":1,""time"":2.017,""score"":11.129,""rms_ratio"":6.513,""diff_ratio"":19.015,""contact_probability"":0.98915486},{""index"":2,""time"":1.918,""score"":2.378,""rms_ratio"":1.496,""diff_ratio"":3.781,""contact_probability"":0.0032404},{""index"":3,""time"":2.128,""score"":1.238,""rms_ratio"":1.384,""diff_ratio"":1.107,""contact_probability"":0.00074827},{""index"":4,""time"":1.857,""score"":3.112,""rms_ratio"":2.251,""diff_ratio"":4.302,""contact_probability"":0.00167541},{""index"":5,""time"":2.188,""score"":1.314,""rms_ratio"":1.335,""diff_ratio"":1.293,""contact_probability"":0.00012264},{""index"":6,""time"":1.798,""score"":2.834,""rms_ratio"":1.82,""diff_ratio"":4.413,""contact_probability"":0.00689312},{""index"":7,""time"":1.75,""score"":1.91,""rms_ratio"":1.983,""diff_ratio"":1.84,""contact_probability"":0.01366722},{""index"":8,""time"":2.443,""score"":2.512,""rms_ratio"":2.835,""diff_ratio"":2.226,""contact_probability"":0.01573386},{""index"":9,""time"":1.553,""score"":2.297,""rms_ratio"":2.176,""diff_ratio"":2.425,""contact_probability"":0.00351646},{""index"":10,""time"":1.497,""score"":2.28,""rms_ratio"":2.588,""diff_ratio"":2.009,""contact_probability"":0.02322764},{""index"":11,""time"":2.517,""score"":1.41,""rms_ratio"":1.694,""diff_ratio"":1.174,""contact_probability"":0.00104194},{""index"":12,""time"":2.598,""score"":1.327,""rms_ratio"":1.104,""diff_ratio"":1.594,""contact_probability"":0.00798036},{""index"":13,""time"":5.182,""score"":2.586,""rms_ratio"":2.395,""diff_ratio"":2.793,""contact_probability"":0.00610512},{""index"":14,""time"":0.368,""score"":2.308,""rms_ratio"":2.92,""diff_ratio"":1.825,""contact_probability"":0.05344152},{""index"":15,""time"":0.702,""score"":2.167,""rms_ratio"":2.025,""diff_ratio"":2.32,""contact_probability"":0.03279799},{""index"":16,""time"":4.972,""score"":2.118,""rms_ratio"":2.302,""diff_ratio"":1.95,""contact_probability"":0.00119312},{""index"":17,""time"":2.928,""score"":2.071,""rms_ratio"":2.132,""diff_ratio"":2.011,""contact_probability"":0.25376007},{""index"":18,""time"":3.602,""score"":2.064,""rms_ratio"":1.973,""diff_ratio"":2.158,""contact_probability"":0.00668176},{""index"":19,""time"":5.267,""score"":2.011,""rms_ratio"":1.94,""diff_ratio"":2.085,""contact_probability"":0.00212792},{""index"":20,""time"":6.847,""score"":1.914,""rms_ratio"":2.311,""diff_ratio"":1.585,""contact_probability"":0.0009413},{""index"":21,""time"":5.062,""score"":1.873,""rms_ratio"":1.623,""diff_ratio"":2.16,""contact_probability"":0.00044513},{""index"":22,""time"":3.493,""score"":1.85,""rms_ratio"":2.14,""diff_ratio"":1.599,""contact_probability"":0.02242387},{""index"":23,""time"":4.935,""score"":1.833,""rms_ratio"":1.95,""diff_ratio"":1.722,""contact_probability"":0.00249071},{""index"":24,""time"":0.233,""score"":1.817,""rms_ratio"":1.357,""diff_ratio"":2.434,""contact_probability"":0.00163391}]",candidate_selected
1079,F_1189,dataset/fly_ball/Codex_Workstation/F_1189,6.479,no,,,0.16352414,,0.7833643177503908,24,"[{""index"":1,""time"":6.488,""score"":4.496,""rms_ratio"":6.852,""diff_ratio"":2.95,""contact_probability"":0.03046979},{""index"":2,""time"":6.418,""score"":2.891,""rms_ratio"":3.732,""diff_ratio"":2.239,""contact_probability"":0.00106489},{""index"":3,""time"":6.347,""score"":2.454,""rms_ratio"":1.39,""diff_ratio"":4.332,""contact_probability"":7.753e-05},{""index"":4,""time"":6.293,""score"":1.831,""rms_ratio"":0.854,""diff_ratio"":3.351,""contact_probability"":1.733e-05},{""index"":5,""time"":6.682,""score"":2.063,""rms_ratio"":2.715,""diff_ratio"":1.567,""contact_probability"":0.00220323},{""index"":6,""time"":6.742,""score"":2.275,""rms_ratio"":3.037,""diff_ratio"":1.704,""contact_probability"":0.01778589},{""index"":7,""time"":6.213,""score"":1.787,""rms_ratio"":1.817,""diff_ratio"":1.757,""contact_probability"":0.00111693},{""index"":8,""time"":6.802,""score"":1.154,""rms_ratio"":1.332,""diff_ratio"":0.871,""contact_probability"":0.001932},{""index"":9,""time"":6.108,""score"":1.207,""rms_ratio"":1.123,""diff_ratio"":1.297,""contact_probability"":0.00120613},{""index"":10,""time"":6.048,""score"":1.941,""rms_ratio"":1.678,""diff_ratio"":2.246,""contact_probability"":0.01267554},{""index"":11,""time"":2.243,""score"":3.743,""rms_ratio"":5.663,""diff_ratio"":2.474,""contact_probability"":0.11933443},{""index"":12,""time"":3.703,""score"":3.486,""rms_ratio"":4.325,""diff_ratio"":2.809,""contact_probability"":0.01634066},{""index"":13,""time"":1.253,""score"":3.297,""rms_ratio"":4.045,""diff_ratio"":2.688,""contact_probability"":0.02100176},{""index"":14,""time"":1.898,""score"":2.99,""rms_ratio"":4.048,""diff_ratio"":2.209,""contact_probability"":0.16352414},{""index"":15,""time"":4.948,""score"":2.71,""rms_ratio"":3.959,""diff_ratio"":1.855,""contact_probability"":0.02915476},{""index"":16,""time"":3.943,""score"":2.693,""rms_ratio"":2.268,""diff_ratio"":3.196,""contact_probability"":0.01752227},{""index"":17,""time"":5.128,""score"":2.689,""rms_ratio"":2.718,""diff_ratio"":2.659,""contact_probability"":0.0073917},{""index"":18,""time"":0.702,""score"":2.674,""rms_ratio"":2.851,""diff_ratio"":2.507,""contact_probability"":0.00645328},{""index"":19,""time"":0.553,""score"":2.564,""rms_ratio"":1.336,""diff_ratio"":4.921,""contact_probability"":0.00289785},{""index"":20,""time"":0.228,""score"":2.483,""rms_ratio"":2.34,""diff_ratio"":2.634,""contact_probability"":0.09851391},{""index"":21,""time"":4.503,""score"":2.477,""rms_ratio"":2.814,""diff_ratio"":2.18,""contact_probability"":0.05637041},{""index"":22,""time"":2.412,""score"":2.476,""rms_ratio"":2.863,""diff_ratio"":2.141,""contact_probability"":0.02559774},{""index"":23,""time"":3.257,""score"":2.373,""rms_ratio"":3.93,""diff_ratio"":1.432,""contact_probability"":0.05860479},{""index"":24,""time"":2.152,""score"":2.268,""rms_ratio"":3.23,""diff_ratio"":1.593,""contact_probability"":0.00153647}]",best_candidate_below_threshold
1078,F_1188,dataset/fly_ball/Codex_Workstation/F_1188,2.0,yes,1,2.017,0.99727365,8.584,0.7833643177503908,24,"[{""index"":1,""time"":2.017,""score"":8.584,""rms_ratio"":6.098,""diff_ratio"":12.082,""contact_probability"":0.99727365},{""index"":2,""time"":1.913,""score"":1.307,""rms_ratio"":1.232,""diff_ratio"":1.387,""contact_probability"":0.0015847},{""index"":3,""time"":2.148,""score"":3.118,""rms_ratio"":1.669,""diff_ratio"":5.826,""contact_probability"":0.1221869},{""index"":4,""time"":1.837,""score"":1.538,""rms_ratio"":1.288,""diff_ratio"":1.836,""contact_probability"":0.00047828},{""index"":5,""time"":2.217,""score"":2.08,""rms_ratio"":1.657,""diff_ratio"":2.609,""contact_probability"":0.01008925},{""index"":6,""time"":1.763,""score"":2.075,""rms_ratio"":1.819,""diff_ratio"":2.367,""contact_probability"":0.00615913},{""index"":7,""time"":1.638,""score"":1.973,""rms_ratio"":1.852,""diff_ratio"":2.101,""contact_probability"":0.00360833},{""index"":8,""time"":2.378,""score"":1.934,""rms_ratio"":1.793,""diff_ratio"":2.086,""contact_probability"":0.03036459},{""index"":9,""time"":2.477,""score"":1.446,""rms_ratio"":1.258,""diff_ratio"":1.661,""contact_probability"":0.00182815},{""index"":10,""time"":1.513,""score"":2.011,""rms_ratio"":1.745,""diff_ratio"":2.317,""contact_probability"":0.00838233},{""index"":11,""time"":1.428,""score"":1.692,""rms_ratio"":1.329,""diff_ratio"":2.154,""contact_probability"":0.00129446},{""index"":12,""time"":2.598,""score"":1.957,""rms_ratio"":1.744,""diff_ratio"":2.197,""contact_probability"":0.01448718},{""index"":13,""time"":1.337,""score"":2.523,""rms_ratio"":1.328,""diff_ratio"":4.796,""contact_probability"":0.0352341},{""index"":14,""time"":3.783,""score"":2.471,""rms_ratio"":1.255,""diff_ratio"":4.865,""contact_probability"":0.05876298},{""index"":15,""time"":0.913,""score"":2.459,""rms_ratio"":1.486,""diff_ratio"":4.071,""contact_probability"":0.00667919},{""index"":16,""time"":4.302,""score"":2.323,""rms_ratio"":1.361,""diff_ratio"":3.965,""contact_probability"":0.02599729},{""index"":17,""time"":4.727,""score"":2.286,""rms_ratio"":1.242,""diff_ratio"":4.208,""contact_probability"":0.00323229},{""index"":18,""time"":5.617,""score"":2.254,""rms_ratio"":1.199,""diff_ratio"":4.236,""contact_probability"":0.01335951},{""index"":19,""time"":0.572,""score"":2.042,""rms_ratio"":2.338,""diff_ratio"":1.784,""contact_probability"":0.01879626},{""index"":20,""time"":6.137,""score"":2.037,""rms_ratio"":2.079,""diff_ratio"":1.996,""contact_probability"":0.02168634},{""index"":21,""time"":1.013,""score"":2.018,""rms_ratio"":1.916,""diff_ratio"":2.125,""contact_probability"":0.00317318},{""index"":22,""time"":3.678,""score"":1.986,""rms_ratio"":1.83,""diff_ratio"":2.156,""contact_probability"":0.01288477},{""index"":23,""time"":6.648,""score"":1.985,""rms_ratio"":1.952,""diff_ratio"":2.019,""contact_probability"":0.01970235},{""index"":24,""time"":4.202,""score"":1.916,""rms_ratio"":1.881,""diff_ratio"":1.952,""contact_probability"":0.00552577}]",candidate_selected
1077,F_1187,dataset/fly_ball/Codex_Workstation/F_1187,2.0,no,,,0.47550915,,0.7833643177503908,24,"[{""index"":1,""time"":2.023,""score"":7.141,""rms_ratio"":8.794,""diff_ratio"":5.798,""contact_probability"":0.01657305},{""index"":2,""time"":1.967,""score"":6.809,""rms_ratio"":5.723,""diff_ratio"":8.1,""contact_probability"":0.198992},{""index"":3,""time"":2.082,""score"":5.264,""rms_ratio"":5.388,""diff_ratio"":5.143,""contact_probability"":0.00188888},{""index"":4,""time"":1.832,""score"":4.676,""rms_ratio"":3.613,""diff_ratio"":6.052,""contact_probability"":0.00600859},{""index"":5,""time"":2.243,""score"":6.948,""rms_ratio"":7.656,""diff_ratio"":6.305,""contact_probability"":0.01972201},{""index"":6,""time"":1.753,""score"":8.808,""rms_ratio"":6.804,""diff_ratio"":11.402,""contact_probability"":0.01536632},{""index"":7,""time"":1.688,""score"":5.893,""rms_ratio"":5.04,""diff_ratio"":6.891,""contact_probability"":0.00129608},{""index"":8,""time"":2.338,""score"":8.411,""rms_ratio"":6.052,""diff_ratio"":11.689,""contact_probability"":0.05243582},{""index"":9,""time"":1.615,""score"":5.052,""rms_ratio"":4.213,""diff_ratio"":6.058,""contact_probability"":0.00038857},{""index"":10,""time"":2.418,""score"":4.722,""rms_ratio"":3.605,""diff_ratio"":6.184,""contact_probability"":0.01492976},{""index"":11,""time"":1.577,""score"":5.434,""rms_ratio"":4.082,""diff_ratio"":7.234,""contact_probability"":0.00019485},{""index"":12,""time"":2.49,""score"":2.408,""rms_ratio"":2.143,""diff_ratio"":2.706,""contact_probability"":0.00199953},{""index"":13,""time"":1.508,""score"":4.729,""rms_ratio"":4.486,""diff_ratio"":4.984,""contact_probability"":0.00033298},{""index"":14,""time"":1.457,""score"":6.046,""rms_ratio"":5.441,""diff_ratio"":6.717,""contact_probability"":0.00041587},{""index"":15,""time"":1.405,""score"":5.366,""rms_ratio"":4.805,""diff_ratio"":5.991,""contact_probability"":0.0003794},{""index"":16,""time"":0.447,""score"":10.744,""rms_ratio"":4.419,""diff_ratio"":26.125,""contact_probability"":0.47550915},{""index"":17,""time"":1.303,""score"":9.834,""rms_ratio"":8.144,""diff_ratio"":11.875,""contact_probability"":0.00290182},{""index"":18,""time"":0.558,""score"":7.809,""rms_ratio"":6.885,""diff_ratio"":8.858,""contact_probability"":0.00827945},{""index"":19,""time"":0.863,""score"":7.451,""rms_ratio"":7.392,""diff_ratio"":7.51,""contact_probability"":0.00396454},{""index"":20,""time"":0.772,""score"":7.313,""rms_ratio"":6.609,""diff_ratio"":8.092,""contact_probability"":0.00893923},{""index"":21,""time"":0.023,""score"":7.171,""rms_ratio"":7.168,""diff_ratio"":7.173,""contact_probability"":0.04080284},{""index"":22,""time"":0.988,""score"":6.814,""rms_ratio"":6.928,""diff_ratio"":6.701,""contact_probability"":0.001651},{""index"":23,""time"":1.158,""score"":5.678,""rms_ratio"":6.347,""diff_ratio"":5.079,""contact_probability"":0.00596742},{""index"":24,""time"":0.303,""score"":5.188,""rms_ratio"":4.754,""diff_ratio"":5.661,""contact_probability"":0.00058874}]",best_candidate_below_threshold
1076,F_1186,dataset/fly_ball/Codex_Workstation/F_1186,2.0,no,,,0.73398605,,0.7833643177503908,24,"[{""index"":1,""time"":1.987,""score"":5.686,""rms_ratio"":2.698,""diff_ratio"":11.986,""contact_probability"":0.1938809},{""index"":2,""time"":2.043,""score"":3.519,""rms_ratio"":3.426,""diff_ratio"":3.615,""contact_probability"":0.00345057},{""index"":3,""time"":1.908,""score"":3.961,""rms_ratio"":1.645,""diff_ratio"":9.537,""contact_probability"":0.01675486},{""index"":4,""time"":1.827,""score"":9.326,""rms_ratio"":4.5,""diff_ratio"":19.327,""contact_probability"":0.21114534},{""index"":5,""time"":2.178,""score"":6.821,""rms_ratio"":4.662,""diff_ratio"":9.979,""contact_probability"":0.50686516},{""index"":6,""time"":1.712,""score"":3.504,""rms_ratio"":2.955,""diff_ratio"":4.155,""contact_probability"":0.00138017},{""index"":7,""time"":1.643,""score"":3.152,""rms_ratio"":3.135,""diff_ratio"":3.169,""contact_probability"":0.00050168},{""index"":8,""time"":2.388,""score"":3.969,""rms_ratio"":3.466,""diff_ratio"":4.545,""contact_probability"":0.01401567},{""index"":9,""time"":1.582,""score"":4.701,""rms_ratio"":4.592,""diff_ratio"":4.812,""contact_probability"":0.00109388},{""index"":10,""time"":1.515,""score"":2.531,""rms_ratio"":2.784,""diff_ratio"":2.302,""contact_probability"":0.00023749},{""index"":11,""time"":2.497,""score"":5.394,""rms_ratio"":3.874,""diff_ratio"":7.509,""contact_probability"":0.01996575},{""index"":12,""time"":2.545,""score"":4.466,""rms_ratio"":3.116,""diff_ratio"":6.403,""contact_probability"":0.00295823},{""index"":13,""time"":1.447,""score"":2.724,""rms_ratio"":2.693,""diff_ratio"":2.756,""contact_probability"":0.00148561},{""index"":14,""time"":2.582,""score"":3.698,""rms_ratio"":2.416,""diff_ratio"":5.659,""contact_probability"":0.00052877},{""index"":15,""time"":1.357,""score"":7.973,""rms_ratio"":3.738,""diff_ratio"":17.004,""contact_probability"":0.63436519},{""index"":16,""time"":5.488,""score"":7.194,""rms_ratio"":4.901,""diff_ratio"":10.56,""contact_probability"":0.25375126},{""index"":17,""time"":5.812,""score"":6.85,""rms_ratio"":4.681,""diff_ratio"":10.022,""contact_probability"":0.02664066},{""index"":18,""time"":2.658,""score"":6.553,""rms_ratio"":4.12,""diff_ratio"":10.423,""contact_probability"":0.07624275},{""index"":19,""time"":6.032,""score"":6.552,""rms_ratio"":6.466,""diff_ratio"":6.64,""contact_probability"":0.08247273},{""index"":20,""time"":4.952,""score"":5.901,""rms_ratio"":2.273,""diff_ratio"":15.321,""contact_probability"":0.21647688},{""index"":21,""time"":5.45,""score"":5.463,""rms_ratio"":3.531,""diff_ratio"":8.452,""contact_probability"":0.73398605},{""index"":22,""time"":6.122,""score"":5.316,""rms_ratio"":4.474,""diff_ratio"":6.316,""contact_probability"":0.01447175},{""index"":23,""time"":4.767,""score"":5.028,""rms_ratio"":3.612,""diff_ratio"":6.999,""contact_probability"":0.00119485},{""index"":24,""time"":4.642,""score"":4.96,""rms_ratio"":4.106,""diff_ratio"":5.992,""contact_probability"":0.00071302}]",best_candidate_below_threshold
1075,F_1185,dataset/fly_ball/Codex_Workstation/F_1185,2.0,no,,,0.07626444,,0.7833643177503908,24,"[{""index"":1,""time"":2.043,""score"":3.085,""rms_ratio"":2.978,""diff_ratio"":3.195,""contact_probability"":0.06791783},{""index"":2,""time"":1.872,""score"":1.336,""rms_ratio"":1.258,""diff_ratio"":1.419,""contact_probability"":0.00019012},{""index"":3,""time"":2.132,""score"":1.7,""rms_ratio"":1.73,""diff_ratio"":1.67,""contact_probability"":0.00098877},{""index"":4,""time"":2.263,""score"":1.377,""rms_ratio"":1.342,""diff_ratio"":1.412,""contact_probability"":0.00014152},{""index"":5,""time"":1.702,""score"":1.489,""rms_ratio"":1.529,""diff_ratio"":1.45,""contact_probability"":0.00034538},{""index"":6,""time"":2.322,""score"":1.457,""rms_ratio"":1.68,""diff_ratio"":1.264,""contact_probability"":0.00027336},{""index"":7,""time"":1.648,""score"":1.434,""rms_ratio"":1.362,""diff_ratio"":1.511,""contact_probability"":0.00028891},{""index"":8,""time"":1.61,""score"":1.227,""rms_ratio"":1.216,""diff_ratio"":1.239,""contact_probability"":0.00013562},{""index"":9,""time"":1.562,""score"":1.291,""rms_ratio"":1.222,""diff_ratio"":1.365,""contact_probability"":0.00010857},{""index"":10,""time"":2.457,""score"":2.196,""rms_ratio"":2.668,""diff_ratio"":1.808,""contact_probability"":0.00527948},{""index"":11,""time"":1.525,""score"":1.155,""rms_ratio"":1.083,""diff_ratio"":1.231,""contact_probability"":9.374e-05},{""index"":12,""time"":2.517,""score"":1.667,""rms_ratio"":1.701,""diff_ratio"":1.634,""contact_probability"":0.00036059},{""index"":13,""time"":1.455,""score"":1.301,""rms_ratio"":1.244,""diff_ratio"":1.361,""contact_probability"":0.00011518},{""index"":14,""time"":2.582,""score"":1.73,""rms_ratio"":1.703,""diff_ratio"":1.758,""contact_probability"":0.00041367},{""index"":15,""time"":1.403,""score"":1.672,""rms_ratio"":1.767,""diff_ratio"":1.582,""contact_probability"":0.00083502},{""index"":16,""time"":3.207,""score"":2.45,""rms_ratio"":2.416,""diff_ratio"":2.484,""contact_probability"":0.03997421},{""index"":17,""time"":3.507,""score"":2.211,""rms_ratio"":1.788,""diff_ratio"":2.734,""contact_probability"":0.00242854},{""index"":18,""time"":3.793,""score"":2.088,""rms_ratio"":1.923,""diff_ratio"":2.269,""contact_probability"":0.00555234},{""index"":19,""time"":5.557,""score"":1.923,""rms_ratio"":1.97,""diff_ratio"":1.878,""contact_probability"":0.05693743},{""index"":20,""time"":3.598,""score"":1.912,""rms_ratio"":1.674,""diff_ratio"":2.184,""contact_probability"":0.00057296},{""index"":21,""time"":6.218,""score"":1.909,""rms_ratio"":2.461,""diff_ratio"":1.48,""contact_probability"":0.0048609},{""index"":22,""time"":6.653,""score"":1.877,""rms_ratio"":2.297,""diff_ratio"":1.534,""contact_probability"":0.07626444},{""index"":23,""time"":6.878,""score"":1.781,""rms_ratio"":1.554,""diff_ratio"":2.042,""contact_probability"":9.014e-05},{""index"":24,""time"":5.128,""score"":1.753,""rms_ratio"":2.095,""diff_ratio"":1.467,""contact_probability"":0.00244404}]",best_candidate_below_threshold
1074,F_1184,dataset/fly_ball/Codex_Workstation/F_1184,2.0,yes,1,2.027,0.99992593,7.067,0.7833643177503908,24,"[{""index"":1,""time"":2.027,""score"":7.067,""rms_ratio"":4.686,""diff_ratio"":10.655,""contact_probability"":0.99992593},{""index"":2,""time"":1.413,""score"":1.151,""rms_ratio"":1.3,""diff_ratio"":1.019,""contact_probability"":0.00764001},{""index"":3,""time"":2.592,""score"":1.181,""rms_ratio"":1.105,""diff_ratio"":1.262,""contact_probability"":0.0008198},{""index"":4,""time"":1.273,""score"":4.567,""rms_ratio"":2.927,""diff_ratio"":7.126,""contact_probability"":0.3049601},{""index"":5,""time"":5.412,""score"":3.617,""rms_ratio"":1.835,""diff_ratio"":7.128,""contact_probability"":0.02578451},{""index"":6,""time"":3.358,""score"":2.781,""rms_ratio"":2.541,""diff_ratio"":3.043,""contact_probability"":0.20181875},{""index"":7,""time"":4.983,""score"":2.751,""rms_ratio"":2.269,""diff_ratio"":3.334,""contact_probability"":0.01377535},{""index"":8,""time"":3.668,""score"":2.696,""rms_ratio"":2.521,""diff_ratio"":2.884,""contact_probability"":0.0436383},{""index"":9,""time"":4.093,""score"":2.672,""rms_ratio"":1.237,""diff_ratio"":5.769,""contact_probability"":0.04545374},{""index"":10,""time"":5.943,""score"":2.636,""rms_ratio"":2.707,""diff_ratio"":2.566,""contact_probability"":0.06664437},{""index"":11,""time"":4.823,""score"":2.614,""rms_ratio"":2.076,""diff_ratio"":3.291,""contact_probability"":0.00177359},{""index"":12,""time"":5.503,""score"":2.563,""rms_ratio"":2.034,""diff_ratio"":3.229,""contact_probability"":0.00248216},{""index"":13,""time"":6.427,""score"":2.55,""rms_ratio"":1.923,""diff_ratio"":3.381,""contact_probability"":0.02532445},{""index"":14,""time"":5.207,""score"":2.327,""rms_ratio"":1.827,""diff_ratio"":2.965,""contact_probability"":0.03232451},{""index"":15,""time"":6.148,""score"":2.268,""rms_ratio"":1.845,""diff_ratio"":2.787,""contact_probability"":0.00231966},{""index"":16,""time"":2.672,""score"":2.183,""rms_ratio"":2.487,""diff_ratio"":1.916,""contact_probability"":0.05261786},{""index"":17,""time"":2.967,""score"":2.179,""rms_ratio"":1.522,""diff_ratio"":3.121,""contact_probability"":0.00287704},{""index"":18,""time"":0.918,""score"":2.109,""rms_ratio"":1.724,""diff_ratio"":2.579,""contact_probability"":0.05545528},{""index"":19,""time"":4.347,""score"":2.103,""rms_ratio"":2.101,""diff_ratio"":2.104,""contact_probability"":0.0006497},{""index"":20,""time"":4.707,""score"":1.832,""rms_ratio"":1.622,""diff_ratio"":2.069,""contact_probability"":0.00037329},{""index"":21,""time"":5.312,""score"":1.827,""rms_ratio"":1.366,""diff_ratio"":2.444,""contact_probability"":0.00045575},{""index"":22,""time"":3.152,""score"":1.803,""rms_ratio"":1.483,""diff_ratio"":2.193,""contact_probability"":0.00090902},{""index"":23,""time"":6.532,""score"":1.791,""rms_ratio"":1.822,""diff_ratio"":1.76,""contact_probability"":0.00109306},{""index"":24,""time"":6.343,""score"":1.771,""rms_ratio"":0.991,""diff_ratio"":3.135,""contact_probability"":0.00065157}]",candidate_selected
1073,F_1183,dataset/fly_ball/Codex_Workstation/F_1183,2.0,no,,,0.31776472,,0.7833643177503908,24,"[{""index"":1,""time"":2.003,""score"":2.803,""rms_ratio"":2.666,""diff_ratio"":2.946,""contact_probability"":0.00408854},{""index"":2,""time"":2.082,""score"":2.315,""rms_ratio"":2.593,""diff_ratio"":2.067,""contact_probability"":0.00219321},{""index"":3,""time"":2.142,""score"":1.93,""rms_ratio"":1.772,""diff_ratio"":2.102,""contact_probability"":0.00156269},{""index"":4,""time"":1.842,""score"":2.023,""rms_ratio"":1.8,""diff_ratio"":2.275,""contact_probability"":0.00068825},{""index"":5,""time"":1.765,""score"":1.292,""rms_ratio"":1.437,""diff_ratio"":1.162,""contact_probability"":7.418e-05},{""index"":6,""time"":2.277,""score"":1.913,""rms_ratio"":1.116,""diff_ratio"":3.279,""contact_probability"":0.00014815},{""index"":7,""time"":1.683,""score"":2.029,""rms_ratio"":1.729,""diff_ratio"":2.382,""contact_probability"":0.0009102},{""index"":8,""time"":2.328,""score"":2.251,""rms_ratio"":1.272,""diff_ratio"":3.981,""contact_probability"":0.00418995},{""index"":9,""time"":1.622,""score"":2.722,""rms_ratio"":2.369,""diff_ratio"":3.127,""contact_probability"":0.00252738},{""index"":10,""time"":2.438,""score"":2.951,""rms_ratio"":2.935,""diff_ratio"":2.967,""contact_probability"":0.04350126},{""index"":11,""time"":1.487,""score"":1.853,""rms_ratio"":1.586,""diff_ratio"":2.165,""contact_probability"":0.00041618},{""index"":12,""time"":2.513,""score"":1.76,""rms_ratio"":1.724,""diff_ratio"":1.798,""contact_probability"":0.00270947},{""index"":13,""time"":1.403,""score"":2.174,""rms_ratio"":1.904,""diff_ratio"":2.482,""contact_probability"":0.00046496},{""index"":14,""time"":1.337,""score"":2.677,""rms_ratio"":2.529,""diff_ratio"":2.835,""contact_probability"":0.00609009},{""index"":15,""time"":4.188,""score"":2.594,""rms_ratio"":2.797,""diff_ratio"":2.406,""contact_probability"":0.01967287},{""index"":16,""time"":5.133,""score"":2.575,""rms_ratio"":3.122,""diff_ratio"":2.124,""contact_probability"":0.0774983},{""index"":17,""time"":4.568,""score"":2.407,""rms_ratio"":1.846,""diff_ratio"":3.138,""contact_probability"":0.01521681},{""index"":18,""time"":4.278,""score"":2.276,""rms_ratio"":2.077,""diff_ratio"":2.494,""contact_probability"":0.00764077},{""index"":19,""time"":2.773,""score"":2.215,""rms_ratio"":2.545,""diff_ratio"":1.928,""contact_probability"":0.00389587},{""index"":20,""time"":6.117,""score"":2.205,""rms_ratio"":2.193,""diff_ratio"":2.218,""contact_probability"":0.03588424},{""index"":21,""time"":4.923,""score"":2.091,""rms_ratio"":1.819,""diff_ratio"":2.404,""contact_probability"":0.00225453},{""index"":22,""time"":6.657,""score"":2.017,""rms_ratio"":2.175,""diff_ratio"":1.87,""contact_probability"":0.01297399},{""index"":23,""time"":0.908,""score"":2.016,""rms_ratio"":2.067,""diff_ratio"":1.966,""contact_probability"":0.12920261},{""index"":24,""time"":5.713,""score"":1.952,""rms_ratio"":2.644,""diff_ratio"":1.441,""contact_probability"":0.31776472}]",best_candidate_below_threshold
1072,F_1182,dataset/fly_ball/Codex_Workstation/F_1182,2.0,no,,,0.0358694,,0.7833643177503908,24,"[{""index"":1,""time"":2.023,""score"":1.728,""rms_ratio"":2.105,""diff_ratio"":1.418,""contact_probability"":0.00069593},{""index"":2,""time"":1.928,""score"":2.209,""rms_ratio"":2.029,""diff_ratio"":2.406,""contact_probability"":0.00057351},{""index"":3,""time"":2.132,""score"":1.595,""rms_ratio"":1.496,""diff_ratio"":1.7,""contact_probability"":0.00061585},{""index"":4,""time"":1.847,""score"":1.771,""rms_ratio"":1.65,""diff_ratio"":1.9,""contact_probability"":0.00184605},{""index"":5,""time"":2.197,""score"":2.298,""rms_ratio"":1.922,""diff_ratio"":2.749,""contact_probability"":0.0005863},{""index"":6,""time"":1.783,""score"":2.136,""rms_ratio"":0.942,""diff_ratio"":4.563,""contact_probability"":0.00364603},{""index"":7,""time"":2.257,""score"":1.331,""rms_ratio"":1.238,""diff_ratio"":1.43,""contact_probability"":0.00097096},{""index"":8,""time"":2.352,""score"":1.751,""rms_ratio"":0.636,""diff_ratio"":3.066,""contact_probability"":0.00026562},{""index"":9,""time"":2.418,""score"":2.148,""rms_ratio"":1.0,""diff_ratio"":4.613,""contact_probability"":0.01887181},{""index"":10,""time"":2.562,""score"":1.524,""rms_ratio"":1.757,""diff_ratio"":1.322,""contact_probability"":0.01144699},{""index"":11,""time"":1.433,""score"":1.369,""rms_ratio"":1.351,""diff_ratio"":1.387,""contact_probability"":0.0358694},{""index"":12,""time"":5.068,""score"":2.399,""rms_ratio"":1.924,""diff_ratio"":2.992,""contact_probability"":0.00140838},{""index"":13,""time"":5.343,""score"":2.368,""rms_ratio"":1.956,""diff_ratio"":2.866,""contact_probability"":0.00126313},{""index"":14,""time"":6.037,""score"":2.266,""rms_ratio"":2.017,""diff_ratio"":2.546,""contact_probability"":0.00213616},{""index"":15,""time"":0.237,""score"":2.234,""rms_ratio"":0.843,""diff_ratio"":4.993,""contact_probability"":0.03326679},{""index"":16,""time"":5.872,""score"":2.205,""rms_ratio"":1.731,""diff_ratio"":2.81,""contact_probability"":0.00029998},{""index"":17,""time"":0.147,""score"":2.173,""rms_ratio"":1.523,""diff_ratio"":3.099,""contact_probability"":0.01160226},{""index"":18,""time"":5.782,""score"":2.162,""rms_ratio"":1.747,""diff_ratio"":2.674,""contact_probability"":0.00134521},{""index"":19,""time"":5.448,""score"":2.1,""rms_ratio"":2.223,""diff_ratio"":1.984,""contact_probability"":0.00433921},{""index"":20,""time"":5.258,""score"":2.053,""rms_ratio"":1.68,""diff_ratio"":2.509,""contact_probability"":0.00167708},{""index"":21,""time"":0.382,""score"":2.051,""rms_ratio"":1.93,""diff_ratio"":2.179,""contact_probability"":0.00354941},{""index"":22,""time"":6.247,""score"":2.038,""rms_ratio"":0.915,""diff_ratio"":4.152,""contact_probability"":0.00435203},{""index"":23,""time"":0.728,""score"":2.005,""rms_ratio"":1.603,""diff_ratio"":2.508,""contact_probability"":0.00167644},{""index"":24,""time"":0.463,""score"":2.002,""rms_ratio"":1.739,""diff_ratio"":2.305,""contact_probability"":0.00070835}]",best_candidate_below_threshold
1071,F_1181,dataset/fly_ball/Codex_Workstation/F_1181,2.0,no,,,0.0161753,,0.7833643177503908,24,"[{""index"":1,""time"":2.037,""score"":2.579,""rms_ratio"":2.803,""diff_ratio"":2.374,""contact_probability"":0.00065488},{""index"":2,""time"":1.942,""score"":1.558,""rms_ratio"":1.127,""diff_ratio"":2.154,""contact_probability"":0.00071542},{""index"":3,""time"":2.092,""score"":2.253,""rms_ratio"":2.181,""diff_ratio"":2.327,""contact_probability"":0.00065909},{""index"":4,""time"":2.158,""score"":2.354,""rms_ratio"":2.249,""diff_ratio"":2.465,""contact_probability"":0.00063895},{""index"":5,""time"":2.217,""score"":2.376,""rms_ratio"":2.394,""diff_ratio"":2.358,""contact_probability"":0.0019918},{""index"":6,""time"":1.768,""score"":2.121,""rms_ratio"":2.548,""diff_ratio"":1.765,""contact_probability"":0.0161753},{""index"":7,""time"":1.658,""score"":1.861,""rms_ratio"":1.222,""diff_ratio"":2.834,""contact_probability"":0.00284773},{""index"":8,""time"":1.602,""score"":2.234,""rms_ratio"":1.477,""diff_ratio"":3.378,""contact_probability"":0.00382764},{""index"":9,""time"":2.457,""score"":1.295,""rms_ratio"":0.952,""diff_ratio"":1.678,""contact_probability"":0.00024317},{""index"":10,""time"":1.457,""score"":2.81,""rms_ratio"":2.526,""diff_ratio"":3.124,""contact_probability"":0.00509029},{""index"":11,""time"":2.547,""score"":1.267,""rms_ratio"":0.887,""diff_ratio"":1.604,""contact_probability"":0.00134867},{""index"":12,""time"":1.168,""score"":2.488,""rms_ratio"":2.23,""diff_ratio"":2.775,""contact_probability"":0.00225857},{""index"":13,""time"":0.613,""score"":2.442,""rms_ratio"":2.519,""diff_ratio"":2.367,""contact_probability"":0.00073959},{""index"":14,""time"":1.372,""score"":2.369,""rms_ratio"":2.377,""diff_ratio"":2.362,""contact_probability"":0.00092293},{""index"":15,""time"":0.892,""score"":2.281,""rms_ratio"":2.521,""diff_ratio"":2.063,""contact_probability"":0.00141385},{""index"":16,""time"":0.808,""score"":2.255,""rms_ratio"":2.389,""diff_ratio"":2.129,""contact_probability"":0.00040944},{""index"":17,""time"":3.053,""score"":2.161,""rms_ratio"":1.754,""diff_ratio"":2.662,""contact_probability"":0.00345323},{""index"":18,""time"":3.432,""score"":2.121,""rms_ratio"":1.294,""diff_ratio"":3.478,""contact_probability"":0.00398592},{""index"":19,""time"":1.072,""score"":2.03,""rms_ratio"":1.776,""diff_ratio"":2.321,""contact_probability"":0.00342557},{""index"":20,""time"":0.712,""score"":2.018,""rms_ratio"":2.118,""diff_ratio"":1.924,""contact_probability"":0.00018406},{""index"":21,""time"":3.283,""score"":1.987,""rms_ratio"":1.912,""diff_ratio"":2.063,""contact_probability"":0.00279035},{""index"":22,""time"":0.347,""score"":1.967,""rms_ratio"":2.251,""diff_ratio"":1.719,""contact_probability"":0.00106816},{""index"":23,""time"":4.383,""score"":1.926,""rms_ratio"":1.937,""diff_ratio"":1.915,""contact_probability"":0.00052417},{""index"":24,""time"":4.573,""score"":1.924,""rms_ratio"":1.818,""diff_ratio"":2.035,""contact_probability"":0.00315411}]",best_candidate_below_threshold
1070,F_1180,dataset/fly_ball/Codex_Workstation/F_1180,2.0,no,,,0.02195291,,0.7833643177503908,24,"[{""index"":1,""time"":2.023,""score"":2.748,""rms_ratio"":3.051,""diff_ratio"":2.475,""contact_probability"":0.02195291},{""index"":2,""time"":2.09,""score"":1.745,""rms_ratio"":1.507,""diff_ratio"":2.021,""contact_probability"":0.00654702},{""index"":3,""time"":2.142,""score"":2.225,""rms_ratio"":2.146,""diff_ratio"":2.307,""contact_probability"":0.00314576},{""index"":4,""time"":1.793,""score"":1.981,""rms_ratio"":2.291,""diff_ratio"":1.712,""contact_probability"":0.01944113},{""index"":5,""time"":2.217,""score"":1.859,""rms_ratio"":1.693,""diff_ratio"":2.042,""contact_probability"":0.00058784},{""index"":6,""time"":1.638,""score"":1.835,""rms_ratio"":1.602,""diff_ratio"":2.103,""contact_probability"":0.00393102},{""index"":7,""time"":2.372,""score"":2.695,""rms_ratio"":1.441,""diff_ratio"":5.043,""contact_probability"":0.00762861},{""index"":8,""time"":2.428,""score"":3.083,""rms_ratio"":1.68,""diff_ratio"":5.657,""contact_probability"":0.00505791},{""index"":9,""time"":1.565,""score"":1.952,""rms_ratio"":1.898,""diff_ratio"":2.008,""contact_probability"":0.01754329},{""index"":10,""time"":1.513,""score"":2.273,""rms_ratio"":1.345,""diff_ratio"":3.841,""contact_probability"":0.00464649},{""index"":11,""time"":2.507,""score"":2.056,""rms_ratio"":1.688,""diff_ratio"":2.505,""contact_probability"":0.00408844},{""index"":12,""time"":1.462,""score"":1.246,""rms_ratio"":0.659,""diff_ratio"":1.553,""contact_probability"":0.00040414},{""index"":13,""time"":2.753,""score"":3.031,""rms_ratio"":1.753,""diff_ratio"":5.241,""contact_probability"":0.01382958},{""index"":14,""time"":5.262,""score"":2.981,""rms_ratio"":2.271,""diff_ratio"":3.914,""contact_probability"":0.00087259},{""index"":15,""time"":5.162,""score"":2.795,""rms_ratio"":2.164,""diff_ratio"":3.608,""contact_probability"":0.00185639},{""index"":16,""time"":3.257,""score"":2.519,""rms_ratio"":1.875,""diff_ratio"":3.385,""contact_probability"":0.01567523},{""index"":17,""time"":6.488,""score"":2.503,""rms_ratio"":1.413,""diff_ratio"":4.434,""contact_probability"":0.00043591},{""index"":18,""time"":2.908,""score"":2.377,""rms_ratio"":1.771,""diff_ratio"":3.191,""contact_probability"":0.00971737},{""index"":19,""time"":5.347,""score"":2.237,""rms_ratio"":1.715,""diff_ratio"":2.917,""contact_probability"":0.00196857},{""index"":20,""time"":6.682,""score"":2.178,""rms_ratio"":2.086,""diff_ratio"":2.275,""contact_probability"":0.00985095},{""index"":21,""time"":4.952,""score"":2.152,""rms_ratio"":1.663,""diff_ratio"":2.785,""contact_probability"":0.00183974},{""index"":22,""time"":6.878,""score"":2.145,""rms_ratio"":1.825,""diff_ratio"":2.52,""contact_probability"":2.888e-05},{""index"":23,""time"":1.317,""score"":2.129,""rms_ratio"":1.755,""diff_ratio"":2.583,""contact_probability"":0.0123493},{""index"":24,""time"":0.632,""score"":2.124,""rms_ratio"":2.108,""diff_ratio"":2.14,""contact_probability"":0.00178407}]",best_candidate_below_threshold
1069,F_1179,dataset/fly_ball/Codex_Workstation/F_1179,2.0,no,,,0.11766504,,0.7833643177503908,24,"[{""index"":1,""time"":2.017,""score"":3.466,""rms_ratio"":4.608,""diff_ratio"":2.607,""contact_probability"":0.024946},{""index"":2,""time"":2.108,""score"":2.367,""rms_ratio"":2.287,""diff_ratio"":2.45,""contact_probability"":0.00336289},{""index"":3,""time"":1.847,""score"":1.685,""rms_ratio"":1.666,""diff_ratio"":1.704,""contact_probability"":0.00137457},{""index"":4,""time"":2.195,""score"":2.561,""rms_ratio"":2.187,""diff_ratio"":3.0,""contact_probability"":0.00144725},{""index"":5,""time"":1.788,""score"":1.867,""rms_ratio"":1.557,""diff_ratio"":2.237,""contact_probability"":0.00110569},{""index"":6,""time"":2.247,""score"":2.826,""rms_ratio"":3.068,""diff_ratio"":2.602,""contact_probability"":0.00510236},{""index"":7,""time"":1.688,""score"":2.15,""rms_ratio"":2.442,""diff_ratio"":1.892,""contact_probability"":0.00430482},{""index"":8,""time"":2.358,""score"":2.556,""rms_ratio"":2.641,""diff_ratio"":2.474,""contact_probability"":0.00415061},{""index"":9,""time"":1.602,""score"":1.689,""rms_ratio"":0.669,""diff_ratio"":2.851,""contact_probability"":0.00109357},{""index"":10,""time"":1.533,""score"":1.572,""rms_ratio"":0.562,""diff_ratio"":2.47,""contact_probability"":0.00075263},{""index"":11,""time"":2.51,""score"":1.822,""rms_ratio"":2.616,""diff_ratio"":1.269,""contact_probability"":0.11766504},{""index"":12,""time"":2.547,""score"":2.068,""rms_ratio"":2.185,""diff_ratio"":1.958,""contact_probability"":0.01071039},{""index"":13,""time"":2.59,""score"":1.524,""rms_ratio"":1.349,""diff_ratio"":1.721,""contact_probability"":0.00366404},{""index"":14,""time"":3.668,""score"":3.261,""rms_ratio"":3.629,""diff_ratio"":2.93,""contact_probability"":0.02183039},{""index"":15,""time"":2.862,""score"":3.051,""rms_ratio"":2.742,""diff_ratio"":3.394,""contact_probability"":0.02213818},{""index"":16,""time"":5.202,""score"":2.729,""rms_ratio"":2.747,""diff_ratio"":2.712,""contact_probability"":0.01499973},{""index"":17,""time"":3.332,""score"":2.507,""rms_ratio"":2.54,""diff_ratio"":2.473,""contact_probability"":0.0103012},{""index"":18,""time"":3.013,""score"":2.437,""rms_ratio"":3.005,""diff_ratio"":1.975,""contact_probability"":0.00407695},{""index"":19,""time"":6.323,""score"":2.259,""rms_ratio"":1.061,""diff_ratio"":4.81,""contact_probability"":0.02105299},{""index"":20,""time"":6.108,""score"":2.251,""rms_ratio"":2.177,""diff_ratio"":2.328,""contact_probability"":0.01073041},{""index"":21,""time"":5.327,""score"":2.232,""rms_ratio"":2.98,""diff_ratio"":1.671,""contact_probability"":0.00911997},{""index"":22,""time"":3.473,""score"":2.164,""rms_ratio"":1.089,""diff_ratio"":4.3,""contact_probability"":0.01655134},{""index"":23,""time"":3.918,""score"":2.155,""rms_ratio"":2.645,""diff_ratio"":1.756,""contact_probability"":0.00381062},{""index"":24,""time"":4.733,""score"":2.13,""rms_ratio"":1.825,""diff_ratio"":2.486,""contact_probability"":0.00242284}]",best_candidate_below_threshold
1068,F_1178,dataset/fly_ball/Codex_Workstation/F_1178,2.0,yes,15,0.087,0.99999998,5.03,0.7833643177503908,24,"[{""index"":1,""time"":2.023,""score"":4.567,""rms_ratio"":4.282,""diff_ratio"":4.871,""contact_probability"":0.13891722},{""index"":2,""time"":2.092,""score"":2.23,""rms_ratio"":2.009,""diff_ratio"":2.476,""contact_probability"":0.00506535},{""index"":3,""time"":1.893,""score"":2.167,""rms_ratio"":1.253,""diff_ratio"":3.75,""contact_probability"":0.00393554},{""index"":4,""time"":2.152,""score"":2.192,""rms_ratio"":2.005,""diff_ratio"":2.397,""contact_probability"":0.0006753},{""index"":5,""time"":1.837,""score"":1.706,""rms_ratio"":0.765,""diff_ratio"":2.911,""contact_probability"":0.00081713},{""index"":6,""time"":2.207,""score"":2.095,""rms_ratio"":2.105,""diff_ratio"":2.084,""contact_probability"":0.00037415},{""index"":7,""time"":1.725,""score"":1.491,""rms_ratio"":1.802,""diff_ratio"":1.235,""contact_probability"":0.00059282},{""index"":8,""time"":1.67,""score"":1.268,""rms_ratio"":1.521,""diff_ratio"":1.057,""contact_probability"":0.00011305},{""index"":9,""time"":1.612,""score"":1.79,""rms_ratio"":2.326,""diff_ratio"":1.378,""contact_probability"":0.00066869},{""index"":10,""time"":2.392,""score"":2.834,""rms_ratio"":3.557,""diff_ratio"":2.258,""contact_probability"":0.02163543},{""index"":11,""time"":1.533,""score"":1.679,""rms_ratio"":1.866,""diff_ratio"":1.511,""contact_probability"":0.00082721},{""index"":12,""time"":2.507,""score"":1.737,""rms_ratio"":1.77,""diff_ratio"":1.704,""contact_probability"":0.0027261},{""index"":13,""time"":1.447,""score"":2.441,""rms_ratio"":3.466,""diff_ratio"":1.719,""contact_probability"":0.01019053},{""index"":14,""time"":2.598,""score"":2.737,""rms_ratio"":3.462,""diff_ratio"":2.163,""contact_probability"":0.00722028},{""index"":15,""time"":0.087,""score"":5.03,""rms_ratio"":2.802,""diff_ratio"":9.031,""contact_probability"":0.99999998},{""index"":16,""time"":3.277,""score"":3.757,""rms_ratio"":4.133,""diff_ratio"":3.416,""contact_probability"":0.08963941},{""index"":17,""time"":3.463,""score"":3.177,""rms_ratio"":1.489,""diff_ratio"":6.781,""contact_probability"":0.09015648},{""index"":18,""time"":4.497,""score"":2.824,""rms_ratio"":1.335,""diff_ratio"":5.977,""contact_probability"":0.08940267},{""index"":19,""time"":3.053,""score"":2.677,""rms_ratio"":3.398,""diff_ratio"":2.109,""contact_probability"":0.00845721},{""index"":20,""time"":4.582,""score"":2.675,""rms_ratio"":3.357,""diff_ratio"":2.131,""contact_probability"":0.03499433},{""index"":21,""time"":3.743,""score"":2.596,""rms_ratio"":3.539,""diff_ratio"":1.904,""contact_probability"":0.01272804},{""index"":22,""time"":4.102,""score"":2.493,""rms_ratio"":2.98,""diff_ratio"":2.086,""contact_probability"":0.05460507},{""index"":23,""time"":3.695,""score"":2.39,""rms_ratio"":1.147,""diff_ratio"":4.979,""contact_probability"":0.04136618},{""index"":24,""time"":2.918,""score"":2.281,""rms_ratio"":3.005,""diff_ratio"":1.732,""contact_probability"":0.00378514}]",candidate_selected
1067,F_1177,dataset/fly_ball/Codex_Workstation/F_1177,2.0,no,,,0.0766025,,0.7833643177503908,24,"[{""index"":1,""time"":1.997,""score"":3.192,""rms_ratio"":2.701,""diff_ratio"":3.774,""contact_probability"":0.00177351},{""index"":2,""time"":1.933,""score"":2.549,""rms_ratio"":2.18,""diff_ratio"":2.981,""contact_probability"":0.00071818},{""index"":3,""time"":2.142,""score"":2.29,""rms_ratio"":1.999,""diff_ratio"":2.623,""contact_probability"":0.00502637},{""index"":4,""time"":1.783,""score"":2.056,""rms_ratio"":1.111,""diff_ratio"":3.807,""contact_probability"":0.00137758},{""index"":5,""time"":1.638,""score"":1.949,""rms_ratio"":1.93,""diff_ratio"":1.968,""contact_probability"":0.00406837},{""index"":6,""time"":2.382,""score"":1.633,""rms_ratio"":2.207,""diff_ratio"":1.208,""contact_probability"":0.00411675},{""index"":7,""time"":1.587,""score"":2.345,""rms_ratio"":2.42,""diff_ratio"":2.272,""contact_probability"":0.0025669},{""index"":8,""time"":1.535,""score"":2.098,""rms_ratio"":2.193,""diff_ratio"":2.008,""contact_probability"":0.00054596},{""index"":9,""time"":2.503,""score"":2.034,""rms_ratio"":2.01,""diff_ratio"":2.059,""contact_probability"":0.00482611},{""index"":10,""time"":1.492,""score"":2.183,""rms_ratio"":2.216,""diff_ratio"":2.15,""contact_probability"":0.00045184},{""index"":11,""time"":1.423,""score"":2.1,""rms_ratio"":1.926,""diff_ratio"":2.289,""contact_probability"":0.00018553},{""index"":12,""time"":3.017,""score"":2.634,""rms_ratio"":2.209,""diff_ratio"":3.142,""contact_probability"":0.00054395},{""index"":13,""time"":1.178,""score"":2.564,""rms_ratio"":2.414,""diff_ratio"":2.723,""contact_probability"":0.00136445},{""index"":14,""time"":1.312,""score"":2.428,""rms_ratio"":2.498,""diff_ratio"":2.359,""contact_probability"":0.00043067},{""index"":15,""time"":2.642,""score"":2.309,""rms_ratio"":2.403,""diff_ratio"":2.218,""contact_probability"":0.0766025},{""index"":16,""time"":3.098,""score"":2.274,""rms_ratio"":2.109,""diff_ratio"":2.453,""contact_probability"":0.00065491},{""index"":17,""time"":2.928,""score"":2.097,""rms_ratio"":2.152,""diff_ratio"":2.044,""contact_probability"":0.00452991},{""index"":18,""time"":3.703,""score"":2.09,""rms_ratio"":1.986,""diff_ratio"":2.199,""contact_probability"":0.0038923},{""index"":19,""time"":0.743,""score"":1.945,""rms_ratio"":1.902,""diff_ratio"":1.989,""contact_probability"":0.00561842},{""index"":20,""time"":1.072,""score"":1.733,""rms_ratio"":2.08,""diff_ratio"":1.445,""contact_probability"":0.00318308},{""index"":21,""time"":4.847,""score"":1.707,""rms_ratio"":1.623,""diff_ratio"":1.795,""contact_probability"":0.0207512},{""index"":22,""time"":0.868,""score"":1.701,""rms_ratio"":1.477,""diff_ratio"":1.96,""contact_probability"":0.00195028},{""index"":23,""time"":0.538,""score"":1.663,""rms_ratio"":1.772,""diff_ratio"":1.561,""contact_probability"":0.00969128},{""index"":24,""time"":3.842,""score"":1.658,""rms_ratio"":1.329,""diff_ratio"":2.068,""contact_probability"":0.00151544}]",best_candidate_below_threshold
1066,F_1175,dataset/fly_ball/Codex_Workstation/F_1175,2.0,no,,,0.07751222,,0.7833643177503908,24,"[{""index"":1,""time"":2.027,""score"":1.704,""rms_ratio"":2.394,""diff_ratio"":1.213,""contact_probability"":0.02071412},{""index"":2,""time"":2.128,""score"":1.632,""rms_ratio"":1.667,""diff_ratio"":1.598,""contact_probability"":0.00357389},{""index"":3,""time"":1.872,""score"":1.302,""rms_ratio"":1.348,""diff_ratio"":1.257,""contact_probability"":0.00032435},{""index"":4,""time"":1.817,""score"":1.632,""rms_ratio"":1.779,""diff_ratio"":1.498,""contact_probability"":0.00088281},{""index"":5,""time"":2.197,""score"":1.49,""rms_ratio"":1.386,""diff_ratio"":1.601,""contact_probability"":0.00267724},{""index"":6,""time"":1.747,""score"":1.425,""rms_ratio"":1.525,""diff_ratio"":1.332,""contact_probability"":0.00071628},{""index"":7,""time"":2.253,""score"":1.417,""rms_ratio"":1.157,""diff_ratio"":1.735,""contact_probability"":0.00068044},{""index"":8,""time"":1.692,""score"":2.03,""rms_ratio"":2.406,""diff_ratio"":1.713,""contact_probability"":0.00058306},{""index"":9,""time"":1.612,""score"":1.894,""rms_ratio"":2.326,""diff_ratio"":1.542,""contact_probability"":0.00079125},{""index"":10,""time"":1.558,""score"":1.359,""rms_ratio"":1.646,""diff_ratio"":1.123,""contact_probability"":0.00124417},{""index"":11,""time"":2.447,""score"":2.186,""rms_ratio"":1.742,""diff_ratio"":2.742,""contact_probability"":0.03659225},{""index"":12,""time"":2.513,""score"":1.617,""rms_ratio"":1.331,""diff_ratio"":1.965,""contact_probability"":0.00644872},{""index"":13,""time"":0.678,""score"":2.535,""rms_ratio"":1.488,""diff_ratio"":4.319,""contact_probability"":0.00236621},{""index"":14,""time"":0.032,""score"":2.497,""rms_ratio"":2.079,""diff_ratio"":2.999,""contact_probability"":0.01202821},{""index"":15,""time"":3.188,""score"":2.471,""rms_ratio"":1.411,""diff_ratio"":4.326,""contact_probability"":0.00570817},{""index"":16,""time"":2.902,""score"":2.37,""rms_ratio"":1.43,""diff_ratio"":3.927,""contact_probability"":0.0039558},{""index"":17,""time"":6.082,""score"":2.254,""rms_ratio"":1.091,""diff_ratio"":4.656,""contact_probability"":0.0375014},{""index"":18,""time"":0.368,""score"":2.23,""rms_ratio"":2.282,""diff_ratio"":2.18,""contact_probability"":0.0047349},{""index"":19,""time"":0.233,""score"":2.221,""rms_ratio"":2.192,""diff_ratio"":2.251,""contact_probability"":0.00279902},{""index"":20,""time"":5.582,""score"":2.091,""rms_ratio"":2.197,""diff_ratio"":1.991,""contact_probability"":0.00423502},{""index"":21,""time"":4.262,""score"":2.072,""rms_ratio"":1.703,""diff_ratio"":2.522,""contact_probability"":0.07320639},{""index"":22,""time"":2.658,""score"":2.051,""rms_ratio"":1.013,""diff_ratio"":4.153,""contact_probability"":0.00382211},{""index"":23,""time"":3.273,""score"":2.045,""rms_ratio"":2.202,""diff_ratio"":1.899,""contact_probability"":0.07751222},{""index"":24,""time"":4.052,""score"":1.804,""rms_ratio"":1.536,""diff_ratio"":2.118,""contact_probability"":0.01048707}]",best_candidate_below_threshold
1065,F_1174,dataset/fly_ball/Codex_Workstation/F_1174,2.0,no,,,0.64741397,,0.7833643177503908,24,"[{""index"":1,""time"":2.043,""score"":6.355,""rms_ratio"":4.355,""diff_ratio"":9.274,""contact_probability"":0.13866914},{""index"":2,""time"":1.895,""score"":1.484,""rms_ratio"":0.695,""diff_ratio"":2.202,""contact_probability"":0.00067402},{""index"":3,""time"":2.128,""score"":1.844,""rms_ratio"":1.446,""diff_ratio"":2.351,""contact_probability"":0.00108416},{""index"":4,""time"":1.852,""score"":4.045,""rms_ratio"":2.685,""diff_ratio"":6.093,""contact_probability"":0.08840525},{""index"":5,""time"":2.182,""score"":3.379,""rms_ratio"":2.726,""diff_ratio"":4.188,""contact_probability"":0.15710732},{""index"":6,""time"":1.798,""score"":2.842,""rms_ratio"":2.217,""diff_ratio"":3.644,""contact_probability"":0.10098977},{""index"":7,""time"":2.277,""score"":1.512,""rms_ratio"":0.925,""diff_ratio"":2.285,""contact_probability"":3.919e-05},{""index"":8,""time"":2.342,""score"":2.806,""rms_ratio"":3.381,""diff_ratio"":2.328,""contact_probability"":0.02616341},{""index"":9,""time"":2.477,""score"":1.656,""rms_ratio"":1.996,""diff_ratio"":1.375,""contact_probability"":0.01319209},{""index"":10,""time"":2.533,""score"":2.585,""rms_ratio"":2.873,""diff_ratio"":2.325,""contact_probability"":0.06688416},{""index"":11,""time"":6.577,""score"":6.141,""rms_ratio"":3.253,""diff_ratio"":11.592,""contact_probability"":0.64741397},{""index"":12,""time"":3.172,""score"":5.459,""rms_ratio"":2.882,""diff_ratio"":10.34,""contact_probability"":0.47643526},{""index"":13,""time"":6.492,""score"":5.372,""rms_ratio"":2.728,""diff_ratio"":10.579,""contact_probability"":0.0424331},{""index"":14,""time"":4.577,""score"":4.278,""rms_ratio"":3.737,""diff_ratio"":4.897,""contact_probability"":0.1581988},{""index"":15,""time"":3.787,""score"":4.273,""rms_ratio"":3.04,""diff_ratio"":6.006,""contact_probability"":0.00157839},{""index"":16,""time"":4.113,""score"":4.123,""rms_ratio"":3.796,""diff_ratio"":4.478,""contact_probability"":0.03632831},{""index"":17,""time"":4.418,""score"":4.068,""rms_ratio"":3.725,""diff_ratio"":4.443,""contact_probability"":0.08248512},{""index"":18,""time"":3.882,""score"":4.042,""rms_ratio"":3.511,""diff_ratio"":4.654,""contact_probability"":0.00035807},{""index"":19,""time"":3.457,""score"":4.03,""rms_ratio"":3.251,""diff_ratio"":4.994,""contact_probability"":0.00304428},{""index"":20,""time"":0.788,""score"":3.993,""rms_ratio"":2.184,""diff_ratio"":7.299,""contact_probability"":0.02084412},{""index"":21,""time"":0.153,""score"":3.865,""rms_ratio"":1.956,""diff_ratio"":7.638,""contact_probability"":0.02595236},{""index"":22,""time"":4.615,""score"":3.852,""rms_ratio"":2.647,""diff_ratio"":5.606,""contact_probability"":0.62636725},{""index"":23,""time"":3.572,""score"":3.669,""rms_ratio"":2.826,""diff_ratio"":4.763,""contact_probability"":0.00235781},{""index"":24,""time"":5.483,""score"":3.664,""rms_ratio"":1.915,""diff_ratio"":7.008,""contact_probability"":0.07182154}]",best_candidate_below_threshold
1064,F_1172,dataset/fly_ball/Codex_Workstation/F_1172,0.8,yes,1,0.827,0.99759402,7.765,0.7833643177503908,24,"[{""index"":1,""time"":0.827,""score"":7.765,""rms_ratio"":5.268,""diff_ratio"":11.447,""contact_probability"":0.99759402},{""index"":2,""time"":0.733,""score"":1.625,""rms_ratio"":1.191,""diff_ratio"":2.217,""contact_probability"":0.00978328},{""index"":3,""time"":0.875,""score"":1.279,""rms_ratio"":1.05,""diff_ratio"":1.558,""contact_probability"":0.01480804},{""index"":4,""time"":0.998,""score"":1.253,""rms_ratio"":1.26,""diff_ratio"":1.246,""contact_probability"":0.00041765},{""index"":5,""time"":1.048,""score"":1.438,""rms_ratio"":1.595,""diff_ratio"":1.297,""contact_probability"":0.00209937},{""index"":6,""time"":1.122,""score"":3.284,""rms_ratio"":1.373,""diff_ratio"":7.852,""contact_probability"":0.16454163},{""index"":7,""time"":1.188,""score"":1.164,""rms_ratio"":1.356,""diff_ratio"":0.674,""contact_probability"":0.00202151},{""index"":8,""time"":1.242,""score"":1.222,""rms_ratio"":1.494,""diff_ratio"":0.854,""contact_probability"":0.00198713},{""index"":9,""time"":1.322,""score"":1.33,""rms_ratio"":1.624,""diff_ratio"":1.09,""contact_probability"":0.00076342},{""index"":10,""time"":1.617,""score"":3.438,""rms_ratio"":1.476,""diff_ratio"":8.01,""contact_probability"":0.05138468},{""index"":11,""time"":6.307,""score"":3.401,""rms_ratio"":1.393,""diff_ratio"":8.302,""contact_probability"":0.020228},{""index"":12,""time"":4.622,""score"":3.393,""rms_ratio"":1.485,""diff_ratio"":7.756,""contact_probability"":0.02860729},{""index"":13,""time"":1.798,""score"":3.381,""rms_ratio"":1.293,""diff_ratio"":8.84,""contact_probability"":0.45713959},{""index"":14,""time"":2.672,""score"":3.01,""rms_ratio"":1.27,""diff_ratio"":7.135,""contact_probability"":0.18978672},{""index"":15,""time"":6.472,""score"":2.642,""rms_ratio"":2.592,""diff_ratio"":2.693,""contact_probability"":0.0463248},{""index"":16,""time"":6.608,""score"":2.558,""rms_ratio"":1.978,""diff_ratio"":3.309,""contact_probability"":0.13777997},{""index"":17,""time"":5.512,""score"":2.532,""rms_ratio"":1.277,""diff_ratio"":5.021,""contact_probability"":0.00832827},{""index"":18,""time"":5.622,""score"":2.471,""rms_ratio"":2.217,""diff_ratio"":2.755,""contact_probability"":0.04800688},{""index"":19,""time"":3.797,""score"":2.459,""rms_ratio"":1.085,""diff_ratio"":5.569,""contact_probability"":0.04831015},{""index"":20,""time"":5.55,""score"":2.194,""rms_ratio"":1.074,""diff_ratio"":4.481,""contact_probability"":0.0182124},{""index"":21,""time"":6.867,""score"":2.174,""rms_ratio"":2.311,""diff_ratio"":2.045,""contact_probability"":1.951e-05},{""index"":22,""time"":4.983,""score"":2.125,""rms_ratio"":2.135,""diff_ratio"":2.114,""contact_probability"":0.002543},{""index"":23,""time"":5.957,""score"":2.072,""rms_ratio"":2.194,""diff_ratio"":1.957,""contact_probability"":0.0010693},{""index"":24,""time"":2.108,""score"":2.061,""rms_ratio"":0.761,""diff_ratio"":4.25,""contact_probability"":0.00395491}]",candidate_selected
1063,F_1171,dataset/fly_ball/Codex_Workstation/F_1171,2.0,yes,16,0.403,1.0,10.666,0.7833643177503908,24,"[{""index"":1,""time"":2.017,""score"":4.638,""rms_ratio"":6.529,""diff_ratio"":3.294,""contact_probability"":0.02881933},{""index"":2,""time"":1.965,""score"":1.773,""rms_ratio"":1.171,""diff_ratio"":2.687,""contact_probability"":2.894e-05},{""index"":3,""time"":1.905,""score"":1.687,""rms_ratio"":1.102,""diff_ratio"":2.582,""contact_probability"":5.303e-05},{""index"":4,""time"":2.098,""score"":3.829,""rms_ratio"":4.937,""diff_ratio"":2.969,""contact_probability"":0.00425051},{""index"":5,""time"":2.152,""score"":3.569,""rms_ratio"":4.554,""diff_ratio"":2.797,""contact_probability"":0.0010546},{""index"":6,""time"":2.207,""score"":2.588,""rms_ratio"":3.449,""diff_ratio"":1.942,""contact_probability"":0.00028479},{""index"":7,""time"":1.763,""score"":5.145,""rms_ratio"":4.44,""diff_ratio"":5.962,""contact_probability"":0.04098716},{""index"":8,""time"":2.267,""score"":3.052,""rms_ratio"":3.835,""diff_ratio"":2.429,""contact_probability"":0.00026148},{""index"":9,""time"":1.702,""score"":3.293,""rms_ratio"":2.216,""diff_ratio"":4.891,""contact_probability"":0.00657794},{""index"":10,""time"":1.643,""score"":4.692,""rms_ratio"":4.061,""diff_ratio"":5.421,""contact_probability"":0.04086579},{""index"":11,""time"":2.358,""score"":3.581,""rms_ratio"":4.921,""diff_ratio"":2.607,""contact_probability"":0.00209784},{""index"":12,""time"":2.432,""score"":4.532,""rms_ratio"":5.461,""diff_ratio"":3.762,""contact_probability"":0.00092235},{""index"":13,""time"":2.487,""score"":3.946,""rms_ratio"":4.166,""diff_ratio"":3.739,""contact_probability"":0.00062289},{""index"":14,""time"":1.45,""score"":1.449,""rms_ratio"":1.304,""diff_ratio"":1.61,""contact_probability"":0.00238343},{""index"":15,""time"":2.557,""score"":4.915,""rms_ratio"":5.473,""diff_ratio"":4.414,""contact_probability"":0.00233457},{""index"":16,""time"":0.403,""score"":10.666,""rms_ratio"":5.457,""diff_ratio"":20.846,""contact_probability"":1.0},{""index"":17,""time"":3.453,""score"":4.417,""rms_ratio"":4.597,""diff_ratio"":4.245,""contact_probability"":0.06166855},{""index"":18,""time"":3.053,""score"":4.411,""rms_ratio"":4.768,""diff_ratio"":4.081,""contact_probability"":0.01293833},{""index"":19,""time"":2.773,""score"":4.245,""rms_ratio"":5.526,""diff_ratio"":3.261,""contact_probability"":0.010237},{""index"":20,""time"":5.468,""score"":4.111,""rms_ratio"":5.169,""diff_ratio"":3.269,""contact_probability"":0.48921999},{""index"":21,""time"":3.193,""score"":4.038,""rms_ratio"":3.989,""diff_ratio"":4.088,""contact_probability"":0.19585966},{""index"":22,""time"":0.278,""score"":3.886,""rms_ratio"":4.536,""diff_ratio"":3.328,""contact_probability"":0.49524608},{""index"":23,""time"":6.157,""score"":3.881,""rms_ratio"":5.365,""diff_ratio"":2.807,""contact_probability"":0.00251593},{""index"":24,""time"":2.672,""score"":3.873,""rms_ratio"":5.858,""diff_ratio"":2.561,""contact_probability"":0.005907}]",candidate_selected
1062,F_1170,dataset/fly_ball/Codex_Workstation/F_1170,5.152,no,,,0.19841461,,0.7833643177503908,23,"[{""index"":1,""time"":5.177,""score"":1.685,""rms_ratio"":2.794,""diff_ratio"":1.016,""contact_probability"":0.0016707},{""index"":2,""time"":5.23,""score"":1.595,""rms_ratio"":1.192,""diff_ratio"":2.133,""contact_probability"":0.00035264},{""index"":3,""time"":5.068,""score"":1.745,""rms_ratio"":1.791,""diff_ratio"":1.699,""contact_probability"":0.00121239},{""index"":4,""time"":5.282,""score"":1.921,""rms_ratio"":2.426,""diff_ratio"":1.521,""contact_probability"":0.00425173},{""index"":5,""time"":5.003,""score"":1.454,""rms_ratio"":1.686,""diff_ratio"":1.253,""contact_probability"":0.00029727},{""index"":6,""time"":5.332,""score"":1.645,""rms_ratio"":1.906,""diff_ratio"":1.42,""contact_probability"":0.00081332},{""index"":7,""time"":4.912,""score"":1.908,""rms_ratio"":2.044,""diff_ratio"":1.78,""contact_probability"":0.00227566},{""index"":8,""time"":5.412,""score"":1.822,""rms_ratio"":1.901,""diff_ratio"":1.745,""contact_probability"":0.000425},{""index"":9,""time"":4.802,""score"":1.73,""rms_ratio"":1.787,""diff_ratio"":1.674,""contact_probability"":0.00276514},{""index"":10,""time"":5.512,""score"":1.714,""rms_ratio"":2.242,""diff_ratio"":1.311,""contact_probability"":0.00087855},{""index"":11,""time"":5.562,""score"":1.376,""rms_ratio"":1.286,""diff_ratio"":1.473,""contact_probability"":0.00050163},{""index"":12,""time"":4.673,""score"":1.38,""rms_ratio"":1.83,""diff_ratio"":1.04,""contact_probability"":0.00328114},{""index"":13,""time"":5.738,""score"":1.433,""rms_ratio"":2.052,""diff_ratio"":0.975,""contact_probability"":0.00215327},{""index"":14,""time"":2.422,""score"":2.267,""rms_ratio"":2.221,""diff_ratio"":2.313,""contact_probability"":0.00849246},{""index"":15,""time"":1.783,""score"":1.937,""rms_ratio"":1.322,""diff_ratio"":2.838,""contact_probability"":0.19841461},{""index"":16,""time"":4.398,""score"":1.897,""rms_ratio"":2.158,""diff_ratio"":1.668,""contact_probability"":0.08650636},{""index"":17,""time"":5.912,""score"":1.787,""rms_ratio"":1.941,""diff_ratio"":1.646,""contact_probability"":0.00297266},{""index"":18,""time"":2.523,""score"":1.726,""rms_ratio"":1.344,""diff_ratio"":2.217,""contact_probability"":0.00163007},{""index"":19,""time"":1.163,""score"":1.721,""rms_ratio"":1.518,""diff_ratio"":1.952,""contact_probability"":0.00131971},{""index"":20,""time"":5.823,""score"":1.647,""rms_ratio"":1.937,""diff_ratio"":1.4,""contact_probability"":0.00151404},{""index"":21,""time"":1.423,""score"":1.604,""rms_ratio"":1.532,""diff_ratio"":1.681,""contact_probability"":0.00180027},{""index"":22,""time"":2.338,""score"":1.576,""rms_ratio"":1.711,""diff_ratio"":1.451,""contact_probability"":0.00247544},{""index"":23,""time"":2.037,""score"":1.502,""rms_ratio"":1.827,""diff_ratio"":1.234,""contact_probability"":0.06273554}]",best_candidate_below_threshold
1061,F_1169,dataset/fly_ball/Codex_Workstation/F_1169,2.0,yes,1,2.023,0.99285381,4.871,0.7833643177503908,24,"[{""index"":1,""time"":2.023,""score"":4.871,""rms_ratio"":3.974,""diff_ratio"":5.97,""contact_probability"":0.99285381},{""index"":2,""time"":1.975,""score"":1.186,""rms_ratio"":0.856,""diff_ratio"":1.406,""contact_probability"":0.01045067},{""index"":3,""time"":1.908,""score"":2.139,""rms_ratio"":1.494,""diff_ratio"":3.062,""contact_probability"":0.01026913},{""index"":4,""time"":1.803,""score"":1.486,""rms_ratio"":1.116,""diff_ratio"":1.98,""contact_probability"":0.0003847},{""index"":5,""time"":1.732,""score"":1.157,""rms_ratio"":0.832,""diff_ratio"":1.338,""contact_probability"":0.00019636},{""index"":6,""time"":2.408,""score"":1.202,""rms_ratio"":1.444,""diff_ratio"":0.953,""contact_probability"":0.0079243},{""index"":7,""time"":5.582,""score"":3.288,""rms_ratio"":1.726,""diff_ratio"":6.263,""contact_probability"":0.01379522},{""index"":8,""time"":0.177,""score"":3.268,""rms_ratio"":1.765,""diff_ratio"":6.049,""contact_probability"":0.05933269},{""index"":9,""time"":3.693,""score"":3.232,""rms_ratio"":1.442,""diff_ratio"":7.247,""contact_probability"":0.02568312},{""index"":10,""time"":6.568,""score"":2.955,""rms_ratio"":1.536,""diff_ratio"":5.684,""contact_probability"":0.00488644},{""index"":11,""time"":4.282,""score"":2.564,""rms_ratio"":2.238,""diff_ratio"":2.938,""contact_probability"":0.00422169},{""index"":12,""time"":3.287,""score"":2.523,""rms_ratio"":1.526,""diff_ratio"":4.171,""contact_probability"":0.07445453},{""index"":13,""time"":4.102,""score"":2.506,""rms_ratio"":2.601,""diff_ratio"":2.414,""contact_probability"":0.0026167},{""index"":14,""time"":3.997,""score"":2.453,""rms_ratio"":2.33,""diff_ratio"":2.582,""contact_probability"":0.00147489},{""index"":15,""time"":0.343,""score"":2.328,""rms_ratio"":1.298,""diff_ratio"":4.177,""contact_probability"":0.03909273},{""index"":16,""time"":4.577,""score"":2.2,""rms_ratio"":2.929,""diff_ratio"":1.652,""contact_probability"":0.04945312},{""index"":17,""time"":5.698,""score"":2.06,""rms_ratio"":1.099,""diff_ratio"":3.859,""contact_probability"":0.00076826},{""index"":18,""time"":5.802,""score"":1.923,""rms_ratio"":1.122,""diff_ratio"":3.298,""contact_probability"":0.00060978},{""index"":19,""time"":4.423,""score"":1.918,""rms_ratio"":2.2,""diff_ratio"":1.671,""contact_probability"":0.00120969},{""index"":20,""time"":3.562,""score"":1.867,""rms_ratio"":2.085,""diff_ratio"":1.672,""contact_probability"":0.01873097},{""index"":21,""time"":4.812,""score"":1.851,""rms_ratio"":1.697,""diff_ratio"":2.019,""contact_probability"":0.00325887},{""index"":22,""time"":0.265,""score"":1.809,""rms_ratio"":0.954,""diff_ratio"":3.271,""contact_probability"":0.01256878},{""index"":23,""time"":5.023,""score"":1.776,""rms_ratio"":2.0,""diff_ratio"":1.577,""contact_probability"":0.00309031},{""index"":24,""time"":6.438,""score"":1.728,""rms_ratio"":2.014,""diff_ratio"":1.483,""contact_probability"":0.00159496}]",candidate_selected
1060,F_1168,dataset/fly_ball/Codex_Workstation/F_1168,6.072,no,,,0.31185747,,0.7833643177503908,24,"[{""index"":1,""time"":6.062,""score"":2.546,""rms_ratio"":1.911,""diff_ratio"":3.392,""contact_probability"":0.00038021},{""index"":2,""time"":6.128,""score"":3.509,""rms_ratio"":4.21,""diff_ratio"":2.925,""contact_probability"":0.01296645},{""index"":3,""time"":5.963,""score"":3.018,""rms_ratio"":3.781,""diff_ratio"":2.409,""contact_probability"":0.00376882},{""index"":4,""time"":6.207,""score"":2.339,""rms_ratio"":2.53,""diff_ratio"":2.161,""contact_probability"":0.00199031},{""index"":5,""time"":6.275,""score"":3.078,""rms_ratio"":3.239,""diff_ratio"":2.924,""contact_probability"":0.00256953},{""index"":6,""time"":5.867,""score"":2.957,""rms_ratio"":4.187,""diff_ratio"":2.088,""contact_probability"":0.00056517},{""index"":7,""time"":5.812,""score"":3.061,""rms_ratio"":4.486,""diff_ratio"":2.089,""contact_probability"":0.00068647},{""index"":8,""time"":6.387,""score"":5.41,""rms_ratio"":3.632,""diff_ratio"":8.057,""contact_probability"":0.0401119},{""index"":9,""time"":5.747,""score"":2.797,""rms_ratio"":4.979,""diff_ratio"":1.571,""contact_probability"":0.00223987},{""index"":10,""time"":6.468,""score"":2.669,""rms_ratio"":4.058,""diff_ratio"":1.755,""contact_probability"":0.04080247},{""index"":11,""time"":6.565,""score"":1.188,""rms_ratio"":0.699,""diff_ratio"":1.412,""contact_probability"":1.553e-05},{""index"":12,""time"":5.575,""score"":1.152,""rms_ratio"":1.327,""diff_ratio"":0.727,""contact_probability"":6.661e-05},{""index"":13,""time"":5.523,""score"":2.865,""rms_ratio"":3.601,""diff_ratio"":2.279,""contact_probability"":0.00630888},{""index"":14,""time"":5.472,""score"":3.303,""rms_ratio"":3.752,""diff_ratio"":2.907,""contact_probability"":0.00585714},{""index"":15,""time"":1.883,""score"":4.836,""rms_ratio"":4.587,""diff_ratio"":5.099,""contact_probability"":0.31185747},{""index"":16,""time"":1.612,""score"":4.745,""rms_ratio"":4.835,""diff_ratio"":4.656,""contact_probability"":0.11436044},{""index"":17,""time"":6.733,""score"":4.075,""rms_ratio"":4.768,""diff_ratio"":3.482,""contact_probability"":0.01544278},{""index"":18,""time"":5.253,""score"":3.832,""rms_ratio"":5.144,""diff_ratio"":2.854,""contact_probability"":0.00439896},{""index"":19,""time"":5.135,""score"":3.49,""rms_ratio"":3.739,""diff_ratio"":3.257,""contact_probability"":0.0180807},{""index"":20,""time"":1.413,""score"":3.441,""rms_ratio"":3.973,""diff_ratio"":2.979,""contact_probability"":0.02288143},{""index"":21,""time"":5.29,""score"":3.408,""rms_ratio"":4.35,""diff_ratio"":2.669,""contact_probability"":0.00105391},{""index"":22,""time"":5.352,""score"":3.218,""rms_ratio"":3.215,""diff_ratio"":3.222,""contact_probability"":0.00040985},{""index"":23,""time"":1.37,""score"":2.954,""rms_ratio"":3.609,""diff_ratio"":2.418,""contact_probability"":0.02382862},{""index"":24,""time"":1.972,""score"":2.713,""rms_ratio"":2.711,""diff_ratio"":2.716,""contact_probability"":0.01596138}]",best_candidate_below_threshold
1059,F_1167,dataset/fly_ball/Codex_Workstation/F_1167,2.0,no,,,0.10411339,,0.7833643177503908,21,"[{""index"":1,""time"":2.023,""score"":2.979,""rms_ratio"":3.046,""diff_ratio"":2.914,""contact_probability"":0.10411339},{""index"":2,""time"":1.972,""score"":2.024,""rms_ratio"":1.598,""diff_ratio"":2.565,""contact_probability"":0.00394753},{""index"":3,""time"":2.082,""score"":1.857,""rms_ratio"":1.768,""diff_ratio"":1.952,""contact_probability"":0.00752696},{""index"":4,""time"":2.247,""score"":3.01,""rms_ratio"":2.903,""diff_ratio"":3.121,""contact_probability"":0.02116352},{""index"":5,""time"":2.295,""score"":1.53,""rms_ratio"":1.475,""diff_ratio"":1.586,""contact_probability"":0.00214089},{""index"":6,""time"":2.405,""score"":2.086,""rms_ratio"":1.53,""diff_ratio"":2.844,""contact_probability"":0.00104117},{""index"":7,""time"":2.507,""score"":2.505,""rms_ratio"":2.361,""diff_ratio"":2.657,""contact_probability"":0.00320191},{""index"":8,""time"":2.578,""score"":1.768,""rms_ratio"":1.901,""diff_ratio"":1.644,""contact_probability"":0.00223163},{""index"":9,""time"":2.898,""score"":2.626,""rms_ratio"":2.102,""diff_ratio"":3.281,""contact_probability"":0.04316704},{""index"":10,""time"":3.422,""score"":2.241,""rms_ratio"":2.114,""diff_ratio"":2.375,""contact_probability"":0.00348666},{""index"":11,""time"":4.557,""score"":2.198,""rms_ratio"":2.276,""diff_ratio"":2.122,""contact_probability"":0.01218603},{""index"":12,""time"":3.207,""score"":1.951,""rms_ratio"":1.878,""diff_ratio"":2.026,""contact_probability"":0.00175309},{""index"":13,""time"":5.738,""score"":1.79,""rms_ratio"":1.549,""diff_ratio"":2.067,""contact_probability"":0.00061756},{""index"":14,""time"":3.108,""score"":1.77,""rms_ratio"":1.838,""diff_ratio"":1.704,""contact_probability"":0.00216024},{""index"":15,""time"":4.47,""score"":1.668,""rms_ratio"":1.807,""diff_ratio"":1.54,""contact_probability"":0.00396927},{""index"":16,""time"":6.262,""score"":1.591,""rms_ratio"":1.273,""diff_ratio"":1.988,""contact_probability"":0.00017666},{""index"":17,""time"":5.477,""score"":1.58,""rms_ratio"":1.209,""diff_ratio"":2.065,""contact_probability"":0.00041625},{""index"":18,""time"":2.737,""score"":1.538,""rms_ratio"":1.51,""diff_ratio"":1.566,""contact_probability"":0.0005344},{""index"":19,""time"":3.303,""score"":1.517,""rms_ratio"":1.207,""diff_ratio"":1.906,""contact_probability"":0.0002242},{""index"":20,""time"":6.512,""score"":1.505,""rms_ratio"":1.694,""diff_ratio"":1.337,""contact_probability"":0.00041193},{""index"":21,""time"":6.753,""score"":1.502,""rms_ratio"":1.74,""diff_ratio"":1.297,""contact_probability"":0.00034511}]",best_candidate_below_threshold
1058,F_1166,dataset/fly_ball/Codex_Workstation/F_1166,2.0,yes,1,2.027,0.99999493,11.594,0.7833643177503908,24,"[{""index"":1,""time"":2.027,""score"":11.594,""rms_ratio"":7.944,""diff_ratio"":16.921,""contact_probability"":0.99999493},{""index"":2,""time"":1.827,""score"":1.466,""rms_ratio"":1.496,""diff_ratio"":1.436,""contact_probability"":0.0046234},{""index"":3,""time"":2.203,""score"":1.908,""rms_ratio"":2.168,""diff_ratio"":1.679,""contact_probability"":0.03232199},{""index"":4,""time"":1.79,""score"":1.19,""rms_ratio"":0.527,""diff_ratio"":1.416,""contact_probability"":8.53e-05},{""index"":5,""time"":2.267,""score"":1.601,""rms_ratio"":1.667,""diff_ratio"":1.539,""contact_probability"":0.02416453},{""index"":6,""time"":1.697,""score"":1.558,""rms_ratio"":1.793,""diff_ratio"":1.354,""contact_probability"":0.09120074},{""index"":7,""time"":1.628,""score"":2.215,""rms_ratio"":1.13,""diff_ratio"":4.342,""contact_probability"":0.05621685},{""index"":8,""time"":2.388,""score"":1.199,""rms_ratio"":0.631,""diff_ratio"":1.436,""contact_probability"":0.00243772},{""index"":9,""time"":1.572,""score"":1.89,""rms_ratio"":1.034,""diff_ratio"":3.455,""contact_probability"":0.01499764},{""index"":10,""time"":2.513,""score"":1.728,""rms_ratio"":2.186,""diff_ratio"":1.366,""contact_probability"":0.26942237},{""index"":11,""time"":1.487,""score"":1.332,""rms_ratio"":1.385,""diff_ratio"":1.281,""contact_probability"":0.01002071},{""index"":12,""time"":2.572,""score"":1.183,""rms_ratio"":1.339,""diff_ratio"":1.046,""contact_probability"":0.08637339},{""index"":13,""time"":4.988,""score"":4.434,""rms_ratio"":3.548,""diff_ratio"":5.542,""contact_probability"":0.15379988},{""index"":14,""time"":4.278,""score"":4.11,""rms_ratio"":3.584,""diff_ratio"":4.713,""contact_probability"":0.17617071},{""index"":15,""time"":6.282,""score"":3.901,""rms_ratio"":3.552,""diff_ratio"":4.284,""contact_probability"":0.67444365},{""index"":16,""time"":6.633,""score"":3.602,""rms_ratio"":3.894,""diff_ratio"":3.332,""contact_probability"":0.41169355},{""index"":17,""time"":4.077,""score"":2.896,""rms_ratio"":1.491,""diff_ratio"":5.624,""contact_probability"":0.00166062},{""index"":18,""time"":3.773,""score"":2.743,""rms_ratio"":3.079,""diff_ratio"":2.445,""contact_probability"":0.04998135},{""index"":19,""time"":6.887,""score"":2.732,""rms_ratio"":1.477,""diff_ratio"":5.053,""contact_probability"":0.00016534},{""index"":20,""time"":5.568,""score"":2.692,""rms_ratio"":3.037,""diff_ratio"":2.385,""contact_probability"":0.17045059},{""index"":21,""time"":4.633,""score"":2.081,""rms_ratio"":1.865,""diff_ratio"":2.321,""contact_probability"":0.00129769},{""index"":22,""time"":5.847,""score"":1.955,""rms_ratio"":3.267,""diff_ratio"":1.17,""contact_probability"":0.08514809},{""index"":23,""time"":4.767,""score"":1.931,""rms_ratio"":1.719,""diff_ratio"":2.17,""contact_probability"":0.000475},{""index"":24,""time"":6.048,""score"":1.878,""rms_ratio"":2.013,""diff_ratio"":1.752,""contact_probability"":0.00123486}]",candidate_selected
1057,F_1165,dataset/fly_ball/Codex_Workstation/F_1165,2.955,yes,1,2.977,0.88165604,3.747,0.7833643177503908,24,"[{""index"":1,""time"":2.977,""score"":3.747,""rms_ratio"":5.797,""diff_ratio"":2.422,""contact_probability"":0.88165604},{""index"":2,""time"":3.047,""score"":1.166,""rms_ratio"":1.36,""diff_ratio"":0.891,""contact_probability"":0.00133074},{""index"":3,""time"":3.098,""score"":1.22,""rms_ratio"":1.359,""diff_ratio"":1.095,""contact_probability"":0.00146184},{""index"":4,""time"":2.757,""score"":1.246,""rms_ratio"":1.108,""diff_ratio"":1.402,""contact_probability"":0.00061388},{""index"":5,""time"":2.693,""score"":2.235,""rms_ratio"":1.868,""diff_ratio"":2.674,""contact_probability"":0.01241589},{""index"":6,""time"":3.307,""score"":1.657,""rms_ratio"":2.094,""diff_ratio"":1.312,""contact_probability"":0.00859121},{""index"":7,""time"":2.588,""score"":1.515,""rms_ratio"":1.238,""diff_ratio"":1.855,""contact_probability"":0.00651465},{""index"":8,""time"":3.358,""score"":1.565,""rms_ratio"":1.791,""diff_ratio"":1.367,""contact_probability"":0.00576619},{""index"":9,""time"":2.527,""score"":2.731,""rms_ratio"":2.189,""diff_ratio"":3.407,""contact_probability"":0.02160468},{""index"":10,""time"":3.428,""score"":1.518,""rms_ratio"":1.37,""diff_ratio"":1.682,""contact_probability"":0.00131146},{""index"":11,""time"":2.463,""score"":1.184,""rms_ratio"":1.104,""diff_ratio"":1.269,""contact_probability"":0.00010617},{""index"":12,""time"":3.47,""score"":1.339,""rms_ratio"":1.455,""diff_ratio"":1.233,""contact_probability"":0.00052695},{""index"":13,""time"":3.555,""score"":1.482,""rms_ratio"":1.511,""diff_ratio"":1.454,""contact_probability"":0.0006712},{""index"":14,""time"":2.017,""score"":3.641,""rms_ratio"":2.079,""diff_ratio"":6.376,""contact_probability"":0.05686374},{""index"":15,""time"":2.283,""score"":3.562,""rms_ratio"":1.89,""diff_ratio"":6.712,""contact_probability"":0.11637347},{""index"":16,""time"":5.383,""score"":3.476,""rms_ratio"":1.941,""diff_ratio"":6.224,""contact_probability"":0.41732737},{""index"":17,""time"":0.268,""score"":3.27,""rms_ratio"":3.707,""diff_ratio"":2.885,""contact_probability"":0.19254919},{""index"":18,""time"":6.407,""score"":3.064,""rms_ratio"":3.587,""diff_ratio"":2.617,""contact_probability"":0.36294153},{""index"":19,""time"":5.455,""score"":2.997,""rms_ratio"":2.406,""diff_ratio"":3.733,""contact_probability"":0.12806935},{""index"":20,""time"":0.812,""score"":2.976,""rms_ratio"":2.419,""diff_ratio"":3.661,""contact_probability"":0.08687059},{""index"":21,""time"":5.633,""score"":2.95,""rms_ratio"":1.637,""diff_ratio"":5.32,""contact_probability"":0.02923703},{""index"":22,""time"":1.312,""score"":2.876,""rms_ratio"":2.194,""diff_ratio"":3.769,""contact_probability"":0.13233239},{""index"":23,""time"":0.973,""score"":2.821,""rms_ratio"":1.628,""diff_ratio"":4.888,""contact_probability"":0.01083482},{""index"":24,""time"":3.727,""score"":2.798,""rms_ratio"":2.203,""diff_ratio"":3.553,""contact_probability"":0.09389844}]",candidate_selected
1056,F_1164,dataset/fly_ball/Codex_Workstation/F_1164,2.0,no,,,0.05102304,,0.7833643177503908,24,"[{""index"":1,""time"":2.023,""score"":3.413,""rms_ratio"":3.517,""diff_ratio"":3.312,""contact_probability"":0.03002344},{""index"":2,""time"":1.923,""score"":2.824,""rms_ratio"":1.267,""diff_ratio"":6.295,""contact_probability"":0.03207171},{""index"":3,""time"":2.082,""score"":2.524,""rms_ratio"":2.944,""diff_ratio"":2.164,""contact_probability"":0.00890999},{""index"":4,""time"":1.783,""score"":2.556,""rms_ratio"":3.186,""diff_ratio"":2.05,""contact_probability"":0.00839736},{""index"":5,""time"":2.263,""score"":2.094,""rms_ratio"":1.977,""diff_ratio"":2.219,""contact_probability"":0.003158},{""index"":6,""time"":1.732,""score"":1.96,""rms_ratio"":1.673,""diff_ratio"":2.296,""contact_probability"":0.00506714},{""index"":7,""time"":1.643,""score"":2.298,""rms_ratio"":1.862,""diff_ratio"":2.837,""contact_probability"":0.00052499},{""index"":8,""time"":2.388,""score"":2.269,""rms_ratio"":2.58,""diff_ratio"":1.995,""contact_probability"":0.01139755},{""index"":9,""time"":1.605,""score"":2.161,""rms_ratio"":1.745,""diff_ratio"":2.676,""contact_probability"":0.00174549},{""index"":10,""time"":1.523,""score"":1.256,""rms_ratio"":0.983,""diff_ratio"":1.577,""contact_probability"":0.00010611},{""index"":11,""time"":1.472,""score"":3.317,""rms_ratio"":3.543,""diff_ratio"":3.104,""contact_probability"":0.0347806},{""index"":12,""time"":2.537,""score"":1.253,""rms_ratio"":0.753,""diff_ratio"":1.569,""contact_probability"":6.034e-05},{""index"":13,""time"":1.408,""score"":2.266,""rms_ratio"":2.315,""diff_ratio"":2.217,""contact_probability"":0.00170217},{""index"":14,""time"":1.342,""score"":2.937,""rms_ratio"":3.227,""diff_ratio"":2.673,""contact_probability"":0.00619911},{""index"":15,""time"":6.677,""score"":2.485,""rms_ratio"":1.153,""diff_ratio"":5.356,""contact_probability"":0.05102304},{""index"":16,""time"":3.043,""score"":2.443,""rms_ratio"":2.763,""diff_ratio"":2.161,""contact_probability"":0.01081381},{""index"":17,""time"":3.253,""score"":2.402,""rms_ratio"":1.197,""diff_ratio"":4.818,""contact_probability"":0.00845032},{""index"":18,""time"":3.148,""score"":2.4,""rms_ratio"":2.435,""diff_ratio"":2.364,""contact_probability"":0.00781971},{""index"":19,""time"":2.918,""score"":2.385,""rms_ratio"":1.393,""diff_ratio"":4.086,""contact_probability"":0.00888165},{""index"":20,""time"":2.668,""score"":2.304,""rms_ratio"":2.606,""diff_ratio"":2.037,""contact_probability"":0.01285674},{""index"":21,""time"":4.023,""score"":2.228,""rms_ratio"":1.263,""diff_ratio"":3.932,""contact_probability"":0.00274068},{""index"":22,""time"":1.048,""score"":2.209,""rms_ratio"":2.432,""diff_ratio"":2.007,""contact_probability"":0.00706224},{""index"":23,""time"":3.513,""score"":2.194,""rms_ratio"":2.712,""diff_ratio"":1.775,""contact_probability"":0.00145974},{""index"":24,""time"":3.832,""score"":2.09,""rms_ratio"":1.979,""diff_ratio"":2.207,""contact_probability"":0.00209002}]",best_candidate_below_threshold
1055,F_1163,dataset/fly_ball/Codex_Workstation/F_1163,2.0,no,,,0.02555811,,0.7833643177503908,24,"[{""index"":1,""time"":2.027,""score"":3.183,""rms_ratio"":3.359,""diff_ratio"":3.016,""contact_probability"":0.00556342},{""index"":2,""time"":2.082,""score"":2.983,""rms_ratio"":2.748,""diff_ratio"":3.237,""contact_probability"":0.00433137},{""index"":3,""time"":2.162,""score"":1.929,""rms_ratio"":2.079,""diff_ratio"":1.791,""contact_probability"":0.0003741},{""index"":4,""time"":1.788,""score"":2.503,""rms_ratio"":1.947,""diff_ratio"":3.216,""contact_probability"":0.0010946},{""index"":5,""time"":2.257,""score"":2.109,""rms_ratio"":2.1,""diff_ratio"":2.118,""contact_probability"":0.00101302},{""index"":6,""time"":1.717,""score"":2.382,""rms_ratio"":1.741,""diff_ratio"":3.26,""contact_probability"":0.00117563},{""index"":7,""time"":2.328,""score"":2.873,""rms_ratio"":2.752,""diff_ratio"":2.999,""contact_probability"":0.00679687},{""index"":8,""time"":1.622,""score"":2.672,""rms_ratio"":2.188,""diff_ratio"":3.265,""contact_probability"":0.00118697},{""index"":9,""time"":2.402,""score"":2.276,""rms_ratio"":2.06,""diff_ratio"":2.515,""contact_probability"":0.00202308},{""index"":10,""time"":1.523,""score"":2.401,""rms_ratio"":2.161,""diff_ratio"":2.669,""contact_probability"":0.00041089},{""index"":11,""time"":2.495,""score"":1.719,""rms_ratio"":0.958,""diff_ratio"":2.956,""contact_probability"":0.00393583},{""index"":12,""time"":1.472,""score"":2.14,""rms_ratio"":2.112,""diff_ratio"":2.168,""contact_probability"":0.00049435},{""index"":13,""time"":1.41,""score"":1.656,""rms_ratio"":1.528,""diff_ratio"":1.795,""contact_probability"":0.00019348},{""index"":14,""time"":2.598,""score"":2.061,""rms_ratio"":1.701,""diff_ratio"":2.498,""contact_probability"":0.00757271},{""index"":15,""time"":3.237,""score"":3.057,""rms_ratio"":2.608,""diff_ratio"":3.584,""contact_probability"":0.00998843},{""index"":16,""time"":3.918,""score"":2.871,""rms_ratio"":2.303,""diff_ratio"":3.58,""contact_probability"":0.0093519},{""index"":17,""time"":3.185,""score"":2.693,""rms_ratio"":2.507,""diff_ratio"":2.891,""contact_probability"":0.00218573},{""index"":18,""time"":3.132,""score"":2.598,""rms_ratio"":2.37,""diff_ratio"":2.848,""contact_probability"":0.00218277},{""index"":19,""time"":2.763,""score"":2.441,""rms_ratio"":1.442,""diff_ratio"":4.13,""contact_probability"":0.02555811},{""index"":20,""time"":4.173,""score"":2.377,""rms_ratio"":2.577,""diff_ratio"":2.192,""contact_probability"":0.01543314},{""index"":21,""time"":3.275,""score"":2.35,""rms_ratio"":1.901,""diff_ratio"":2.906,""contact_probability"":0.00613983},{""index"":22,""time"":3.085,""score"":2.291,""rms_ratio"":1.864,""diff_ratio"":2.817,""contact_probability"":0.00477113},{""index"":23,""time"":4.262,""score"":2.271,""rms_ratio"":2.001,""diff_ratio"":2.576,""contact_probability"":0.00472119},{""index"":24,""time"":4.613,""score"":2.125,""rms_ratio"":2.025,""diff_ratio"":2.23,""contact_probability"":0.00108297}]",best_candidate_below_threshold
1054,F_1162,dataset/fly_ball/Codex_Workstation/F_1162,1.06,yes,1,1.077,0.99977479,14.603,0.7833643177503908,24,"[{""index"":1,""time"":1.077,""score"":14.603,""rms_ratio"":8.736,""diff_ratio"":24.411,""contact_probability"":0.99977479},{""index"":2,""time"":3.987,""score"":4.331,""rms_ratio"":1.986,""diff_ratio"":9.446,""contact_probability"":0.06334159},{""index"":3,""time"":1.933,""score"":4.314,""rms_ratio"":2.15,""diff_ratio"":8.653,""contact_probability"":0.04254913},{""index"":4,""time"":2.562,""score"":3.773,""rms_ratio"":1.975,""diff_ratio"":7.208,""contact_probability"":0.03458324},{""index"":5,""time"":6.193,""score"":3.653,""rms_ratio"":2.557,""diff_ratio"":5.219,""contact_probability"":0.00131721},{""index"":6,""time"":2.037,""score"":3.314,""rms_ratio"":1.71,""diff_ratio"":6.425,""contact_probability"":0.02049892},{""index"":7,""time"":5.173,""score"":3.196,""rms_ratio"":1.613,""diff_ratio"":6.332,""contact_probability"":0.00242225},{""index"":8,""time"":5.758,""score"":3.089,""rms_ratio"":2.606,""diff_ratio"":3.661,""contact_probability"":0.00976633},{""index"":9,""time"":5.267,""score"":2.97,""rms_ratio"":2.57,""diff_ratio"":3.432,""contact_probability"":0.00061835},{""index"":10,""time"":5.372,""score"":2.697,""rms_ratio"":2.472,""diff_ratio"":2.943,""contact_probability"":0.00064128},{""index"":11,""time"":3.108,""score"":2.684,""rms_ratio"":1.276,""diff_ratio"":5.645,""contact_probability"":0.01881207},{""index"":12,""time"":4.782,""score"":2.638,""rms_ratio"":3.296,""diff_ratio"":2.112,""contact_probability"":0.00129957},{""index"":13,""time"":4.573,""score"":2.597,""rms_ratio"":2.506,""diff_ratio"":2.691,""contact_probability"":0.00214169},{""index"":14,""time"":6.097,""score"":2.56,""rms_ratio"":2.365,""diff_ratio"":2.77,""contact_probability"":0.00056269},{""index"":15,""time"":6.298,""score"":2.553,""rms_ratio"":2.589,""diff_ratio"":2.518,""contact_probability"":0.00140778},{""index"":16,""time"":5.847,""score"":2.409,""rms_ratio"":2.573,""diff_ratio"":2.255,""contact_probability"":0.00335495},{""index"":17,""time"":5.483,""score"":2.38,""rms_ratio"":2.689,""diff_ratio"":2.107,""contact_probability"":0.00092017},{""index"":18,""time"":6.948,""score"":2.371,""rms_ratio"":2.861,""diff_ratio"":1.965,""contact_probability"":9.5e-07},{""index"":19,""time"":4.992,""score"":2.367,""rms_ratio"":2.181,""diff_ratio"":2.568,""contact_probability"":0.00087914},{""index"":20,""time"":4.065,""score"":2.357,""rms_ratio"":2.438,""diff_ratio"":2.28,""contact_probability"":0.00377658},{""index"":21,""time"":4.392,""score"":2.34,""rms_ratio"":2.296,""diff_ratio"":2.384,""contact_probability"":0.00044368},{""index"":22,""time"":6.008,""score"":2.273,""rms_ratio"":2.289,""diff_ratio"":2.259,""contact_probability"":0.00102031},{""index"":23,""time"":5.573,""score"":2.226,""rms_ratio"":1.944,""diff_ratio"":2.55,""contact_probability"":0.0004839},{""index"":24,""time"":4.898,""score"":2.207,""rms_ratio"":2.03,""diff_ratio"":2.399,""contact_probability"":0.00118542}]",candidate_selected
1053,F_1161,dataset/fly_ball/Codex_Workstation/F_1161,2.0,no,,,0.25244123,,0.7833643177503908,24,"[{""index"":1,""time"":2.013,""score"":2.381,""rms_ratio"":2.763,""diff_ratio"":2.052,""contact_probability"":0.00088014},{""index"":2,""time"":1.957,""score"":2.358,""rms_ratio"":2.655,""diff_ratio"":2.094,""contact_probability"":0.00111269},{""index"":3,""time"":1.905,""score"":1.83,""rms_ratio"":2.413,""diff_ratio"":1.388,""contact_probability"":0.0018325},{""index"":4,""time"":2.102,""score"":2.477,""rms_ratio"":2.537,""diff_ratio"":2.42,""contact_probability"":0.00213529},{""index"":5,""time"":1.862,""score"":2.079,""rms_ratio"":2.487,""diff_ratio"":1.738,""contact_probability"":0.00067457},{""index"":6,""time"":2.188,""score"":2.291,""rms_ratio"":2.582,""diff_ratio"":2.034,""contact_probability"":0.00033166},{""index"":7,""time"":1.808,""score"":2.049,""rms_ratio"":2.232,""diff_ratio"":1.881,""contact_probability"":0.00090232},{""index"":8,""time"":2.243,""score"":4.122,""rms_ratio"":3.052,""diff_ratio"":5.567,""contact_probability"":0.00130172},{""index"":9,""time"":1.725,""score"":1.56,""rms_ratio"":2.205,""diff_ratio"":1.103,""contact_probability"":0.00037664},{""index"":10,""time"":2.328,""score"":3.763,""rms_ratio"":2.181,""diff_ratio"":6.493,""contact_probability"":0.00237523},{""index"":11,""time"":1.643,""score"":1.829,""rms_ratio"":1.804,""diff_ratio"":1.854,""contact_probability"":0.00111404},{""index"":12,""time"":2.398,""score"":1.998,""rms_ratio"":1.975,""diff_ratio"":2.02,""contact_probability"":0.00038029},{""index"":13,""time"":1.577,""score"":2.074,""rms_ratio"":2.011,""diff_ratio"":2.139,""contact_probability"":0.00087805},{""index"":14,""time"":2.475,""score"":1.552,""rms_ratio"":1.566,""diff_ratio"":1.538,""contact_probability"":0.00069921},{""index"":15,""time"":1.513,""score"":1.804,""rms_ratio"":2.01,""diff_ratio"":1.619,""contact_probability"":0.00169282},{""index"":16,""time"":1.038,""score"":2.711,""rms_ratio"":1.346,""diff_ratio"":5.459,""contact_probability"":0.04492298},{""index"":17,""time"":6.793,""score"":2.673,""rms_ratio"":1.432,""diff_ratio"":4.989,""contact_probability"":0.00500062},{""index"":18,""time"":3.062,""score"":2.44,""rms_ratio"":1.158,""diff_ratio"":5.138,""contact_probability"":0.25244123},{""index"":19,""time"":3.428,""score"":2.253,""rms_ratio"":1.302,""diff_ratio"":3.897,""contact_probability"":0.03945283},{""index"":20,""time"":5.363,""score"":2.211,""rms_ratio"":1.123,""diff_ratio"":4.353,""contact_probability"":0.10288706},{""index"":21,""time"":0.637,""score"":2.192,""rms_ratio"":1.128,""diff_ratio"":4.259,""contact_probability"":0.09260466},{""index"":22,""time"":4.523,""score"":2.068,""rms_ratio"":0.931,""diff_ratio"":4.279,""contact_probability"":0.08231869},{""index"":23,""time"":6.427,""score"":1.819,""rms_ratio"":2.252,""diff_ratio"":1.469,""contact_probability"":0.00396499},{""index"":24,""time"":3.803,""score"":1.787,""rms_ratio"":1.585,""diff_ratio"":2.015,""contact_probability"":0.13401924}]",best_candidate_below_threshold
1052,F_1160,dataset/fly_ball/Codex_Workstation/F_1160,2.0,no,,,0.31407481,,0.7833643177503908,24,"[{""index"":1,""time"":2.037,""score"":2.462,""rms_ratio"":3.338,""diff_ratio"":1.817,""contact_probability"":0.09033051},{""index"":2,""time"":1.957,""score"":1.388,""rms_ratio"":1.548,""diff_ratio"":1.244,""contact_probability"":0.00227718},{""index"":3,""time"":2.085,""score"":1.504,""rms_ratio"":1.582,""diff_ratio"":1.43,""contact_probability"":0.00632065},{""index"":4,""time"":1.852,""score"":1.309,""rms_ratio"":1.487,""diff_ratio"":1.151,""contact_probability"":0.00191642},{""index"":5,""time"":1.793,""score"":1.229,""rms_ratio"":0.744,""diff_ratio"":1.51,""contact_probability"":0.00030707},{""index"":6,""time"":2.237,""score"":1.316,""rms_ratio"":1.732,""diff_ratio"":0.723,""contact_probability"":0.00033687},{""index"":7,""time"":1.683,""score"":1.245,""rms_ratio"":1.112,""diff_ratio"":1.394,""contact_probability"":0.00129725},{""index"":8,""time"":2.318,""score"":2.179,""rms_ratio"":3.247,""diff_ratio"":1.462,""contact_probability"":0.01436574},{""index"":9,""time"":2.392,""score"":1.729,""rms_ratio"":1.794,""diff_ratio"":1.666,""contact_probability"":0.00185444},{""index"":10,""time"":1.523,""score"":1.423,""rms_ratio"":1.422,""diff_ratio"":1.423,""contact_probability"":0.01291128},{""index"":11,""time"":2.493,""score"":2.622,""rms_ratio"":1.381,""diff_ratio"":4.98,""contact_probability"":0.00404807},{""index"":12,""time"":1.472,""score"":1.855,""rms_ratio"":1.12,""diff_ratio"":3.072,""contact_probability"":0.00705498},{""index"":13,""time"":2.553,""score"":1.239,""rms_ratio"":1.249,""diff_ratio"":1.229,""contact_probability"":0.00151668},{""index"":14,""time"":5.977,""score"":3.194,""rms_ratio"":1.42,""diff_ratio"":7.184,""contact_probability"":0.04405729},{""index"":15,""time"":4.733,""score"":3.064,""rms_ratio"":1.472,""diff_ratio"":6.378,""contact_probability"":0.31407481},{""index"":16,""time"":6.177,""score"":2.842,""rms_ratio"":1.466,""diff_ratio"":5.512,""contact_probability"":0.05135783},{""index"":17,""time"":4.923,""score"":2.4,""rms_ratio"":2.169,""diff_ratio"":2.657,""contact_probability"":0.13303441},{""index"":18,""time"":5.392,""score"":2.356,""rms_ratio"":1.302,""diff_ratio"":4.26,""contact_probability"":0.0049059},{""index"":19,""time"":6.847,""score"":2.306,""rms_ratio"":1.335,""diff_ratio"":3.983,""contact_probability"":9.236e-05},{""index"":20,""time"":0.538,""score"":2.296,""rms_ratio"":1.163,""diff_ratio"":4.534,""contact_probability"":0.01010867},{""index"":21,""time"":5.582,""score"":2.272,""rms_ratio"":1.341,""diff_ratio"":3.85,""contact_probability"":0.00571815},{""index"":22,""time"":4.543,""score"":2.002,""rms_ratio"":2.004,""diff_ratio"":2.001,""contact_probability"":0.00466094},{""index"":23,""time"":6.713,""score"":1.904,""rms_ratio"":1.987,""diff_ratio"":1.825,""contact_probability"":0.02975956},{""index"":24,""time"":5.302,""score"":1.778,""rms_ratio"":1.507,""diff_ratio"":2.098,""contact_probability"":0.00767488}]",best_candidate_below_threshold
1051,F_1159,dataset/fly_ball/Codex_Workstation/F_1159,1.7,yes,4,5.738,0.99999861,9.462,0.7833643177503908,24,"[{""index"":1,""time"":1.722,""score"":15.692,""rms_ratio"":9.41,""diff_ratio"":26.167,""contact_probability"":0.99999005},{""index"":2,""time"":1.812,""score"":1.153,""rms_ratio"":0.697,""diff_ratio"":1.33,""contact_probability"":0.00045765},{""index"":3,""time"":1.322,""score"":1.717,""rms_ratio"":1.4,""diff_ratio"":2.104,""contact_probability"":0.38496765},{""index"":4,""time"":5.738,""score"":9.462,""rms_ratio"":4.84,""diff_ratio"":18.499,""contact_probability"":0.99999861},{""index"":5,""time"":3.612,""score"":5.953,""rms_ratio"":4.507,""diff_ratio"":7.863,""contact_probability"":0.63608943},{""index"":6,""time"":3.178,""score"":5.362,""rms_ratio"":3.693,""diff_ratio"":7.786,""contact_probability"":0.14093434},{""index"":7,""time"":4.137,""score"":5.307,""rms_ratio"":4.208,""diff_ratio"":6.692,""contact_probability"":0.40891406},{""index"":8,""time"":5.628,""score"":5.199,""rms_ratio"":3.584,""diff_ratio"":7.542,""contact_probability"":0.0185034},{""index"":9,""time"":5.79,""score"":5.022,""rms_ratio"":3.536,""diff_ratio"":7.133,""contact_probability"":0.10867759},{""index"":10,""time"":4.287,""score"":4.94,""rms_ratio"":3.543,""diff_ratio"":6.888,""contact_probability"":0.13601129},{""index"":11,""time"":5.508,""score"":4.844,""rms_ratio"":3.23,""diff_ratio"":7.266,""contact_probability"":0.00323717},{""index"":12,""time"":6.028,""score"":4.756,""rms_ratio"":3.977,""diff_ratio"":5.687,""contact_probability"":0.2587225},{""index"":13,""time"":3.342,""score"":4.701,""rms_ratio"":3.316,""diff_ratio"":6.666,""contact_probability"":0.16177393},{""index"":14,""time"":5.938,""score"":4.511,""rms_ratio"":2.305,""diff_ratio"":8.829,""contact_probability"":0.01852646},{""index"":15,""time"":4.762,""score"":4.445,""rms_ratio"":3.331,""diff_ratio"":5.931,""contact_probability"":0.01230266},{""index"":16,""time"":3.938,""score"":4.156,""rms_ratio"":3.623,""diff_ratio"":4.768,""contact_probability"":0.15783399},{""index"":17,""time"":2.938,""score"":3.969,""rms_ratio"":3.725,""diff_ratio"":4.229,""contact_probability"":0.29962435},{""index"":18,""time"":4.907,""score"":3.711,""rms_ratio"":3.262,""diff_ratio"":4.222,""contact_probability"":0.02075588},{""index"":19,""time"":4.628,""score"":3.705,""rms_ratio"":2.058,""diff_ratio"":6.67,""contact_probability"":0.00288078},{""index"":20,""time"":4.543,""score"":3.601,""rms_ratio"":3.568,""diff_ratio"":3.633,""contact_probability"":0.01115625},{""index"":21,""time"":4.865,""score"":3.488,""rms_ratio"":3.676,""diff_ratio"":3.31,""contact_probability"":0.02392583},{""index"":22,""time"":5.312,""score"":3.405,""rms_ratio"":4.242,""diff_ratio"":2.732,""contact_probability"":0.008903},{""index"":23,""time"":5.073,""score"":3.37,""rms_ratio"":3.4,""diff_ratio"":3.34,""contact_probability"":0.06007454},{""index"":24,""time"":2.885,""score"":3.301,""rms_ratio"":2.367,""diff_ratio"":4.604,""contact_probability"":0.02035488}]",candidate_selected
1050,F_1158,dataset/fly_ball/Codex_Workstation/F_1158,1.7,yes,1,1.722,0.99999156,15.808,0.7833643177503908,24,"[{""index"":1,""time"":1.722,""score"":15.808,""rms_ratio"":9.085,""diff_ratio"":27.507,""contact_probability"":0.99999156},{""index"":2,""time"":1.817,""score"":1.623,""rms_ratio"":0.795,""diff_ratio"":2.636,""contact_probability"":0.00064779},{""index"":3,""time"":2.088,""score"":1.673,""rms_ratio"":1.309,""diff_ratio"":2.137,""contact_probability"":0.03026575},{""index"":4,""time"":2.152,""score"":1.26,""rms_ratio"":0.854,""diff_ratio"":1.588,""contact_probability"":0.00281508},{""index"":5,""time"":2.273,""score"":1.461,""rms_ratio"":0.929,""diff_ratio"":2.134,""contact_probability"":0.0010429},{""index"":6,""time"":5.782,""score"":6.059,""rms_ratio"":3.192,""diff_ratio"":11.502,""contact_probability"":0.79765646},{""index"":7,""time"":6.827,""score"":4.373,""rms_ratio"":1.955,""diff_ratio"":9.782,""contact_probability"":0.00459416},{""index"":8,""time"":6.537,""score"":4.345,""rms_ratio"":2.946,""diff_ratio"":6.409,""contact_probability"":0.02184513},{""index"":9,""time"":5.597,""score"":4.287,""rms_ratio"":2.077,""diff_ratio"":8.847,""contact_probability"":0.00476621},{""index"":10,""time"":5.358,""score"":4.011,""rms_ratio"":3.09,""diff_ratio"":5.208,""contact_probability"":0.54290108},{""index"":11,""time"":6.088,""score"":3.408,""rms_ratio"":2.88,""diff_ratio"":4.034,""contact_probability"":0.00154982},{""index"":12,""time"":6.412,""score"":3.132,""rms_ratio"":2.015,""diff_ratio"":4.867,""contact_probability"":0.0008561},{""index"":13,""time"":5.948,""score"":2.942,""rms_ratio"":1.915,""diff_ratio"":4.52,""contact_probability"":0.00048549},{""index"":14,""time"":6.207,""score"":2.933,""rms_ratio"":2.73,""diff_ratio"":3.151,""contact_probability"":0.00043914},{""index"":15,""time"":5.698,""score"":2.831,""rms_ratio"":2.022,""diff_ratio"":3.963,""contact_probability"":0.01787042},{""index"":16,""time"":5.492,""score"":2.758,""rms_ratio"":1.997,""diff_ratio"":3.809,""contact_probability"":0.00084799},{""index"":17,""time"":6.633,""score"":2.728,""rms_ratio"":2.062,""diff_ratio"":3.608,""contact_probability"":0.00134836},{""index"":18,""time"":3.568,""score"":2.696,""rms_ratio"":2.524,""diff_ratio"":2.88,""contact_probability"":0.00305047},{""index"":19,""time"":6.17,""score"":2.609,""rms_ratio"":2.355,""diff_ratio"":2.891,""contact_probability"":0.00039926},{""index"":20,""time"":6.318,""score"":2.587,""rms_ratio"":2.302,""diff_ratio"":2.906,""contact_probability"":0.00045236},{""index"":21,""time"":6.03,""score"":2.574,""rms_ratio"":1.856,""diff_ratio"":3.57,""contact_probability"":0.00058777},{""index"":22,""time"":3.408,""score"":2.517,""rms_ratio"":1.927,""diff_ratio"":3.287,""contact_probability"":0.00295363},{""index"":23,""time"":0.153,""score"":2.502,""rms_ratio"":1.391,""diff_ratio"":4.499,""contact_probability"":0.14977812},{""index"":24,""time"":3.098,""score"":2.464,""rms_ratio"":2.117,""diff_ratio"":2.868,""contact_probability"":0.02063378}]",candidate_selected
1049,F_1157,dataset/fly_ball/Codex_Workstation/F_1157,2.0,yes,13,1.188,0.99813692,5.147,0.7833643177503908,24,"[{""index"":1,""time"":1.972,""score"":1.268,""rms_ratio"":0.634,""diff_ratio"":1.609,""contact_probability"":9.481e-05},{""index"":2,""time"":2.033,""score"":2.88,""rms_ratio"":2.681,""diff_ratio"":3.094,""contact_probability"":0.018332},{""index"":3,""time"":2.108,""score"":2.073,""rms_ratio"":1.91,""diff_ratio"":2.249,""contact_probability"":0.00059702},{""index"":4,""time"":1.827,""score"":1.848,""rms_ratio"":1.465,""diff_ratio"":2.333,""contact_probability"":0.00300329},{""index"":5,""time"":2.197,""score"":2.204,""rms_ratio"":1.695,""diff_ratio"":2.865,""contact_probability"":0.00079278},{""index"":6,""time"":1.773,""score"":2.111,""rms_ratio"":1.965,""diff_ratio"":2.267,""contact_probability"":0.08692597},{""index"":7,""time"":2.273,""score"":2.937,""rms_ratio"":1.689,""diff_ratio"":5.108,""contact_probability"":0.00627178},{""index"":8,""time"":2.338,""score"":1.853,""rms_ratio"":1.651,""diff_ratio"":2.08,""contact_probability"":0.00235563},{""index"":9,""time"":2.402,""score"":1.792,""rms_ratio"":1.623,""diff_ratio"":1.978,""contact_probability"":0.00033638},{""index"":10,""time"":2.487,""score"":2.431,""rms_ratio"":1.788,""diff_ratio"":3.306,""contact_probability"":0.00154587},{""index"":11,""time"":2.553,""score"":2.32,""rms_ratio"":2.299,""diff_ratio"":2.342,""contact_probability"":0.00049259},{""index"":12,""time"":1.428,""score"":1.193,""rms_ratio"":1.423,""diff_ratio"":0.854,""contact_probability"":0.00513429},{""index"":13,""time"":1.188,""score"":5.147,""rms_ratio"":2.789,""diff_ratio"":9.499,""contact_probability"":0.99813692},{""index"":14,""time"":3.882,""score"":2.586,""rms_ratio"":1.555,""diff_ratio"":4.302,""contact_probability"":0.0011686},{""index"":15,""time"":4.182,""score"":2.527,""rms_ratio"":1.332,""diff_ratio"":4.792,""contact_probability"":0.00585238},{""index"":16,""time"":3.727,""score"":2.435,""rms_ratio"":1.3,""diff_ratio"":4.56,""contact_probability"":0.00186333},{""index"":17,""time"":6.488,""score"":2.244,""rms_ratio"":2.604,""diff_ratio"":1.934,""contact_probability"":0.00408898},{""index"":18,""time"":3.307,""score"":2.226,""rms_ratio"":2.682,""diff_ratio"":1.848,""contact_probability"":0.00977725},{""index"":19,""time"":6.637,""score"":2.209,""rms_ratio"":2.379,""diff_ratio"":2.051,""contact_probability"":0.02578591},{""index"":20,""time"":4.312,""score"":2.173,""rms_ratio"":2.559,""diff_ratio"":1.845,""contact_probability"":0.00265309},{""index"":21,""time"":0.733,""score"":2.171,""rms_ratio"":0.998,""diff_ratio"":4.712,""contact_probability"":0.44467458},{""index"":22,""time"":2.628,""score"":2.103,""rms_ratio"":1.799,""diff_ratio"":2.459,""contact_probability"":0.00043209},{""index"":23,""time"":2.928,""score"":2.103,""rms_ratio"":2.07,""diff_ratio"":2.137,""contact_probability"":0.00051456},{""index"":24,""time"":4.037,""score"":2.007,""rms_ratio"":2.012,""diff_ratio"":2.002,""contact_probability"":0.00450632}]",candidate_selected
1048,F_1156,dataset/fly_ball/Codex_Workstation/F_1156,1.86,yes,1,1.878,0.99974884,13.561,0.7833643177503908,24,"[{""index"":1,""time"":1.878,""score"":13.561,""rms_ratio"":8.046,""diff_ratio"":22.857,""contact_probability"":0.99974884},{""index"":2,""time"":1.628,""score"":1.265,""rms_ratio"":0.699,""diff_ratio"":1.6,""contact_probability"":0.00046797},{""index"":3,""time"":2.253,""score"":1.17,""rms_ratio"":1.368,""diff_ratio"":0.868,""contact_probability"":0.00371163},{""index"":4,""time"":6.867,""score"":3.059,""rms_ratio"":2.966,""diff_ratio"":3.154,""contact_probability"":0.00022812},{""index"":5,""time"":4.887,""score"":2.981,""rms_ratio"":2.769,""diff_ratio"":3.208,""contact_probability"":0.02346998},{""index"":6,""time"":4.168,""score"":2.661,""rms_ratio"":2.311,""diff_ratio"":3.063,""contact_probability"":0.03783867},{""index"":7,""time"":5.242,""score"":2.485,""rms_ratio"":2.534,""diff_ratio"":2.437,""contact_probability"":0.01525367},{""index"":8,""time"":3.588,""score"":2.394,""rms_ratio"":2.62,""diff_ratio"":2.188,""contact_probability"":0.01708853},{""index"":9,""time"":4.577,""score"":2.309,""rms_ratio"":2.412,""diff_ratio"":2.21,""contact_probability"":0.0129085},{""index"":10,""time"":3.812,""score"":2.126,""rms_ratio"":2.21,""diff_ratio"":2.044,""contact_probability"":0.02927705},{""index"":11,""time"":6.713,""score"":2.048,""rms_ratio"":2.178,""diff_ratio"":1.926,""contact_probability"":0.00083354},{""index"":12,""time"":4.63,""score"":2.022,""rms_ratio"":1.785,""diff_ratio"":2.291,""contact_probability"":0.00777776},{""index"":13,""time"":3.477,""score"":1.941,""rms_ratio"":1.923,""diff_ratio"":1.961,""contact_probability"":0.01233105},{""index"":14,""time"":2.803,""score"":1.914,""rms_ratio"":1.845,""diff_ratio"":1.986,""contact_probability"":0.00417485},{""index"":15,""time"":2.922,""score"":1.887,""rms_ratio"":2.089,""diff_ratio"":1.704,""contact_probability"":0.00056763},{""index"":16,""time"":5.528,""score"":1.833,""rms_ratio"":2.004,""diff_ratio"":1.676,""contact_probability"":0.00035963},{""index"":17,""time"":6.012,""score"":1.793,""rms_ratio"":1.702,""diff_ratio"":1.888,""contact_probability"":0.00059027},{""index"":18,""time"":6.552,""score"":1.765,""rms_ratio"":1.992,""diff_ratio"":1.564,""contact_probability"":0.00050189},{""index"":19,""time"":3.013,""score"":1.76,""rms_ratio"":1.65,""diff_ratio"":1.876,""contact_probability"":0.00232755},{""index"":20,""time"":4.668,""score"":1.747,""rms_ratio"":1.536,""diff_ratio"":1.987,""contact_probability"":0.00077332},{""index"":21,""time"":5.628,""score"":1.744,""rms_ratio"":1.765,""diff_ratio"":1.724,""contact_probability"":0.00026594},{""index"":22,""time"":4.077,""score"":1.71,""rms_ratio"":1.216,""diff_ratio"":2.404,""contact_probability"":0.00056734},{""index"":23,""time"":4.253,""score"":1.697,""rms_ratio"":1.594,""diff_ratio"":1.806,""contact_probability"":0.00102166},{""index"":24,""time"":3.277,""score"":1.69,""rms_ratio"":1.69,""diff_ratio"":1.689,""contact_probability"":0.00437596}]",candidate_selected
1047,F_1155,dataset/fly_ball/Codex_Workstation/F_1155,2.0,no,,,0.39803001,,0.7833643177503908,24,"[{""index"":1,""time"":2.023,""score"":2.746,""rms_ratio"":3.89,""diff_ratio"":1.938,""contact_probability"":0.02189124},{""index"":2,""time"":1.893,""score"":3.042,""rms_ratio"":3.69,""diff_ratio"":2.507,""contact_probability"":0.05399531},{""index"":3,""time"":1.753,""score"":1.992,""rms_ratio"":1.064,""diff_ratio"":3.731,""contact_probability"":0.00878459},{""index"":4,""time"":2.273,""score"":1.631,""rms_ratio"":1.712,""diff_ratio"":1.553,""contact_probability"":0.01153575},{""index"":5,""time"":1.702,""score"":2.738,""rms_ratio"":1.429,""diff_ratio"":5.245,""contact_probability"":0.01272753},{""index"":6,""time"":1.648,""score"":2.009,""rms_ratio"":0.972,""diff_ratio"":4.035,""contact_probability"":0.00253215},{""index"":7,""time"":1.597,""score"":3.622,""rms_ratio"":1.866,""diff_ratio"":7.031,""contact_probability"":0.00810534},{""index"":8,""time"":2.408,""score"":2.009,""rms_ratio"":1.07,""diff_ratio"":3.773,""contact_probability"":0.00408969},{""index"":9,""time"":1.518,""score"":1.367,""rms_ratio"":1.066,""diff_ratio"":1.753,""contact_probability"":0.00025764},{""index"":10,""time"":2.487,""score"":3.291,""rms_ratio"":1.782,""diff_ratio"":6.077,""contact_probability"":0.11281002},{""index"":11,""time"":1.457,""score"":1.975,""rms_ratio"":2.15,""diff_ratio"":1.814,""contact_probability"":0.00292348},{""index"":12,""time"":2.547,""score"":2.37,""rms_ratio"":3.144,""diff_ratio"":1.786,""contact_probability"":0.12535468},{""index"":13,""time"":1.405,""score"":1.387,""rms_ratio"":1.255,""diff_ratio"":1.534,""contact_probability"":0.005515},{""index"":14,""time"":1.347,""score"":3.248,""rms_ratio"":3.522,""diff_ratio"":2.995,""contact_probability"":0.39803001},{""index"":15,""time"":0.577,""score"":3.242,""rms_ratio"":3.423,""diff_ratio"":3.071,""contact_probability"":0.28058139},{""index"":16,""time"":0.052,""score"":2.701,""rms_ratio"":3.204,""diff_ratio"":2.277,""contact_probability"":0.35807277},{""index"":17,""time"":4.102,""score"":2.7,""rms_ratio"":2.716,""diff_ratio"":2.683,""contact_probability"":0.01346017},{""index"":18,""time"":5.162,""score"":2.616,""rms_ratio"":2.811,""diff_ratio"":2.435,""contact_probability"":0.00145781},{""index"":19,""time"":3.977,""score"":2.59,""rms_ratio"":2.827,""diff_ratio"":2.372,""contact_probability"":0.03853961},{""index"":20,""time"":5.062,""score"":2.584,""rms_ratio"":2.99,""diff_ratio"":2.233,""contact_probability"":0.00069421},{""index"":21,""time"":4.872,""score"":2.401,""rms_ratio"":1.207,""diff_ratio"":4.779,""contact_probability"":0.00383069},{""index"":22,""time"":5.247,""score"":2.328,""rms_ratio"":2.836,""diff_ratio"":1.911,""contact_probability"":0.00148392},{""index"":23,""time"":4.282,""score"":2.167,""rms_ratio"":1.265,""diff_ratio"":3.712,""contact_probability"":0.00154259},{""index"":24,""time"":4.648,""score"":2.127,""rms_ratio"":1.937,""diff_ratio"":2.336,""contact_probability"":0.02233678}]",best_candidate_below_threshold
1046,F_1153,dataset/fly_ball/Codex_Workstation/F_1153,3.004,yes,16,0.198,0.96551466,4.116,0.7833643177503908,24,"[{""index"":1,""time"":3.023,""score"":2.956,""rms_ratio"":3.017,""diff_ratio"":2.896,""contact_probability"":0.10794904},{""index"":2,""time"":3.088,""score"":1.753,""rms_ratio"":1.682,""diff_ratio"":1.828,""contact_probability"":0.00177869},{""index"":3,""time"":2.91,""score"":1.215,""rms_ratio"":0.934,""diff_ratio"":1.475,""contact_probability"":0.00028654},{""index"":4,""time"":3.162,""score"":1.637,""rms_ratio"":1.449,""diff_ratio"":1.851,""contact_probability"":0.00037674},{""index"":5,""time"":2.807,""score"":1.855,""rms_ratio"":1.776,""diff_ratio"":1.939,""contact_probability"":0.00478521},{""index"":6,""time"":3.213,""score"":1.748,""rms_ratio"":1.457,""diff_ratio"":2.097,""contact_probability"":0.000112},{""index"":7,""time"":2.745,""score"":1.412,""rms_ratio"":1.406,""diff_ratio"":1.417,""contact_probability"":0.00167646},{""index"":8,""time"":3.287,""score"":1.604,""rms_ratio"":1.26,""diff_ratio"":2.041,""contact_probability"":0.00019683},{""index"":9,""time"":3.338,""score"":1.802,""rms_ratio"":1.502,""diff_ratio"":2.162,""contact_probability"":0.00046612},{""index"":10,""time"":2.658,""score"":1.938,""rms_ratio"":2.56,""diff_ratio"":1.467,""contact_probability"":0.01412275},{""index"":11,""time"":2.598,""score"":3.859,""rms_ratio"":1.944,""diff_ratio"":7.661,""contact_probability"":0.13982066},{""index"":12,""time"":3.418,""score"":1.619,""rms_ratio"":1.569,""diff_ratio"":1.67,""contact_probability"":0.00287815},{""index"":13,""time"":3.537,""score"":1.969,""rms_ratio"":2.022,""diff_ratio"":1.917,""contact_probability"":0.02651462},{""index"":14,""time"":2.443,""score"":1.523,""rms_ratio"":1.226,""diff_ratio"":1.892,""contact_probability"":0.00014303},{""index"":15,""time"":2.405,""score"":1.357,""rms_ratio"":1.326,""diff_ratio"":1.388,""contact_probability"":0.00156693},{""index"":16,""time"":0.198,""score"":4.116,""rms_ratio"":2.836,""diff_ratio"":5.974,""contact_probability"":0.96551466},{""index"":17,""time"":5.497,""score"":3.876,""rms_ratio"":1.808,""diff_ratio"":8.308,""contact_probability"":0.09026475},{""index"":18,""time"":4.017,""score"":3.54,""rms_ratio"":1.836,""diff_ratio"":6.825,""contact_probability"":0.06151091},{""index"":19,""time"":4.262,""score"":3.531,""rms_ratio"":1.639,""diff_ratio"":7.606,""contact_probability"":0.03918391},{""index"":20,""time"":1.438,""score"":3.221,""rms_ratio"":1.463,""diff_ratio"":7.092,""contact_probability"":0.05140497},{""index"":21,""time"":4.347,""score"":2.805,""rms_ratio"":1.285,""diff_ratio"":6.12,""contact_probability"":0.02617978},{""index"":22,""time"":5.588,""score"":2.547,""rms_ratio"":1.239,""diff_ratio"":5.234,""contact_probability"":0.01079458},{""index"":23,""time"":1.39,""score"":2.459,""rms_ratio"":1.126,""diff_ratio"":5.369,""contact_probability"":0.02297306},{""index"":24,""time"":3.842,""score"":2.433,""rms_ratio"":2.876,""diff_ratio"":2.058,""contact_probability"":0.17657978}]",candidate_selected
1045,F_1152,dataset/fly_ball/Codex_Workstation/F_1152,2.0,no,,,0.61172236,,0.7833643177503908,24,"[{""index"":1,""time"":1.972,""score"":3.227,""rms_ratio"":1.141,""diff_ratio"":9.123,""contact_probability"":0.07364621},{""index"":2,""time"":2.057,""score"":1.525,""rms_ratio"":1.942,""diff_ratio"":1.199,""contact_probability"":0.00834678},{""index"":3,""time"":1.898,""score"":4.219,""rms_ratio"":1.458,""diff_ratio"":12.208,""contact_probability"":0.27859658},{""index"":4,""time"":2.128,""score"":2.085,""rms_ratio"":1.893,""diff_ratio"":2.296,""contact_probability"":0.06028118},{""index"":5,""time"":2.207,""score"":1.471,""rms_ratio"":1.554,""diff_ratio"":1.392,""contact_probability"":0.0040679},{""index"":6,""time"":1.763,""score"":1.65,""rms_ratio"":1.527,""diff_ratio"":1.783,""contact_probability"":0.00041422},{""index"":7,""time"":1.663,""score"":2.316,""rms_ratio"":1.988,""diff_ratio"":2.7,""contact_probability"":0.0126991},{""index"":8,""time"":1.582,""score"":2.676,""rms_ratio"":1.244,""diff_ratio"":5.76,""contact_probability"":0.0063411},{""index"":9,""time"":2.422,""score"":1.887,""rms_ratio"":2.12,""diff_ratio"":1.678,""contact_probability"":0.08647109},{""index"":10,""time"":2.497,""score"":2.581,""rms_ratio"":0.658,""diff_ratio"":6.663,""contact_probability"":0.04760521},{""index"":11,""time"":1.428,""score"":2.079,""rms_ratio"":2.679,""diff_ratio"":1.614,""contact_probability"":0.0203463},{""index"":12,""time"":2.598,""score"":2.038,""rms_ratio"":0.688,""diff_ratio"":4.155,""contact_probability"":0.61172236},{""index"":13,""time"":0.543,""score"":3.521,""rms_ratio"":1.154,""diff_ratio"":10.739,""contact_probability"":0.27822594},{""index"":14,""time"":0.002,""score"":2.925,""rms_ratio"":1.806,""diff_ratio"":4.739,""contact_probability"":0.21625271},{""index"":15,""time"":1.148,""score"":2.722,""rms_ratio"":2.341,""diff_ratio"":3.166,""contact_probability"":0.04927762},{""index"":16,""time"":6.807,""score"":2.441,""rms_ratio"":2.523,""diff_ratio"":2.362,""contact_probability"":0.02454839},{""index"":17,""time"":0.938,""score"":2.423,""rms_ratio"":2.597,""diff_ratio"":2.261,""contact_probability"":0.01426886},{""index"":18,""time"":6.318,""score"":2.374,""rms_ratio"":2.371,""diff_ratio"":2.377,""contact_probability"":0.06984414},{""index"":19,""time"":1.263,""score"":2.269,""rms_ratio"":1.893,""diff_ratio"":2.719,""contact_probability"":0.00651991},{""index"":20,""time"":6.617,""score"":2.231,""rms_ratio"":1.984,""diff_ratio"":2.509,""contact_probability"":0.1439564},{""index"":21,""time"":0.407,""score"":2.226,""rms_ratio"":1.85,""diff_ratio"":2.68,""contact_probability"":0.01309727},{""index"":22,""time"":2.842,""score"":2.166,""rms_ratio"":2.41,""diff_ratio"":1.948,""contact_probability"":0.03649249},{""index"":23,""time"":4.773,""score"":2.15,""rms_ratio"":2.594,""diff_ratio"":1.782,""contact_probability"":0.03387715},{""index"":24,""time"":5.188,""score"":2.13,""rms_ratio"":2.227,""diff_ratio"":2.037,""contact_probability"":0.01017098}]",best_candidate_below_threshold
1044,F_1151,dataset/fly_ball/Codex_Workstation/F_1151,2.0,yes,12,1.477,0.79829916,4.356,0.7833643177503908,24,"[{""index"":1,""time"":2.023,""score"":2.153,""rms_ratio"":2.094,""diff_ratio"":2.213,""contact_probability"":0.03088985},{""index"":2,""time"":2.082,""score"":1.46,""rms_ratio"":1.31,""diff_ratio"":1.627,""contact_probability"":0.00078117},{""index"":3,""time"":1.908,""score"":1.501,""rms_ratio"":0.598,""diff_ratio"":2.254,""contact_probability"":0.00016529},{""index"":4,""time"":2.142,""score"":1.668,""rms_ratio"":1.636,""diff_ratio"":1.7,""contact_probability"":0.00092601},{""index"":5,""time"":1.842,""score"":1.334,""rms_ratio"":1.311,""diff_ratio"":1.358,""contact_probability"":0.00621834},{""index"":6,""time"":2.233,""score"":1.761,""rms_ratio"":1.472,""diff_ratio"":2.105,""contact_probability"":0.00065071},{""index"":7,""time"":1.758,""score"":1.532,""rms_ratio"":1.787,""diff_ratio"":1.313,""contact_probability"":0.00227375},{""index"":8,""time"":2.31,""score"":1.225,""rms_ratio"":0.908,""diff_ratio"":1.5,""contact_probability"":0.0002908},{""index"":9,""time"":2.352,""score"":1.335,""rms_ratio"":1.201,""diff_ratio"":1.483,""contact_probability"":0.00139072},{""index"":10,""time"":1.628,""score"":1.442,""rms_ratio"":1.344,""diff_ratio"":1.548,""contact_probability"":0.00089688},{""index"":11,""time"":1.553,""score"":1.904,""rms_ratio"":1.932,""diff_ratio"":1.877,""contact_probability"":0.03473644},{""index"":12,""time"":1.477,""score"":4.356,""rms_ratio"":1.629,""diff_ratio"":11.643,""contact_probability"":0.79829916},{""index"":13,""time"":2.557,""score"":1.672,""rms_ratio"":2.466,""diff_ratio"":1.133,""contact_probability"":0.04466887},{""index"":14,""time"":2.912,""score"":3.797,""rms_ratio"":1.674,""diff_ratio"":8.611,""contact_probability"":0.23680845},{""index"":15,""time"":0.652,""score"":2.673,""rms_ratio"":1.973,""diff_ratio"":3.622,""contact_probability"":0.19017944},{""index"":16,""time"":4.028,""score"":2.187,""rms_ratio"":1.094,""diff_ratio"":4.374,""contact_probability"":0.01690419},{""index"":17,""time"":3.273,""score"":2.162,""rms_ratio"":2.583,""diff_ratio"":1.81,""contact_probability"":0.02929132},{""index"":18,""time"":5.182,""score"":2.03,""rms_ratio"":2.108,""diff_ratio"":1.954,""contact_probability"":0.00461563},{""index"":19,""time"":5.698,""score"":1.99,""rms_ratio"":0.838,""diff_ratio"":3.962,""contact_probability"":0.00334699},{""index"":20,""time"":0.002,""score"":1.981,""rms_ratio"":1.408,""diff_ratio"":2.786,""contact_probability"":0.04508722},{""index"":21,""time"":6.738,""score"":1.98,""rms_ratio"":1.743,""diff_ratio"":2.249,""contact_probability"":0.03837867},{""index"":22,""time"":4.343,""score"":1.917,""rms_ratio"":1.717,""diff_ratio"":2.141,""contact_probability"":0.00315745},{""index"":23,""time"":5.323,""score"":1.895,""rms_ratio"":1.864,""diff_ratio"":1.926,""contact_probability"":0.00230933},{""index"":24,""time"":5.883,""score"":1.886,""rms_ratio"":1.131,""diff_ratio"":3.147,""contact_probability"":0.01933521}]",candidate_selected
1043,F_1150,dataset/fly_ball/Codex_Workstation/F_1150,2.0,yes,1,2.017,0.99952987,4.697,0.7833643177503908,24,"[{""index"":1,""time"":2.017,""score"":4.697,""rms_ratio"":4.011,""diff_ratio"":5.5,""contact_probability"":0.99952987},{""index"":2,""time"":1.965,""score"":1.54,""rms_ratio"":1.244,""diff_ratio"":1.906,""contact_probability"":0.00623518},{""index"":3,""time"":2.078,""score"":1.319,""rms_ratio"":1.108,""diff_ratio"":1.569,""contact_probability"":0.00210336},{""index"":4,""time"":1.903,""score"":1.875,""rms_ratio"":1.548,""diff_ratio"":2.271,""contact_probability"":0.0146087},{""index"":5,""time"":2.227,""score"":1.566,""rms_ratio"":2.452,""diff_ratio"":0.448,""contact_probability"":0.01306911},{""index"":6,""time"":1.763,""score"":1.332,""rms_ratio"":1.252,""diff_ratio"":1.418,""contact_probability"":0.00083377},{""index"":7,""time"":1.668,""score"":1.483,""rms_ratio"":1.364,""diff_ratio"":1.612,""contact_probability"":0.00191043},{""index"":8,""time"":2.352,""score"":1.483,""rms_ratio"":1.396,""diff_ratio"":1.576,""contact_probability"":0.01093521},{""index"":9,""time"":1.567,""score"":1.539,""rms_ratio"":1.622,""diff_ratio"":1.461,""contact_probability"":0.01316553},{""index"":10,""time"":2.463,""score"":1.407,""rms_ratio"":0.911,""diff_ratio"":1.981,""contact_probability"":0.06810643},{""index"":11,""time"":2.523,""score"":1.677,""rms_ratio"":1.247,""diff_ratio"":2.256,""contact_probability"":0.00492756},{""index"":12,""time"":1.457,""score"":1.54,""rms_ratio"":2.373,""diff_ratio"":0.534,""contact_probability"":0.02048426},{""index"":13,""time"":4.367,""score"":2.142,""rms_ratio"":1.277,""diff_ratio"":3.592,""contact_probability"":0.00213457},{""index"":14,""time"":6.298,""score"":2.018,""rms_ratio"":2.145,""diff_ratio"":1.899,""contact_probability"":0.00503691},{""index"":15,""time"":0.312,""score"":1.93,""rms_ratio"":1.665,""diff_ratio"":2.238,""contact_probability"":0.00291561},{""index"":16,""time"":0.623,""score"":1.823,""rms_ratio"":1.538,""diff_ratio"":2.162,""contact_probability"":0.00171961},{""index"":17,""time"":1.133,""score"":1.807,""rms_ratio"":1.852,""diff_ratio"":1.764,""contact_probability"":0.02169126},{""index"":18,""time"":6.182,""score"":1.787,""rms_ratio"":1.479,""diff_ratio"":2.158,""contact_probability"":0.00073734},{""index"":19,""time"":6.782,""score"":1.76,""rms_ratio"":1.866,""diff_ratio"":1.66,""contact_probability"":0.00255051},{""index"":20,""time"":6.468,""score"":1.734,""rms_ratio"":1.536,""diff_ratio"":1.958,""contact_probability"":0.00028075},{""index"":21,""time"":6.135,""score"":1.722,""rms_ratio"":1.229,""diff_ratio"":2.414,""contact_probability"":0.00038951},{""index"":22,""time"":6.097,""score"":1.713,""rms_ratio"":1.437,""diff_ratio"":2.042,""contact_probability"":0.00031229},{""index"":23,""time"":0.728,""score"":1.676,""rms_ratio"":1.659,""diff_ratio"":1.693,""contact_probability"":0.00107742},{""index"":24,""time"":0.882,""score"":1.643,""rms_ratio"":1.516,""diff_ratio"":1.781,""contact_probability"":0.0122842}]",candidate_selected
1042,F_1149,dataset/fly_ball/Codex_Workstation/F_1149,2.0,yes,1,2.017,0.80185808,2.868,0.7833643177503908,24,"[{""index"":1,""time"":2.017,""score"":2.868,""rms_ratio"":2.801,""diff_ratio"":2.936,""contact_probability"":0.80185808},{""index"":2,""time"":2.128,""score"":1.54,""rms_ratio"":1.523,""diff_ratio"":1.557,""contact_probability"":0.00723265},{""index"":3,""time"":2.197,""score"":1.156,""rms_ratio"":1.336,""diff_ratio"":0.901,""contact_probability"":0.00041636},{""index"":4,""time"":2.267,""score"":2.854,""rms_ratio"":1.889,""diff_ratio"":4.311,""contact_probability"":0.17724706},{""index"":5,""time"":1.653,""score"":1.171,""rms_ratio"":1.371,""diff_ratio"":0.796,""contact_probability"":0.00227324},{""index"":6,""time"":2.408,""score"":1.434,""rms_ratio"":1.622,""diff_ratio"":1.268,""contact_probability"":0.00178856},{""index"":7,""time"":1.558,""score"":1.204,""rms_ratio"":1.41,""diff_ratio"":1.028,""contact_probability"":0.0008055},{""index"":8,""time"":2.473,""score"":1.411,""rms_ratio"":1.523,""diff_ratio"":1.307,""contact_probability"":0.00081559},{""index"":9,""time"":2.557,""score"":1.463,""rms_ratio"":1.734,""diff_ratio"":1.235,""contact_probability"":0.00194825},{""index"":10,""time"":1.403,""score"":1.291,""rms_ratio"":1.59,""diff_ratio"":1.047,""contact_probability"":0.00254915},{""index"":11,""time"":1.352,""score"":2.945,""rms_ratio"":1.627,""diff_ratio"":5.33,""contact_probability"":0.02067435},{""index"":12,""time"":0.608,""score"":2.912,""rms_ratio"":1.714,""diff_ratio"":4.946,""contact_probability"":0.00915892},{""index"":13,""time"":1.003,""score"":2.282,""rms_ratio"":1.67,""diff_ratio"":3.117,""contact_probability"":0.00240348},{""index"":14,""time"":0.892,""score"":1.98,""rms_ratio"":1.616,""diff_ratio"":2.427,""contact_probability"":0.00196917},{""index"":15,""time"":0.498,""score"":1.841,""rms_ratio"":1.122,""diff_ratio"":3.022,""contact_probability"":0.00022565},{""index"":16,""time"":5.093,""score"":1.825,""rms_ratio"":1.772,""diff_ratio"":1.879,""contact_probability"":0.00187181},{""index"":17,""time"":0.287,""score"":1.763,""rms_ratio"":1.63,""diff_ratio"":1.907,""contact_probability"":0.00272075},{""index"":18,""time"":3.243,""score"":1.755,""rms_ratio"":1.45,""diff_ratio"":2.123,""contact_probability"":0.00236253},{""index"":19,""time"":4.887,""score"":1.729,""rms_ratio"":1.435,""diff_ratio"":2.083,""contact_probability"":0.00115688},{""index"":20,""time"":1.173,""score"":1.696,""rms_ratio"":1.991,""diff_ratio"":1.445,""contact_probability"":0.00732586},{""index"":21,""time"":4.602,""score"":1.667,""rms_ratio"":1.033,""diff_ratio"":2.689,""contact_probability"":0.00079902},{""index"":22,""time"":3.152,""score"":1.648,""rms_ratio"":1.818,""diff_ratio"":1.495,""contact_probability"":0.00279345},{""index"":23,""time"":4.762,""score"":1.633,""rms_ratio"":1.308,""diff_ratio"":2.038,""contact_probability"":0.00137042},{""index"":24,""time"":4.448,""score"":1.631,""rms_ratio"":1.51,""diff_ratio"":1.762,""contact_probability"":0.01612475}]",candidate_selected
1041,F_1148,dataset/fly_ball/Codex_Workstation/F_1148,2.0,no,,,0.00239533,,0.7833643177503908,24,"[{""index"":1,""time"":2.023,""score"":2.432,""rms_ratio"":2.561,""diff_ratio"":2.308,""contact_probability"":0.00052444},{""index"":2,""time"":1.938,""score"":2.204,""rms_ratio"":2.102,""diff_ratio"":2.311,""contact_probability"":0.00022926},{""index"":3,""time"":2.088,""score"":2.058,""rms_ratio"":2.293,""diff_ratio"":1.848,""contact_probability"":0.00034086},{""index"":4,""time"":1.87,""score"":1.775,""rms_ratio"":1.637,""diff_ratio"":1.924,""contact_probability"":0.00035741},{""index"":5,""time"":1.822,""score"":2.108,""rms_ratio"":1.967,""diff_ratio"":2.26,""contact_probability"":0.00056705},{""index"":6,""time"":2.182,""score"":2.359,""rms_ratio"":2.537,""diff_ratio"":2.193,""contact_probability"":0.00044518},{""index"":7,""time"":1.755,""score"":1.632,""rms_ratio"":1.542,""diff_ratio"":1.728,""contact_probability"":0.00032227},{""index"":8,""time"":2.263,""score"":2.263,""rms_ratio"":1.972,""diff_ratio"":2.597,""contact_probability"":0.00024031},{""index"":9,""time"":1.692,""score"":2.383,""rms_ratio"":2.555,""diff_ratio"":2.222,""contact_probability"":0.00033343},{""index"":10,""time"":2.315,""score"":2.039,""rms_ratio"":1.903,""diff_ratio"":2.184,""contact_probability"":0.00014102},{""index"":11,""time"":1.558,""score"":1.972,""rms_ratio"":2.045,""diff_ratio"":1.901,""contact_probability"":0.00036288},{""index"":12,""time"":2.467,""score"":2.625,""rms_ratio"":1.842,""diff_ratio"":3.739,""contact_probability"":0.00093251},{""index"":13,""time"":2.51,""score"":2.183,""rms_ratio"":1.422,""diff_ratio"":3.349,""contact_probability"":0.00076042},{""index"":14,""time"":1.487,""score"":1.851,""rms_ratio"":1.773,""diff_ratio"":1.932,""contact_probability"":0.00024773},{""index"":15,""time"":1.433,""score"":2.522,""rms_ratio"":2.358,""diff_ratio"":2.697,""contact_probability"":0.00044058},{""index"":16,""time"":2.585,""score"":1.671,""rms_ratio"":1.752,""diff_ratio"":1.593,""contact_probability"":0.00053663},{""index"":17,""time"":1.332,""score"":2.477,""rms_ratio"":2.497,""diff_ratio"":2.457,""contact_probability"":0.00038646},{""index"":18,""time"":3.247,""score"":2.412,""rms_ratio"":1.57,""diff_ratio"":3.704,""contact_probability"":0.00203517},{""index"":19,""time"":3.382,""score"":2.344,""rms_ratio"":1.666,""diff_ratio"":3.298,""contact_probability"":0.00116983},{""index"":20,""time"":3.285,""score"":2.275,""rms_ratio"":1.432,""diff_ratio"":3.615,""contact_probability"":0.00239533},{""index"":21,""time"":3.463,""score"":2.055,""rms_ratio"":1.466,""diff_ratio"":2.879,""contact_probability"":0.0022827},{""index"":22,""time"":1.217,""score"":1.969,""rms_ratio"":2.246,""diff_ratio"":1.726,""contact_probability"":0.00023145},{""index"":23,""time"":2.838,""score"":1.899,""rms_ratio"":1.81,""diff_ratio"":1.992,""contact_probability"":0.00084334},{""index"":24,""time"":2.753,""score"":1.849,""rms_ratio"":1.424,""diff_ratio"":2.401,""contact_probability"":0.0001399}]",best_candidate_below_threshold
1040,F_1146,dataset/fly_ball/Codex_Workstation/F_1146,1.36,yes,1,1.383,0.99999937,12.342,0.7833643177503908,24,"[{""index"":1,""time"":1.383,""score"":12.342,""rms_ratio"":7.019,""diff_ratio"":21.7,""contact_probability"":0.99999937},{""index"":2,""time"":1.237,""score"":1.364,""rms_ratio"":0.833,""diff_ratio"":1.861,""contact_probability"":0.00013989},{""index"":3,""time"":3.483,""score"":3.703,""rms_ratio"":1.96,""diff_ratio"":6.997,""contact_probability"":0.00614454},{""index"":4,""time"":4.532,""score"":3.387,""rms_ratio"":1.955,""diff_ratio"":5.866,""contact_probability"":0.00243775},{""index"":5,""time"":6.512,""score"":3.256,""rms_ratio"":1.617,""diff_ratio"":6.557,""contact_probability"":0.00183469},{""index"":6,""time"":2.072,""score"":2.722,""rms_ratio"":1.399,""diff_ratio"":5.297,""contact_probability"":0.00898027},{""index"":7,""time"":2.743,""score"":2.504,""rms_ratio"":2.571,""diff_ratio"":2.438,""contact_probability"":0.02000654},{""index"":8,""time"":3.892,""score"":2.455,""rms_ratio"":2.318,""diff_ratio"":2.6,""contact_probability"":0.06656718},{""index"":9,""time"":6.298,""score"":2.417,""rms_ratio"":2.592,""diff_ratio"":2.253,""contact_probability"":0.00928724},{""index"":10,""time"":6.992,""score"":2.354,""rms_ratio"":1.94,""diff_ratio"":2.858,""contact_probability"":0.05022571},{""index"":11,""time"":6.077,""score"":2.33,""rms_ratio"":2.221,""diff_ratio"":2.444,""contact_probability"":0.00136379},{""index"":12,""time"":5.938,""score"":2.329,""rms_ratio"":2.234,""diff_ratio"":2.428,""contact_probability"":0.00448573},{""index"":13,""time"":3.565,""score"":2.288,""rms_ratio"":2.234,""diff_ratio"":2.342,""contact_probability"":0.00210905},{""index"":14,""time"":6.392,""score"":2.286,""rms_ratio"":2.642,""diff_ratio"":1.979,""contact_probability"":0.00086918},{""index"":15,""time"":3.638,""score"":2.251,""rms_ratio"":2.289,""diff_ratio"":2.214,""contact_probability"":0.0008776},{""index"":16,""time"":5.088,""score"":2.22,""rms_ratio"":2.189,""diff_ratio"":2.251,""contact_probability"":0.00307356},{""index"":17,""time"":3.227,""score"":2.186,""rms_ratio"":2.291,""diff_ratio"":2.086,""contact_probability"":0.00273607},{""index"":18,""time"":6.838,""score"":2.175,""rms_ratio"":2.187,""diff_ratio"":2.162,""contact_probability"":0.00012642},{""index"":19,""time"":4.662,""score"":2.173,""rms_ratio"":2.255,""diff_ratio"":2.095,""contact_probability"":0.00311651},{""index"":20,""time"":3.007,""score"":2.15,""rms_ratio"":2.244,""diff_ratio"":2.061,""contact_probability"":0.0040251},{""index"":21,""time"":6.693,""score"":2.144,""rms_ratio"":2.103,""diff_ratio"":2.186,""contact_probability"":0.0009913},{""index"":22,""time"":5.135,""score"":2.134,""rms_ratio"":1.949,""diff_ratio"":2.337,""contact_probability"":0.00277896},{""index"":23,""time"":4.762,""score"":2.102,""rms_ratio"":2.462,""diff_ratio"":1.794,""contact_probability"":0.00250138},{""index"":24,""time"":2.457,""score"":2.003,""rms_ratio"":2.048,""diff_ratio"":1.958,""contact_probability"":0.02243682}]",candidate_selected
1039,F_1145,dataset/fly_ball/Codex_Workstation/F_1145,2.0,no,,,0.05399231,,0.7833643177503908,24,"[{""index"":1,""time"":2.027,""score"":2.115,""rms_ratio"":2.674,""diff_ratio"":1.673,""contact_probability"":0.00117319},{""index"":2,""time"":1.913,""score"":1.344,""rms_ratio"":1.038,""diff_ratio"":1.741,""contact_probability"":0.00029981},{""index"":3,""time"":2.112,""score"":2.0,""rms_ratio"":2.26,""diff_ratio"":1.769,""contact_probability"":0.00056411},{""index"":4,""time"":1.855,""score"":1.283,""rms_ratio"":1.478,""diff_ratio"":1.114,""contact_probability"":0.00122725},{""index"":5,""time"":2.182,""score"":2.102,""rms_ratio"":2.226,""diff_ratio"":1.984,""contact_probability"":0.00064714},{""index"":6,""time"":1.768,""score"":1.357,""rms_ratio"":1.617,""diff_ratio"":1.138,""contact_probability"":0.00076258},{""index"":7,""time"":2.287,""score"":2.069,""rms_ratio"":2.51,""diff_ratio"":1.705,""contact_probability"":0.00031891},{""index"":8,""time"":2.382,""score"":1.685,""rms_ratio"":1.699,""diff_ratio"":1.672,""contact_probability"":0.00011483},{""index"":9,""time"":1.572,""score"":1.627,""rms_ratio"":1.98,""diff_ratio"":1.337,""contact_probability"":0.00224026},{""index"":10,""time"":2.463,""score"":2.711,""rms_ratio"":2.539,""diff_ratio"":2.896,""contact_probability"":0.00437863},{""index"":11,""time"":1.513,""score"":1.39,""rms_ratio"":1.932,""diff_ratio"":0.843,""contact_probability"":0.01180987},{""index"":12,""time"":2.537,""score"":1.878,""rms_ratio"":1.887,""diff_ratio"":1.869,""contact_probability"":0.00073617},{""index"":13,""time"":2.575,""score"":1.686,""rms_ratio"":1.679,""diff_ratio"":1.694,""contact_probability"":0.00028105},{""index"":14,""time"":6.742,""score"":2.747,""rms_ratio"":1.221,""diff_ratio"":6.182,""contact_probability"":0.05399231},{""index"":15,""time"":5.823,""score"":2.745,""rms_ratio"":1.426,""diff_ratio"":5.286,""contact_probability"":0.01064391},{""index"":16,""time"":0.683,""score"":2.648,""rms_ratio"":1.176,""diff_ratio"":5.962,""contact_probability"":0.03685514},{""index"":17,""time"":2.638,""score"":2.32,""rms_ratio"":2.696,""diff_ratio"":1.997,""contact_probability"":0.00160736},{""index"":18,""time"":1.033,""score"":2.287,""rms_ratio"":1.858,""diff_ratio"":2.815,""contact_probability"":0.00811092},{""index"":19,""time"":2.922,""score"":2.154,""rms_ratio"":2.386,""diff_ratio"":1.944,""contact_probability"":0.00103883},{""index"":20,""time"":5.602,""score"":2.053,""rms_ratio"":2.541,""diff_ratio"":1.658,""contact_probability"":0.00890274},{""index"":21,""time"":3.023,""score"":1.852,""rms_ratio"":1.74,""diff_ratio"":1.971,""contact_probability"":0.0008072},{""index"":22,""time"":0.817,""score"":1.834,""rms_ratio"":2.25,""diff_ratio"":1.495,""contact_probability"":0.00640776},{""index"":23,""time"":6.383,""score"":1.808,""rms_ratio"":1.997,""diff_ratio"":1.636,""contact_probability"":0.00534834},{""index"":24,""time"":6.557,""score"":1.768,""rms_ratio"":1.63,""diff_ratio"":1.917,""contact_probability"":0.00070507}]",best_candidate_below_threshold
1038,F_1144,dataset/fly_ball/Codex_Workstation/F_1144,2.0,yes,16,5.262,0.99999824,8.17,0.7833643177503908,24,"[{""index"":1,""time"":1.975,""score"":2.3,""rms_ratio"":2.578,""diff_ratio"":2.053,""contact_probability"":0.01714671},{""index"":2,""time"":2.027,""score"":4.314,""rms_ratio"":4.562,""diff_ratio"":4.079,""contact_probability"":0.11761553},{""index"":3,""time"":1.93,""score"":1.362,""rms_ratio"":1.098,""diff_ratio"":1.69,""contact_probability"":0.00071141},{""index"":4,""time"":2.088,""score"":2.972,""rms_ratio"":2.564,""diff_ratio"":3.444,""contact_probability"":0.00872211},{""index"":5,""time"":1.883,""score"":2.946,""rms_ratio"":3.113,""diff_ratio"":2.789,""contact_probability"":0.01460825},{""index"":6,""time"":1.753,""score"":2.543,""rms_ratio"":1.356,""diff_ratio"":4.771,""contact_probability"":0.00236095},{""index"":7,""time"":2.253,""score"":3.324,""rms_ratio"":2.396,""diff_ratio"":4.612,""contact_probability"":0.01343427},{""index"":8,""time"":2.322,""score"":2.359,""rms_ratio"":2.004,""diff_ratio"":2.777,""contact_probability"":0.03144556},{""index"":9,""time"":1.663,""score"":2.491,""rms_ratio"":2.272,""diff_ratio"":2.731,""contact_probability"":0.00669643},{""index"":10,""time"":2.37,""score"":1.323,""rms_ratio"":0.673,""diff_ratio"":1.751,""contact_probability"":0.00027126},{""index"":11,""time"":1.607,""score"":5.435,""rms_ratio"":4.315,""diff_ratio"":6.846,""contact_probability"":0.17241721},{""index"":12,""time"":1.548,""score"":2.577,""rms_ratio"":2.637,""diff_ratio"":2.519,""contact_probability"":0.00314367},{""index"":13,""time"":2.493,""score"":2.717,""rms_ratio"":3.566,""diff_ratio"":2.069,""contact_probability"":0.01917453},{""index"":14,""time"":1.477,""score"":3.609,""rms_ratio"":4.75,""diff_ratio"":2.743,""contact_probability"":0.01386267},{""index"":15,""time"":2.578,""score"":3.015,""rms_ratio"":2.592,""diff_ratio"":3.506,""contact_probability"":0.00985375},{""index"":16,""time"":5.262,""score"":8.17,""rms_ratio"":3.592,""diff_ratio"":18.586,""contact_probability"":0.99999824},{""index"":17,""time"":2.622,""score"":5.156,""rms_ratio"":3.677,""diff_ratio"":7.23,""contact_probability"":0.08736985},{""index"":18,""time"":6.957,""score"":4.949,""rms_ratio"":3.527,""diff_ratio"":6.944,""contact_probability"":0.79567102},{""index"":19,""time"":0.423,""score"":4.805,""rms_ratio"":3.972,""diff_ratio"":5.814,""contact_probability"":0.1298217},{""index"":20,""time"":0.068,""score"":4.639,""rms_ratio"":4.063,""diff_ratio"":5.297,""contact_probability"":0.05701719},{""index"":21,""time"":2.733,""score"":4.391,""rms_ratio"":3.615,""diff_ratio"":5.334,""contact_probability"":0.03574709},{""index"":22,""time"":3.142,""score"":4.033,""rms_ratio"":4.239,""diff_ratio"":3.836,""contact_probability"":0.12860294},{""index"":23,""time"":0.218,""score"":4.006,""rms_ratio"":3.324,""diff_ratio"":4.828,""contact_probability"":0.00492866},{""index"":24,""time"":5.963,""score"":3.707,""rms_ratio"":2.941,""diff_ratio"":4.673,""contact_probability"":0.46882794}]",candidate_selected
1037,F_1143,dataset/fly_ball/Codex_Workstation/F_1143,2.0,no,,,0.15120556,,0.7833643177503908,24,"[{""index"":1,""time"":2.027,""score"":2.575,""rms_ratio"":3.066,""diff_ratio"":2.163,""contact_probability"":0.10556286},{""index"":2,""time"":1.972,""score"":3.424,""rms_ratio"":1.804,""diff_ratio"":6.499,""contact_probability"":0.02083861},{""index"":3,""time"":1.862,""score"":1.297,""rms_ratio"":1.159,""diff_ratio"":1.452,""contact_probability"":0.00080721},{""index"":4,""time"":2.207,""score"":2.247,""rms_ratio"":2.628,""diff_ratio"":1.922,""contact_probability"":0.02404513},{""index"":5,""time"":1.742,""score"":2.446,""rms_ratio"":2.858,""diff_ratio"":2.094,""contact_probability"":0.0467558},{""index"":6,""time"":2.342,""score"":2.476,""rms_ratio"":1.402,""diff_ratio"":4.372,""contact_probability"":0.0249997},{""index"":7,""time"":2.412,""score"":1.696,""rms_ratio"":1.591,""diff_ratio"":1.807,""contact_probability"":0.0088193},{""index"":8,""time"":1.587,""score"":2.77,""rms_ratio"":2.653,""diff_ratio"":2.891,""contact_probability"":0.0541424},{""index"":9,""time"":2.487,""score"":1.397,""rms_ratio"":1.4,""diff_ratio"":1.394,""contact_probability"":0.00099489},{""index"":10,""time"":1.492,""score"":2.272,""rms_ratio"":2.746,""diff_ratio"":1.88,""contact_probability"":0.00642676},{""index"":11,""time"":1.438,""score"":1.412,""rms_ratio"":1.264,""diff_ratio"":1.577,""contact_probability"":0.00262498},{""index"":12,""time"":2.598,""score"":2.376,""rms_ratio"":1.23,""diff_ratio"":4.593,""contact_probability"":0.00524435},{""index"":13,""time"":3.807,""score"":3.268,""rms_ratio"":1.803,""diff_ratio"":5.923,""contact_probability"":0.01374115},{""index"":14,""time"":4.517,""score"":2.882,""rms_ratio"":1.757,""diff_ratio"":4.726,""contact_probability"":0.00544657},{""index"":15,""time"":5.657,""score"":2.682,""rms_ratio"":3.134,""diff_ratio"":2.295,""contact_probability"":0.08053881},{""index"":16,""time"":5.293,""score"":2.437,""rms_ratio"":2.016,""diff_ratio"":2.945,""contact_probability"":0.14291029},{""index"":17,""time"":3.457,""score"":2.381,""rms_ratio"":3.203,""diff_ratio"":1.77,""contact_probability"":0.15120556},{""index"":18,""time"":6.117,""score"":2.345,""rms_ratio"":2.869,""diff_ratio"":1.916,""contact_probability"":0.11324849},{""index"":19,""time"":6.823,""score"":2.273,""rms_ratio"":2.589,""diff_ratio"":1.995,""contact_probability"":0.01153743},{""index"":20,""time"":3.912,""score"":2.271,""rms_ratio"":2.681,""diff_ratio"":1.925,""contact_probability"":0.10783317},{""index"":21,""time"":2.832,""score"":2.225,""rms_ratio"":2.742,""diff_ratio"":1.805,""contact_probability"":0.01614629},{""index"":22,""time"":3.652,""score"":2.207,""rms_ratio"":2.75,""diff_ratio"":1.772,""contact_probability"":0.03659948},{""index"":23,""time"":5.508,""score"":2.142,""rms_ratio"":1.743,""diff_ratio"":2.633,""contact_probability"":0.01820918},{""index"":24,""time"":6.642,""score"":2.124,""rms_ratio"":1.833,""diff_ratio"":2.462,""contact_probability"":0.0093705}]",best_candidate_below_threshold
1036,F_1142,dataset/fly_ball/Codex_Workstation/F_1142,2.02,yes,1,2.023,0.98679685,6.525,0.7833643177503908,24,"[{""index"":1,""time"":2.023,""score"":6.525,""rms_ratio"":5.77,""diff_ratio"":7.379,""contact_probability"":0.98679685},{""index"":2,""time"":1.967,""score"":1.731,""rms_ratio"":1.539,""diff_ratio"":1.947,""contact_probability"":0.05434938},{""index"":3,""time"":1.915,""score"":1.329,""rms_ratio"":1.42,""diff_ratio"":1.244,""contact_probability"":0.04234448},{""index"":4,""time"":1.638,""score"":1.578,""rms_ratio"":1.755,""diff_ratio"":1.418,""contact_probability"":0.00477438},{""index"":5,""time"":2.443,""score"":1.334,""rms_ratio"":1.434,""diff_ratio"":1.241,""contact_probability"":0.0221257},{""index"":6,""time"":1.548,""score"":1.207,""rms_ratio"":1.456,""diff_ratio"":0.852,""contact_probability"":0.00175091},{""index"":7,""time"":2.543,""score"":1.596,""rms_ratio"":1.593,""diff_ratio"":1.599,""contact_probability"":0.01667227},{""index"":8,""time"":1.472,""score"":1.999,""rms_ratio"":2.432,""diff_ratio"":1.644,""contact_probability"":0.08866581},{""index"":9,""time"":6.608,""score"":5.0,""rms_ratio"":5.294,""diff_ratio"":4.723,""contact_probability"":0.83127384},{""index"":10,""time"":1.288,""score"":3.504,""rms_ratio"":1.572,""diff_ratio"":7.809,""contact_probability"":0.62487848},{""index"":11,""time"":0.068,""score"":3.299,""rms_ratio"":1.449,""diff_ratio"":7.511,""contact_probability"":0.42657693},{""index"":12,""time"":0.433,""score"":2.611,""rms_ratio"":1.226,""diff_ratio"":5.56,""contact_probability"":0.13116401},{""index"":13,""time"":5.093,""score"":2.541,""rms_ratio"":1.489,""diff_ratio"":4.336,""contact_probability"":0.00696738},{""index"":14,""time"":6.907,""score"":2.475,""rms_ratio"":2.353,""diff_ratio"":2.603,""contact_probability"":2.62e-05},{""index"":15,""time"":3.342,""score"":2.353,""rms_ratio"":2.054,""diff_ratio"":2.697,""contact_probability"":0.03785396},{""index"":16,""time"":5.847,""score"":2.287,""rms_ratio"":2.16,""diff_ratio"":2.422,""contact_probability"":0.08724765},{""index"":17,""time"":0.728,""score"":2.261,""rms_ratio"":2.454,""diff_ratio"":2.083,""contact_probability"":0.15560703},{""index"":18,""time"":3.598,""score"":2.261,""rms_ratio"":1.888,""diff_ratio"":2.708,""contact_probability"":0.05309266},{""index"":19,""time"":5.443,""score"":2.259,""rms_ratio"":1.177,""diff_ratio"":4.333,""contact_probability"":0.01214197},{""index"":20,""time"":5.562,""score"":2.252,""rms_ratio"":2.111,""diff_ratio"":2.401,""contact_probability"":0.10848974},{""index"":21,""time"":4.082,""score"":2.159,""rms_ratio"":2.048,""diff_ratio"":2.277,""contact_probability"":0.02272519},{""index"":22,""time"":3.112,""score"":1.96,""rms_ratio"":1.693,""diff_ratio"":2.268,""contact_probability"":0.02514237},{""index"":23,""time"":4.468,""score"":1.945,""rms_ratio"":2.504,""diff_ratio"":1.511,""contact_probability"":0.04128724},{""index"":24,""time"":0.517,""score"":1.936,""rms_ratio"":1.873,""diff_ratio"":2.002,""contact_probability"":0.01682887}]",candidate_selected
1035,F_1141,dataset/fly_ball/Codex_Workstation/F_1141,2.0,no,,,0.69476264,,0.7833643177503908,24,"[{""index"":1,""time"":2.013,""score"":2.212,""rms_ratio"":2.779,""diff_ratio"":1.761,""contact_probability"":0.00067618},{""index"":2,""time"":2.082,""score"":2.245,""rms_ratio"":2.405,""diff_ratio"":2.096,""contact_probability"":0.00102321},{""index"":3,""time"":1.913,""score"":1.918,""rms_ratio"":2.298,""diff_ratio"":1.6,""contact_probability"":0.00123862},{""index"":4,""time"":1.862,""score"":1.352,""rms_ratio"":1.709,""diff_ratio"":1.069,""contact_probability"":8.005e-05},{""index"":5,""time"":2.172,""score"":1.499,""rms_ratio"":1.811,""diff_ratio"":1.241,""contact_probability"":0.00017051},{""index"":6,""time"":1.773,""score"":1.754,""rms_ratio"":2.101,""diff_ratio"":1.464,""contact_probability"":0.0006223},{""index"":7,""time"":2.233,""score"":3.525,""rms_ratio"":2.007,""diff_ratio"":6.192,""contact_probability"":0.00277777},{""index"":8,""time"":1.715,""score"":1.184,""rms_ratio"":1.381,""diff_ratio"":1.016,""contact_probability"":0.00045875},{""index"":9,""time"":2.303,""score"":3.107,""rms_ratio"":1.864,""diff_ratio"":5.179,""contact_probability"":0.00106419},{""index"":10,""time"":2.362,""score"":2.571,""rms_ratio"":1.295,""diff_ratio"":5.104,""contact_probability"":0.00293582},{""index"":11,""time"":2.418,""score"":1.629,""rms_ratio"":1.614,""diff_ratio"":1.645,""contact_probability"":0.00058408},{""index"":12,""time"":2.465,""score"":1.352,""rms_ratio"":1.334,""diff_ratio"":1.369,""contact_probability"":0.00045155},{""index"":13,""time"":2.598,""score"":1.712,""rms_ratio"":1.81,""diff_ratio"":1.62,""contact_probability"":0.00182582},{""index"":14,""time"":4.338,""score"":2.325,""rms_ratio"":1.125,""diff_ratio"":4.804,""contact_probability"":0.02555375},{""index"":15,""time"":1.058,""score"":2.293,""rms_ratio"":2.047,""diff_ratio"":2.568,""contact_probability"":0.69476264},{""index"":16,""time"":6.452,""score"":2.082,""rms_ratio"":1.951,""diff_ratio"":2.222,""contact_probability"":0.00034141},{""index"":17,""time"":5.733,""score"":1.996,""rms_ratio"":1.523,""diff_ratio"":2.616,""contact_probability"":0.00323685},{""index"":18,""time"":4.122,""score"":1.992,""rms_ratio"":1.706,""diff_ratio"":2.326,""contact_probability"":0.00605848},{""index"":19,""time"":6.267,""score"":1.887,""rms_ratio"":1.39,""diff_ratio"":2.561,""contact_probability"":0.00031267},{""index"":20,""time"":6.102,""score"":1.867,""rms_ratio"":1.439,""diff_ratio"":2.422,""contact_probability"":0.0008393},{""index"":21,""time"":4.588,""score"":1.846,""rms_ratio"":0.908,""diff_ratio"":3.408,""contact_probability"":0.00288961},{""index"":22,""time"":6.017,""score"":1.751,""rms_ratio"":1.369,""diff_ratio"":2.239,""contact_probability"":0.00535299},{""index"":23,""time"":5.392,""score"":1.711,""rms_ratio"":1.686,""diff_ratio"":1.736,""contact_probability"":0.00032734},{""index"":24,""time"":2.862,""score"":1.691,""rms_ratio"":1.44,""diff_ratio"":1.987,""contact_probability"":0.00041377}]",best_candidate_below_threshold
1034,F_1140,dataset/fly_ball/Codex_Workstation/F_1140,2.02,yes,15,1.383,0.99963417,6.148,0.7833643177503908,24,"[{""index"":1,""time"":2.027,""score"":3.328,""rms_ratio"":4.034,""diff_ratio"":2.746,""contact_probability"":0.0055397},{""index"":2,""time"":1.947,""score"":1.577,""rms_ratio"":2.057,""diff_ratio"":1.209,""contact_probability"":0.00095294},{""index"":3,""time"":2.102,""score"":2.609,""rms_ratio"":2.953,""diff_ratio"":2.304,""contact_probability"":0.00174568},{""index"":4,""time"":2.155,""score"":2.35,""rms_ratio"":2.615,""diff_ratio"":2.112,""contact_probability"":0.00130595},{""index"":5,""time"":1.872,""score"":1.816,""rms_ratio"":2.242,""diff_ratio"":1.471,""contact_probability"":0.00023919},{""index"":6,""time"":2.207,""score"":2.542,""rms_ratio"":2.999,""diff_ratio"":2.155,""contact_probability"":0.0007386},{""index"":7,""time"":1.763,""score"":1.278,""rms_ratio"":1.498,""diff_ratio"":1.091,""contact_probability"":0.00035317},{""index"":8,""time"":2.318,""score"":2.281,""rms_ratio"":2.748,""diff_ratio"":1.893,""contact_probability"":0.00051111},{""index"":9,""time"":1.638,""score"":1.248,""rms_ratio"":1.389,""diff_ratio"":1.121,""contact_probability"":0.00026709},{""index"":10,""time"":2.418,""score"":2.237,""rms_ratio"":2.696,""diff_ratio"":1.856,""contact_probability"":0.00035438},{""index"":11,""time"":2.455,""score"":1.903,""rms_ratio"":2.243,""diff_ratio"":1.615,""contact_probability"":0.0005329},{""index"":12,""time"":1.577,""score"":1.2,""rms_ratio"":1.278,""diff_ratio"":1.126,""contact_probability"":0.00026307},{""index"":13,""time"":2.513,""score"":2.276,""rms_ratio"":2.719,""diff_ratio"":1.906,""contact_probability"":0.00046846},{""index"":14,""time"":2.588,""score"":2.395,""rms_ratio"":2.92,""diff_ratio"":1.964,""contact_probability"":0.00068682},{""index"":15,""time"":1.383,""score"":6.148,""rms_ratio"":4.365,""diff_ratio"":8.661,""contact_probability"":0.99963417},{""index"":16,""time"":2.733,""score"":2.593,""rms_ratio"":3.011,""diff_ratio"":2.233,""contact_probability"":0.00327866},{""index"":17,""time"":3.328,""score"":2.404,""rms_ratio"":1.598,""diff_ratio"":3.616,""contact_probability"":0.00170764},{""index"":18,""time"":5.412,""score"":2.136,""rms_ratio"":1.276,""diff_ratio"":3.575,""contact_probability"":0.00075228},{""index"":19,""time"":2.922,""score"":2.075,""rms_ratio"":2.451,""diff_ratio"":1.757,""contact_probability"":0.00055732},{""index"":20,""time"":6.477,""score"":2.028,""rms_ratio"":1.033,""diff_ratio"":3.984,""contact_probability"":0.00599288},{""index"":21,""time"":5.258,""score"":1.944,""rms_ratio"":2.023,""diff_ratio"":1.868,""contact_probability"":0.00169433},{""index"":22,""time"":6.867,""score"":1.909,""rms_ratio"":0.954,""diff_ratio"":3.644,""contact_probability"":3.614e-05},{""index"":23,""time"":5.827,""score"":1.848,""rms_ratio"":1.084,""diff_ratio"":3.151,""contact_probability"":0.00080472},{""index"":24,""time"":4.137,""score"":1.814,""rms_ratio"":1.222,""diff_ratio"":2.694,""contact_probability"":0.0046792}]",candidate_selected
1033,F_1139,dataset/fly_ball/Codex_Workstation/F_1139,2.0,yes,1,2.003,0.96594756,7.678,0.7833643177503908,24,"[{""index"":1,""time"":2.003,""score"":7.678,""rms_ratio"":5.591,""diff_ratio"":10.543,""contact_probability"":0.96594756},{""index"":2,""time"":2.078,""score"":1.27,""rms_ratio"":1.454,""diff_ratio"":1.109,""contact_probability"":0.01466727},{""index"":3,""time"":2.182,""score"":1.226,""rms_ratio"":1.502,""diff_ratio"":0.863,""contact_probability"":0.00064345},{""index"":4,""time"":1.763,""score"":2.163,""rms_ratio"":1.773,""diff_ratio"":2.64,""contact_probability"":0.03383807},{""index"":5,""time"":1.702,""score"":1.192,""rms_ratio"":0.508,""diff_ratio"":1.422,""contact_probability"":0.0001276},{""index"":6,""time"":2.307,""score"":1.346,""rms_ratio"":1.812,""diff_ratio"":0.886,""contact_probability"":0.00074948},{""index"":7,""time"":2.408,""score"":1.506,""rms_ratio"":1.641,""diff_ratio"":1.382,""contact_probability"":0.00018053},{""index"":8,""time"":1.533,""score"":1.182,""rms_ratio"":1.33,""diff_ratio"":1.05,""contact_probability"":0.01762357},{""index"":9,""time"":2.473,""score"":1.859,""rms_ratio"":1.803,""diff_ratio"":1.916,""contact_probability"":0.00196137},{""index"":10,""time"":2.533,""score"":1.166,""rms_ratio"":1.199,""diff_ratio"":1.135,""contact_probability"":0.00093564},{""index"":11,""time"":2.588,""score"":2.166,""rms_ratio"":2.268,""diff_ratio"":2.069,""contact_probability"":0.01878134},{""index"":12,""time"":1.408,""score"":2.08,""rms_ratio"":1.664,""diff_ratio"":2.601,""contact_probability"":0.54573003},{""index"":13,""time"":5.148,""score"":2.617,""rms_ratio"":2.317,""diff_ratio"":2.957,""contact_probability"":0.01106209},{""index"":14,""time"":4.182,""score"":2.506,""rms_ratio"":2.476,""diff_ratio"":2.537,""contact_probability"":0.06301336},{""index"":15,""time"":6.463,""score"":2.5,""rms_ratio"":2.321,""diff_ratio"":2.693,""contact_probability"":0.00422083},{""index"":16,""time"":4.753,""score"":2.386,""rms_ratio"":2.787,""diff_ratio"":2.043,""contact_probability"":0.00312412},{""index"":17,""time"":6.628,""score"":2.291,""rms_ratio"":2.064,""diff_ratio"":2.542,""contact_probability"":0.00060765},{""index"":18,""time"":6.082,""score"":2.139,""rms_ratio"":2.183,""diff_ratio"":2.096,""contact_probability"":0.06270311},{""index"":19,""time"":6.787,""score"":2.092,""rms_ratio"":1.893,""diff_ratio"":2.311,""contact_probability"":0.00035658},{""index"":20,""time"":6.222,""score"":2.081,""rms_ratio"":1.978,""diff_ratio"":2.191,""contact_probability"":0.00938755},{""index"":21,""time"":6.565,""score"":2.049,""rms_ratio"":1.819,""diff_ratio"":2.307,""contact_probability"":0.00145005},{""index"":22,""time"":3.287,""score"":2.045,""rms_ratio"":2.031,""diff_ratio"":2.059,""contact_probability"":0.00138101},{""index"":23,""time"":5.398,""score"":2.025,""rms_ratio"":2.143,""diff_ratio"":1.913,""contact_probability"":0.0068028},{""index"":24,""time"":3.818,""score"":2.021,""rms_ratio"":2.344,""diff_ratio"":1.742,""contact_probability"":0.00056864}]",candidate_selected
1032,F_1138,dataset/fly_ball/Codex_Workstation/F_1138,2.02,no,,,0.77070558,,0.7833643177503908,24,"[{""index"":1,""time"":2.017,""score"":2.143,""rms_ratio"":1.965,""diff_ratio"":2.338,""contact_probability"":0.00027537},{""index"":2,""time"":1.952,""score"":2.169,""rms_ratio"":1.534,""diff_ratio"":3.068,""contact_probability"":0.07419452},{""index"":3,""time"":2.108,""score"":1.801,""rms_ratio"":1.672,""diff_ratio"":1.941,""contact_probability"":9.783e-05},{""index"":4,""time"":2.15,""score"":1.649,""rms_ratio"":1.495,""diff_ratio"":1.818,""contact_probability"":7.223e-05},{""index"":5,""time"":2.203,""score"":2.401,""rms_ratio"":1.949,""diff_ratio"":2.957,""contact_probability"":0.00061209},{""index"":6,""time"":2.273,""score"":1.913,""rms_ratio"":1.713,""diff_ratio"":2.138,""contact_probability"":0.00016102},{""index"":7,""time"":1.732,""score"":1.539,""rms_ratio"":1.253,""diff_ratio"":1.892,""contact_probability"":0.0014676},{""index"":8,""time"":1.69,""score"":1.267,""rms_ratio"":0.964,""diff_ratio"":1.605,""contact_probability"":0.00092427},{""index"":9,""time"":2.358,""score"":1.812,""rms_ratio"":1.65,""diff_ratio"":1.99,""contact_probability"":0.0001163},{""index"":10,""time"":2.418,""score"":1.693,""rms_ratio"":1.587,""diff_ratio"":1.807,""contact_probability"":0.00020389},{""index"":11,""time"":1.592,""score"":1.701,""rms_ratio"":1.38,""diff_ratio"":2.097,""contact_probability"":0.00024257},{""index"":12,""time"":1.538,""score"":1.603,""rms_ratio"":1.291,""diff_ratio"":1.991,""contact_probability"":0.00015602},{""index"":13,""time"":2.503,""score"":1.553,""rms_ratio"":1.488,""diff_ratio"":1.621,""contact_probability"":0.00010567},{""index"":14,""time"":1.442,""score"":1.526,""rms_ratio"":1.251,""diff_ratio"":1.861,""contact_probability"":0.0002237},{""index"":15,""time"":4.193,""score"":2.439,""rms_ratio"":2.132,""diff_ratio"":2.789,""contact_probability"":0.01021092},{""index"":16,""time"":0.352,""score"":2.232,""rms_ratio"":1.286,""diff_ratio"":3.873,""contact_probability"":0.04327551},{""index"":17,""time"":2.773,""score"":2.203,""rms_ratio"":1.347,""diff_ratio"":3.601,""contact_probability"":0.00410721},{""index"":18,""time"":0.047,""score"":1.991,""rms_ratio"":2.184,""diff_ratio"":1.816,""contact_probability"":0.77070558},{""index"":19,""time"":3.733,""score"":1.963,""rms_ratio"":2.007,""diff_ratio"":1.92,""contact_probability"":0.01645256},{""index"":20,""time"":2.888,""score"":1.902,""rms_ratio"":1.591,""diff_ratio"":2.273,""contact_probability"":0.00257236},{""index"":21,""time"":4.537,""score"":1.84,""rms_ratio"":1.075,""diff_ratio"":3.15,""contact_probability"":0.00104794},{""index"":22,""time"":1.293,""score"":1.79,""rms_ratio"":1.644,""diff_ratio"":1.948,""contact_probability"":0.00074893},{""index"":23,""time"":2.648,""score"":1.785,""rms_ratio"":1.629,""diff_ratio"":1.956,""contact_probability"":0.00033148},{""index"":24,""time"":4.972,""score"":1.777,""rms_ratio"":1.554,""diff_ratio"":2.032,""contact_probability"":0.00380778}]",best_candidate_below_threshold
1031,F_1137,dataset/fly_ball/Codex_Workstation/F_1137,2.02,no,,,0.06088214,,0.7833643177503908,24,"[{""index"":1,""time"":2.027,""score"":2.453,""rms_ratio"":2.938,""diff_ratio"":2.047,""contact_probability"":0.00949531},{""index"":2,""time"":2.092,""score"":1.609,""rms_ratio"":1.443,""diff_ratio"":1.794,""contact_probability"":0.00057147},{""index"":3,""time"":2.158,""score"":2.364,""rms_ratio"":1.985,""diff_ratio"":2.815,""contact_probability"":0.00527566},{""index"":4,""time"":1.832,""score"":1.85,""rms_ratio"":2.35,""diff_ratio"":1.456,""contact_probability"":0.00163035},{""index"":5,""time"":1.79,""score"":1.603,""rms_ratio"":1.814,""diff_ratio"":1.416,""contact_probability"":0.0028284},{""index"":6,""time"":2.283,""score"":1.853,""rms_ratio"":1.969,""diff_ratio"":1.743,""contact_probability"":0.03425577},{""index"":7,""time"":1.615,""score"":1.365,""rms_ratio"":1.408,""diff_ratio"":1.323,""contact_probability"":0.00351075},{""index"":8,""time"":2.443,""score"":1.898,""rms_ratio"":1.252,""diff_ratio"":2.877,""contact_probability"":0.00422962},{""index"":9,""time"":1.538,""score"":2.253,""rms_ratio"":2.551,""diff_ratio"":1.989,""contact_probability"":0.02891168},{""index"":10,""time"":2.513,""score"":2.513,""rms_ratio"":2.43,""diff_ratio"":2.599,""contact_probability"":0.02001862},{""index"":11,""time"":1.482,""score"":1.743,""rms_ratio"":2.324,""diff_ratio"":1.308,""contact_probability"":0.02330882},{""index"":12,""time"":2.578,""score"":2.079,""rms_ratio"":1.955,""diff_ratio"":2.212,""contact_probability"":0.02718248},{""index"":13,""time"":1.423,""score"":1.546,""rms_ratio"":1.0,""diff_ratio"":2.389,""contact_probability"":0.00057471},{""index"":14,""time"":4.218,""score"":2.764,""rms_ratio"":1.405,""diff_ratio"":5.434,""contact_probability"":0.00720413},{""index"":15,""time"":3.493,""score"":2.33,""rms_ratio"":2.317,""diff_ratio"":2.344,""contact_probability"":0.03194557},{""index"":16,""time"":2.693,""score"":2.248,""rms_ratio"":1.823,""diff_ratio"":2.772,""contact_probability"":0.01005828},{""index"":17,""time"":3.152,""score"":2.231,""rms_ratio"":1.138,""diff_ratio"":4.371,""contact_probability"":0.0482994},{""index"":18,""time"":3.932,""score"":2.094,""rms_ratio"":2.676,""diff_ratio"":1.639,""contact_probability"":0.01574075},{""index"":19,""time"":4.302,""score"":2.093,""rms_ratio"":1.174,""diff_ratio"":3.733,""contact_probability"":0.00157078},{""index"":20,""time"":3.043,""score"":2.082,""rms_ratio"":2.039,""diff_ratio"":2.126,""contact_probability"":0.00590232},{""index"":21,""time"":0.108,""score"":2.08,""rms_ratio"":1.818,""diff_ratio"":2.379,""contact_probability"":0.00500506},{""index"":22,""time"":6.767,""score"":2.078,""rms_ratio"":2.09,""diff_ratio"":2.066,""contact_probability"":0.06088214},{""index"":23,""time"":5.943,""score"":1.999,""rms_ratio"":1.921,""diff_ratio"":2.08,""contact_probability"":0.00100708},{""index"":24,""time"":0.608,""score"":1.946,""rms_ratio"":1.711,""diff_ratio"":2.214,""contact_probability"":0.00093502}]",best_candidate_below_threshold
1030,F_1136,dataset/fly_ball/Codex_Workstation/F_1136,1.58,yes,1,1.587,0.99991043,5.218,0.7833643177503908,24,"[{""index"":1,""time"":1.587,""score"":5.218,""rms_ratio"":4.446,""diff_ratio"":6.124,""contact_probability"":0.99991043},{""index"":2,""time"":1.438,""score"":2.585,""rms_ratio"":1.992,""diff_ratio"":3.355,""contact_probability"":0.98141794},{""index"":3,""time"":2.017,""score"":1.168,""rms_ratio"":1.2,""diff_ratio"":1.137,""contact_probability"":0.00029462},{""index"":4,""time"":2.072,""score"":1.287,""rms_ratio"":1.254,""diff_ratio"":1.321,""contact_probability"":0.00034325},{""index"":5,""time"":2.152,""score"":1.363,""rms_ratio"":1.494,""diff_ratio"":1.244,""contact_probability"":0.00017967},{""index"":6,""time"":3.803,""score"":2.333,""rms_ratio"":2.001,""diff_ratio"":2.72,""contact_probability"":0.0012934},{""index"":7,""time"":6.338,""score"":2.282,""rms_ratio"":2.647,""diff_ratio"":1.968,""contact_probability"":0.00384953},{""index"":8,""time"":4.568,""score"":2.174,""rms_ratio"":2.32,""diff_ratio"":2.037,""contact_probability"":0.02007108},{""index"":9,""time"":2.862,""score"":2.137,""rms_ratio"":2.257,""diff_ratio"":2.024,""contact_probability"":0.06564068},{""index"":10,""time"":6.443,""score"":2.119,""rms_ratio"":2.292,""diff_ratio"":1.959,""contact_probability"":0.00532855},{""index"":11,""time"":4.062,""score"":2.105,""rms_ratio"":1.855,""diff_ratio"":2.389,""contact_probability"":0.00167395},{""index"":12,""time"":5.648,""score"":2.048,""rms_ratio"":2.036,""diff_ratio"":2.06,""contact_probability"":0.00636886},{""index"":13,""time"":6.938,""score"":2.043,""rms_ratio"":2.715,""diff_ratio"":1.538,""contact_probability"":3.7e-06},{""index"":14,""time"":6.093,""score"":2.001,""rms_ratio"":2.167,""diff_ratio"":1.849,""contact_probability"":0.0015765},{""index"":15,""time"":3.963,""score"":1.937,""rms_ratio"":1.621,""diff_ratio"":2.316,""contact_probability"":0.0003136},{""index"":16,""time"":2.568,""score"":1.923,""rms_ratio"":1.982,""diff_ratio"":1.866,""contact_probability"":0.03514648},{""index"":17,""time"":3.925,""score"":1.842,""rms_ratio"":1.493,""diff_ratio"":2.274,""contact_probability"":0.00025256},{""index"":18,""time"":2.693,""score"":1.663,""rms_ratio"":1.552,""diff_ratio"":1.781,""contact_probability"":0.00074327},{""index"":19,""time"":6.557,""score"":1.662,""rms_ratio"":1.5,""diff_ratio"":1.841,""contact_probability"":0.00013251},{""index"":20,""time"":3.108,""score"":1.649,""rms_ratio"":1.334,""diff_ratio"":2.038,""contact_probability"":0.00046243},{""index"":21,""time"":4.338,""score"":1.62,""rms_ratio"":1.544,""diff_ratio"":1.699,""contact_probability"":0.00262025},{""index"":22,""time"":4.188,""score"":1.585,""rms_ratio"":2.166,""diff_ratio"":1.161,""contact_probability"":0.0086077},{""index"":23,""time"":5.352,""score"":1.581,""rms_ratio"":1.755,""diff_ratio"":1.424,""contact_probability"":0.0002702},{""index"":24,""time"":4.767,""score"":1.568,""rms_ratio"":1.461,""diff_ratio"":1.683,""contact_probability"":0.00105773}]",candidate_selected
1029,F_1135,dataset/fly_ball/Codex_Workstation/F_1135,1.84,yes,1,1.847,0.96646967,11.371,0.7833643177503908,24,"[{""index"":1,""time"":1.847,""score"":11.371,""rms_ratio"":7.922,""diff_ratio"":16.321,""contact_probability"":0.96646967},{""index"":2,""time"":1.768,""score"":1.399,""rms_ratio"":1.381,""diff_ratio"":1.419,""contact_probability"":0.00083128},{""index"":3,""time"":1.913,""score"":1.837,""rms_ratio"":0.615,""diff_ratio"":3.373,""contact_probability"":0.00381686},{""index"":4,""time"":1.712,""score"":1.908,""rms_ratio"":1.854,""diff_ratio"":1.964,""contact_probability"":0.00128815},{""index"":5,""time"":1.977,""score"":1.4,""rms_ratio"":1.793,""diff_ratio"":1.094,""contact_probability"":0.00172295},{""index"":6,""time"":1.643,""score"":4.495,""rms_ratio"":1.842,""diff_ratio"":10.971,""contact_probability"":0.0267202},{""index"":7,""time"":2.108,""score"":1.755,""rms_ratio"":2.157,""diff_ratio"":1.429,""contact_probability"":0.00352103},{""index"":8,""time"":2.162,""score"":1.435,""rms_ratio"":1.826,""diff_ratio"":1.128,""contact_probability"":0.02172439},{""index"":9,""time"":1.487,""score"":4.187,""rms_ratio"":1.817,""diff_ratio"":9.645,""contact_probability"":0.05669078},{""index"":10,""time"":1.428,""score"":4.747,""rms_ratio"":1.952,""diff_ratio"":11.544,""contact_probability"":0.17413375},{""index"":11,""time"":1.298,""score"":1.714,""rms_ratio"":1.63,""diff_ratio"":1.803,""contact_probability"":0.00110699},{""index"":12,""time"":2.422,""score"":1.616,""rms_ratio"":1.838,""diff_ratio"":1.42,""contact_probability"":0.05624153},{""index"":13,""time"":2.842,""score"":3.401,""rms_ratio"":1.4,""diff_ratio"":8.262,""contact_probability"":0.10365525},{""index"":14,""time"":4.957,""score"":2.955,""rms_ratio"":3.041,""diff_ratio"":2.872,""contact_probability"":0.00109898},{""index"":15,""time"":7.008,""score"":2.564,""rms_ratio"":2.838,""diff_ratio"":2.317,""contact_probability"":0.00772199},{""index"":16,""time"":6.863,""score"":2.412,""rms_ratio"":2.898,""diff_ratio"":2.008,""contact_probability"":2.35e-06},{""index"":17,""time"":5.398,""score"":2.32,""rms_ratio"":2.587,""diff_ratio"":2.082,""contact_probability"":0.00157728},{""index"":18,""time"":6.955,""score"":2.302,""rms_ratio"":2.661,""diff_ratio"":1.991,""contact_probability"":2e-08},{""index"":19,""time"":5.577,""score"":2.297,""rms_ratio"":1.182,""diff_ratio"":4.464,""contact_probability"":0.00355848},{""index"":20,""time"":5.722,""score"":2.251,""rms_ratio"":2.8,""diff_ratio"":1.81,""contact_probability"":0.00647913},{""index"":21,""time"":3.898,""score"":2.16,""rms_ratio"":2.04,""diff_ratio"":2.287,""contact_probability"":0.03851273},{""index"":22,""time"":4.718,""score"":2.129,""rms_ratio"":2.279,""diff_ratio"":1.989,""contact_probability"":0.0028546},{""index"":23,""time"":4.858,""score"":2.125,""rms_ratio"":2.567,""diff_ratio"":1.76,""contact_probability"":0.00280087},{""index"":24,""time"":5.068,""score"":1.996,""rms_ratio"":1.995,""diff_ratio"":1.998,""contact_probability"":0.0007163}]",candidate_selected
1028,F_1134,dataset/fly_ball/Codex_Workstation/F_1134,1.92,yes,1,1.933,0.99981524,11.765,0.7833643177503908,24,"[{""index"":1,""time"":1.933,""score"":11.765,""rms_ratio"":8.54,""diff_ratio"":16.209,""contact_probability"":0.99981524},{""index"":2,""time"":6.838,""score"":5.109,""rms_ratio"":3.978,""diff_ratio"":6.563,""contact_probability"":2.261e-05},{""index"":3,""time"":6.952,""score"":4.862,""rms_ratio"":3.176,""diff_ratio"":7.441,""contact_probability"":1.5e-07},{""index"":4,""time"":6.472,""score"":4.235,""rms_ratio"":3.644,""diff_ratio"":4.922,""contact_probability"":0.00222669},{""index"":5,""time"":6.628,""score"":3.902,""rms_ratio"":3.996,""diff_ratio"":3.81,""contact_probability"":0.00219465},{""index"":6,""time"":6.233,""score"":3.835,""rms_ratio"":3.268,""diff_ratio"":4.501,""contact_probability"":0.00156948},{""index"":7,""time"":6.425,""score"":3.8,""rms_ratio"":2.746,""diff_ratio"":5.259,""contact_probability"":0.0050613},{""index"":8,""time"":6.713,""score"":3.515,""rms_ratio"":2.851,""diff_ratio"":4.334,""contact_probability"":0.00023782},{""index"":9,""time"":6.323,""score"":3.171,""rms_ratio"":2.536,""diff_ratio"":3.966,""contact_probability"":0.00037289},{""index"":10,""time"":4.557,""score"":3.1,""rms_ratio"":1.881,""diff_ratio"":5.11,""contact_probability"":0.00490342},{""index"":11,""time"":4.903,""score"":2.546,""rms_ratio"":2.708,""diff_ratio"":2.393,""contact_probability"":0.00646645},{""index"":12,""time"":5.693,""score"":2.541,""rms_ratio"":2.387,""diff_ratio"":2.705,""contact_probability"":0.00159256},{""index"":13,""time"":3.293,""score"":2.427,""rms_ratio"":2.273,""diff_ratio"":2.591,""contact_probability"":0.02571064},{""index"":14,""time"":5.562,""score"":2.387,""rms_ratio"":2.409,""diff_ratio"":2.365,""contact_probability"":0.00373565},{""index"":15,""time"":5.157,""score"":2.37,""rms_ratio"":3.098,""diff_ratio"":1.813,""contact_probability"":0.02717811},{""index"":16,""time"":4.955,""score"":2.342,""rms_ratio"":2.693,""diff_ratio"":2.037,""contact_probability"":0.0008844},{""index"":17,""time"":6.082,""score"":2.333,""rms_ratio"":1.884,""diff_ratio"":2.89,""contact_probability"":7.495e-05},{""index"":18,""time"":3.963,""score"":2.255,""rms_ratio"":2.899,""diff_ratio"":1.753,""contact_probability"":0.01939203},{""index"":19,""time"":3.487,""score"":2.248,""rms_ratio"":1.567,""diff_ratio"":3.226,""contact_probability"":0.00097415},{""index"":20,""time"":6.555,""score"":2.207,""rms_ratio"":1.77,""diff_ratio"":2.752,""contact_probability"":0.00011465},{""index"":21,""time"":4.088,""score"":2.187,""rms_ratio"":2.107,""diff_ratio"":2.27,""contact_probability"":0.00294709},{""index"":22,""time"":4.635,""score"":2.181,""rms_ratio"":2.826,""diff_ratio"":1.683,""contact_probability"":0.00895854},{""index"":23,""time"":3.672,""score"":2.17,""rms_ratio"":2.498,""diff_ratio"":1.885,""contact_probability"":0.00495973},{""index"":24,""time"":4.992,""score"":2.013,""rms_ratio"":1.957,""diff_ratio"":2.07,""contact_probability"":0.00099151}]",candidate_selected
1027,F_1133,dataset/fly_ball/Codex_Workstation/F_1133,2.02,yes,1,2.033,0.96998626,7.691,0.7833643177503908,24,"[{""index"":1,""time"":2.033,""score"":7.691,""rms_ratio"":4.028,""diff_ratio"":14.685,""contact_probability"":0.96998626},{""index"":2,""time"":2.092,""score"":1.682,""rms_ratio"":1.887,""diff_ratio"":1.499,""contact_probability"":0.00769754},{""index"":3,""time"":1.942,""score"":1.244,""rms_ratio"":1.075,""diff_ratio"":1.44,""contact_probability"":0.00065437},{""index"":4,""time"":2.145,""score"":1.5,""rms_ratio"":1.704,""diff_ratio"":1.32,""contact_probability"":0.00825784},{""index"":5,""time"":1.883,""score"":1.792,""rms_ratio"":1.773,""diff_ratio"":1.811,""contact_probability"":0.0096511},{""index"":6,""time"":2.207,""score"":1.424,""rms_ratio"":1.395,""diff_ratio"":1.454,""contact_probability"":0.00087294},{""index"":7,""time"":2.348,""score"":1.752,""rms_ratio"":1.655,""diff_ratio"":1.854,""contact_probability"":0.00491674},{""index"":8,""time"":1.665,""score"":1.179,""rms_ratio"":0.82,""diff_ratio"":1.389,""contact_probability"":0.00029297},{""index"":9,""time"":2.428,""score"":1.349,""rms_ratio"":1.504,""diff_ratio"":1.211,""contact_probability"":0.00118795},{""index"":10,""time"":1.597,""score"":1.473,""rms_ratio"":1.361,""diff_ratio"":1.594,""contact_probability"":0.00588879},{""index"":11,""time"":1.528,""score"":1.702,""rms_ratio"":1.638,""diff_ratio"":1.767,""contact_probability"":0.01184551},{""index"":12,""time"":2.553,""score"":1.537,""rms_ratio"":1.716,""diff_ratio"":1.376,""contact_probability"":0.00110657},{""index"":13,""time"":1.477,""score"":2.459,""rms_ratio"":1.759,""diff_ratio"":3.436,""contact_probability"":0.01247449},{""index"":14,""time"":2.612,""score"":1.48,""rms_ratio"":1.491,""diff_ratio"":1.47,""contact_probability"":0.000591},{""index"":15,""time"":2.963,""score"":2.14,""rms_ratio"":1.057,""diff_ratio"":4.331,""contact_probability"":0.04954302},{""index"":16,""time"":0.338,""score"":2.096,""rms_ratio"":1.166,""diff_ratio"":3.769,""contact_probability"":0.00904562},{""index"":17,""time"":0.663,""score"":2.031,""rms_ratio"":2.125,""diff_ratio"":1.942,""contact_probability"":0.00678533},{""index"":18,""time"":6.207,""score"":1.926,""rms_ratio"":1.883,""diff_ratio"":1.97,""contact_probability"":0.01058921},{""index"":19,""time"":0.848,""score"":1.904,""rms_ratio"":1.998,""diff_ratio"":1.814,""contact_probability"":0.00624193},{""index"":20,""time"":6.872,""score"":1.865,""rms_ratio"":2.353,""diff_ratio"":1.478,""contact_probability"":4.922e-05},{""index"":21,""time"":0.978,""score"":1.858,""rms_ratio"":0.922,""diff_ratio"":3.454,""contact_probability"":0.00230291},{""index"":22,""time"":3.307,""score"":1.844,""rms_ratio"":1.642,""diff_ratio"":2.071,""contact_probability"":0.03864206},{""index"":23,""time"":0.127,""score"":1.812,""rms_ratio"":2.004,""diff_ratio"":1.639,""contact_probability"":0.05359471},{""index"":24,""time"":3.148,""score"":1.757,""rms_ratio"":1.689,""diff_ratio"":1.827,""contact_probability"":0.00153486}]",candidate_selected
1026,F_1132,dataset/fly_ball/Codex_Workstation/F_1132,2.02,yes,1,2.037,0.99992325,8.512,0.7833643177503908,24,"[{""index"":1,""time"":2.037,""score"":8.512,""rms_ratio"":6.229,""diff_ratio"":11.632,""contact_probability"":0.99992325},{""index"":2,""time"":1.947,""score"":1.36,""rms_ratio"":0.925,""diff_ratio"":1.85,""contact_probability"":0.00178339},{""index"":3,""time"":1.332,""score"":4.003,""rms_ratio"":1.982,""diff_ratio"":8.085,""contact_probability"":0.64625997},{""index"":4,""time"":6.088,""score"":3.781,""rms_ratio"":1.887,""diff_ratio"":7.576,""contact_probability"":0.0265303},{""index"":5,""time"":3.793,""score"":3.777,""rms_ratio"":2.373,""diff_ratio"":6.012,""contact_probability"":0.48138061},{""index"":6,""time"":5.682,""score"":3.729,""rms_ratio"":1.801,""diff_ratio"":7.721,""contact_probability"":0.00680347},{""index"":7,""time"":4.052,""score"":3.647,""rms_ratio"":2.431,""diff_ratio"":5.472,""contact_probability"":0.05788409},{""index"":8,""time"":5.847,""score"":3.352,""rms_ratio"":1.547,""diff_ratio"":7.264,""contact_probability"":0.00518367},{""index"":9,""time"":5.997,""score"":3.132,""rms_ratio"":1.532,""diff_ratio"":6.404,""contact_probability"":0.00204595},{""index"":10,""time"":5.593,""score"":2.559,""rms_ratio"":1.618,""diff_ratio"":4.047,""contact_probability"":0.00051427},{""index"":11,""time"":3.267,""score"":2.154,""rms_ratio"":1.827,""diff_ratio"":2.538,""contact_probability"":0.02342513},{""index"":12,""time"":5.162,""score"":2.06,""rms_ratio"":1.554,""diff_ratio"":2.731,""contact_probability"":0.00043473},{""index"":13,""time"":4.343,""score"":2.022,""rms_ratio"":1.733,""diff_ratio"":2.36,""contact_probability"":0.00270423},{""index"":14,""time"":6.222,""score"":1.966,""rms_ratio"":1.449,""diff_ratio"":2.667,""contact_probability"":0.00011351},{""index"":15,""time"":5.062,""score"":1.961,""rms_ratio"":1.742,""diff_ratio"":2.207,""contact_probability"":0.00022908},{""index"":16,""time"":0.262,""score"":1.938,""rms_ratio"":1.514,""diff_ratio"":2.479,""contact_probability"":0.02140217},{""index"":17,""time"":6.332,""score"":1.92,""rms_ratio"":1.389,""diff_ratio"":2.655,""contact_probability"":0.00039193},{""index"":18,""time"":3.043,""score"":1.882,""rms_ratio"":2.544,""diff_ratio"":1.392,""contact_probability"":0.05461084},{""index"":19,""time"":5.483,""score"":1.876,""rms_ratio"":1.43,""diff_ratio"":2.462,""contact_probability"":9.241e-05},{""index"":20,""time"":4.438,""score"":1.788,""rms_ratio"":1.341,""diff_ratio"":2.382,""contact_probability"":0.00187688},{""index"":21,""time"":5.555,""score"":1.777,""rms_ratio"":1.5,""diff_ratio"":2.106,""contact_probability"":0.00010737},{""index"":22,""time"":6.497,""score"":1.745,""rms_ratio"":1.67,""diff_ratio"":1.823,""contact_probability"":0.00038341},{""index"":23,""time"":5.298,""score"":1.706,""rms_ratio"":1.292,""diff_ratio"":2.252,""contact_probability"":8.366e-05},{""index"":24,""time"":1.413,""score"":1.7,""rms_ratio"":0.855,""diff_ratio"":2.891,""contact_probability"":0.25402456}]",candidate_selected
1025,F_1131,dataset/fly_ball/Codex_Workstation/F_1131,2.02,yes,1,2.027,0.99995471,15.894,0.7833643177503908,24,"[{""index"":1,""time"":2.027,""score"":15.894,""rms_ratio"":11.272,""diff_ratio"":22.41,""contact_probability"":0.99995471},{""index"":2,""time"":1.938,""score"":1.392,""rms_ratio"":0.939,""diff_ratio"":1.938,""contact_probability"":7.621e-05},{""index"":3,""time"":4.233,""score"":7.767,""rms_ratio"":4.15,""diff_ratio"":14.535,""contact_probability"":0.93552829},{""index"":4,""time"":0.162,""score"":7.667,""rms_ratio"":5.028,""diff_ratio"":11.693,""contact_probability"":0.23623125},{""index"":5,""time"":6.003,""score"":7.557,""rms_ratio"":4.605,""diff_ratio"":12.401,""contact_probability"":0.27853766},{""index"":6,""time"":6.392,""score"":6.736,""rms_ratio"":5.082,""diff_ratio"":8.928,""contact_probability"":0.47431585},{""index"":7,""time"":2.967,""score"":6.111,""rms_ratio"":6.77,""diff_ratio"":5.517,""contact_probability"":0.76652225},{""index"":8,""time"":4.497,""score"":6.033,""rms_ratio"":4.813,""diff_ratio"":7.562,""contact_probability"":0.17141813},{""index"":9,""time"":5.343,""score"":5.686,""rms_ratio"":4.882,""diff_ratio"":6.623,""contact_probability"":0.13117297},{""index"":10,""time"":5.662,""score"":5.457,""rms_ratio"":3.569,""diff_ratio"":8.344,""contact_probability"":0.01300002},{""index"":11,""time"":6.597,""score"":5.087,""rms_ratio"":4.653,""diff_ratio"":5.563,""contact_probability"":0.10045056},{""index"":12,""time"":0.398,""score"":4.853,""rms_ratio"":2.656,""diff_ratio"":8.868,""contact_probability"":0.23482208},{""index"":13,""time"":0.052,""score"":4.547,""rms_ratio"":2.35,""diff_ratio"":8.798,""contact_probability"":0.0871171},{""index"":14,""time"":5.438,""score"":4.133,""rms_ratio"":3.093,""diff_ratio"":5.522,""contact_probability"":0.01466947},{""index"":15,""time"":4.827,""score"":4.126,""rms_ratio"":4.558,""diff_ratio"":3.735,""contact_probability"":0.07337143},{""index"":16,""time"":6.863,""score"":4.047,""rms_ratio"":4.192,""diff_ratio"":3.907,""contact_probability"":6.89e-06},{""index"":17,""time"":5.073,""score"":3.858,""rms_ratio"":3.46,""diff_ratio"":4.301,""contact_probability"":0.12294763},{""index"":18,""time"":5.872,""score"":3.462,""rms_ratio"":3.067,""diff_ratio"":3.907,""contact_probability"":0.00186002},{""index"":19,""time"":6.157,""score"":3.448,""rms_ratio"":3.344,""diff_ratio"":3.555,""contact_probability"":0.00100044},{""index"":20,""time"":5.573,""score"":3.386,""rms_ratio"":2.584,""diff_ratio"":4.436,""contact_probability"":0.00076516},{""index"":21,""time"":3.243,""score"":3.258,""rms_ratio"":4.801,""diff_ratio"":2.211,""contact_probability"":0.00273477},{""index"":22,""time"":6.963,""score"":3.085,""rms_ratio"":2.791,""diff_ratio"":3.411,""contact_probability"":0.00250503},{""index"":23,""time"":3.315,""score"":2.929,""rms_ratio"":3.465,""diff_ratio"":2.477,""contact_probability"":0.00489627},{""index"":24,""time"":0.292,""score"":2.893,""rms_ratio"":2.412,""diff_ratio"":3.468,""contact_probability"":0.00073715}]",candidate_selected
1024,F_1130,dataset/fly_ball/Codex_Workstation/F_1130,2.02,yes,1,2.027,0.99988566,6.36,0.7833643177503908,24,"[{""index"":1,""time"":2.027,""score"":6.36,""rms_ratio"":5.833,""diff_ratio"":6.935,""contact_probability"":0.99988566},{""index"":2,""time"":2.457,""score"":1.191,""rms_ratio"":1.236,""diff_ratio"":1.147,""contact_probability"":0.00033944},{""index"":3,""time"":2.582,""score"":2.227,""rms_ratio"":2.369,""diff_ratio"":2.093,""contact_probability"":0.01024194},{""index"":4,""time"":6.562,""score"":3.101,""rms_ratio"":2.5,""diff_ratio"":3.846,""contact_probability"":0.02207208},{""index"":5,""time"":4.378,""score"":2.711,""rms_ratio"":2.508,""diff_ratio"":2.93,""contact_probability"":0.02273912},{""index"":6,""time"":2.928,""score"":2.64,""rms_ratio"":2.349,""diff_ratio"":2.966,""contact_probability"":0.00319518},{""index"":7,""time"":4.488,""score"":2.621,""rms_ratio"":2.027,""diff_ratio"":3.388,""contact_probability"":0.00372616},{""index"":8,""time"":3.688,""score"":2.588,""rms_ratio"":2.672,""diff_ratio"":2.506,""contact_probability"":0.00512432},{""index"":9,""time"":4.863,""score"":2.48,""rms_ratio"":2.281,""diff_ratio"":2.697,""contact_probability"":0.00293074},{""index"":10,""time"":6.943,""score"":2.394,""rms_ratio"":2.919,""diff_ratio"":1.963,""contact_probability"":6.9e-07},{""index"":11,""time"":3.362,""score"":2.369,""rms_ratio"":2.708,""diff_ratio"":2.073,""contact_probability"":0.00165569},{""index"":12,""time"":5.227,""score"":2.323,""rms_ratio"":1.967,""diff_ratio"":2.743,""contact_probability"":0.00114606},{""index"":13,""time"":6.162,""score"":2.31,""rms_ratio"":1.929,""diff_ratio"":2.766,""contact_probability"":0.00100603},{""index"":14,""time"":3.513,""score"":2.296,""rms_ratio"":2.485,""diff_ratio"":2.12,""contact_probability"":0.00076313},{""index"":15,""time"":6.125,""score"":2.168,""rms_ratio"":1.747,""diff_ratio"":2.689,""contact_probability"":0.00284893},{""index"":16,""time"":5.747,""score"":2.133,""rms_ratio"":1.922,""diff_ratio"":2.367,""contact_probability"":0.00064507},{""index"":17,""time"":5.892,""score"":2.117,""rms_ratio"":2.097,""diff_ratio"":2.136,""contact_probability"":0.00148377},{""index"":18,""time"":6.077,""score"":2.097,""rms_ratio"":1.661,""diff_ratio"":2.649,""contact_probability"":0.00104178},{""index"":19,""time"":6.653,""score"":2.094,""rms_ratio"":1.79,""diff_ratio"":2.449,""contact_probability"":0.00202239},{""index"":20,""time"":5.392,""score"":2.06,""rms_ratio"":1.987,""diff_ratio"":2.136,""contact_probability"":0.0005334},{""index"":21,""time"":4.952,""score"":2.049,""rms_ratio"":2.005,""diff_ratio"":2.094,""contact_probability"":0.00329499},{""index"":22,""time"":3.783,""score"":2.007,""rms_ratio"":2.184,""diff_ratio"":1.843,""contact_probability"":0.00065657},{""index"":23,""time"":4.108,""score"":1.97,""rms_ratio"":1.877,""diff_ratio"":2.069,""contact_probability"":0.00330718},{""index"":24,""time"":5.488,""score"":1.937,""rms_ratio"":2.256,""diff_ratio"":1.664,""contact_probability"":0.00056375}]",candidate_selected
1023,F_1129,dataset/fly_ball/Codex_Workstation/F_1129,1.66,yes,1,1.673,0.99995517,11.187,0.7833643177503908,24,"[{""index"":1,""time"":1.673,""score"":11.187,""rms_ratio"":8.216,""diff_ratio"":15.232,""contact_probability"":0.99995517},{""index"":2,""time"":1.582,""score"":1.542,""rms_ratio"":1.285,""diff_ratio"":1.85,""contact_probability"":0.00128103},{""index"":3,""time"":1.822,""score"":1.481,""rms_ratio"":0.479,""diff_ratio"":2.194,""contact_probability"":0.02498611},{""index"":4,""time"":5.293,""score"":4.843,""rms_ratio"":3.078,""diff_ratio"":7.618,""contact_probability"":0.14387497},{""index"":5,""time"":3.418,""score"":4.835,""rms_ratio"":2.416,""diff_ratio"":9.678,""contact_probability"":0.05394686},{""index"":6,""time"":4.477,""score"":4.771,""rms_ratio"":4.237,""diff_ratio"":5.373,""contact_probability"":0.83538938},{""index"":7,""time"":3.082,""score"":4.552,""rms_ratio"":2.606,""diff_ratio"":7.951,""contact_probability"":0.02153323},{""index"":8,""time"":2.658,""score"":4.21,""rms_ratio"":2.9,""diff_ratio"":6.111,""contact_probability"":0.03149517},{""index"":9,""time"":6.238,""score"":3.541,""rms_ratio"":3.227,""diff_ratio"":3.884,""contact_probability"":0.03184947},{""index"":10,""time"":6.742,""score"":3.115,""rms_ratio"":3.463,""diff_ratio"":2.802,""contact_probability"":0.00619689},{""index"":11,""time"":2.918,""score"":3.111,""rms_ratio"":2.498,""diff_ratio"":3.874,""contact_probability"":0.0017756},{""index"":12,""time"":2.812,""score"":3.109,""rms_ratio"":3.016,""diff_ratio"":3.206,""contact_probability"":0.00695749},{""index"":13,""time"":6.468,""score"":2.896,""rms_ratio"":3.18,""diff_ratio"":2.637,""contact_probability"":0.01703015},{""index"":14,""time"":3.517,""score"":2.866,""rms_ratio"":2.349,""diff_ratio"":3.497,""contact_probability"":0.00614035},{""index"":15,""time"":3.928,""score"":2.833,""rms_ratio"":2.182,""diff_ratio"":3.677,""contact_probability"":0.00913927},{""index"":16,""time"":4.682,""score"":2.68,""rms_ratio"":1.965,""diff_ratio"":3.654,""contact_probability"":0.00094479},{""index"":17,""time"":3.318,""score"":2.651,""rms_ratio"":2.086,""diff_ratio"":3.368,""contact_probability"":0.00107515},{""index"":18,""time"":7.003,""score"":2.623,""rms_ratio"":2.167,""diff_ratio"":3.173,""contact_probability"":0.01612112},{""index"":19,""time"":6.852,""score"":2.605,""rms_ratio"":2.185,""diff_ratio"":3.106,""contact_probability"":1.408e-05},{""index"":20,""time"":3.828,""score"":2.583,""rms_ratio"":2.042,""diff_ratio"":3.266,""contact_probability"":0.00321297},{""index"":21,""time"":4.812,""score"":2.432,""rms_ratio"":2.011,""diff_ratio"":2.941,""contact_probability"":0.00151297},{""index"":22,""time"":6.573,""score"":2.391,""rms_ratio"":2.183,""diff_ratio"":2.618,""contact_probability"":0.00089398},{""index"":23,""time"":5.637,""score"":2.379,""rms_ratio"":2.323,""diff_ratio"":2.437,""contact_probability"":0.00104179},{""index"":24,""time"":5.528,""score"":2.241,""rms_ratio"":2.139,""diff_ratio"":2.348,""contact_probability"":0.00010196}]",candidate_selected
1022,F_1128,dataset/fly_ball/Codex_Workstation/F_1128,5.9,yes,19,1.293,0.99997694,3.617,0.7833643177503908,24,"[{""index"":1,""time"":5.907,""score"":3.036,""rms_ratio"":3.86,""diff_ratio"":2.387,""contact_probability"":0.26756251},{""index"":2,""time"":5.957,""score"":1.533,""rms_ratio"":1.355,""diff_ratio"":1.734,""contact_probability"":0.00366153},{""index"":3,""time"":6.008,""score"":1.906,""rms_ratio"":1.823,""diff_ratio"":1.993,""contact_probability"":0.00174622},{""index"":4,""time"":5.635,""score"":1.21,""rms_ratio"":1.203,""diff_ratio"":1.217,""contact_probability"":0.00146138},{""index"":5,""time"":6.173,""score"":4.077,""rms_ratio"":3.421,""diff_ratio"":4.859,""contact_probability"":0.07468523},{""index"":6,""time"":5.585,""score"":1.593,""rms_ratio"":1.429,""diff_ratio"":1.776,""contact_probability"":0.00130098},{""index"":7,""time"":6.233,""score"":1.545,""rms_ratio"":1.779,""diff_ratio"":1.342,""contact_probability"":0.00072194},{""index"":8,""time"":5.537,""score"":1.82,""rms_ratio"":1.662,""diff_ratio"":1.994,""contact_probability"":0.00081645},{""index"":9,""time"":6.29,""score"":1.285,""rms_ratio"":1.548,""diff_ratio"":1.066,""contact_probability"":0.00134144},{""index"":10,""time"":6.335,""score"":1.355,""rms_ratio"":1.524,""diff_ratio"":1.205,""contact_probability"":7.765e-05},{""index"":11,""time"":5.463,""score"":1.773,""rms_ratio"":1.824,""diff_ratio"":1.723,""contact_probability"":0.00053296},{""index"":12,""time"":6.383,""score"":2.347,""rms_ratio"":2.163,""diff_ratio"":2.546,""contact_probability"":0.00066171},{""index"":13,""time"":5.403,""score"":2.685,""rms_ratio"":1.797,""diff_ratio"":4.011,""contact_probability"":0.00755731},{""index"":14,""time"":5.352,""score"":4.527,""rms_ratio"":2.72,""diff_ratio"":7.534,""contact_probability"":0.22387821},{""index"":15,""time"":6.457,""score"":1.954,""rms_ratio"":1.788,""diff_ratio"":2.134,""contact_probability"":0.00012829},{""index"":16,""time"":3.112,""score"":4.093,""rms_ratio"":2.206,""diff_ratio"":7.595,""contact_probability"":0.4810197},{""index"":17,""time"":2.017,""score"":3.67,""rms_ratio"":3.706,""diff_ratio"":3.634,""contact_probability"":0.71028289},{""index"":18,""time"":4.278,""score"":3.643,""rms_ratio"":1.945,""diff_ratio"":6.825,""contact_probability"":0.11075186},{""index"":19,""time"":1.293,""score"":3.617,""rms_ratio"":2.08,""diff_ratio"":6.29,""contact_probability"":0.99997694},{""index"":20,""time"":4.003,""score"":2.926,""rms_ratio"":2.846,""diff_ratio"":3.009,""contact_probability"":0.10838369},{""index"":21,""time"":6.682,""score"":2.867,""rms_ratio"":2.249,""diff_ratio"":3.655,""contact_probability"":0.00049979},{""index"":22,""time"":5.213,""score"":2.85,""rms_ratio"":2.385,""diff_ratio"":3.405,""contact_probability"":0.01019982},{""index"":23,""time"":4.997,""score"":2.678,""rms_ratio"":3.405,""diff_ratio"":2.105,""contact_probability"":0.07799458},{""index"":24,""time"":6.812,""score"":2.675,""rms_ratio"":1.589,""diff_ratio"":4.501,""contact_probability"":0.0001189}]",candidate_selected
1021,F_1127,dataset/fly_ball/Codex_Workstation/F_1127,2.38,no,,,0.01635684,,0.7833643177503908,24,"[{""index"":1,""time"":2.418,""score"":2.515,""rms_ratio"":2.575,""diff_ratio"":2.456,""contact_probability"":0.00063747},{""index"":2,""time"":2.332,""score"":3.152,""rms_ratio"":2.226,""diff_ratio"":4.462,""contact_probability"":0.00149775},{""index"":3,""time"":2.455,""score"":2.17,""rms_ratio"":2.214,""diff_ratio"":2.126,""contact_probability"":0.00032859},{""index"":4,""time"":2.49,""score"":1.804,""rms_ratio"":1.798,""diff_ratio"":1.811,""contact_probability"":0.00024642},{""index"":5,""time"":2.213,""score"":2.834,""rms_ratio"":2.307,""diff_ratio"":3.481,""contact_probability"":0.0039728},{""index"":6,""time"":2.578,""score"":2.126,""rms_ratio"":1.951,""diff_ratio"":2.317,""contact_probability"":0.00037243},{""index"":7,""time"":2.072,""score"":2.215,""rms_ratio"":2.3,""diff_ratio"":2.133,""contact_probability"":0.00239532},{""index"":8,""time"":2.693,""score"":2.47,""rms_ratio"":2.414,""diff_ratio"":2.528,""contact_probability"":0.00841751},{""index"":9,""time"":2.003,""score"":2.757,""rms_ratio"":2.499,""diff_ratio"":3.042,""contact_probability"":0.00230178},{""index"":10,""time"":1.918,""score"":1.619,""rms_ratio"":1.93,""diff_ratio"":1.358,""contact_probability"":0.00039104},{""index"":11,""time"":2.852,""score"":2.207,""rms_ratio"":2.114,""diff_ratio"":2.304,""contact_probability"":0.00646021},{""index"":12,""time"":1.825,""score"":1.768,""rms_ratio"":1.446,""diff_ratio"":2.161,""contact_probability"":0.00024694},{""index"":13,""time"":1.788,""score"":1.872,""rms_ratio"":1.657,""diff_ratio"":2.116,""contact_probability"":0.00016535},{""index"":14,""time"":3.467,""score"":2.867,""rms_ratio"":2.302,""diff_ratio"":3.571,""contact_probability"":0.01635684},{""index"":15,""time"":3.727,""score"":2.786,""rms_ratio"":2.772,""diff_ratio"":2.8,""contact_probability"":0.00365713},{""index"":16,""time"":4.582,""score"":2.606,""rms_ratio"":2.68,""diff_ratio"":2.533,""contact_probability"":0.0004776},{""index"":17,""time"":4.688,""score"":2.524,""rms_ratio"":2.663,""diff_ratio"":2.392,""contact_probability"":0.00070845},{""index"":18,""time"":3.078,""score"":2.447,""rms_ratio"":2.234,""diff_ratio"":2.681,""contact_probability"":0.00301817},{""index"":19,""time"":4.983,""score"":2.304,""rms_ratio"":1.914,""diff_ratio"":2.775,""contact_probability"":0.00152996},{""index"":20,""time"":2.993,""score"":2.28,""rms_ratio"":1.642,""diff_ratio"":3.165,""contact_probability"":0.00509438},{""index"":21,""time"":5.613,""score"":2.247,""rms_ratio"":2.356,""diff_ratio"":2.144,""contact_probability"":0.00053957},{""index"":22,""time"":3.178,""score"":2.214,""rms_ratio"":2.056,""diff_ratio"":2.384,""contact_probability"":0.00225433},{""index"":23,""time"":5.218,""score"":2.122,""rms_ratio"":2.398,""diff_ratio"":1.878,""contact_probability"":0.0038611},{""index"":24,""time"":3.862,""score"":2.034,""rms_ratio"":2.214,""diff_ratio"":1.869,""contact_probability"":0.00013838}]",best_candidate_below_threshold
1020,F_1126,dataset/fly_ball/Codex_Workstation/F_1126,2.02,yes,1,2.027,0.82033937,3.859,0.7833643177503908,24,"[{""index"":1,""time"":2.027,""score"":3.859,""rms_ratio"":4.593,""diff_ratio"":3.243,""contact_probability"":0.82033937},{""index"":2,""time"":2.098,""score"":1.238,""rms_ratio"":1.396,""diff_ratio"":1.099,""contact_probability"":0.00122891},{""index"":3,""time"":2.152,""score"":1.283,""rms_ratio"":1.531,""diff_ratio"":1.075,""contact_probability"":0.00114433},{""index"":4,""time"":2.303,""score"":2.626,""rms_ratio"":2.573,""diff_ratio"":2.68,""contact_probability"":0.05182563},{""index"":5,""time"":2.517,""score"":4.225,""rms_ratio"":2.608,""diff_ratio"":6.845,""contact_probability"":0.20222576},{""index"":6,""time"":2.602,""score"":1.275,""rms_ratio"":1.396,""diff_ratio"":1.166,""contact_probability"":0.0006706},{""index"":7,""time"":5.048,""score"":5.686,""rms_ratio"":3.262,""diff_ratio"":9.911,""contact_probability"":0.69078431},{""index"":8,""time"":3.293,""score"":3.293,""rms_ratio"":1.899,""diff_ratio"":5.712,""contact_probability"":0.04551975},{""index"":9,""time"":4.327,""score"":2.921,""rms_ratio"":2.61,""diff_ratio"":3.269,""contact_probability"":0.10355474},{""index"":10,""time"":3.398,""score"":2.867,""rms_ratio"":1.815,""diff_ratio"":4.531,""contact_probability"":0.16892926},{""index"":11,""time"":5.363,""score"":2.728,""rms_ratio"":2.999,""diff_ratio"":2.481,""contact_probability"":0.11486317},{""index"":12,""time"":0.757,""score"":2.612,""rms_ratio"":2.251,""diff_ratio"":3.03,""contact_probability"":0.0220526},{""index"":13,""time"":3.777,""score"":2.292,""rms_ratio"":1.118,""diff_ratio"":4.702,""contact_probability"":0.00918004},{""index"":14,""time"":0.522,""score"":2.051,""rms_ratio"":3.023,""diff_ratio"":1.392,""contact_probability"":0.27664522},{""index"":15,""time"":5.593,""score"":1.991,""rms_ratio"":2.395,""diff_ratio"":1.655,""contact_probability"":0.0045793},{""index"":16,""time"":4.807,""score"":1.936,""rms_ratio"":2.097,""diff_ratio"":1.787,""contact_probability"":0.00975482},{""index"":17,""time"":6.343,""score"":1.906,""rms_ratio"":2.447,""diff_ratio"":1.485,""contact_probability"":0.00566008},{""index"":18,""time"":4.537,""score"":1.903,""rms_ratio"":2.249,""diff_ratio"":1.61,""contact_probability"":0.00486042},{""index"":19,""time"":0.018,""score"":1.843,""rms_ratio"":1.084,""diff_ratio"":3.134,""contact_probability"":0.04210122},{""index"":20,""time"":5.802,""score"":1.816,""rms_ratio"":2.249,""diff_ratio"":1.466,""contact_probability"":0.00374625},{""index"":21,""time"":3.957,""score"":1.767,""rms_ratio"":2.046,""diff_ratio"":1.526,""contact_probability"":0.00085708},{""index"":22,""time"":6.137,""score"":1.763,""rms_ratio"":1.714,""diff_ratio"":1.812,""contact_probability"":0.00179886},{""index"":23,""time"":3.672,""score"":1.736,""rms_ratio"":1.524,""diff_ratio"":1.976,""contact_probability"":0.00023794},{""index"":24,""time"":3.578,""score"":1.663,""rms_ratio"":1.44,""diff_ratio"":1.92,""contact_probability"":0.00022731}]",candidate_selected
1019,F_1125,dataset/fly_ball/Codex_Workstation/F_1125,2.02,yes,1,2.027,0.95810665,9.883,0.7833643177503908,24,"[{""index"":1,""time"":2.027,""score"":9.883,""rms_ratio"":6.702,""diff_ratio"":14.575,""contact_probability"":0.95810665},{""index"":2,""time"":1.972,""score"":1.512,""rms_ratio"":1.458,""diff_ratio"":1.568,""contact_probability"":0.00175877},{""index"":3,""time"":2.102,""score"":1.79,""rms_ratio"":1.85,""diff_ratio"":1.731,""contact_probability"":0.00360452},{""index"":4,""time"":2.193,""score"":1.769,""rms_ratio"":1.902,""diff_ratio"":1.645,""contact_probability"":0.00066413},{""index"":5,""time"":2.267,""score"":1.655,""rms_ratio"":1.748,""diff_ratio"":1.566,""contact_probability"":0.0001959},{""index"":6,""time"":1.753,""score"":1.213,""rms_ratio"":1.248,""diff_ratio"":1.179,""contact_probability"":0.00030147},{""index"":7,""time"":2.332,""score"":1.274,""rms_ratio"":1.273,""diff_ratio"":1.276,""contact_probability"":0.00018},{""index"":8,""time"":2.388,""score"":1.653,""rms_ratio"":1.803,""diff_ratio"":1.516,""contact_probability"":0.0011521},{""index"":9,""time"":2.45,""score"":1.386,""rms_ratio"":1.292,""diff_ratio"":1.486,""contact_probability"":0.00054427},{""index"":10,""time"":1.582,""score"":1.294,""rms_ratio"":1.497,""diff_ratio"":1.118,""contact_probability"":0.00274749},{""index"":11,""time"":2.497,""score"":1.579,""rms_ratio"":1.771,""diff_ratio"":1.408,""contact_probability"":0.00096363},{""index"":12,""time"":2.562,""score"":1.26,""rms_ratio"":1.351,""diff_ratio"":1.175,""contact_probability"":0.00136525},{""index"":13,""time"":2.618,""score"":1.356,""rms_ratio"":1.318,""diff_ratio"":1.395,""contact_probability"":0.00062579},{""index"":14,""time"":6.307,""score"":2.56,""rms_ratio"":1.968,""diff_ratio"":3.331,""contact_probability"":0.02840928},{""index"":15,""time"":4.242,""score"":2.331,""rms_ratio"":1.953,""diff_ratio"":2.782,""contact_probability"":0.02079819},{""index"":16,""time"":4.427,""score"":2.202,""rms_ratio"":1.885,""diff_ratio"":2.572,""contact_probability"":0.00559308},{""index"":17,""time"":3.973,""score"":2.046,""rms_ratio"":2.006,""diff_ratio"":2.086,""contact_probability"":0.02361813},{""index"":18,""time"":5.912,""score"":1.987,""rms_ratio"":0.962,""diff_ratio"":3.948,""contact_probability"":0.00060923},{""index"":19,""time"":2.997,""score"":1.941,""rms_ratio"":1.893,""diff_ratio"":1.99,""contact_probability"":0.00309483},{""index"":20,""time"":3.348,""score"":1.928,""rms_ratio"":1.93,""diff_ratio"":1.925,""contact_probability"":0.00550954},{""index"":21,""time"":3.783,""score"":1.884,""rms_ratio"":2.163,""diff_ratio"":1.642,""contact_probability"":0.00058903},{""index"":22,""time"":6.142,""score"":1.822,""rms_ratio"":1.466,""diff_ratio"":2.265,""contact_probability"":0.0028283},{""index"":23,""time"":4.642,""score"":1.815,""rms_ratio"":1.738,""diff_ratio"":1.895,""contact_probability"":0.00338557},{""index"":24,""time"":5.722,""score"":1.77,""rms_ratio"":1.87,""diff_ratio"":1.676,""contact_probability"":0.00176121}]",candidate_selected
1018,F_1124,dataset/fly_ball/Codex_Workstation/F_1124,2.02,no,,,0.05887397,,0.7833643177503908,18,"[{""index"":1,""time"":2.023,""score"":2.261,""rms_ratio"":2.603,""diff_ratio"":1.965,""contact_probability"":0.0466169},{""index"":2,""time"":2.102,""score"":1.454,""rms_ratio"":1.94,""diff_ratio"":1.09,""contact_probability"":0.00493799},{""index"":3,""time"":1.93,""score"":1.19,""rms_ratio"":1.13,""diff_ratio"":1.254,""contact_probability"":0.00038358},{""index"":4,""time"":1.872,""score"":1.455,""rms_ratio"":1.395,""diff_ratio"":1.516,""contact_probability"":0.00077661},{""index"":5,""time"":2.178,""score"":1.619,""rms_ratio"":1.743,""diff_ratio"":1.504,""contact_probability"":0.00146348},{""index"":6,""time"":2.233,""score"":1.389,""rms_ratio"":1.231,""diff_ratio"":1.567,""contact_probability"":0.00040497},{""index"":7,""time"":1.803,""score"":2.099,""rms_ratio"":1.31,""diff_ratio"":3.362,""contact_probability"":0.0118402},{""index"":8,""time"":2.372,""score"":2.419,""rms_ratio"":2.531,""diff_ratio"":2.312,""contact_probability"":0.05887397},{""index"":9,""time"":1.658,""score"":2.201,""rms_ratio"":1.947,""diff_ratio"":2.488,""contact_probability"":0.01934689},{""index"":10,""time"":1.572,""score"":1.755,""rms_ratio"":1.723,""diff_ratio"":1.788,""contact_probability"":0.00026083},{""index"":11,""time"":1.513,""score"":1.409,""rms_ratio"":1.458,""diff_ratio"":1.361,""contact_probability"":0.00011494},{""index"":12,""time"":2.557,""score"":2.196,""rms_ratio"":2.659,""diff_ratio"":1.814,""contact_probability"":0.02799472},{""index"":13,""time"":1.428,""score"":1.48,""rms_ratio"":2.189,""diff_ratio"":1.0,""contact_probability"":0.00224559},{""index"":14,""time"":0.072,""score"":1.77,""rms_ratio"":1.552,""diff_ratio"":2.019,""contact_probability"":0.0085705},{""index"":15,""time"":2.757,""score"":1.634,""rms_ratio"":1.65,""diff_ratio"":1.618,""contact_probability"":0.0015321},{""index"":16,""time"":0.228,""score"":1.622,""rms_ratio"":1.909,""diff_ratio"":1.379,""contact_probability"":0.00099174},{""index"":17,""time"":2.947,""score"":1.586,""rms_ratio"":1.487,""diff_ratio"":1.692,""contact_probability"":0.00149118},{""index"":18,""time"":2.862,""score"":1.561,""rms_ratio"":1.417,""diff_ratio"":1.718,""contact_probability"":0.00049432}]",best_candidate_below_threshold
1017,F_1123,dataset/fly_ball/Codex_Workstation/F_1123,2.02,no,,,0.00534679,,0.7833643177503908,23,"[{""index"":1,""time"":2.033,""score"":2.032,""rms_ratio"":2.394,""diff_ratio"":1.725,""contact_probability"":0.00041941},{""index"":2,""time"":1.962,""score"":1.754,""rms_ratio"":2.015,""diff_ratio"":1.526,""contact_probability"":0.00015731},{""index"":3,""time"":2.118,""score"":2.132,""rms_ratio"":1.914,""diff_ratio"":2.374,""contact_probability"":0.00036618},{""index"":4,""time"":1.898,""score"":1.968,""rms_ratio"":1.764,""diff_ratio"":2.196,""contact_probability"":0.00030143},{""index"":5,""time"":1.837,""score"":1.791,""rms_ratio"":1.662,""diff_ratio"":1.93,""contact_probability"":0.00014063},{""index"":6,""time"":2.233,""score"":2.013,""rms_ratio"":2.107,""diff_ratio"":1.923,""contact_probability"":0.00046327},{""index"":7,""time"":1.783,""score"":1.947,""rms_ratio"":2.114,""diff_ratio"":1.793,""contact_probability"":0.00041855},{""index"":8,""time"":2.318,""score"":1.823,""rms_ratio"":1.913,""diff_ratio"":1.736,""contact_probability"":0.00029796},{""index"":9,""time"":1.717,""score"":1.829,""rms_ratio"":2.119,""diff_ratio"":1.579,""contact_probability"":0.00032319},{""index"":10,""time"":1.658,""score"":2.208,""rms_ratio"":2.61,""diff_ratio"":1.868,""contact_probability"":0.00106735},{""index"":11,""time"":1.607,""score"":1.869,""rms_ratio"":1.576,""diff_ratio"":2.217,""contact_probability"":0.00093234},{""index"":12,""time"":2.517,""score"":2.013,""rms_ratio"":1.398,""diff_ratio"":2.9,""contact_probability"":0.0015377},{""index"":13,""time"":2.59,""score"":1.341,""rms_ratio"":1.267,""diff_ratio"":1.418,""contact_probability"":0.00060371},{""index"":14,""time"":5.938,""score"":2.221,""rms_ratio"":1.28,""diff_ratio"":3.852,""contact_probability"":0.00534679},{""index"":15,""time"":6.622,""score"":2.072,""rms_ratio"":1.229,""diff_ratio"":3.494,""contact_probability"":0.00220409},{""index"":16,""time"":6.528,""score"":2.044,""rms_ratio"":1.188,""diff_ratio"":3.518,""contact_probability"":0.00107669},{""index"":17,""time"":1.217,""score"":2.022,""rms_ratio"":2.155,""diff_ratio"":1.898,""contact_probability"":0.00049144},{""index"":18,""time"":5.852,""score"":1.851,""rms_ratio"":1.198,""diff_ratio"":2.861,""contact_probability"":0.00152916},{""index"":19,""time"":1.087,""score"":1.718,""rms_ratio"":2.045,""diff_ratio"":1.443,""contact_probability"":0.00064428},{""index"":20,""time"":1.362,""score"":1.659,""rms_ratio"":1.546,""diff_ratio"":1.781,""contact_probability"":0.00037775},{""index"":21,""time"":1.325,""score"":1.608,""rms_ratio"":1.459,""diff_ratio"":1.773,""contact_probability"":0.00029209},{""index"":22,""time"":6.097,""score"":1.567,""rms_ratio"":1.716,""diff_ratio"":1.432,""contact_probability"":0.00103682},{""index"":23,""time"":0.592,""score"":1.509,""rms_ratio"":1.588,""diff_ratio"":1.434,""contact_probability"":0.00062707}]",best_candidate_below_threshold
1016,F_1122,dataset/fly_ball/Codex_Workstation/F_1122,2.02,no,,,0.01036094,,0.7833643177503908,24,"[{""index"":1,""time"":2.023,""score"":1.634,""rms_ratio"":2.671,""diff_ratio"":0.882,""contact_probability"":0.00069849},{""index"":2,""time"":1.942,""score"":1.609,""rms_ratio"":2.588,""diff_ratio"":0.731,""contact_probability"":0.00054125},{""index"":3,""time"":2.098,""score"":1.815,""rms_ratio"":2.433,""diff_ratio"":1.355,""contact_probability"":0.0008522},{""index"":4,""time"":2.162,""score"":1.527,""rms_ratio"":1.902,""diff_ratio"":1.226,""contact_probability"":0.00062358},{""index"":5,""time"":1.867,""score"":1.56,""rms_ratio"":2.434,""diff_ratio"":0.681,""contact_probability"":0.00055504},{""index"":6,""time"":2.223,""score"":1.768,""rms_ratio"":2.227,""diff_ratio"":1.405,""contact_probability"":0.00057256},{""index"":7,""time"":1.775,""score"":1.446,""rms_ratio"":1.927,""diff_ratio"":1.085,""contact_probability"":0.00111225},{""index"":8,""time"":1.688,""score"":1.717,""rms_ratio"":2.043,""diff_ratio"":1.443,""contact_probability"":0.00070013},{""index"":9,""time"":1.61,""score"":1.452,""rms_ratio"":1.853,""diff_ratio"":1.138,""contact_probability"":0.00053436},{""index"":10,""time"":2.467,""score"":2.65,""rms_ratio"":2.055,""diff_ratio"":3.417,""contact_probability"":0.00320698},{""index"":11,""time"":1.572,""score"":1.557,""rms_ratio"":2.135,""diff_ratio"":1.135,""contact_probability"":0.00072522},{""index"":12,""time"":1.515,""score"":1.456,""rms_ratio"":1.892,""diff_ratio"":1.12,""contact_probability"":0.00059844},{""index"":13,""time"":2.537,""score"":2.281,""rms_ratio"":2.015,""diff_ratio"":2.583,""contact_probability"":0.00418778},{""index"":14,""time"":1.467,""score"":1.581,""rms_ratio"":2.213,""diff_ratio"":1.129,""contact_probability"":0.00058431},{""index"":15,""time"":2.608,""score"":1.581,""rms_ratio"":2.086,""diff_ratio"":1.199,""contact_probability"":0.00081756},{""index"":16,""time"":0.192,""score"":2.426,""rms_ratio"":2.621,""diff_ratio"":2.246,""contact_probability"":0.00071853},{""index"":17,""time"":0.087,""score"":2.138,""rms_ratio"":2.118,""diff_ratio"":2.158,""contact_probability"":0.00848092},{""index"":18,""time"":3.342,""score"":2.05,""rms_ratio"":1.116,""diff_ratio"":3.764,""contact_probability"":0.01036094},{""index"":19,""time"":0.377,""score"":2.021,""rms_ratio"":2.31,""diff_ratio"":1.767,""contact_probability"":0.00023178},{""index"":20,""time"":0.493,""score"":1.978,""rms_ratio"":2.276,""diff_ratio"":1.719,""contact_probability"":0.0006303},{""index"":21,""time"":0.287,""score"":1.911,""rms_ratio"":2.21,""diff_ratio"":1.653,""contact_probability"":0.00033718},{""index"":22,""time"":1.008,""score"":1.894,""rms_ratio"":2.213,""diff_ratio"":1.621,""contact_probability"":0.00077829},{""index"":23,""time"":2.678,""score"":1.851,""rms_ratio"":1.998,""diff_ratio"":1.715,""contact_probability"":0.00274002},{""index"":24,""time"":0.873,""score"":1.828,""rms_ratio"":2.296,""diff_ratio"":1.455,""contact_probability"":0.00135096}]",best_candidate_below_threshold
1015,F_1121,dataset/fly_ball/Codex_Workstation/F_1121,2.0,yes,20,3.638,0.99999539,3.392,0.7833643177503908,24,"[{""index"":1,""time"":2.017,""score"":12.877,""rms_ratio"":15.754,""diff_ratio"":10.525,""contact_probability"":0.88458096},{""index"":2,""time"":1.962,""score"":1.372,""rms_ratio"":0.926,""diff_ratio"":1.884,""contact_probability"":3.8e-07},{""index"":3,""time"":2.092,""score"":4.411,""rms_ratio"":2.187,""diff_ratio"":8.897,""contact_probability"":0.0092494},{""index"":4,""time"":2.13,""score"":3.152,""rms_ratio"":1.189,""diff_ratio"":8.358,""contact_probability"":0.0001036},{""index"":5,""time"":2.182,""score"":3.716,""rms_ratio"":4.191,""diff_ratio"":3.296,""contact_probability"":0.00128064},{""index"":6,""time"":2.283,""score"":5.676,""rms_ratio"":5.91,""diff_ratio"":5.451,""contact_probability"":0.00249254},{""index"":7,""time"":2.352,""score"":6.817,""rms_ratio"":7.305,""diff_ratio"":6.362,""contact_probability"":0.01406746},{""index"":8,""time"":2.408,""score"":5.143,""rms_ratio"":6.424,""diff_ratio"":4.117,""contact_probability"":0.00810804},{""index"":9,""time"":2.463,""score"":5.844,""rms_ratio"":7.18,""diff_ratio"":4.756,""contact_probability"":0.10181202},{""index"":10,""time"":2.537,""score"":1.805,""rms_ratio"":2.863,""diff_ratio"":1.138,""contact_probability"":0.00202794},{""index"":11,""time"":2.598,""score"":1.74,""rms_ratio"":2.588,""diff_ratio"":1.17,""contact_probability"":0.00470141},{""index"":12,""time"":0.463,""score"":8.853,""rms_ratio"":9.089,""diff_ratio"":8.623,""contact_probability"":0.19347741},{""index"":13,""time"":1.188,""score"":7.542,""rms_ratio"":9.206,""diff_ratio"":6.179,""contact_probability"":0.56526804},{""index"":14,""time"":1.013,""score"":6.455,""rms_ratio"":7.588,""diff_ratio"":5.49,""contact_probability"":0.17402437},{""index"":15,""time"":0.853,""score"":6.403,""rms_ratio"":6.926,""diff_ratio"":5.92,""contact_probability"":0.04062215},{""index"":16,""time"":0.543,""score"":4.221,""rms_ratio"":4.723,""diff_ratio"":3.773,""contact_probability"":0.04765413},{""index"":17,""time"":2.983,""score"":4.123,""rms_ratio"":4.092,""diff_ratio"":4.154,""contact_probability"":0.06607292},{""index"":18,""time"":1.268,""score"":3.744,""rms_ratio"":4.045,""diff_ratio"":3.465,""contact_probability"":0.4386615},{""index"":19,""time"":0.702,""score"":3.697,""rms_ratio"":3.59,""diff_ratio"":3.807,""contact_probability"":0.00570976},{""index"":20,""time"":3.638,""score"":3.392,""rms_ratio"":4.016,""diff_ratio"":2.864,""contact_probability"":0.99999539},{""index"":21,""time"":0.615,""score"":3.231,""rms_ratio"":3.664,""diff_ratio"":2.849,""contact_probability"":0.00463426},{""index"":22,""time"":0.343,""score"":2.472,""rms_ratio"":1.54,""diff_ratio"":3.967,""contact_probability"":7.572e-05},{""index"":23,""time"":3.065,""score"":2.261,""rms_ratio"":2.607,""diff_ratio"":1.961,""contact_probability"":0.03102247},{""index"":24,""time"":1.305,""score"":2.224,""rms_ratio"":2.739,""diff_ratio"":1.807,""contact_probability"":0.60867733}]",candidate_selected
1014,F_1119,dataset/fly_ball/Codex_Workstation/F_1119,1.76,no,,,0.47532452,,0.7833643177503908,24,"[{""index"":1,""time"":1.798,""score"":10.12,""rms_ratio"":9.402,""diff_ratio"":10.893,""contact_probability"":0.02638753},{""index"":2,""time"":1.697,""score"":1.523,""rms_ratio"":0.812,""diff_ratio"":2.321,""contact_probability"":1.14e-06},{""index"":3,""time"":1.852,""score"":8.391,""rms_ratio"":7.884,""diff_ratio"":8.931,""contact_probability"":0.01087588},{""index"":4,""time"":1.638,""score"":3.653,""rms_ratio"":3.015,""diff_ratio"":4.426,""contact_probability"":0.00066793},{""index"":5,""time"":1.942,""score"":7.956,""rms_ratio"":6.584,""diff_ratio"":9.613,""contact_probability"":0.02510141},{""index"":6,""time"":1.577,""score"":5.01,""rms_ratio"":4.24,""diff_ratio"":5.92,""contact_probability"":0.01311478},{""index"":7,""time"":1.99,""score"":5.629,""rms_ratio"":4.876,""diff_ratio"":6.497,""contact_probability"":0.03073048},{""index"":8,""time"":2.102,""score"":4.437,""rms_ratio"":4.059,""diff_ratio"":4.851,""contact_probability"":0.02579081},{""index"":9,""time"":1.362,""score"":2.359,""rms_ratio"":2.617,""diff_ratio"":2.126,""contact_probability"":0.04091779},{""index"":10,""time"":2.162,""score"":2.926,""rms_ratio"":3.471,""diff_ratio"":2.466,""contact_probability"":0.00533743},{""index"":11,""time"":2.247,""score"":1.249,""rms_ratio"":1.56,""diff_ratio"":0.765,""contact_probability"":7.962e-05},{""index"":12,""time"":2.322,""score"":2.991,""rms_ratio"":3.209,""diff_ratio"":2.788,""contact_probability"":0.00239259},{""index"":13,""time"":2.523,""score"":7.191,""rms_ratio"":6.209,""diff_ratio"":8.327,""contact_probability"":0.13695293},{""index"":14,""time"":2.737,""score"":6.754,""rms_ratio"":5.136,""diff_ratio"":8.881,""contact_probability"":0.47532452},{""index"":15,""time"":0.538,""score"":6.541,""rms_ratio"":5.871,""diff_ratio"":7.288,""contact_probability"":0.04992376},{""index"":16,""time"":4.613,""score"":5.417,""rms_ratio"":6.306,""diff_ratio"":4.652,""contact_probability"":0.14142082},{""index"":17,""time"":0.678,""score"":4.928,""rms_ratio"":4.11,""diff_ratio"":5.91,""contact_probability"":0.17260906},{""index"":18,""time"":2.652,""score"":4.584,""rms_ratio"":2.814,""diff_ratio"":7.465,""contact_probability"":0.00219289},{""index"":19,""time"":0.452,""score"":4.162,""rms_ratio"":4.349,""diff_ratio"":3.983,""contact_probability"":0.03657232},{""index"":20,""time"":3.612,""score"":4.076,""rms_ratio"":2.187,""diff_ratio"":7.597,""contact_probability"":0.01162586},{""index"":21,""time"":0.715,""score"":4.03,""rms_ratio"":3.289,""diff_ratio"":4.937,""contact_probability"":0.17532923},{""index"":22,""time"":0.625,""score"":3.538,""rms_ratio"":3.067,""diff_ratio"":4.08,""contact_probability"":0.04070213},{""index"":23,""time"":3.852,""score"":3.53,""rms_ratio"":4.248,""diff_ratio"":2.933,""contact_probability"":0.20723759},{""index"":24,""time"":0.783,""score"":3.388,""rms_ratio"":2.849,""diff_ratio"":4.029,""contact_probability"":0.27356536}]",best_candidate_below_threshold
1013,F_1118,dataset/fly_ball/Codex_Workstation/F_1118,2.0,no,,,0.70213207,,0.7833643177503908,24,"[{""index"":1,""time"":2.023,""score"":15.096,""rms_ratio"":15.662,""diff_ratio"":14.55,""contact_probability"":0.58153587},{""index"":2,""time"":1.967,""score"":6.785,""rms_ratio"":2.996,""diff_ratio"":15.365,""contact_probability"":0.00638437},{""index"":3,""time"":1.913,""score"":10.583,""rms_ratio"":11.788,""diff_ratio"":9.501,""contact_probability"":0.01768746},{""index"":4,""time"":2.142,""score"":3.289,""rms_ratio"":4.114,""diff_ratio"":2.629,""contact_probability"":0.00038658},{""index"":5,""time"":2.197,""score"":1.79,""rms_ratio"":1.605,""diff_ratio"":1.996,""contact_probability"":2.433e-05},{""index"":6,""time"":1.753,""score"":1.899,""rms_ratio"":1.58,""diff_ratio"":2.283,""contact_probability"":1.017e-05},{""index"":7,""time"":2.25,""score"":1.514,""rms_ratio"":1.984,""diff_ratio"":1.155,""contact_probability"":4.66e-05},{""index"":8,""time"":2.287,""score"":1.841,""rms_ratio"":1.106,""diff_ratio"":3.065,""contact_probability"":0.00024944},{""index"":9,""time"":1.697,""score"":2.054,""rms_ratio"":1.509,""diff_ratio"":2.797,""contact_probability"":3.05e-05},{""index"":10,""time"":2.352,""score"":7.527,""rms_ratio"":3.222,""diff_ratio"":17.584,""contact_probability"":0.08020685},{""index"":11,""time"":1.645,""score"":1.327,""rms_ratio"":1.023,""diff_ratio"":1.721,""contact_probability"":0.00030561},{""index"":12,""time"":1.585,""score"":1.188,""rms_ratio"":0.673,""diff_ratio"":1.411,""contact_probability"":0.00730783},{""index"":13,""time"":2.432,""score"":3.941,""rms_ratio"":4.127,""diff_ratio"":3.763,""contact_probability"":0.13712726},{""index"":14,""time"":2.487,""score"":1.745,""rms_ratio"":2.03,""diff_ratio"":1.499,""contact_probability"":0.01478605},{""index"":15,""time"":2.568,""score"":1.455,""rms_ratio"":1.833,""diff_ratio"":1.155,""contact_probability"":0.00565561},{""index"":16,""time"":4.753,""score"":11.434,""rms_ratio"":4.953,""diff_ratio"":26.396,""contact_probability"":0.32375516},{""index"":17,""time"":5.162,""score"":6.582,""rms_ratio"":2.779,""diff_ratio"":15.592,""contact_probability"":0.13337342},{""index"":18,""time"":4.457,""score"":4.933,""rms_ratio"":5.321,""diff_ratio"":4.573,""contact_probability"":0.00302535},{""index"":19,""time"":5.568,""score"":4.879,""rms_ratio"":4.79,""diff_ratio"":4.969,""contact_probability"":0.70213207},{""index"":20,""time"":3.412,""score"":4.537,""rms_ratio"":4.872,""diff_ratio"":4.224,""contact_probability"":0.43370742},{""index"":21,""time"":5.457,""score"":4.41,""rms_ratio"":2.543,""diff_ratio"":7.645,""contact_probability"":0.3435791},{""index"":22,""time"":4.262,""score"":3.504,""rms_ratio"":1.495,""diff_ratio"":8.213,""contact_probability"":0.0019105},{""index"":23,""time"":4.963,""score"":3.4,""rms_ratio"":3.88,""diff_ratio"":2.979,""contact_probability"":0.00621225},{""index"":24,""time"":4.915,""score"":3.175,""rms_ratio"":3.939,""diff_ratio"":2.559,""contact_probability"":0.00510365}]",best_candidate_below_threshold
1012,F_1116,dataset/fly_ball/Codex_Workstation/F_1116,2.0,no,,,0.75670776,,0.7833643177503908,24,"[{""index"":1,""time"":2.017,""score"":6.243,""rms_ratio"":7.461,""diff_ratio"":5.224,""contact_probability"":0.03180999},{""index"":2,""time"":1.957,""score"":5.108,""rms_ratio"":5.478,""diff_ratio"":4.763,""contact_probability"":0.0122722},{""index"":3,""time"":2.068,""score"":4.971,""rms_ratio"":5.362,""diff_ratio"":4.609,""contact_probability"":0.00353213},{""index"":4,""time"":2.128,""score"":3.766,""rms_ratio"":5.186,""diff_ratio"":2.735,""contact_probability"":0.0054875},{""index"":5,""time"":2.207,""score"":2.635,""rms_ratio"":1.707,""diff_ratio"":4.068,""contact_probability"":6.794e-05},{""index"":6,""time"":1.753,""score"":2.482,""rms_ratio"":2.45,""diff_ratio"":2.514,""contact_probability"":0.00087607},{""index"":7,""time"":2.283,""score"":7.405,""rms_ratio"":6.754,""diff_ratio"":8.118,""contact_probability"":0.75670776},{""index"":8,""time"":1.697,""score"":2.425,""rms_ratio"":2.209,""diff_ratio"":2.661,""contact_probability"":0.01147049},{""index"":9,""time"":2.348,""score"":2.996,""rms_ratio"":3.414,""diff_ratio"":2.63,""contact_probability"":0.1817184},{""index"":10,""time"":1.645,""score"":1.556,""rms_ratio"":1.479,""diff_ratio"":1.637,""contact_probability"":0.00489177},{""index"":11,""time"":1.528,""score"":1.538,""rms_ratio"":2.018,""diff_ratio"":1.172,""contact_probability"":0.00397926},{""index"":12,""time"":1.452,""score"":1.497,""rms_ratio"":2.241,""diff_ratio"":0.619,""contact_probability"":0.00433928},{""index"":13,""time"":2.598,""score"":2.269,""rms_ratio"":0.799,""diff_ratio"":5.15,""contact_probability"":0.39241365},{""index"":14,""time"":6.452,""score"":6.428,""rms_ratio"":5.972,""diff_ratio"":6.918,""contact_probability"":0.19109857},{""index"":15,""time"":4.552,""score"":6.135,""rms_ratio"":5.375,""diff_ratio"":7.003,""contact_probability"":0.12246138},{""index"":16,""time"":3.453,""score"":5.686,""rms_ratio"":5.15,""diff_ratio"":6.278,""contact_probability"":0.7267478},{""index"":17,""time"":5.912,""score"":5.577,""rms_ratio"":5.228,""diff_ratio"":5.95,""contact_probability"":0.02763753},{""index"":18,""time"":4.448,""score"":4.838,""rms_ratio"":4.613,""diff_ratio"":5.075,""contact_probability"":0.02561502},{""index"":19,""time"":6.032,""score"":4.788,""rms_ratio"":5.426,""diff_ratio"":4.225,""contact_probability"":0.02474384},{""index"":20,""time"":6.198,""score"":4.738,""rms_ratio"":6.12,""diff_ratio"":3.667,""contact_probability"":0.01029069},{""index"":21,""time"":6.415,""score"":4.515,""rms_ratio"":4.318,""diff_ratio"":4.722,""contact_probability"":0.1169555},{""index"":22,""time"":4.878,""score"":4.155,""rms_ratio"":1.666,""diff_ratio"":10.365,""contact_probability"":0.21821047},{""index"":23,""time"":6.255,""score"":4.098,""rms_ratio"":4.773,""diff_ratio"":3.518,""contact_probability"":0.0016465},{""index"":24,""time"":4.963,""score"":3.729,""rms_ratio"":1.781,""diff_ratio"":7.807,""contact_probability"":0.11851095}]",best_candidate_below_threshold
1011,F_1115,dataset/fly_ball/Codex_Workstation/F_1115,0.74,yes,15,5.188,0.8388274,3.631,0.7833643177503908,24,"[{""index"":1,""time"":0.757,""score"":3.359,""rms_ratio"":3.456,""diff_ratio"":3.265,""contact_probability"":0.09782274},{""index"":2,""time"":0.817,""score"":1.685,""rms_ratio"":1.829,""diff_ratio"":1.553,""contact_probability"":0.01119562},{""index"":3,""time"":0.565,""score"":1.957,""rms_ratio"":1.777,""diff_ratio"":2.156,""contact_probability"":0.01172725},{""index"":4,""time"":0.962,""score"":3.048,""rms_ratio"":2.797,""diff_ratio"":3.321,""contact_probability"":0.02209432},{""index"":5,""time"":0.517,""score"":2.614,""rms_ratio"":2.616,""diff_ratio"":2.612,""contact_probability"":0.00936027},{""index"":6,""time"":1.013,""score"":2.482,""rms_ratio"":2.139,""diff_ratio"":2.879,""contact_probability"":0.01566569},{""index"":7,""time"":0.458,""score"":2.233,""rms_ratio"":2.543,""diff_ratio"":1.96,""contact_probability"":0.00699708},{""index"":8,""time"":0.407,""score"":1.964,""rms_ratio"":2.705,""diff_ratio"":1.427,""contact_probability"":0.00317006},{""index"":9,""time"":0.357,""score"":1.941,""rms_ratio"":2.563,""diff_ratio"":1.47,""contact_probability"":0.00027926},{""index"":10,""time"":1.173,""score"":2.771,""rms_ratio"":2.616,""diff_ratio"":2.936,""contact_probability"":0.04124843},{""index"":11,""time"":1.337,""score"":1.195,""rms_ratio"":1.429,""diff_ratio"":0.814,""contact_probability"":0.00098832},{""index"":12,""time"":2.348,""score"":4.108,""rms_ratio"":2.672,""diff_ratio"":6.316,""contact_probability"":0.16554733},{""index"":13,""time"":2.217,""score"":3.936,""rms_ratio"":3.344,""diff_ratio"":4.633,""contact_probability"":0.014357},{""index"":14,""time"":1.722,""score"":3.929,""rms_ratio"":3.543,""diff_ratio"":4.358,""contact_probability"":0.36310804},{""index"":15,""time"":5.188,""score"":3.631,""rms_ratio"":2.311,""diff_ratio"":5.706,""contact_probability"":0.8388274},{""index"":16,""time"":6.227,""score"":3.535,""rms_ratio"":3.475,""diff_ratio"":3.597,""contact_probability"":0.71693127},{""index"":17,""time"":2.092,""score"":3.44,""rms_ratio"":3.116,""diff_ratio"":3.798,""contact_probability"":0.07449034},{""index"":18,""time"":4.023,""score"":3.435,""rms_ratio"":3.01,""diff_ratio"":3.92,""contact_probability"":0.03485072},{""index"":19,""time"":4.617,""score"":3.233,""rms_ratio"":2.015,""diff_ratio"":5.188,""contact_probability"":0.16338433},{""index"":20,""time"":4.202,""score"":3.151,""rms_ratio"":3.03,""diff_ratio"":3.276,""contact_probability"":0.0814771},{""index"":21,""time"":3.223,""score"":3.103,""rms_ratio"":2.707,""diff_ratio"":3.558,""contact_probability"":0.05429223},{""index"":22,""time"":3.443,""score"":3.046,""rms_ratio"":2.924,""diff_ratio"":3.173,""contact_probability"":0.07388117},{""index"":23,""time"":3.838,""score"":2.98,""rms_ratio"":1.944,""diff_ratio"":4.569,""contact_probability"":0.10315206},{""index"":24,""time"":2.672,""score"":2.977,""rms_ratio"":1.732,""diff_ratio"":5.117,""contact_probability"":0.05327493}]",candidate_selected
1010,F_1114,dataset/fly_ball/Codex_Workstation/F_1114,2.0,yes,1,2.033,0.99337602,5.804,0.7833643177503908,24,"[{""index"":1,""time"":2.033,""score"":5.804,""rms_ratio"":4.444,""diff_ratio"":7.581,""contact_probability"":0.99337602},{""index"":2,""time"":1.893,""score"":1.241,""rms_ratio"":1.28,""diff_ratio"":1.202,""contact_probability"":8.696e-05},{""index"":3,""time"":1.803,""score"":1.231,""rms_ratio"":1.114,""diff_ratio"":1.36,""contact_probability"":3.532e-05},{""index"":4,""time"":2.598,""score"":1.196,""rms_ratio"":1.107,""diff_ratio"":1.292,""contact_probability"":0.00019812},{""index"":5,""time"":3.193,""score"":2.991,""rms_ratio"":2.533,""diff_ratio"":3.533,""contact_probability"":0.00112561},{""index"":6,""time"":3.098,""score"":2.782,""rms_ratio"":2.34,""diff_ratio"":3.306,""contact_probability"":0.00031466},{""index"":7,""time"":3.15,""score"":2.624,""rms_ratio"":2.081,""diff_ratio"":3.308,""contact_probability"":0.00052711},{""index"":8,""time"":2.892,""score"":2.604,""rms_ratio"":2.471,""diff_ratio"":2.743,""contact_probability"":0.00073674},{""index"":9,""time"":2.825,""score"":2.545,""rms_ratio"":2.638,""diff_ratio"":2.456,""contact_probability"":0.00038666},{""index"":10,""time"":2.945,""score"":2.394,""rms_ratio"":2.592,""diff_ratio"":2.212,""contact_probability"":0.00016521},{""index"":11,""time"":3.007,""score"":2.316,""rms_ratio"":2.303,""diff_ratio"":2.33,""contact_probability"":0.00016603},{""index"":12,""time"":3.05,""score"":2.203,""rms_ratio"":2.234,""diff_ratio"":2.172,""contact_probability"":0.00015885},{""index"":13,""time"":6.528,""score"":2.163,""rms_ratio"":1.309,""diff_ratio"":3.573,""contact_probability"":0.00118662},{""index"":14,""time"":2.678,""score"":2.092,""rms_ratio"":1.979,""diff_ratio"":2.212,""contact_probability"":0.00020891},{""index"":15,""time"":1.158,""score"":2.08,""rms_ratio"":1.193,""diff_ratio"":3.628,""contact_probability"":0.02434105},{""index"":16,""time"":2.715,""score"":2.08,""rms_ratio"":1.997,""diff_ratio"":2.167,""contact_probability"":0.00050856},{""index"":17,""time"":3.277,""score"":2.064,""rms_ratio"":2.265,""diff_ratio"":1.881,""contact_probability"":0.00039561},{""index"":18,""time"":2.79,""score"":2.051,""rms_ratio"":1.974,""diff_ratio"":2.13,""contact_probability"":0.00023876},{""index"":19,""time"":5.003,""score"":2.012,""rms_ratio"":2.078,""diff_ratio"":1.948,""contact_probability"":0.00629978},{""index"":20,""time"":3.592,""score"":1.967,""rms_ratio"":1.839,""diff_ratio"":2.105,""contact_probability"":0.0003479},{""index"":21,""time"":3.422,""score"":1.915,""rms_ratio"":1.995,""diff_ratio"":1.839,""contact_probability"":0.00029654},{""index"":22,""time"":3.555,""score"":1.846,""rms_ratio"":1.947,""diff_ratio"":1.751,""contact_probability"":0.00115154},{""index"":23,""time"":5.427,""score"":1.835,""rms_ratio"":1.24,""diff_ratio"":2.716,""contact_probability"":0.00100826},{""index"":24,""time"":6.778,""score"":1.835,""rms_ratio"":2.266,""diff_ratio"":1.486,""contact_probability"":0.01495402}]",candidate_selected
1009,F_1113,dataset/fly_ball/Codex_Workstation/F_1113,2.0,no,,,0.01391098,,0.7833643177503908,12,"[{""index"":1,""time"":2.023,""score"":3.152,""rms_ratio"":3.529,""diff_ratio"":2.815,""contact_probability"":0.01391098},{""index"":2,""time"":1.942,""score"":2.239,""rms_ratio"":2.295,""diff_ratio"":2.184,""contact_probability"":1.6e-07},{""index"":3,""time"":1.883,""score"":1.88,""rms_ratio"":1.974,""diff_ratio"":1.79,""contact_probability"":1.29e-06},{""index"":4,""time"":1.803,""score"":1.924,""rms_ratio"":2.007,""diff_ratio"":1.844,""contact_probability"":5.223e-05},{""index"":5,""time"":1.765,""score"":1.744,""rms_ratio"":1.876,""diff_ratio"":1.621,""contact_probability"":0.00029158},{""index"":6,""time"":1.727,""score"":1.403,""rms_ratio"":1.452,""diff_ratio"":1.355,""contact_probability"":0.00017055},{""index"":7,""time"":1.638,""score"":1.343,""rms_ratio"":1.476,""diff_ratio"":1.222,""contact_probability"":0.00012501},{""index"":8,""time"":1.482,""score"":1.198,""rms_ratio"":1.198,""diff_ratio"":1.198,""contact_probability"":0.00038639},{""index"":9,""time"":0.013,""score"":1.823,""rms_ratio"":1.845,""diff_ratio"":1.801,""contact_probability"":0.01011315},{""index"":10,""time"":0.273,""score"":1.592,""rms_ratio"":1.656,""diff_ratio"":1.53,""contact_probability"":0.00074798},{""index"":11,""time"":0.522,""score"":1.503,""rms_ratio"":1.463,""diff_ratio"":1.545,""contact_probability"":0.00034914},{""index"":12,""time"":0.658,""score"":1.5,""rms_ratio"":1.44,""diff_ratio"":1.563,""contact_probability"":0.00046696}]",best_candidate_below_threshold
1008,F_1112,dataset/fly_ball/Codex_Workstation/F_1112,2.0,no,,,0.42313095,,0.7833643177503908,23,"[{""index"":1,""time"":2.023,""score"":6.53,""rms_ratio"":6.332,""diff_ratio"":6.733,""contact_probability"":0.26864227},{""index"":2,""time"":1.878,""score"":6.597,""rms_ratio"":5.518,""diff_ratio"":7.886,""contact_probability"":0.07688124},{""index"":3,""time"":2.152,""score"":1.76,""rms_ratio"":0.672,""diff_ratio"":3.098,""contact_probability"":0.00016189},{""index"":4,""time"":2.247,""score"":5.078,""rms_ratio"":4.907,""diff_ratio"":5.255,""contact_probability"":0.42313095},{""index"":5,""time"":1.753,""score"":4.871,""rms_ratio"":4.355,""diff_ratio"":5.448,""contact_probability"":0.06237079},{""index"":6,""time"":2.358,""score"":1.787,""rms_ratio"":0.54,""diff_ratio"":3.192,""contact_probability"":1.487e-05},{""index"":7,""time"":2.418,""score"":2.226,""rms_ratio"":2.775,""diff_ratio"":1.786,""contact_probability"":0.00181034},{""index"":8,""time"":1.538,""score"":2.865,""rms_ratio"":2.43,""diff_ratio"":3.377,""contact_probability"":0.01420676},{""index"":9,""time"":2.493,""score"":1.329,""rms_ratio"":1.766,""diff_ratio"":0.446,""contact_probability"":4.358e-05},{""index"":10,""time"":2.547,""score"":5.841,""rms_ratio"":5.251,""diff_ratio"":6.497,""contact_probability"":0.12282342},{""index"":11,""time"":1.413,""score"":1.635,""rms_ratio"":1.974,""diff_ratio"":1.354,""contact_probability"":0.01125797},{""index"":12,""time"":2.605,""score"":4.625,""rms_ratio"":3.928,""diff_ratio"":5.446,""contact_probability"":0.05469079},{""index"":13,""time"":2.943,""score"":4.551,""rms_ratio"":4.836,""diff_ratio"":4.283,""contact_probability"":0.17297768},{""index"":14,""time"":3.213,""score"":4.496,""rms_ratio"":3.696,""diff_ratio"":5.47,""contact_probability"":0.16916666},{""index"":15,""time"":2.812,""score"":3.666,""rms_ratio"":3.561,""diff_ratio"":3.774,""contact_probability"":0.01811031},{""index"":16,""time"":3.128,""score"":3.341,""rms_ratio"":3.209,""diff_ratio"":3.479,""contact_probability"":2.413e-05},{""index"":17,""time"":0.393,""score"":2.64,""rms_ratio"":2.322,""diff_ratio"":3.001,""contact_probability"":0.01420776},{""index"":18,""time"":0.543,""score"":2.614,""rms_ratio"":2.671,""diff_ratio"":2.558,""contact_probability"":0.06921006},{""index"":19,""time"":0.142,""score"":2.605,""rms_ratio"":2.723,""diff_ratio"":2.492,""contact_probability"":0.01211045},{""index"":20,""time"":3.065,""score"":2.469,""rms_ratio"":1.366,""diff_ratio"":4.461,""contact_probability"":2.474e-05},{""index"":21,""time"":0.585,""score"":2.251,""rms_ratio"":2.582,""diff_ratio"":1.963,""contact_probability"":0.07573018},{""index"":22,""time"":0.632,""score"":2.126,""rms_ratio"":2.1,""diff_ratio"":2.152,""contact_probability"":0.01877044},{""index"":23,""time"":0.237,""score"":2.08,""rms_ratio"":2.192,""diff_ratio"":1.973,""contact_probability"":0.00305863}]",best_candidate_below_threshold
1007,F_1110,dataset/fly_ball/Codex_Workstation/F_1110,2.0,yes,13,1.222,1.0,7.848,0.7833643177503908,24,"[{""index"":1,""time"":2.023,""score"":2.524,""rms_ratio"":3.422,""diff_ratio"":1.862,""contact_probability"":0.07705275},{""index"":2,""time"":2.088,""score"":1.505,""rms_ratio"":1.521,""diff_ratio"":1.489,""contact_probability"":0.00097059},{""index"":3,""time"":1.867,""score"":1.834,""rms_ratio"":0.818,""diff_ratio"":3.364,""contact_probability"":0.00042427},{""index"":4,""time"":2.142,""score"":2.134,""rms_ratio"":2.331,""diff_ratio"":1.953,""contact_probability"":0.00253224},{""index"":5,""time"":1.812,""score"":1.569,""rms_ratio"":0.579,""diff_ratio"":2.461,""contact_probability"":0.00174432},{""index"":6,""time"":2.233,""score"":3.976,""rms_ratio"":2.936,""diff_ratio"":5.384,""contact_probability"":0.01468956},{""index"":7,""time"":2.312,""score"":2.213,""rms_ratio"":1.733,""diff_ratio"":2.826,""contact_probability"":0.00431048},{""index"":8,""time"":2.382,""score"":1.427,""rms_ratio"":1.345,""diff_ratio"":1.514,""contact_probability"":0.00041932},{""index"":9,""time"":1.592,""score"":1.635,""rms_ratio"":1.686,""diff_ratio"":1.586,""contact_probability"":0.00539037},{""index"":10,""time"":2.453,""score"":2.81,""rms_ratio"":2.223,""diff_ratio"":3.552,""contact_probability"":0.00813251},{""index"":11,""time"":1.513,""score"":1.499,""rms_ratio"":1.503,""diff_ratio"":1.495,""contact_probability"":0.00106588},{""index"":12,""time"":1.452,""score"":1.56,""rms_ratio"":1.93,""diff_ratio"":1.261,""contact_probability"":0.0030064},{""index"":13,""time"":1.222,""score"":7.848,""rms_ratio"":3.475,""diff_ratio"":17.724,""contact_probability"":1.0},{""index"":14,""time"":4.693,""score"":5.365,""rms_ratio"":2.61,""diff_ratio"":11.025,""contact_probability"":0.00198377},{""index"":15,""time"":4.173,""score"":4.828,""rms_ratio"":2.477,""diff_ratio"":9.411,""contact_probability"":0.05312548},{""index"":16,""time"":3.932,""score"":3.703,""rms_ratio"":1.679,""diff_ratio"":8.165,""contact_probability"":0.02141903},{""index"":17,""time"":4.782,""score"":3.619,""rms_ratio"":1.837,""diff_ratio"":7.131,""contact_probability"":9.33e-06},{""index"":18,""time"":2.632,""score"":3.136,""rms_ratio"":1.692,""diff_ratio"":5.812,""contact_probability"":0.01215979},{""index"":19,""time"":4.028,""score"":3.106,""rms_ratio"":2.54,""diff_ratio"":3.798,""contact_probability"":0.00748505},{""index"":20,""time"":3.017,""score"":2.873,""rms_ratio"":2.184,""diff_ratio"":3.779,""contact_probability"":0.03107839},{""index"":21,""time"":3.848,""score"":2.812,""rms_ratio"":2.138,""diff_ratio"":3.7,""contact_probability"":0.00398682},{""index"":22,""time"":4.568,""score"":2.545,""rms_ratio"":1.881,""diff_ratio"":3.442,""contact_probability"":0.00433467},{""index"":23,""time"":4.392,""score"":2.381,""rms_ratio"":2.233,""diff_ratio"":2.539,""contact_probability"":0.00744571},{""index"":24,""time"":2.783,""score"":2.29,""rms_ratio"":1.894,""diff_ratio"":2.768,""contact_probability"":0.00462597}]",candidate_selected
1006,F_1109,dataset/fly_ball/Codex_Workstation/F_1109,2.0,no,,,0.05338169,,0.7833643177503908,18,"[{""index"":1,""time"":2.027,""score"":2.052,""rms_ratio"":2.57,""diff_ratio"":1.639,""contact_probability"":0.00214474},{""index"":2,""time"":1.967,""score"":1.384,""rms_ratio"":1.625,""diff_ratio"":1.179,""contact_probability"":0.00040361},{""index"":3,""time"":2.088,""score"":1.19,""rms_ratio"":1.415,""diff_ratio"":0.865,""contact_probability"":0.0002514},{""index"":4,""time"":1.893,""score"":1.303,""rms_ratio"":1.375,""diff_ratio"":1.235,""contact_probability"":4.949e-05},{""index"":5,""time"":2.172,""score"":2.135,""rms_ratio"":1.127,""diff_ratio"":4.044,""contact_probability"":0.003261},{""index"":6,""time"":1.788,""score"":1.819,""rms_ratio"":2.088,""diff_ratio"":1.585,""contact_probability"":0.00208908},{""index"":7,""time"":2.243,""score"":2.975,""rms_ratio"":1.877,""diff_ratio"":4.717,""contact_probability"":0.01456546},{""index"":8,""time"":1.732,""score"":2.462,""rms_ratio"":1.609,""diff_ratio"":3.768,""contact_probability"":0.04186857},{""index"":9,""time"":2.322,""score"":1.442,""rms_ratio"":1.532,""diff_ratio"":1.357,""contact_probability"":1.23e-06},{""index"":10,""time"":2.422,""score"":1.94,""rms_ratio"":1.922,""diff_ratio"":1.959,""contact_probability"":0.02791998},{""index"":11,""time"":1.528,""score"":1.534,""rms_ratio"":1.734,""diff_ratio"":1.357,""contact_probability"":0.00070886},{""index"":12,""time"":1.403,""score"":1.267,""rms_ratio"":1.409,""diff_ratio"":1.139,""contact_probability"":0.0002478},{""index"":13,""time"":1.158,""score"":1.936,""rms_ratio"":1.988,""diff_ratio"":1.885,""contact_probability"":0.00827931},{""index"":14,""time"":0.172,""score"":1.923,""rms_ratio"":1.853,""diff_ratio"":1.995,""contact_probability"":0.00760841},{""index"":15,""time"":0.087,""score"":1.826,""rms_ratio"":1.064,""diff_ratio"":3.134,""contact_probability"":0.05338169},{""index"":16,""time"":0.13,""score"":1.717,""rms_ratio"":0.886,""diff_ratio"":2.948,""contact_probability"":0.01038029},{""index"":17,""time"":0.257,""score"":1.555,""rms_ratio"":1.283,""diff_ratio"":1.886,""contact_probability"":0.00043171},{""index"":18,""time"":0.428,""score"":1.544,""rms_ratio"":1.765,""diff_ratio"":1.351,""contact_probability"":0.00240967}]",best_candidate_below_threshold
1005,F_1108,dataset/fly_ball/Codex_Workstation/F_1108,2.0,yes,13,1.222,1.0,7.967,0.7833643177503908,24,"[{""index"":1,""time"":2.023,""score"":2.562,""rms_ratio"":3.463,""diff_ratio"":1.895,""contact_probability"":0.07739486},{""index"":2,""time"":2.088,""score"":1.527,""rms_ratio"":1.539,""diff_ratio"":1.516,""contact_probability"":0.00097672},{""index"":3,""time"":1.867,""score"":1.851,""rms_ratio"":0.828,""diff_ratio"":3.425,""contact_probability"":0.00042906},{""index"":4,""time"":2.142,""score"":2.166,""rms_ratio"":2.359,""diff_ratio"":1.988,""contact_probability"":0.00254805},{""index"":5,""time"":1.812,""score"":1.583,""rms_ratio"":0.586,""diff_ratio"":2.506,""contact_probability"":0.00176435},{""index"":6,""time"":2.233,""score"":4.036,""rms_ratio"":2.971,""diff_ratio"":5.482,""contact_probability"":0.01484332},{""index"":7,""time"":2.312,""score"":2.247,""rms_ratio"":1.754,""diff_ratio"":2.877,""contact_probability"":0.00435059},{""index"":8,""time"":2.382,""score"":1.448,""rms_ratio"":1.361,""diff_ratio"":1.542,""contact_probability"":0.00042229},{""index"":9,""time"":1.592,""score"":1.66,""rms_ratio"":1.706,""diff_ratio"":1.615,""contact_probability"":0.00542591},{""index"":10,""time"":2.453,""score"":2.852,""rms_ratio"":2.249,""diff_ratio"":3.617,""contact_probability"":0.00821406},{""index"":11,""time"":1.513,""score"":1.522,""rms_ratio"":1.521,""diff_ratio"":1.522,""contact_probability"":0.00107271},{""index"":12,""time"":1.452,""score"":1.584,""rms_ratio"":1.953,""diff_ratio"":1.284,""contact_probability"":0.00302047},{""index"":13,""time"":1.222,""score"":7.967,""rms_ratio"":3.517,""diff_ratio"":18.047,""contact_probability"":1.0},{""index"":14,""time"":4.693,""score"":5.446,""rms_ratio"":2.642,""diff_ratio"":11.226,""contact_probability"":0.00118544},{""index"":15,""time"":4.173,""score"":4.901,""rms_ratio"":2.506,""diff_ratio"":9.583,""contact_probability"":0.05378529},{""index"":16,""time"":3.932,""score"":3.759,""rms_ratio"":1.699,""diff_ratio"":8.314,""contact_probability"":0.02170969},{""index"":17,""time"":2.632,""score"":3.183,""rms_ratio"":1.713,""diff_ratio"":5.918,""contact_probability"":0.01230679},{""index"":18,""time"":4.028,""score"":3.152,""rms_ratio"":2.57,""diff_ratio"":3.867,""contact_probability"":0.00755702},{""index"":19,""time"":3.017,""score"":2.916,""rms_ratio"":2.21,""diff_ratio"":3.848,""contact_probability"":0.03138509},{""index"":20,""time"":3.848,""score"":2.855,""rms_ratio"":2.163,""diff_ratio"":3.767,""contact_probability"":0.00402798},{""index"":21,""time"":4.568,""score"":2.583,""rms_ratio"":1.904,""diff_ratio"":3.504,""contact_probability"":0.00100824},{""index"":22,""time"":4.392,""score"":2.417,""rms_ratio"":2.26,""diff_ratio"":2.586,""contact_probability"":0.00750691},{""index"":23,""time"":2.783,""score"":2.324,""rms_ratio"":1.917,""diff_ratio"":2.818,""contact_probability"":0.00466622},{""index"":24,""time"":3.418,""score"":2.202,""rms_ratio"":1.834,""diff_ratio"":2.645,""contact_probability"":0.00193298}]",candidate_selected
1004,F_1107,dataset/fly_ball/Codex_Workstation/F_1107,2.0,no,,,0.03151401,,0.7833643177503908,24,"[{""index"":1,""time"":2.027,""score"":2.409,""rms_ratio"":2.784,""diff_ratio"":2.085,""contact_probability"":0.00054831},{""index"":2,""time"":1.972,""score"":1.566,""rms_ratio"":2.022,""diff_ratio"":1.213,""contact_probability"":0.00019026},{""index"":3,""time"":2.132,""score"":2.445,""rms_ratio"":2.589,""diff_ratio"":2.31,""contact_probability"":0.00033818},{""index"":4,""time"":2.213,""score"":2.096,""rms_ratio"":2.316,""diff_ratio"":1.897,""contact_probability"":0.00028123},{""index"":5,""time"":2.283,""score"":1.54,""rms_ratio"":1.589,""diff_ratio"":1.492,""contact_probability"":0.00011654},{""index"":6,""time"":1.692,""score"":2.067,""rms_ratio"":1.876,""diff_ratio"":2.277,""contact_probability"":0.01908951},{""index"":7,""time"":2.362,""score"":1.334,""rms_ratio"":1.583,""diff_ratio"":1.125,""contact_probability"":0.00011431},{""index"":8,""time"":1.633,""score"":1.181,""rms_ratio"":1.307,""diff_ratio"":1.067,""contact_probability"":0.00797766},{""index"":9,""time"":2.418,""score"":1.507,""rms_ratio"":1.831,""diff_ratio"":1.24,""contact_probability"":0.00118629},{""index"":10,""time"":1.572,""score"":2.196,""rms_ratio"":2.173,""diff_ratio"":2.22,""contact_probability"":0.02729421},{""index"":11,""time"":2.487,""score"":1.945,""rms_ratio"":1.717,""diff_ratio"":2.204,""contact_probability"":0.00351047},{""index"":12,""time"":2.553,""score"":1.454,""rms_ratio"":1.54,""diff_ratio"":1.374,""contact_probability"":0.0017785},{""index"":13,""time"":0.123,""score"":2.501,""rms_ratio"":2.747,""diff_ratio"":2.277,""contact_probability"":0.00265376},{""index"":14,""time"":4.168,""score"":2.366,""rms_ratio"":2.672,""diff_ratio"":2.096,""contact_probability"":0.0019033},{""index"":15,""time"":0.032,""score"":2.171,""rms_ratio"":2.32,""diff_ratio"":2.032,""contact_probability"":0.00103622},{""index"":16,""time"":0.317,""score"":2.086,""rms_ratio"":2.265,""diff_ratio"":1.92,""contact_probability"":0.00116952},{""index"":17,""time"":2.812,""score"":2.062,""rms_ratio"":1.705,""diff_ratio"":2.494,""contact_probability"":0.03151401},{""index"":18,""time"":4.378,""score"":1.999,""rms_ratio"":1.092,""diff_ratio"":3.661,""contact_probability"":0.00471099},{""index"":19,""time"":4.483,""score"":1.992,""rms_ratio"":1.085,""diff_ratio"":3.659,""contact_probability"":7.44e-06},{""index"":20,""time"":3.128,""score"":1.978,""rms_ratio"":1.672,""diff_ratio"":2.34,""contact_probability"":0.00199775},{""index"":21,""time"":0.218,""score"":1.954,""rms_ratio"":2.05,""diff_ratio"":1.863,""contact_probability"":0.00045576},{""index"":22,""time"":3.243,""score"":1.911,""rms_ratio"":1.842,""diff_ratio"":1.983,""contact_probability"":0.00573268},{""index"":23,""time"":4.077,""score"":1.903,""rms_ratio"":2.353,""diff_ratio"":1.539,""contact_probability"":0.00069549},{""index"":24,""time"":3.713,""score"":1.811,""rms_ratio"":1.77,""diff_ratio"":1.853,""contact_probability"":0.0041696}]",best_candidate_below_threshold
1003,F_1106,dataset/fly_ball/Codex_Workstation/F_1106,2.0,no,,,0.39279724,,0.7833643177503908,11,"[{""index"":1,""time"":2.023,""score"":2.014,""rms_ratio"":2.917,""diff_ratio"":1.391,""contact_probability"":0.39279724},{""index"":2,""time"":2.082,""score"":1.168,""rms_ratio"":1.344,""diff_ratio"":1.014,""contact_probability"":0.00160741},{""index"":3,""time"":1.842,""score"":1.916,""rms_ratio"":2.565,""diff_ratio"":1.431,""contact_probability"":0.02395354},{""index"":4,""time"":1.722,""score"":1.408,""rms_ratio"":1.499,""diff_ratio"":1.323,""contact_probability"":0.00410082},{""index"":5,""time"":2.312,""score"":2.454,""rms_ratio"":3.73,""diff_ratio"":1.614,""contact_probability"":0.04420794},{""index"":6,""time"":1.628,""score"":1.25,""rms_ratio"":1.562,""diff_ratio"":0.972,""contact_probability"":0.00061464},{""index"":7,""time"":2.392,""score"":1.572,""rms_ratio"":1.577,""diff_ratio"":1.568,""contact_probability"":2.566e-05},{""index"":8,""time"":1.567,""score"":1.467,""rms_ratio"":1.831,""diff_ratio"":1.175,""contact_probability"":0.0039132},{""index"":9,""time"":2.483,""score"":1.358,""rms_ratio"":1.555,""diff_ratio"":1.187,""contact_probability"":0.00718386},{""index"":10,""time"":1.408,""score"":1.219,""rms_ratio"":1.486,""diff_ratio"":0.915,""contact_probability"":0.00118199},{""index"":11,""time"":1.332,""score"":1.655,""rms_ratio"":2.083,""diff_ratio"":1.315,""contact_probability"":0.00801479}]",best_candidate_below_threshold
1002,F_1105,dataset/fly_ball/Codex_Workstation/F_1105,2.0,no,,,0.0007955,,0.7833643177503908,19,"[{""index"":1,""time"":2.033,""score"":1.714,""rms_ratio"":1.775,""diff_ratio"":1.656,""contact_probability"":0.00029065},{""index"":2,""time"":1.913,""score"":1.865,""rms_ratio"":1.651,""diff_ratio"":2.107,""contact_probability"":0.0007955},{""index"":3,""time"":2.125,""score"":1.298,""rms_ratio"":1.395,""diff_ratio"":1.208,""contact_probability"":0.00021117},{""index"":4,""time"":1.857,""score"":1.579,""rms_ratio"":1.67,""diff_ratio"":1.494,""contact_probability"":0.00027533},{""index"":5,""time"":2.172,""score"":1.618,""rms_ratio"":1.811,""diff_ratio"":1.446,""contact_probability"":0.00020296},{""index"":6,""time"":1.815,""score"":1.306,""rms_ratio"":1.441,""diff_ratio"":1.183,""contact_probability"":0.00026165},{""index"":7,""time"":2.227,""score"":1.55,""rms_ratio"":1.64,""diff_ratio"":1.464,""contact_probability"":0.00040574},{""index"":8,""time"":1.758,""score"":1.627,""rms_ratio"":1.712,""diff_ratio"":1.546,""contact_probability"":0.00036059},{""index"":9,""time"":2.287,""score"":1.626,""rms_ratio"":1.674,""diff_ratio"":1.579,""contact_probability"":0.00047567},{""index"":10,""time"":1.63,""score"":1.287,""rms_ratio"":1.34,""diff_ratio"":1.235,""contact_probability"":0.00031707},{""index"":11,""time"":2.392,""score"":1.52,""rms_ratio"":1.772,""diff_ratio"":1.304,""contact_probability"":0.00028948},{""index"":12,""time"":1.592,""score"":1.683,""rms_ratio"":1.804,""diff_ratio"":1.57,""contact_probability"":0.00036489},{""index"":13,""time"":1.528,""score"":1.443,""rms_ratio"":1.47,""diff_ratio"":1.416,""contact_probability"":0.0002445},{""index"":14,""time"":2.497,""score"":1.626,""rms_ratio"":1.577,""diff_ratio"":1.677,""contact_probability"":0.00034027},{""index"":15,""time"":1.435,""score"":1.303,""rms_ratio"":1.333,""diff_ratio"":1.275,""contact_probability"":0.00035611},{""index"":16,""time"":2.598,""score"":1.631,""rms_ratio"":1.676,""diff_ratio"":1.586,""contact_probability"":0.00026711},{""index"":17,""time"":2.922,""score"":1.829,""rms_ratio"":1.268,""diff_ratio"":2.638,""contact_probability"":2.278e-05},{""index"":18,""time"":2.822,""score"":1.753,""rms_ratio"":1.91,""diff_ratio"":1.61,""contact_probability"":0.00032701},{""index"":19,""time"":2.737,""score"":1.533,""rms_ratio"":1.638,""diff_ratio"":1.436,""contact_probability"":0.00018812}]",best_candidate_below_threshold
1001,F_1104,dataset/fly_ball/Codex_Workstation/F_1104,2.0,no,,,0.5007445,,0.7833643177503908,24,"[{""index"":1,""time"":2.017,""score"":5.633,""rms_ratio"":4.871,""diff_ratio"":6.514,""contact_probability"":0.11060101},{""index"":2,""time"":2.072,""score"":2.892,""rms_ratio"":2.63,""diff_ratio"":3.181,""contact_probability"":0.01008447},{""index"":3,""time"":1.923,""score"":2.673,""rms_ratio"":1.718,""diff_ratio"":4.158,""contact_probability"":0.00067747},{""index"":4,""time"":2.148,""score"":2.517,""rms_ratio"":2.321,""diff_ratio"":2.729,""contact_probability"":0.00106662},{""index"":5,""time"":1.803,""score"":2.453,""rms_ratio"":2.332,""diff_ratio"":2.58,""contact_probability"":0.00175499},{""index"":6,""time"":2.21,""score"":1.946,""rms_ratio"":1.886,""diff_ratio"":2.008,""contact_probability"":0.00027107},{""index"":7,""time"":1.742,""score"":5.951,""rms_ratio"":4.736,""diff_ratio"":7.478,""contact_probability"":0.5007445},{""index"":8,""time"":2.265,""score"":2.052,""rms_ratio"":1.925,""diff_ratio"":2.187,""contact_probability"":0.00069511},{""index"":9,""time"":2.322,""score"":2.273,""rms_ratio"":1.932,""diff_ratio"":2.675,""contact_probability"":0.00064887},{""index"":10,""time"":1.622,""score"":2.353,""rms_ratio"":2.043,""diff_ratio"":2.71,""contact_probability"":0.00130394},{""index"":11,""time"":1.533,""score"":2.598,""rms_ratio"":2.008,""diff_ratio"":3.363,""contact_probability"":0.00027766},{""index"":12,""time"":1.472,""score"":3.489,""rms_ratio"":3.262,""diff_ratio"":3.731,""contact_probability"":0.00270483},{""index"":13,""time"":2.562,""score"":3.917,""rms_ratio"":2.155,""diff_ratio"":7.12,""contact_probability"":0.03502446},{""index"":14,""time"":1.418,""score"":3.844,""rms_ratio"":3.679,""diff_ratio"":4.016,""contact_probability"":0.00647369},{""index"":15,""time"":1.357,""score"":6.083,""rms_ratio"":5.574,""diff_ratio"":6.64,""contact_probability"":0.03631148},{""index"":16,""time"":0.123,""score"":4.37,""rms_ratio"":3.544,""diff_ratio"":5.387,""contact_probability"":0.03061161},{""index"":17,""time"":0.488,""score"":4.146,""rms_ratio"":3.899,""diff_ratio"":4.409,""contact_probability"":0.02862547},{""index"":18,""time"":0.262,""score"":3.728,""rms_ratio"":3.219,""diff_ratio"":4.318,""contact_probability"":0.00999028},{""index"":19,""time"":0.688,""score"":2.502,""rms_ratio"":3.136,""diff_ratio"":1.996,""contact_probability"":0.00058213},{""index"":20,""time"":0.962,""score"":2.376,""rms_ratio"":2.405,""diff_ratio"":2.348,""contact_probability"":0.00094553},{""index"":21,""time"":2.648,""score"":2.232,""rms_ratio"":1.546,""diff_ratio"":3.223,""contact_probability"":0.00101543},{""index"":22,""time"":0.783,""score"":2.185,""rms_ratio"":2.687,""diff_ratio"":1.776,""contact_probability"":0.00014676},{""index"":23,""time"":2.753,""score"":1.891,""rms_ratio"":1.662,""diff_ratio"":2.152,""contact_probability"":0.00034824},{""index"":24,""time"":2.695,""score"":1.838,""rms_ratio"":1.499,""diff_ratio"":2.254,""contact_probability"":0.00073838}]",best_candidate_below_threshold
1000,F_1103,dataset/fly_ball/Codex_Workstation/F_1103,2.0,no,,,0.45940737,,0.7833643177503908,24,"[{""index"":1,""time"":2.017,""score"":4.481,""rms_ratio"":4.016,""diff_ratio"":5.0,""contact_probability"":0.0355872},{""index"":2,""time"":1.925,""score"":1.638,""rms_ratio"":1.534,""diff_ratio"":1.748,""contact_probability"":0.00042188},{""index"":3,""time"":2.082,""score"":3.827,""rms_ratio"":3.233,""diff_ratio"":4.53,""contact_probability"":0.01496281},{""index"":4,""time"":2.213,""score"":2.892,""rms_ratio"":1.529,""diff_ratio"":5.47,""contact_probability"":0.00054431},{""index"":5,""time"":1.783,""score"":3.84,""rms_ratio"":3.811,""diff_ratio"":3.87,""contact_probability"":0.00987956},{""index"":6,""time"":2.277,""score"":4.857,""rms_ratio"":3.69,""diff_ratio"":6.393,""contact_probability"":0.01546342},{""index"":7,""time"":1.722,""score"":2.505,""rms_ratio"":2.603,""diff_ratio"":2.41,""contact_probability"":0.00214918},{""index"":8,""time"":1.668,""score"":2.912,""rms_ratio"":3.214,""diff_ratio"":2.637,""contact_probability"":0.00242158},{""index"":9,""time"":2.372,""score"":4.514,""rms_ratio"":3.115,""diff_ratio"":6.54,""contact_probability"":0.01471371},{""index"":10,""time"":1.607,""score"":2.59,""rms_ratio"":2.98,""diff_ratio"":2.251,""contact_probability"":0.00096682},{""index"":11,""time"":1.518,""score"":2.849,""rms_ratio"":3.25,""diff_ratio"":2.497,""contact_probability"":0.00537468},{""index"":12,""time"":2.533,""score"":3.157,""rms_ratio"":1.472,""diff_ratio"":6.768,""contact_probability"":0.00451929},{""index"":13,""time"":2.588,""score"":3.787,""rms_ratio"":2.789,""diff_ratio"":5.141,""contact_probability"":0.03439357},{""index"":14,""time"":0.243,""score"":4.677,""rms_ratio"":3.111,""diff_ratio"":7.032,""contact_probability"":0.0160592},{""index"":15,""time"":0.162,""score"":4.558,""rms_ratio"":3.351,""diff_ratio"":6.198,""contact_probability"":0.03295303},{""index"":16,""time"":0.603,""score"":4.517,""rms_ratio"":3.289,""diff_ratio"":6.203,""contact_probability"":0.0115534},{""index"":17,""time"":1.197,""score"":4.472,""rms_ratio"":3.261,""diff_ratio"":6.134,""contact_probability"":0.04767337},{""index"":18,""time"":5.472,""score"":4.446,""rms_ratio"":3.233,""diff_ratio"":6.114,""contact_probability"":0.45940737},{""index"":19,""time"":0.993,""score"":4.126,""rms_ratio"":4.055,""diff_ratio"":4.198,""contact_probability"":0.01975688},{""index"":20,""time"":0.027,""score"":3.813,""rms_ratio"":3.722,""diff_ratio"":3.906,""contact_probability"":0.00450499},{""index"":21,""time"":1.075,""score"":3.81,""rms_ratio"":3.131,""diff_ratio"":4.636,""contact_probability"":0.0098061},{""index"":22,""time"":0.095,""score"":3.788,""rms_ratio"":3.718,""diff_ratio"":3.859,""contact_probability"":0.01451798},{""index"":23,""time"":5.988,""score"":3.711,""rms_ratio"":3.153,""diff_ratio"":4.368,""contact_probability"":0.01340317},{""index"":24,""time"":6.162,""score"":3.469,""rms_ratio"":2.732,""diff_ratio"":4.405,""contact_probability"":0.01580843}]",best_candidate_below_threshold
999,F_1102,dataset/fly_ball/Codex_Workstation/F_1102,2.0,no,,,0.68063344,,0.7833643177503908,24,"[{""index"":1,""time"":2.033,""score"":2.03,""rms_ratio"":2.052,""diff_ratio"":2.008,""contact_probability"":0.16306516},{""index"":2,""time"":2.138,""score"":1.407,""rms_ratio"":1.298,""diff_ratio"":1.524,""contact_probability"":0.00147861},{""index"":3,""time"":2.193,""score"":1.483,""rms_ratio"":1.018,""diff_ratio"":2.162,""contact_probability"":0.00060734},{""index"":4,""time"":2.303,""score"":1.217,""rms_ratio"":1.481,""diff_ratio"":0.483,""contact_probability"":0.00246231},{""index"":5,""time"":2.358,""score"":2.887,""rms_ratio"":2.493,""diff_ratio"":3.344,""contact_probability"":0.07409613},{""index"":6,""time"":2.41,""score"":1.24,""rms_ratio"":1.125,""diff_ratio"":1.366,""contact_probability"":0.00099148},{""index"":7,""time"":2.467,""score"":1.79,""rms_ratio"":1.625,""diff_ratio"":1.971,""contact_probability"":0.0012522},{""index"":8,""time"":2.533,""score"":1.88,""rms_ratio"":2.371,""diff_ratio"":1.49,""contact_probability"":0.01504534},{""index"":9,""time"":2.588,""score"":1.365,""rms_ratio"":1.399,""diff_ratio"":1.332,""contact_probability"":0.00090649},{""index"":10,""time"":0.102,""score"":3.556,""rms_ratio"":2.415,""diff_ratio"":5.236,""contact_probability"":0.68063344},{""index"":11,""time"":3.293,""score"":3.25,""rms_ratio"":2.215,""diff_ratio"":4.768,""contact_probability"":0.23160852},{""index"":12,""time"":1.158,""score"":3.05,""rms_ratio"":2.23,""diff_ratio"":4.17,""contact_probability"":0.53118006},{""index"":13,""time"":3.582,""score"":3.008,""rms_ratio"":1.267,""diff_ratio"":7.14,""contact_probability"":0.02463928},{""index"":14,""time"":0.407,""score"":3.005,""rms_ratio"":1.54,""diff_ratio"":5.863,""contact_probability"":0.00845659},{""index"":15,""time"":4.177,""score"":2.705,""rms_ratio"":2.742,""diff_ratio"":2.669,""contact_probability"":0.55000701},{""index"":16,""time"":3.668,""score"":2.492,""rms_ratio"":1.475,""diff_ratio"":4.21,""contact_probability"":0.01005706},{""index"":17,""time"":2.908,""score"":2.476,""rms_ratio"":1.802,""diff_ratio"":3.403,""contact_probability"":0.00334957},{""index"":18,""time"":0.567,""score"":2.279,""rms_ratio"":2.341,""diff_ratio"":2.219,""contact_probability"":0.02189708},{""index"":19,""time"":2.83,""score"":1.94,""rms_ratio"":1.528,""diff_ratio"":2.462,""contact_probability"":0.00333373},{""index"":20,""time"":1.023,""score"":1.881,""rms_ratio"":1.613,""diff_ratio"":2.195,""contact_probability"":0.00966599},{""index"":21,""time"":3.993,""score"":1.821,""rms_ratio"":2.269,""diff_ratio"":1.461,""contact_probability"":0.04643226},{""index"":22,""time"":3.118,""score"":1.75,""rms_ratio"":1.44,""diff_ratio"":2.126,""contact_probability"":0.00139125},{""index"":23,""time"":3.453,""score"":1.744,""rms_ratio"":1.238,""diff_ratio"":2.457,""contact_probability"":0.00038903},{""index"":24,""time"":3.807,""score"":1.715,""rms_ratio"":1.182,""diff_ratio"":2.49,""contact_probability"":0.00135315}]",best_candidate_below_threshold
998,F_1099,dataset/fly_ball/Codex_Workstation/F_1099,2.0,no,,,0.38216525,,0.7833643177503908,24,"[{""index"":1,""time"":2.023,""score"":2.128,""rms_ratio"":2.815,""diff_ratio"":1.609,""contact_probability"":0.0035375},{""index"":2,""time"":1.957,""score"":1.808,""rms_ratio"":1.122,""diff_ratio"":2.915,""contact_probability"":0.00300926},{""index"":3,""time"":2.122,""score"":1.836,""rms_ratio"":2.325,""diff_ratio"":1.45,""contact_probability"":0.00086301},{""index"":4,""time"":1.803,""score"":1.268,""rms_ratio"":1.489,""diff_ratio"":1.08,""contact_probability"":9.541e-05},{""index"":5,""time"":2.207,""score"":1.334,""rms_ratio"":1.637,""diff_ratio"":1.087,""contact_probability"":0.00033047},{""index"":6,""time"":1.653,""score"":1.373,""rms_ratio"":1.54,""diff_ratio"":1.224,""contact_probability"":0.00041519},{""index"":7,""time"":2.352,""score"":2.202,""rms_ratio"":1.467,""diff_ratio"":3.306,""contact_probability"":0.00416871},{""index"":8,""time"":1.567,""score"":1.218,""rms_ratio"":1.209,""diff_ratio"":1.228,""contact_probability"":0.00029346},{""index"":9,""time"":2.467,""score"":2.004,""rms_ratio"":1.752,""diff_ratio"":2.293,""contact_probability"":0.00294059},{""index"":10,""time"":2.523,""score"":1.47,""rms_ratio"":1.842,""diff_ratio"":1.173,""contact_probability"":0.00047975},{""index"":11,""time"":1.465,""score"":1.207,""rms_ratio"":1.298,""diff_ratio"":1.122,""contact_probability"":0.0002605},{""index"":12,""time"":2.582,""score"":1.688,""rms_ratio"":2.094,""diff_ratio"":1.36,""contact_probability"":0.00024306},{""index"":13,""time"":1.413,""score"":1.388,""rms_ratio"":1.666,""diff_ratio"":1.156,""contact_probability"":0.00037967},{""index"":14,""time"":6.668,""score"":2.825,""rms_ratio"":1.462,""diff_ratio"":5.455,""contact_probability"":0.38216525},{""index"":15,""time"":4.767,""score"":2.342,""rms_ratio"":1.226,""diff_ratio"":4.474,""contact_probability"":0.04185907},{""index"":16,""time"":4.887,""score"":2.236,""rms_ratio"":1.307,""diff_ratio"":3.825,""contact_probability"":0.01123147},{""index"":17,""time"":6.988,""score"":2.194,""rms_ratio"":1.172,""diff_ratio"":4.11,""contact_probability"":0.33641138},{""index"":18,""time"":3.497,""score"":2.103,""rms_ratio"":1.139,""diff_ratio"":3.885,""contact_probability"":0.00967502},{""index"":19,""time"":3.043,""score"":2.0,""rms_ratio"":2.222,""diff_ratio"":1.8,""contact_probability"":0.00449343},{""index"":20,""time"":3.152,""score"":1.909,""rms_ratio"":2.392,""diff_ratio"":1.524,""contact_probability"":0.00404469},{""index"":21,""time"":0.058,""score"":1.899,""rms_ratio"":1.882,""diff_ratio"":1.915,""contact_probability"":0.00617866},{""index"":22,""time"":5.363,""score"":1.858,""rms_ratio"":1.91,""diff_ratio"":1.808,""contact_probability"":0.01293256},{""index"":23,""time"":0.498,""score"":1.841,""rms_ratio"":2.286,""diff_ratio"":1.483,""contact_probability"":0.00654554},{""index"":24,""time"":5.613,""score"":1.834,""rms_ratio"":0.882,""diff_ratio"":3.364,""contact_probability"":0.00550651}]",best_candidate_below_threshold
997,F_1098,dataset/fly_ball/Codex_Workstation/F_1098,2.0,no,,,0.75905364,,0.7833643177503908,14,"[{""index"":1,""time"":2.027,""score"":2.512,""rms_ratio"":2.962,""diff_ratio"":2.131,""contact_probability"":0.75905364},{""index"":2,""time"":1.803,""score"":1.511,""rms_ratio"":1.331,""diff_ratio"":1.715,""contact_probability"":0.00052754},{""index"":3,""time"":1.692,""score"":1.176,""rms_ratio"":1.382,""diff_ratio"":0.962,""contact_probability"":0.00247183},{""index"":4,""time"":1.638,""score"":1.685,""rms_ratio"":1.479,""diff_ratio"":1.92,""contact_probability"":0.00889748},{""index"":5,""time"":1.582,""score"":1.891,""rms_ratio"":2.042,""diff_ratio"":1.751,""contact_probability"":0.00357285},{""index"":6,""time"":1.508,""score"":1.548,""rms_ratio"":1.233,""diff_ratio"":1.942,""contact_probability"":0.00051935},{""index"":7,""time"":1.447,""score"":2.051,""rms_ratio"":1.816,""diff_ratio"":2.315,""contact_probability"":0.00205087},{""index"":8,""time"":1.222,""score"":2.768,""rms_ratio"":1.177,""diff_ratio"":6.512,""contact_probability"":0.03859396},{""index"":9,""time"":0.848,""score"":2.631,""rms_ratio"":2.139,""diff_ratio"":3.237,""contact_probability"":0.48433275},{""index"":10,""time"":1.067,""score"":2.21,""rms_ratio"":2.099,""diff_ratio"":2.327,""contact_probability"":0.01086095},{""index"":11,""time"":0.007,""score"":1.975,""rms_ratio"":1.888,""diff_ratio"":2.067,""contact_probability"":0.14199444},{""index"":12,""time"":0.312,""score"":1.722,""rms_ratio"":1.472,""diff_ratio"":2.014,""contact_probability"":0.00992925},{""index"":13,""time"":0.142,""score"":1.655,""rms_ratio"":1.659,""diff_ratio"":1.651,""contact_probability"":0.0276695},{""index"":14,""time"":1.303,""score"":1.63,""rms_ratio"":1.969,""diff_ratio"":1.35,""contact_probability"":0.01173925}]",best_candidate_below_threshold
996,F_1097,dataset/fly_ball/Codex_Workstation/F_1097,2.0,no,,,0.45271909,,0.7833643177503908,24,"[{""index"":1,""time"":2.027,""score"":3.754,""rms_ratio"":4.543,""diff_ratio"":3.101,""contact_probability"":0.34392215},{""index"":2,""time"":1.967,""score"":1.591,""rms_ratio"":1.582,""diff_ratio"":1.6,""contact_probability"":0.00621474},{""index"":3,""time"":2.082,""score"":1.18,""rms_ratio"":1.332,""diff_ratio"":1.046,""contact_probability"":0.00146234},{""index"":4,""time"":1.908,""score"":1.548,""rms_ratio"":1.24,""diff_ratio"":1.932,""contact_probability"":0.00187412},{""index"":5,""time"":1.842,""score"":1.934,""rms_ratio"":1.681,""diff_ratio"":2.226,""contact_probability"":0.00027358},{""index"":6,""time"":1.795,""score"":1.163,""rms_ratio"":1.028,""diff_ratio"":1.315,""contact_probability"":2.581e-05},{""index"":7,""time"":2.223,""score"":1.657,""rms_ratio"":2.296,""diff_ratio"":1.196,""contact_probability"":0.02752045},{""index"":8,""time"":1.737,""score"":1.198,""rms_ratio"":1.047,""diff_ratio"":1.37,""contact_probability"":0.00058141},{""index"":9,""time"":2.443,""score"":1.386,""rms_ratio"":0.532,""diff_ratio"":1.92,""contact_probability"":0.00052195},{""index"":10,""time"":2.497,""score"":2.644,""rms_ratio"":3.666,""diff_ratio"":1.907,""contact_probability"":0.15012272},{""index"":11,""time"":1.45,""score"":1.284,""rms_ratio"":1.178,""diff_ratio"":1.4,""contact_probability"":0.01069717},{""index"":12,""time"":2.557,""score"":1.224,""rms_ratio"":1.498,""diff_ratio"":0.886,""contact_probability"":0.00148444},{""index"":13,""time"":1.413,""score"":1.428,""rms_ratio"":1.328,""diff_ratio"":1.536,""contact_probability"":0.00840747},{""index"":14,""time"":2.852,""score"":3.969,""rms_ratio"":1.847,""diff_ratio"":8.53,""contact_probability"":0.12312545},{""index"":15,""time"":6.927,""score"":3.383,""rms_ratio"":1.48,""diff_ratio"":7.729,""contact_probability"":0.00020951},{""index"":16,""time"":3.608,""score"":3.38,""rms_ratio"":3.476,""diff_ratio"":3.286,""contact_probability"":0.3626538},{""index"":17,""time"":1.337,""score"":3.032,""rms_ratio"":2.852,""diff_ratio"":3.222,""contact_probability"":0.45271909},{""index"":18,""time"":2.943,""score"":2.919,""rms_ratio"":1.417,""diff_ratio"":6.015,""contact_probability"":0.42927451},{""index"":19,""time"":2.985,""score"":2.423,""rms_ratio"":3.024,""diff_ratio"":1.942,""contact_probability"":0.08344583},{""index"":20,""time"":0.553,""score"":2.302,""rms_ratio"":3.229,""diff_ratio"":1.641,""contact_probability"":0.02480775},{""index"":21,""time"":6.807,""score"":2.299,""rms_ratio"":2.38,""diff_ratio"":2.222,""contact_probability"":0.00395053},{""index"":22,""time"":5.412,""score"":2.151,""rms_ratio"":3.379,""diff_ratio"":1.37,""contact_probability"":0.12274836},{""index"":23,""time"":1.038,""score"":1.988,""rms_ratio"":2.541,""diff_ratio"":1.556,""contact_probability"":0.01378783},{""index"":24,""time"":3.932,""score"":1.971,""rms_ratio"":2.642,""diff_ratio"":1.47,""contact_probability"":0.00499357}]",best_candidate_below_threshold
995,F_1096,dataset/fly_ball/Codex_Workstation/F_1096,2.0,no,,,0.55224618,,0.7833643177503908,24,"[{""index"":1,""time"":2.007,""score"":4.198,""rms_ratio"":4.568,""diff_ratio"":3.859,""contact_probability"":0.19566418},{""index"":2,""time"":2.062,""score"":3.146,""rms_ratio"":2.85,""diff_ratio"":3.473,""contact_probability"":0.05806766},{""index"":3,""time"":2.188,""score"":3.71,""rms_ratio"":3.497,""diff_ratio"":3.937,""contact_probability"":0.04567975},{""index"":4,""time"":2.243,""score"":2.97,""rms_ratio"":2.562,""diff_ratio"":3.442,""contact_probability"":0.02256602},{""index"":5,""time"":2.31,""score"":1.868,""rms_ratio"":2.135,""diff_ratio"":1.634,""contact_probability"":0.00930926},{""index"":6,""time"":2.348,""score"":2.724,""rms_ratio"":1.217,""diff_ratio"":6.1,""contact_probability"":0.00162354},{""index"":7,""time"":1.528,""score"":1.192,""rms_ratio"":0.429,""diff_ratio"":1.421,""contact_probability"":0.02901736},{""index"":8,""time"":2.483,""score"":2.885,""rms_ratio"":3.318,""diff_ratio"":2.508,""contact_probability"":0.02887177},{""index"":9,""time"":2.568,""score"":2.873,""rms_ratio"":1.224,""diff_ratio"":6.744,""contact_probability"":0.00942971},{""index"":10,""time"":5.773,""score"":5.05,""rms_ratio"":2.065,""diff_ratio"":12.346,""contact_probability"":0.55224618},{""index"":11,""time"":3.797,""score"":3.476,""rms_ratio"":1.443,""diff_ratio"":8.37,""contact_probability"":0.01759147},{""index"":12,""time"":2.662,""score"":3.418,""rms_ratio"":3.289,""diff_ratio"":3.553,""contact_probability"":0.05692783},{""index"":13,""time"":3.088,""score"":3.414,""rms_ratio"":2.945,""diff_ratio"":3.958,""contact_probability"":0.03761214},{""index"":14,""time"":2.918,""score"":3.315,""rms_ratio"":2.904,""diff_ratio"":3.785,""contact_probability"":0.02092105},{""index"":15,""time"":5.142,""score"":3.07,""rms_ratio"":2.561,""diff_ratio"":3.681,""contact_probability"":0.1472936},{""index"":16,""time"":0.837,""score"":3.039,""rms_ratio"":3.2,""diff_ratio"":2.885,""contact_probability"":0.01342926},{""index"":17,""time"":0.102,""score"":3.018,""rms_ratio"":2.59,""diff_ratio"":3.517,""contact_probability"":0.04981302},{""index"":18,""time"":6.097,""score"":2.915,""rms_ratio"":3.126,""diff_ratio"":2.718,""contact_probability"":8.44e-06},{""index"":19,""time"":3.638,""score"":2.879,""rms_ratio"":2.02,""diff_ratio"":4.103,""contact_probability"":0.04519446},{""index"":20,""time"":4.778,""score"":2.813,""rms_ratio"":2.395,""diff_ratio"":3.303,""contact_probability"":0.10168557},{""index"":21,""time"":0.933,""score"":2.785,""rms_ratio"":3.108,""diff_ratio"":2.495,""contact_probability"":0.00241542},{""index"":22,""time"":5.867,""score"":2.763,""rms_ratio"":2.853,""diff_ratio"":2.677,""contact_probability"":0.01837171},{""index"":23,""time"":3.388,""score"":2.762,""rms_ratio"":2.761,""diff_ratio"":2.764,""contact_probability"":0.13318327},{""index"":24,""time"":0.438,""score"":2.636,""rms_ratio"":2.443,""diff_ratio"":2.844,""contact_probability"":0.17616232}]",best_candidate_below_threshold
994,F_1095,dataset/fly_ball/Codex_Workstation/F_1095,2.0,yes,1,2.027,0.99999731,15.493,0.7833643177503908,24,"[{""index"":1,""time"":2.027,""score"":15.493,""rms_ratio"":8.919,""diff_ratio"":26.912,""contact_probability"":0.99999731},{""index"":2,""time"":3.678,""score"":7.416,""rms_ratio"":4.462,""diff_ratio"":12.326,""contact_probability"":0.00425869},{""index"":3,""time"":3.213,""score"":6.961,""rms_ratio"":5.185,""diff_ratio"":9.346,""contact_probability"":0.09954358},{""index"":4,""time"":6.503,""score"":6.28,""rms_ratio"":4.169,""diff_ratio"":9.461,""contact_probability"":0.26605348},{""index"":5,""time"":4.782,""score"":6.159,""rms_ratio"":4.601,""diff_ratio"":8.246,""contact_probability"":0.15360378},{""index"":6,""time"":6.943,""score"":5.944,""rms_ratio"":5.003,""diff_ratio"":7.062,""contact_probability"":9.84e-06},{""index"":7,""time"":5.383,""score"":5.887,""rms_ratio"":5.363,""diff_ratio"":6.462,""contact_probability"":0.13786137},{""index"":8,""time"":5.608,""score"":5.599,""rms_ratio"":4.764,""diff_ratio"":6.58,""contact_probability"":0.08229884},{""index"":9,""time"":2.967,""score"":5.532,""rms_ratio"":4.921,""diff_ratio"":6.219,""contact_probability"":0.0437741},{""index"":10,""time"":6.113,""score"":5.481,""rms_ratio"":5.06,""diff_ratio"":5.938,""contact_probability"":0.06355552},{""index"":11,""time"":3.997,""score"":5.307,""rms_ratio"":6.115,""diff_ratio"":4.606,""contact_probability"":0.11544208},{""index"":12,""time"":4.568,""score"":5.253,""rms_ratio"":5.583,""diff_ratio"":4.942,""contact_probability"":0.32665341},{""index"":13,""time"":3.062,""score"":4.999,""rms_ratio"":4.024,""diff_ratio"":6.21,""contact_probability"":0.00841311},{""index"":14,""time"":3.592,""score"":4.965,""rms_ratio"":2.682,""diff_ratio"":9.192,""contact_probability"":0.00747231},{""index"":15,""time"":5.707,""score"":4.934,""rms_ratio"":3.71,""diff_ratio"":6.561,""contact_probability"":0.03170431},{""index"":16,""time"":6.302,""score"":4.84,""rms_ratio"":4.742,""diff_ratio"":4.941,""contact_probability"":0.04268856},{""index"":17,""time"":5.068,""score"":4.681,""rms_ratio"":2.819,""diff_ratio"":7.774,""contact_probability"":0.02480438},{""index"":18,""time"":3.307,""score"":4.547,""rms_ratio"":3.853,""diff_ratio"":5.366,""contact_probability"":0.04126071},{""index"":19,""time"":6.648,""score"":4.514,""rms_ratio"":3.482,""diff_ratio"":5.853,""contact_probability"":0.01810004},{""index"":20,""time"":4.932,""score"":4.383,""rms_ratio"":3.376,""diff_ratio"":5.69,""contact_probability"":0.01070618},{""index"":21,""time"":3.803,""score"":4.38,""rms_ratio"":3.204,""diff_ratio"":5.989,""contact_probability"":0.0012047},{""index"":22,""time"":6.838,""score"":4.37,""rms_ratio"":2.263,""diff_ratio"":8.437,""contact_probability"":1.868e-05},{""index"":23,""time"":4.412,""score"":4.148,""rms_ratio"":2.866,""diff_ratio"":6.002,""contact_probability"":0.00940855},{""index"":24,""time"":4.323,""score"":4.131,""rms_ratio"":4.478,""diff_ratio"":3.81,""contact_probability"":0.00184769}]",candidate_selected
993,F_1093,dataset/fly_ball/Codex_Workstation/F_1093,2.0,no,,,0.41087122,,0.7833643177503908,24,"[{""index"":1,""time"":2.027,""score"":2.98,""rms_ratio"":5.094,""diff_ratio"":1.743,""contact_probability"":0.41087122},{""index"":2,""time"":1.962,""score"":1.748,""rms_ratio"":1.577,""diff_ratio"":1.937,""contact_probability"":0.00426426},{""index"":3,""time"":1.915,""score"":1.277,""rms_ratio"":1.098,""diff_ratio"":1.485,""contact_probability"":0.00062499},{""index"":4,""time"":2.088,""score"":1.258,""rms_ratio"":1.451,""diff_ratio"":1.09,""contact_probability"":0.00362313},{""index"":5,""time"":1.827,""score"":1.745,""rms_ratio"":0.983,""diff_ratio"":3.046,""contact_probability"":0.0002499},{""index"":6,""time"":2.213,""score"":1.842,""rms_ratio"":1.104,""diff_ratio"":3.074,""contact_probability"":0.00017857},{""index"":7,""time"":1.648,""score"":1.244,""rms_ratio"":0.812,""diff_ratio"":1.548,""contact_probability"":0.00078018},{""index"":8,""time"":2.372,""score"":2.113,""rms_ratio"":1.947,""diff_ratio"":2.295,""contact_probability"":0.11934145},{""index"":9,""time"":1.575,""score"":1.172,""rms_ratio"":1.282,""diff_ratio"":1.072,""contact_probability"":0.00388081},{""index"":10,""time"":2.453,""score"":1.643,""rms_ratio"":1.452,""diff_ratio"":1.86,""contact_probability"":0.00928236},{""index"":11,""time"":1.538,""score"":1.34,""rms_ratio"":1.462,""diff_ratio"":1.228,""contact_probability"":0.00335072},{""index"":12,""time"":1.442,""score"":1.651,""rms_ratio"":2.043,""diff_ratio"":1.334,""contact_probability"":0.0252735},{""index"":13,""time"":2.648,""score"":2.49,""rms_ratio"":2.053,""diff_ratio"":3.021,""contact_probability"":0.10500137},{""index"":14,""time"":4.733,""score"":2.431,""rms_ratio"":1.501,""diff_ratio"":3.937,""contact_probability"":0.01265706},{""index"":15,""time"":5.573,""score"":2.179,""rms_ratio"":2.923,""diff_ratio"":1.623,""contact_probability"":0.1182807},{""index"":16,""time"":0.897,""score"":2.096,""rms_ratio"":2.155,""diff_ratio"":2.039,""contact_probability"":0.063668},{""index"":17,""time"":5.722,""score"":2.036,""rms_ratio"":2.016,""diff_ratio"":2.058,""contact_probability"":0.00281076},{""index"":18,""time"":6.262,""score"":2.019,""rms_ratio"":1.35,""diff_ratio"":3.021,""contact_probability"":0.00044543},{""index"":19,""time"":3.918,""score"":2.006,""rms_ratio"":1.441,""diff_ratio"":2.792,""contact_probability"":0.00722998},{""index"":20,""time"":6.438,""score"":1.964,""rms_ratio"":2.306,""diff_ratio"":1.673,""contact_probability"":0.01107287},{""index"":21,""time"":4.177,""score"":1.96,""rms_ratio"":2.326,""diff_ratio"":1.652,""contact_probability"":0.03202173},{""index"":22,""time"":6.887,""score"":1.856,""rms_ratio"":1.075,""diff_ratio"":3.203,""contact_probability"":2.483e-05},{""index"":23,""time"":5.927,""score"":1.818,""rms_ratio"":1.993,""diff_ratio"":1.659,""contact_probability"":0.05760867},{""index"":24,""time"":6.543,""score"":1.815,""rms_ratio"":1.29,""diff_ratio"":2.554,""contact_probability"":0.00116756}]",best_candidate_below_threshold
992,F_1092,dataset/fly_ball/Codex_Workstation/F_1092,2.0,no,,,0.1723455,,0.7833643177503908,24,"[{""index"":1,""time"":2.033,""score"":3.743,""rms_ratio"":4.788,""diff_ratio"":2.926,""contact_probability"":0.04759482},{""index"":2,""time"":2.098,""score"":4.388,""rms_ratio"":4.036,""diff_ratio"":4.77,""contact_probability"":0.04012687},{""index"":3,""time"":1.837,""score"":2.643,""rms_ratio"":2.754,""diff_ratio"":2.537,""contact_probability"":0.0104942},{""index"":4,""time"":2.253,""score"":4.062,""rms_ratio"":3.644,""diff_ratio"":4.528,""contact_probability"":0.07328062},{""index"":5,""time"":1.712,""score"":3.806,""rms_ratio"":3.637,""diff_ratio"":3.983,""contact_probability"":0.15543855},{""index"":6,""time"":1.658,""score"":1.299,""rms_ratio"":1.39,""diff_ratio"":1.214,""contact_probability"":0.00087525},{""index"":7,""time"":2.368,""score"":3.241,""rms_ratio"":3.118,""diff_ratio"":3.368,""contact_probability"":0.01061665},{""index"":8,""time"":1.602,""score"":3.728,""rms_ratio"":3.007,""diff_ratio"":4.623,""contact_probability"":0.01934549},{""index"":9,""time"":2.428,""score"":1.661,""rms_ratio"":0.66,""diff_ratio"":2.758,""contact_probability"":0.0007226},{""index"":10,""time"":1.528,""score"":4.699,""rms_ratio"":3.491,""diff_ratio"":6.326,""contact_probability"":0.02886132},{""index"":11,""time"":2.557,""score"":3.988,""rms_ratio"":3.082,""diff_ratio"":5.16,""contact_probability"":0.01145422},{""index"":12,""time"":1.403,""score"":3.943,""rms_ratio"":3.26,""diff_ratio"":4.77,""contact_probability"":0.00948711},{""index"":13,""time"":1.263,""score"":5.065,""rms_ratio"":3.84,""diff_ratio"":6.68,""contact_probability"":0.09541869},{""index"":14,""time"":0.928,""score"":5.018,""rms_ratio"":4.374,""diff_ratio"":5.756,""contact_probability"":0.02007049},{""index"":15,""time"":1.138,""score"":4.867,""rms_ratio"":3.486,""diff_ratio"":6.795,""contact_probability"":0.0164969},{""index"":16,""time"":3.092,""score"":4.443,""rms_ratio"":2.834,""diff_ratio"":6.965,""contact_probability"":0.02496822},{""index"":17,""time"":2.787,""score"":4.344,""rms_ratio"":3.545,""diff_ratio"":5.322,""contact_probability"":0.01928652},{""index"":18,""time"":1.033,""score"":4.132,""rms_ratio"":3.125,""diff_ratio"":5.463,""contact_probability"":0.0099153},{""index"":19,""time"":3.338,""score"":4.103,""rms_ratio"":3.343,""diff_ratio"":5.036,""contact_probability"":0.1723455},{""index"":20,""time"":2.983,""score"":4.069,""rms_ratio"":1.781,""diff_ratio"":9.294,""contact_probability"":0.02250227},{""index"":21,""time"":3.578,""score"":4.033,""rms_ratio"":4.028,""diff_ratio"":4.038,""contact_probability"":0.00882128},{""index"":22,""time"":4.133,""score"":4.005,""rms_ratio"":3.263,""diff_ratio"":4.917,""contact_probability"":0.11979047},{""index"":23,""time"":3.045,""score"":3.944,""rms_ratio"":1.655,""diff_ratio"":9.401,""contact_probability"":0.0208976},{""index"":24,""time"":3.668,""score"":3.891,""rms_ratio"":3.463,""diff_ratio"":4.371,""contact_probability"":0.00220374}]",best_candidate_below_threshold
991,F_1090,dataset/fly_ball/Codex_Workstation/F_1090,2.0,no,,,0.61271297,,0.7833643177503908,24,"[{""index"":1,""time"":2.033,""score"":4.501,""rms_ratio"":6.764,""diff_ratio"":2.994,""contact_probability"":0.00557357},{""index"":2,""time"":1.962,""score"":4.055,""rms_ratio"":5.518,""diff_ratio"":2.98,""contact_probability"":0.0026715},{""index"":3,""time"":2.095,""score"":3.172,""rms_ratio"":4.127,""diff_ratio"":2.437,""contact_probability"":0.003874},{""index"":4,""time"":1.893,""score"":4.259,""rms_ratio"":6.064,""diff_ratio"":2.991,""contact_probability"":0.00378617},{""index"":5,""time"":2.148,""score"":3.481,""rms_ratio"":4.315,""diff_ratio"":2.809,""contact_probability"":0.01284969},{""index"":6,""time"":1.803,""score"":1.414,""rms_ratio"":0.498,""diff_ratio"":1.999,""contact_probability"":2.5e-07},{""index"":7,""time"":2.233,""score"":1.393,""rms_ratio"":1.559,""diff_ratio"":1.245,""contact_probability"":0.00401867},{""index"":8,""time"":1.727,""score"":1.287,""rms_ratio"":0.437,""diff_ratio"":1.656,""contact_probability"":0.00057671},{""index"":9,""time"":1.648,""score"":4.606,""rms_ratio"":5.683,""diff_ratio"":3.733,""contact_probability"":0.0528894},{""index"":10,""time"":1.543,""score"":1.362,""rms_ratio"":1.856,""diff_ratio"":0.75,""contact_probability"":0.00057335},{""index"":11,""time"":1.472,""score"":5.03,""rms_ratio"":4.778,""diff_ratio"":5.294,""contact_probability"":0.01257567},{""index"":12,""time"":1.403,""score"":1.185,""rms_ratio"":1.404,""diff_ratio"":0.69,""contact_probability"":0.0001316},{""index"":13,""time"":0.072,""score"":6.051,""rms_ratio"":4.259,""diff_ratio"":8.599,""contact_probability"":0.01592216},{""index"":14,""time"":0.877,""score"":5.531,""rms_ratio"":4.746,""diff_ratio"":6.446,""contact_probability"":0.00211876},{""index"":15,""time"":0.183,""score"":4.92,""rms_ratio"":4.148,""diff_ratio"":5.836,""contact_probability"":0.02077087},{""index"":16,""time"":1.122,""score"":4.807,""rms_ratio"":4.763,""diff_ratio"":4.851,""contact_probability"":0.02395511},{""index"":17,""time"":0.962,""score"":4.705,""rms_ratio"":5.231,""diff_ratio"":4.232,""contact_probability"":0.00141176},{""index"":18,""time"":0.83,""score"":4.7,""rms_ratio"":4.735,""diff_ratio"":4.665,""contact_probability"":0.00694215},{""index"":19,""time"":3.932,""score"":4.678,""rms_ratio"":4.262,""diff_ratio"":5.135,""contact_probability"":0.61271297},{""index"":20,""time"":0.278,""score"":4.635,""rms_ratio"":3.853,""diff_ratio"":5.576,""contact_probability"":0.20671346},{""index"":21,""time"":1.273,""score"":4.414,""rms_ratio"":3.484,""diff_ratio"":5.593,""contact_probability"":0.00238944},{""index"":22,""time"":1.01,""score"":4.19,""rms_ratio"":4.635,""diff_ratio"":3.788,""contact_probability"":0.00274723},{""index"":23,""time"":4.602,""score"":3.402,""rms_ratio"":3.186,""diff_ratio"":3.632,""contact_probability"":0.0049149},{""index"":24,""time"":4.665,""score"":3.285,""rms_ratio"":3.001,""diff_ratio"":3.597,""contact_probability"":0.00046554}]",best_candidate_below_threshold
990,F_1089,dataset/fly_ball/Codex_Workstation/F_1089,2.0,yes,1,2.027,0.99748308,7.701,0.7833643177503908,12,"[{""index"":1,""time"":2.027,""score"":7.701,""rms_ratio"":6.648,""diff_ratio"":8.921,""contact_probability"":0.99748308},{""index"":2,""time"":1.663,""score"":1.307,""rms_ratio"":1.482,""diff_ratio"":1.152,""contact_probability"":0.00152515},{""index"":3,""time"":1.592,""score"":1.296,""rms_ratio"":1.655,""diff_ratio"":1.015,""contact_probability"":0.00023204},{""index"":4,""time"":1.497,""score"":1.357,""rms_ratio"":1.579,""diff_ratio"":1.165,""contact_probability"":0.00026184},{""index"":5,""time"":1.433,""score"":1.633,""rms_ratio"":1.65,""diff_ratio"":1.616,""contact_probability"":0.0009861},{""index"":6,""time"":0.237,""score"":2.682,""rms_ratio"":1.379,""diff_ratio"":5.216,""contact_probability"":0.00503685},{""index"":7,""time"":1.082,""score"":2.223,""rms_ratio"":1.283,""diff_ratio"":3.85,""contact_probability"":0.01065632},{""index"":8,""time"":0.858,""score"":1.88,""rms_ratio"":1.854,""diff_ratio"":1.906,""contact_probability"":0.00925976},{""index"":9,""time"":0.387,""score"":1.761,""rms_ratio"":1.786,""diff_ratio"":1.736,""contact_probability"":0.00498372},{""index"":10,""time"":0.627,""score"":1.686,""rms_ratio"":1.687,""diff_ratio"":1.685,""contact_probability"":0.00291045},{""index"":11,""time"":1.192,""score"":1.565,""rms_ratio"":2.119,""diff_ratio"":1.155,""contact_probability"":0.0084504},{""index"":12,""time"":0.002,""score"":1.509,""rms_ratio"":1.127,""diff_ratio"":2.022,""contact_probability"":0.0015054}]",candidate_selected
989,F_1087,dataset/fly_ball/Codex_Workstation/F_1087,2.0,yes,1,2.037,0.95219711,5.294,0.7833643177503908,24,"[{""index"":1,""time"":2.037,""score"":5.294,""rms_ratio"":4.018,""diff_ratio"":6.974,""contact_probability"":0.95219711},{""index"":2,""time"":1.962,""score"":2.383,""rms_ratio"":3.204,""diff_ratio"":1.773,""contact_probability"":0.15349534},{""index"":3,""time"":2.118,""score"":1.789,""rms_ratio"":1.509,""diff_ratio"":2.121,""contact_probability"":0.00614415},{""index"":4,""time"":1.867,""score"":2.682,""rms_ratio"":1.469,""diff_ratio"":4.895,""contact_probability"":0.00119966},{""index"":5,""time"":2.213,""score"":2.408,""rms_ratio"":1.204,""diff_ratio"":4.817,""contact_probability"":0.03435111},{""index"":6,""time"":1.773,""score"":3.056,""rms_ratio"":1.568,""diff_ratio"":5.959,""contact_probability"":0.01143791},{""index"":7,""time"":2.267,""score"":2.397,""rms_ratio"":2.637,""diff_ratio"":2.179,""contact_probability"":0.06821126},{""index"":8,""time"":1.668,""score"":2.567,""rms_ratio"":2.234,""diff_ratio"":2.95,""contact_probability"":0.05356021},{""index"":9,""time"":2.342,""score"":3.289,""rms_ratio"":3.234,""diff_ratio"":3.345,""contact_probability"":0.21609928},{""index"":10,""time"":2.443,""score"":2.517,""rms_ratio"":1.995,""diff_ratio"":3.176,""contact_probability"":0.08974022},{""index"":11,""time"":1.497,""score"":1.903,""rms_ratio"":1.762,""diff_ratio"":2.056,""contact_probability"":0.00612917},{""index"":12,""time"":2.505,""score"":1.419,""rms_ratio"":1.18,""diff_ratio"":1.708,""contact_probability"":0.03329362},{""index"":13,""time"":1.442,""score"":2.455,""rms_ratio"":2.555,""diff_ratio"":2.359,""contact_probability"":0.01146729},{""index"":14,""time"":0.933,""score"":3.397,""rms_ratio"":2.794,""diff_ratio"":4.13,""contact_probability"":0.07728931},{""index"":15,""time"":1.342,""score"":3.23,""rms_ratio"":2.777,""diff_ratio"":3.756,""contact_probability"":0.0405056},{""index"":16,""time"":0.157,""score"":3.104,""rms_ratio"":1.497,""diff_ratio"":6.434,""contact_probability"":0.03522368},{""index"":17,""time"":0.678,""score"":2.996,""rms_ratio"":3.194,""diff_ratio"":2.811,""contact_probability"":0.16628016},{""index"":18,""time"":0.273,""score"":2.735,""rms_ratio"":2.24,""diff_ratio"":3.341,""contact_probability"":0.01729561},{""index"":19,""time"":1.013,""score"":2.682,""rms_ratio"":2.227,""diff_ratio"":3.229,""contact_probability"":0.10125522},{""index"":20,""time"":3.172,""score"":2.665,""rms_ratio"":2.598,""diff_ratio"":2.733,""contact_probability"":0.69417276},{""index"":21,""time"":0.398,""score"":2.565,""rms_ratio"":3.369,""diff_ratio"":1.953,""contact_probability"":0.11971129},{""index"":22,""time"":0.543,""score"":2.294,""rms_ratio"":1.983,""diff_ratio"":2.654,""contact_probability"":0.00676237},{""index"":23,""time"":0.767,""score"":2.052,""rms_ratio"":1.788,""diff_ratio"":2.354,""contact_probability"":0.0112722},{""index"":24,""time"":0.018,""score"":2.048,""rms_ratio"":2.542,""diff_ratio"":1.65,""contact_probability"":0.0641274}]",candidate_selected
988,F_1086,dataset/fly_ball/Codex_Workstation/F_1086,2.0,no,,,0.59570126,,0.7833643177503908,24,"[{""index"":1,""time"":2.027,""score"":13.766,""rms_ratio"":13.861,""diff_ratio"":13.673,""contact_probability"":0.1261194},{""index"":2,""time"":1.928,""score"":12.579,""rms_ratio"":10.7,""diff_ratio"":14.788,""contact_probability"":0.00743141},{""index"":3,""time"":1.857,""score"":15.556,""rms_ratio"":12.633,""diff_ratio"":19.155,""contact_probability"":0.00764108},{""index"":4,""time"":2.152,""score"":7.95,""rms_ratio"":7.473,""diff_ratio"":8.457,""contact_probability"":0.02943427},{""index"":5,""time"":1.803,""score"":9.05,""rms_ratio"":7.482,""diff_ratio"":10.948,""contact_probability"":0.01244286},{""index"":6,""time"":2.263,""score"":4.292,""rms_ratio"":1.596,""diff_ratio"":11.542,""contact_probability"":0.00020122},{""index"":7,""time"":2.328,""score"":11.942,""rms_ratio"":11.796,""diff_ratio"":12.089,""contact_probability"":0.36004176},{""index"":8,""time"":2.428,""score"":6.113,""rms_ratio"":2.435,""diff_ratio"":15.346,""contact_probability"":0.00197474},{""index"":9,""time"":2.507,""score"":8.098,""rms_ratio"":8.627,""diff_ratio"":7.602,""contact_probability"":0.14794353},{""index"":10,""time"":2.562,""score"":5.417,""rms_ratio"":6.027,""diff_ratio"":4.869,""contact_probability"":0.20825986},{""index"":11,""time"":1.403,""score"":1.78,""rms_ratio"":1.72,""diff_ratio"":1.842,""contact_probability"":0.06029447},{""index"":12,""time"":3.977,""score"":10.508,""rms_ratio"":9.285,""diff_ratio"":11.892,""contact_probability"":0.09047967},{""index"":13,""time"":3.882,""score"":5.507,""rms_ratio"":5.061,""diff_ratio"":5.991,""contact_probability"":0.00391039},{""index"":14,""time"":6.838,""score"":5.222,""rms_ratio"":6.074,""diff_ratio"":4.489,""contact_probability"":0.59570126},{""index"":15,""time"":4.273,""score"":5.091,""rms_ratio"":2.418,""diff_ratio"":10.719,""contact_probability"":0.00565537},{""index"":16,""time"":3.443,""score"":4.839,""rms_ratio"":4.349,""diff_ratio"":5.383,""contact_probability"":0.02868104},{""index"":17,""time"":2.602,""score"":4.105,""rms_ratio"":5.781,""diff_ratio"":2.915,""contact_probability"":0.05946961},{""index"":18,""time"":5.017,""score"":4.013,""rms_ratio"":4.781,""diff_ratio"":3.369,""contact_probability"":0.01405806},{""index"":19,""time"":3.537,""score"":3.983,""rms_ratio"":4.724,""diff_ratio"":3.358,""contact_probability"":0.02436827},{""index"":20,""time"":4.378,""score"":3.827,""rms_ratio"":5.025,""diff_ratio"":2.914,""contact_probability"":0.07739554},{""index"":21,""time"":0.102,""score"":3.615,""rms_ratio"":3.267,""diff_ratio"":4.001,""contact_probability"":0.05934941},{""index"":22,""time"":4.068,""score"":3.55,""rms_ratio"":4.248,""diff_ratio"":2.967,""contact_probability"":0.00546122},{""index"":23,""time"":3.662,""score"":3.487,""rms_ratio"":1.427,""diff_ratio"":8.52,""contact_probability"":0.0007741},{""index"":24,""time"":6.657,""score"":3.365,""rms_ratio"":3.936,""diff_ratio"":2.877,""contact_probability"":0.0031088}]",best_candidate_below_threshold
987,F_1085,dataset/fly_ball/Codex_Workstation/F_1085,2.0,no,,,0.04072774,,0.7833643177503908,19,"[{""index"":1,""time"":2.033,""score"":2.12,""rms_ratio"":1.931,""diff_ratio"":2.328,""contact_probability"":0.01329822},{""index"":2,""time"":1.938,""score"":2.267,""rms_ratio"":1.55,""diff_ratio"":3.317,""contact_probability"":0.00276895},{""index"":3,""time"":2.132,""score"":1.693,""rms_ratio"":1.556,""diff_ratio"":1.842,""contact_probability"":0.00585236},{""index"":4,""time"":1.798,""score"":1.68,""rms_ratio"":1.852,""diff_ratio"":1.524,""contact_probability"":0.00301728},{""index"":5,""time"":1.717,""score"":1.579,""rms_ratio"":1.162,""diff_ratio"":2.145,""contact_probability"":0.00037521},{""index"":6,""time"":2.352,""score"":1.739,""rms_ratio"":1.581,""diff_ratio"":1.914,""contact_probability"":1.204e-05},{""index"":7,""time"":1.643,""score"":1.282,""rms_ratio"":1.439,""diff_ratio"":1.142,""contact_probability"":0.00099318},{""index"":8,""time"":2.405,""score"":1.273,""rms_ratio"":1.12,""diff_ratio"":1.446,""contact_probability"":5.8e-07},{""index"":9,""time"":1.592,""score"":1.208,""rms_ratio"":1.46,""diff_ratio"":0.81,""contact_probability"":0.00116253},{""index"":10,""time"":2.447,""score"":1.364,""rms_ratio"":1.175,""diff_ratio"":1.583,""contact_probability"":0.02193266},{""index"":11,""time"":1.518,""score"":1.377,""rms_ratio"":1.041,""diff_ratio"":1.822,""contact_probability"":0.00046174},{""index"":12,""time"":1.408,""score"":1.285,""rms_ratio"":1.21,""diff_ratio"":1.364,""contact_probability"":0.00159925},{""index"":13,""time"":1.317,""score"":2.101,""rms_ratio"":1.931,""diff_ratio"":2.286,""contact_probability"":0.01206107},{""index"":14,""time"":1.048,""score"":1.857,""rms_ratio"":1.247,""diff_ratio"":2.767,""contact_probability"":0.00217227},{""index"":15,""time"":0.108,""score"":1.752,""rms_ratio"":1.629,""diff_ratio"":1.884,""contact_probability"":0.04072774},{""index"":16,""time"":0.327,""score"":1.72,""rms_ratio"":1.488,""diff_ratio"":1.989,""contact_probability"":0.00440241},{""index"":17,""time"":0.512,""score"":1.606,""rms_ratio"":2.005,""diff_ratio"":1.286,""contact_probability"":0.00323676},{""index"":18,""time"":0.647,""score"":1.57,""rms_ratio"":1.456,""diff_ratio"":1.693,""contact_probability"":0.00057434},{""index"":19,""time"":1.163,""score"":1.542,""rms_ratio"":1.52,""diff_ratio"":1.565,""contact_probability"":0.00143675}]",best_candidate_below_threshold
986,F_1084,dataset/fly_ball/Codex_Workstation/F_1084,2.0,no,,,0.00775893,,0.7833643177503908,24,"[{""index"":1,""time"":2.023,""score"":2.039,""rms_ratio"":2.357,""diff_ratio"":1.763,""contact_probability"":0.0056559},{""index"":2,""time"":1.942,""score"":1.872,""rms_ratio"":1.966,""diff_ratio"":1.783,""contact_probability"":0.00260562},{""index"":3,""time"":2.088,""score"":1.577,""rms_ratio"":1.476,""diff_ratio"":1.686,""contact_probability"":0.00046751},{""index"":4,""time"":2.148,""score"":1.965,""rms_ratio"":2.138,""diff_ratio"":1.805,""contact_probability"":0.00098371},{""index"":5,""time"":2.243,""score"":1.273,""rms_ratio"":1.292,""diff_ratio"":1.254,""contact_probability"":0.00010969},{""index"":6,""time"":2.303,""score"":1.693,""rms_ratio"":1.962,""diff_ratio"":1.461,""contact_probability"":0.00123026},{""index"":7,""time"":2.368,""score"":1.332,""rms_ratio"":1.625,""diff_ratio"":1.092,""contact_probability"":0.00014313},{""index"":8,""time"":2.432,""score"":1.487,""rms_ratio"":1.548,""diff_ratio"":1.428,""contact_probability"":0.00089246},{""index"":9,""time"":2.507,""score"":2.308,""rms_ratio"":2.005,""diff_ratio"":2.657,""contact_probability"":0.00283399},{""index"":10,""time"":2.582,""score"":1.655,""rms_ratio"":1.58,""diff_ratio"":1.733,""contact_probability"":0.00038638},{""index"":11,""time"":0.368,""score"":2.889,""rms_ratio"":1.905,""diff_ratio"":4.383,""contact_probability"":0.0029903},{""index"":12,""time"":2.757,""score"":2.457,""rms_ratio"":1.577,""diff_ratio"":3.828,""contact_probability"":0.00575341},{""index"":13,""time"":0.728,""score"":2.385,""rms_ratio"":1.903,""diff_ratio"":2.989,""contact_probability"":0.00141258},{""index"":14,""time"":0.007,""score"":2.051,""rms_ratio"":2.193,""diff_ratio"":1.918,""contact_probability"":0.00397404},{""index"":15,""time"":4.173,""score"":1.986,""rms_ratio"":1.837,""diff_ratio"":2.147,""contact_probability"":0.00184943},{""index"":16,""time"":4.613,""score"":1.959,""rms_ratio"":2.133,""diff_ratio"":1.799,""contact_probability"":0.00775893},{""index"":17,""time"":4.023,""score"":1.942,""rms_ratio"":1.668,""diff_ratio"":2.26,""contact_probability"":0.00161564},{""index"":18,""time"":0.452,""score"":1.893,""rms_ratio"":2.263,""diff_ratio"":1.583,""contact_probability"":0.0008871},{""index"":19,""time"":0.882,""score"":1.795,""rms_ratio"":1.569,""diff_ratio"":2.054,""contact_probability"":0.00029694},{""index"":20,""time"":4.267,""score"":1.781,""rms_ratio"":1.412,""diff_ratio"":2.247,""contact_probability"":0.00088584},{""index"":21,""time"":4.383,""score"":1.752,""rms_ratio"":1.894,""diff_ratio"":1.621,""contact_probability"":0.00234703},{""index"":22,""time"":0.132,""score"":1.749,""rms_ratio"":1.965,""diff_ratio"":1.556,""contact_probability"":0.00203633},{""index"":23,""time"":3.213,""score"":1.692,""rms_ratio"":1.992,""diff_ratio"":1.437,""contact_probability"":0.00064064},{""index"":24,""time"":3.027,""score"":1.685,""rms_ratio"":1.911,""diff_ratio"":1.485,""contact_probability"":0.0005676}]",best_candidate_below_threshold
985,F_1083,dataset/fly_ball/Codex_Workstation/F_1083,2.0,no,,,0.30947462,,0.7833643177503908,24,"[{""index"":1,""time"":2.033,""score"":6.76,""rms_ratio"":6.382,""diff_ratio"":7.16,""contact_probability"":0.30947462},{""index"":2,""time"":1.947,""score"":2.438,""rms_ratio"":1.851,""diff_ratio"":3.211,""contact_probability"":0.00048466},{""index"":3,""time"":2.102,""score"":5.782,""rms_ratio"":6.165,""diff_ratio"":5.423,""contact_probability"":0.27528506},{""index"":4,""time"":1.888,""score"":2.719,""rms_ratio"":1.639,""diff_ratio"":4.513,""contact_probability"":9.581e-05},{""index"":5,""time"":1.837,""score"":1.529,""rms_ratio"":1.171,""diff_ratio"":1.996,""contact_probability"":7.923e-05},{""index"":6,""time"":2.217,""score"":3.658,""rms_ratio"":3.206,""diff_ratio"":4.175,""contact_probability"":0.00299157},{""index"":7,""time"":1.783,""score"":1.186,""rms_ratio"":0.486,""diff_ratio"":1.406,""contact_probability"":0.00010027},{""index"":8,""time"":2.265,""score"":3.368,""rms_ratio"":3.893,""diff_ratio"":2.913,""contact_probability"":0.00192845},{""index"":9,""time"":2.31,""score"":2.997,""rms_ratio"":2.161,""diff_ratio"":4.157,""contact_probability"":0.00183096},{""index"":10,""time"":2.368,""score"":5.361,""rms_ratio"":2.04,""diff_ratio"":14.089,""contact_probability"":0.09158397},{""index"":11,""time"":2.457,""score"":2.162,""rms_ratio"":3.097,""diff_ratio"":1.509,""contact_probability"":0.00121401},{""index"":12,""time"":2.517,""score"":4.466,""rms_ratio"":5.677,""diff_ratio"":3.514,""contact_probability"":0.06363043},{""index"":13,""time"":2.568,""score"":2.535,""rms_ratio"":3.414,""diff_ratio"":1.882,""contact_probability"":0.03540138},{""index"":14,""time"":6.952,""score"":9.586,""rms_ratio"":5.638,""diff_ratio"":16.299,""contact_probability"":0.00585455},{""index"":15,""time"":6.597,""score"":7.376,""rms_ratio"":6.566,""diff_ratio"":8.285,""contact_probability"":0.0044524},{""index"":16,""time"":6.457,""score"":7.213,""rms_ratio"":6.135,""diff_ratio"":8.479,""contact_probability"":0.01808658},{""index"":17,""time"":6.867,""score"":6.338,""rms_ratio"":6.548,""diff_ratio"":6.136,""contact_probability"":3.752e-05},{""index"":18,""time"":6.682,""score"":4.291,""rms_ratio"":4.552,""diff_ratio"":4.045,""contact_probability"":0.00035386},{""index"":19,""time"":3.412,""score"":3.722,""rms_ratio"":4.501,""diff_ratio"":3.077,""contact_probability"":0.0155299},{""index"":20,""time"":3.902,""score"":3.598,""rms_ratio"":4.028,""diff_ratio"":3.214,""contact_probability"":0.22938453},{""index"":21,""time"":3.503,""score"":3.512,""rms_ratio"":4.33,""diff_ratio"":2.849,""contact_probability"":0.00798539},{""index"":22,""time"":4.698,""score"":3.346,""rms_ratio"":3.518,""diff_ratio"":3.181,""contact_probability"":0.01903792},{""index"":23,""time"":3.733,""score"":3.236,""rms_ratio"":4.178,""diff_ratio"":2.506,""contact_probability"":0.00811912},{""index"":24,""time"":6.767,""score"":2.902,""rms_ratio"":4.658,""diff_ratio"":1.808,""contact_probability"":8.338e-05}]",best_candidate_below_threshold
984,F_1082,dataset/fly_ball/Codex_Workstation/F_1082,2.0,yes,10,1.212,0.89858931,5.076,0.7833643177503908,15,"[{""index"":1,""time"":1.977,""score"":4.155,""rms_ratio"":4.393,""diff_ratio"":3.929,""contact_probability"":2.24e-06},{""index"":2,""time"":2.03,""score"":3.717,""rms_ratio"":3.943,""diff_ratio"":3.505,""contact_probability"":2.3e-07},{""index"":3,""time"":2.068,""score"":4.007,""rms_ratio"":4.368,""diff_ratio"":3.675,""contact_probability"":4e-08},{""index"":4,""time"":1.923,""score"":2.765,""rms_ratio"":2.804,""diff_ratio"":2.727,""contact_probability"":2.208e-05},{""index"":5,""time"":2.115,""score"":3.319,""rms_ratio"":3.334,""diff_ratio"":3.304,""contact_probability"":0.00688968},{""index"":6,""time"":1.862,""score"":3.609,""rms_ratio"":3.823,""diff_ratio"":3.407,""contact_probability"":0.0004056},{""index"":7,""time"":1.783,""score"":3.614,""rms_ratio"":3.785,""diff_ratio"":3.451,""contact_probability"":0.00145662},{""index"":8,""time"":1.722,""score"":1.445,""rms_ratio"":1.209,""diff_ratio"":1.728,""contact_probability"":7.944e-05},{""index"":9,""time"":1.433,""score"":2.261,""rms_ratio"":1.877,""diff_ratio"":2.723,""contact_probability"":0.06893233},{""index"":10,""time"":1.212,""score"":5.076,""rms_ratio"":3.247,""diff_ratio"":7.935,""contact_probability"":0.89858931},{""index"":11,""time"":0.592,""score"":2.561,""rms_ratio"":2.5,""diff_ratio"":2.625,""contact_probability"":0.00826821},{""index"":12,""time"":1.332,""score"":2.422,""rms_ratio"":2.171,""diff_ratio"":2.703,""contact_probability"":0.06993908},{""index"":13,""time"":0.665,""score"":2.388,""rms_ratio"":2.34,""diff_ratio"":2.437,""contact_probability"":0.02838852},{""index"":14,""time"":0.138,""score"":2.225,""rms_ratio"":2.547,""diff_ratio"":1.944,""contact_probability"":0.17423767},{""index"":15,""time"":0.398,""score"":1.899,""rms_ratio"":2.254,""diff_ratio"":1.599,""contact_probability"":0.00514537}]",candidate_selected
983,F_1080,dataset/fly_ball/Codex_Workstation/F_1080,2.0,no,,,0.28774964,,0.7833643177503908,24,"[{""index"":1,""time"":1.977,""score"":2.806,""rms_ratio"":2.728,""diff_ratio"":2.886,""contact_probability"":0.00055073},{""index"":2,""time"":2.025,""score"":2.316,""rms_ratio"":2.694,""diff_ratio"":1.991,""contact_probability"":0.00021285},{""index"":3,""time"":2.128,""score"":1.696,""rms_ratio"":2.141,""diff_ratio"":1.344,""contact_probability"":0.0001372},{""index"":4,""time"":1.822,""score"":1.443,""rms_ratio"":2.082,""diff_ratio"":0.918,""contact_probability"":0.00020433},{""index"":5,""time"":2.182,""score"":1.662,""rms_ratio"":1.856,""diff_ratio"":1.488,""contact_probability"":0.00021504},{""index"":6,""time"":2.237,""score"":2.6,""rms_ratio"":1.559,""diff_ratio"":4.334,""contact_probability"":0.04036773},{""index"":7,""time"":2.303,""score"":1.56,""rms_ratio"":0.907,""diff_ratio"":2.433,""contact_probability"":0.00125403},{""index"":8,""time"":1.638,""score"":2.347,""rms_ratio"":2.291,""diff_ratio"":2.405,""contact_probability"":0.00404202},{""index"":9,""time"":1.582,""score"":1.624,""rms_ratio"":2.416,""diff_ratio"":1.092,""contact_probability"":0.00060551},{""index"":10,""time"":2.443,""score"":1.537,""rms_ratio"":0.852,""diff_ratio"":2.362,""contact_probability"":0.0041363},{""index"":11,""time"":2.553,""score"":2.304,""rms_ratio"":2.2,""diff_ratio"":2.412,""contact_probability"":0.01771775},{""index"":12,""time"":1.403,""score"":2.778,""rms_ratio"":2.635,""diff_ratio"":2.929,""contact_probability"":0.00108538},{""index"":13,""time"":1.342,""score"":2.831,""rms_ratio"":2.682,""diff_ratio"":2.988,""contact_probability"":0.00103742},{""index"":14,""time"":2.983,""score"":2.704,""rms_ratio"":2.174,""diff_ratio"":3.363,""contact_probability"":0.00082232},{""index"":15,""time"":0.072,""score"":2.606,""rms_ratio"":2.375,""diff_ratio"":2.859,""contact_probability"":0.01810142},{""index"":16,""time"":0.642,""score"":2.559,""rms_ratio"":2.49,""diff_ratio"":2.63,""contact_probability"":0.00524113},{""index"":17,""time"":3.872,""score"":2.464,""rms_ratio"":2.348,""diff_ratio"":2.587,""contact_probability"":0.28774964},{""index"":18,""time"":3.562,""score"":2.405,""rms_ratio"":2.256,""diff_ratio"":2.563,""contact_probability"":0.03585324},{""index"":19,""time"":3.213,""score"":2.329,""rms_ratio"":2.25,""diff_ratio"":2.412,""contact_probability"":0.00198863},{""index"":20,""time"":0.308,""score"":2.254,""rms_ratio"":2.01,""diff_ratio"":2.528,""contact_probability"":0.00535444},{""index"":21,""time"":2.892,""score"":2.233,""rms_ratio"":2.945,""diff_ratio"":1.694,""contact_probability"":0.00446256},{""index"":22,""time"":0.897,""score"":2.167,""rms_ratio"":2.238,""diff_ratio"":2.097,""contact_probability"":0.00402611},{""index"":23,""time"":0.543,""score"":2.022,""rms_ratio"":1.18,""diff_ratio"":3.465,""contact_probability"":0.01645262},{""index"":24,""time"":3.398,""score"":2.01,""rms_ratio"":1.982,""diff_ratio"":2.038,""contact_probability"":0.00167904}]",best_candidate_below_threshold
982,F_1079,dataset/fly_ball/Codex_Workstation/F_1079,2.0,no,,,0.01712219,,0.7833643177503908,15,"[{""index"":1,""time"":1.985,""score"":1.375,""rms_ratio"":1.736,""diff_ratio"":1.089,""contact_probability"":0.00060079},{""index"":2,""time"":2.027,""score"":1.556,""rms_ratio"":2.005,""diff_ratio"":1.207,""contact_probability"":0.00069329},{""index"":3,""time"":1.928,""score"":1.584,""rms_ratio"":2.068,""diff_ratio"":1.213,""contact_probability"":0.00734093},{""index"":4,""time"":2.078,""score"":1.51,""rms_ratio"":1.651,""diff_ratio"":1.381,""contact_probability"":0.00035649},{""index"":5,""time"":2.142,""score"":1.392,""rms_ratio"":1.617,""diff_ratio"":1.198,""contact_probability"":0.00064064},{""index"":6,""time"":1.842,""score"":1.451,""rms_ratio"":1.599,""diff_ratio"":1.317,""contact_probability"":0.00309534},{""index"":7,""time"":2.197,""score"":1.223,""rms_ratio"":1.346,""diff_ratio"":1.111,""contact_probability"":0.00035249},{""index"":8,""time"":2.303,""score"":2.388,""rms_ratio"":1.239,""diff_ratio"":4.602,""contact_probability"":0.01332744},{""index"":9,""time"":2.35,""score"":1.539,""rms_ratio"":1.63,""diff_ratio"":1.453,""contact_probability"":0.004278},{""index"":10,""time"":1.648,""score"":1.865,""rms_ratio"":1.494,""diff_ratio"":2.328,""contact_probability"":0.00226695},{""index"":11,""time"":1.61,""score"":1.696,""rms_ratio"":1.49,""diff_ratio"":1.931,""contact_probability"":0.00198201},{""index"":12,""time"":2.432,""score"":1.79,""rms_ratio"":1.642,""diff_ratio"":1.952,""contact_probability"":0.0023985},{""index"":13,""time"":1.538,""score"":1.618,""rms_ratio"":1.984,""diff_ratio"":1.32,""contact_probability"":0.01034763},{""index"":14,""time"":2.588,""score"":1.582,""rms_ratio"":1.442,""diff_ratio"":1.735,""contact_probability"":4.766e-05},{""index"":15,""time"":2.713,""score"":1.834,""rms_ratio"":1.55,""diff_ratio"":2.17,""contact_probability"":0.01712219}]",best_candidate_below_threshold
981,F_1078,dataset/fly_ball/Codex_Workstation/F_1078,2.0,yes,16,2.862,0.86050516,4.34,0.7833643177503908,24,"[{""index"":1,""time"":2.027,""score"":3.821,""rms_ratio"":4.326,""diff_ratio"":3.374,""contact_probability"":0.1906304},{""index"":2,""time"":1.967,""score"":2.309,""rms_ratio"":0.94,""diff_ratio"":5.331,""contact_probability"":0.03678814},{""index"":3,""time"":2.082,""score"":3.065,""rms_ratio"":2.881,""diff_ratio"":3.261,""contact_probability"":0.38295221},{""index"":4,""time"":1.857,""score"":3.928,""rms_ratio"":3.44,""diff_ratio"":4.484,""contact_probability"":0.0168966},{""index"":5,""time"":2.193,""score"":1.203,""rms_ratio"":0.511,""diff_ratio"":1.448,""contact_probability"":1.345e-05},{""index"":6,""time"":1.798,""score"":5.172,""rms_ratio"":4.05,""diff_ratio"":6.605,""contact_probability"":0.07692677},{""index"":7,""time"":1.702,""score"":2.089,""rms_ratio"":2.658,""diff_ratio"":1.643,""contact_probability"":0.00180002},{""index"":8,""time"":1.607,""score"":3.653,""rms_ratio"":3.613,""diff_ratio"":3.692,""contact_probability"":0.01574349},{""index"":9,""time"":2.428,""score"":3.946,""rms_ratio"":3.98,""diff_ratio"":3.912,""contact_probability"":0.02241492},{""index"":10,""time"":2.485,""score"":1.804,""rms_ratio"":2.66,""diff_ratio"":1.224,""contact_probability"":0.00549534},{""index"":11,""time"":2.533,""score"":3.59,""rms_ratio"":3.565,""diff_ratio"":3.616,""contact_probability"":0.0280084},{""index"":12,""time"":1.462,""score"":2.263,""rms_ratio"":2.446,""diff_ratio"":2.093,""contact_probability"":0.00301587},{""index"":13,""time"":1.408,""score"":2.681,""rms_ratio"":2.71,""diff_ratio"":2.652,""contact_probability"":0.00338081},{""index"":14,""time"":0.873,""score"":5.158,""rms_ratio"":1.916,""diff_ratio"":13.884,""contact_probability"":0.00889721},{""index"":15,""time"":0.983,""score"":4.427,""rms_ratio"":4.105,""diff_ratio"":4.774,""contact_probability"":0.0298943},{""index"":16,""time"":2.862,""score"":4.34,""rms_ratio"":4.306,""diff_ratio"":4.374,""contact_probability"":0.86050516},{""index"":17,""time"":0.652,""score"":3.605,""rms_ratio"":3.7,""diff_ratio"":3.513,""contact_probability"":0.05791303},{""index"":18,""time"":1.067,""score"":3.154,""rms_ratio"":2.755,""diff_ratio"":3.611,""contact_probability"":0.01261015},{""index"":19,""time"":2.642,""score"":3.137,""rms_ratio"":3.323,""diff_ratio"":2.961,""contact_probability"":0.02686318},{""index"":20,""time"":0.757,""score"":3.076,""rms_ratio"":4.098,""diff_ratio"":2.309,""contact_probability"":0.0204691},{""index"":21,""time"":1.293,""score"":2.68,""rms_ratio"":2.945,""diff_ratio"":2.439,""contact_probability"":0.0265576},{""index"":22,""time"":2.753,""score"":2.56,""rms_ratio"":3.158,""diff_ratio"":2.075,""contact_probability"":0.01597764},{""index"":23,""time"":1.115,""score"":2.429,""rms_ratio"":2.29,""diff_ratio"":2.577,""contact_probability"":0.02118346},{""index"":24,""time"":1.212,""score"":1.964,""rms_ratio"":1.042,""diff_ratio"":3.699,""contact_probability"":0.00039406}]",candidate_selected
980,F_1077,dataset/fly_ball/Codex_Workstation/F_1077,0.34,no,,,0.27930406,,0.7833643177503908,24,"[{""index"":1,""time"":0.368,""score"":3.996,""rms_ratio"":3.883,""diff_ratio"":4.112,""contact_probability"":0.07934828},{""index"":2,""time"":0.423,""score"":2.671,""rms_ratio"":2.332,""diff_ratio"":3.06,""contact_probability"":0.01063756},{""index"":3,""time"":0.477,""score"":1.653,""rms_ratio"":1.935,""diff_ratio"":1.413,""contact_probability"":0.00339652},{""index"":4,""time"":0.558,""score"":2.701,""rms_ratio"":2.069,""diff_ratio"":3.526,""contact_probability"":0.02201855},{""index"":5,""time"":0.613,""score"":1.175,""rms_ratio"":1.38,""diff_ratio"":0.586,""contact_probability"":0.00865302},{""index"":6,""time"":4.847,""score"":5.969,""rms_ratio"":3.347,""diff_ratio"":10.647,""contact_probability"":0.01856706},{""index"":7,""time"":6.508,""score"":4.749,""rms_ratio"":3.104,""diff_ratio"":7.264,""contact_probability"":0.02974722},{""index"":8,""time"":6.938,""score"":4.435,""rms_ratio"":3.618,""diff_ratio"":5.437,""contact_probability"":4.56e-06},{""index"":9,""time"":5.427,""score"":4.42,""rms_ratio"":4.69,""diff_ratio"":4.165,""contact_probability"":0.26487473},{""index"":10,""time"":5.343,""score"":4.374,""rms_ratio"":2.617,""diff_ratio"":7.311,""contact_probability"":0.12214167},{""index"":11,""time"":1.242,""score"":4.149,""rms_ratio"":4.228,""diff_ratio"":4.07,""contact_probability"":0.18217288},{""index"":12,""time"":2.967,""score"":4.023,""rms_ratio"":3.591,""diff_ratio"":4.508,""contact_probability"":0.04481102},{""index"":13,""time"":6.097,""score"":3.858,""rms_ratio"":3.709,""diff_ratio"":4.013,""contact_probability"":0.07978001},{""index"":14,""time"":2.382,""score"":3.748,""rms_ratio"":2.564,""diff_ratio"":5.48,""contact_probability"":0.09166506},{""index"":15,""time"":3.243,""score"":3.603,""rms_ratio"":3.046,""diff_ratio"":4.262,""contact_probability"":0.01405778},{""index"":16,""time"":1.857,""score"":3.574,""rms_ratio"":3.455,""diff_ratio"":3.698,""contact_probability"":0.0425521},{""index"":17,""time"":2.062,""score"":3.567,""rms_ratio"":2.363,""diff_ratio"":5.385,""contact_probability"":0.15077771},{""index"":18,""time"":6.593,""score"":3.56,""rms_ratio"":3.508,""diff_ratio"":3.612,""contact_probability"":0.00563286},{""index"":19,""time"":1.413,""score"":3.48,""rms_ratio"":1.157,""diff_ratio"":10.464,""contact_probability"":0.05778214},{""index"":20,""time"":2.658,""score"":3.366,""rms_ratio"":2.52,""diff_ratio"":4.495,""contact_probability"":0.06091351},{""index"":21,""time"":3.905,""score"":3.291,""rms_ratio"":2.84,""diff_ratio"":3.813,""contact_probability"":0.02421046},{""index"":22,""time"":4.968,""score"":3.285,""rms_ratio"":4.188,""diff_ratio"":2.577,""contact_probability"":0.27930406},{""index"":23,""time"":2.273,""score"":3.185,""rms_ratio"":1.226,""diff_ratio"":8.274,""contact_probability"":0.09028054},{""index"":24,""time"":6.782,""score"":3.181,""rms_ratio"":2.703,""diff_ratio"":3.743,""contact_probability"":0.00135406}]",best_candidate_below_threshold
979,F_1076,dataset/fly_ball/Codex_Workstation/F_1076,2.0,no,,,0.13942451,,0.7833643177503908,24,"[{""index"":1,""time"":2.033,""score"":2.4,""rms_ratio"":4.461,""diff_ratio"":1.291,""contact_probability"":0.09296498},{""index"":2,""time"":2.112,""score"":1.66,""rms_ratio"":2.188,""diff_ratio"":1.26,""contact_probability"":0.02843363},{""index"":3,""time"":1.832,""score"":2.548,""rms_ratio"":2.128,""diff_ratio"":3.051,""contact_probability"":0.01708904},{""index"":4,""time"":2.172,""score"":1.869,""rms_ratio"":2.204,""diff_ratio"":1.585,""contact_probability"":0.00164594},{""index"":5,""time"":2.283,""score"":2.137,""rms_ratio"":1.856,""diff_ratio"":2.46,""contact_probability"":0.00519935},{""index"":6,""time"":1.707,""score"":1.933,""rms_ratio"":1.745,""diff_ratio"":2.141,""contact_probability"":0.00114237},{""index"":7,""time"":1.648,""score"":2.258,""rms_ratio"":1.881,""diff_ratio"":2.711,""contact_probability"":0.00177946},{""index"":8,""time"":2.378,""score"":3.368,""rms_ratio"":1.875,""diff_ratio"":6.048,""contact_probability"":0.03567231},{""index"":9,""time"":1.582,""score"":2.288,""rms_ratio"":1.877,""diff_ratio"":2.789,""contact_probability"":0.00189959},{""index"":10,""time"":2.487,""score"":2.098,""rms_ratio"":3.178,""diff_ratio"":1.384,""contact_probability"":0.01787214},{""index"":11,""time"":1.472,""score"":3.951,""rms_ratio"":1.988,""diff_ratio"":7.85,""contact_probability"":0.13603114},{""index"":12,""time"":2.588,""score"":1.926,""rms_ratio"":2.517,""diff_ratio"":1.474,""contact_probability"":0.00047652},{""index"":13,""time"":1.327,""score"":2.822,""rms_ratio"":2.558,""diff_ratio"":3.112,""contact_probability"":0.02435305},{""index"":14,""time"":0.363,""score"":2.323,""rms_ratio"":1.377,""diff_ratio"":3.921,""contact_probability"":0.13942451},{""index"":15,""time"":1.148,""score"":2.253,""rms_ratio"":2.08,""diff_ratio"":2.44,""contact_probability"":0.0053273},{""index"":16,""time"":0.043,""score"":2.182,""rms_ratio"":2.056,""diff_ratio"":2.315,""contact_probability"":0.01520416},{""index"":17,""time"":5.113,""score"":2.157,""rms_ratio"":2.287,""diff_ratio"":2.034,""contact_probability"":1.3e-07},{""index"":18,""time"":4.512,""score"":2.145,""rms_ratio"":2.115,""diff_ratio"":2.176,""contact_probability"":0.00063003},{""index"":19,""time"":4.787,""score"":2.084,""rms_ratio"":1.854,""diff_ratio"":2.342,""contact_probability"":0.00019963},{""index"":20,""time"":2.828,""score"":2.077,""rms_ratio"":3.11,""diff_ratio"":1.387,""contact_probability"":0.03535418},{""index"":21,""time"":4.957,""score"":2.011,""rms_ratio"":1.948,""diff_ratio"":2.075,""contact_probability"":4.652e-05},{""index"":22,""time"":2.668,""score"":1.959,""rms_ratio"":2.459,""diff_ratio"":1.561,""contact_probability"":0.0008408},{""index"":23,""time"":0.147,""score"":1.914,""rms_ratio"":1.767,""diff_ratio"":2.074,""contact_probability"":0.00702123},{""index"":24,""time"":1.235,""score"":1.819,""rms_ratio"":1.651,""diff_ratio"":2.004,""contact_probability"":0.00437498}]",best_candidate_below_threshold
978,F_1074,dataset/fly_ball/Codex_Workstation/F_1074,2.0,yes,1,2.017,0.99999984,54.881,0.7833643177503908,16,"[{""index"":1,""time"":2.017,""score"":54.881,""rms_ratio"":18.817,""diff_ratio"":160.063,""contact_probability"":0.99999984},{""index"":2,""time"":2.108,""score"":1.918,""rms_ratio"":0.697,""diff_ratio"":3.679,""contact_probability"":0.00029634},{""index"":3,""time"":2.257,""score"":1.251,""rms_ratio"":1.194,""diff_ratio"":1.309,""contact_probability"":1.826e-05},{""index"":4,""time"":2.295,""score"":1.164,""rms_ratio"":0.933,""diff_ratio"":1.356,""contact_probability"":0.00123807},{""index"":5,""time"":2.348,""score"":1.162,""rms_ratio"":1.099,""diff_ratio"":1.229,""contact_probability"":5.323e-05},{""index"":6,""time"":0.783,""score"":5.841,""rms_ratio"":4.721,""diff_ratio"":7.228,""contact_probability"":0.02849851},{""index"":7,""time"":0.902,""score"":5.539,""rms_ratio"":4.295,""diff_ratio"":7.142,""contact_probability"":0.03258653},{""index"":8,""time"":0.567,""score"":4.767,""rms_ratio"":4.671,""diff_ratio"":4.865,""contact_probability"":0.11041577},{""index"":9,""time"":0.052,""score"":3.476,""rms_ratio"":2.947,""diff_ratio"":4.099,""contact_probability"":0.18012323},{""index"":10,""time"":1.038,""score"":3.081,""rms_ratio"":1.481,""diff_ratio"":6.413,""contact_probability"":0.00758472},{""index"":11,""time"":0.403,""score"":3.026,""rms_ratio"":3.018,""diff_ratio"":3.035,""contact_probability"":0.01306057},{""index"":12,""time"":0.183,""score"":2.991,""rms_ratio"":1.96,""diff_ratio"":4.563,""contact_probability"":0.01072524},{""index"":13,""time"":0.268,""score"":2.322,""rms_ratio"":1.699,""diff_ratio"":3.172,""contact_probability"":0.01270813},{""index"":14,""time"":1.105,""score"":1.808,""rms_ratio"":2.091,""diff_ratio"":1.564,""contact_probability"":0.01206614},{""index"":15,""time"":0.455,""score"":1.747,""rms_ratio"":1.179,""diff_ratio"":2.587,""contact_probability"":0.0021477},{""index"":16,""time"":1.232,""score"":1.667,""rms_ratio"":2.15,""diff_ratio"":1.292,""contact_probability"":0.00561218}]",candidate_selected
977,F_1073,dataset/fly_ball/Codex_Workstation/F_1073,2.0,no,,,0.25762513,,0.7833643177503908,24,"[{""index"":1,""time"":2.033,""score"":2.535,""rms_ratio"":2.627,""diff_ratio"":2.446,""contact_probability"":0.02364042},{""index"":2,""time"":2.108,""score"":1.416,""rms_ratio"":1.509,""diff_ratio"":1.329,""contact_probability"":0.00053783},{""index"":3,""time"":1.832,""score"":1.526,""rms_ratio"":1.655,""diff_ratio"":1.407,""contact_probability"":0.00015833},{""index"":4,""time"":2.172,""score"":1.65,""rms_ratio"":1.499,""diff_ratio"":1.815,""contact_probability"":0.00143997},{""index"":5,""time"":1.778,""score"":1.538,""rms_ratio"":1.834,""diff_ratio"":1.29,""contact_probability"":7.897e-05},{""index"":6,""time"":2.267,""score"":1.819,""rms_ratio"":0.835,""diff_ratio"":3.31,""contact_probability"":0.00205264},{""index"":7,""time"":2.318,""score"":1.739,""rms_ratio"":0.797,""diff_ratio"":3.025,""contact_probability"":0.00268693},{""index"":8,""time"":1.668,""score"":1.41,""rms_ratio"":1.675,""diff_ratio"":1.187,""contact_probability"":0.00014948},{""index"":9,""time"":1.625,""score"":1.434,""rms_ratio"":1.825,""diff_ratio"":1.127,""contact_probability"":0.00034938},{""index"":10,""time"":1.587,""score"":1.598,""rms_ratio"":2.192,""diff_ratio"":1.166,""contact_probability"":0.00073872},{""index"":11,""time"":2.418,""score"":2.328,""rms_ratio"":2.165,""diff_ratio"":2.504,""contact_probability"":0.00446095},{""index"":12,""time"":2.507,""score"":1.547,""rms_ratio"":1.348,""diff_ratio"":1.776,""contact_probability"":0.00039237},{""index"":13,""time"":1.425,""score"":1.204,""rms_ratio"":1.449,""diff_ratio"":0.797,""contact_probability"":0.00353118},{""index"":14,""time"":2.588,""score"":1.446,""rms_ratio"":1.429,""diff_ratio"":1.464,""contact_probability"":0.00015639},{""index"":15,""time"":0.087,""score"":2.395,""rms_ratio"":1.0,""diff_ratio"":5.736,""contact_probability"":0.25762513},{""index"":16,""time"":1.268,""score"":2.319,""rms_ratio"":1.213,""diff_ratio"":4.432,""contact_probability"":0.04586176},{""index"":17,""time"":0.172,""score"":2.292,""rms_ratio"":1.067,""diff_ratio"":4.925,""contact_probability"":0.11810366},{""index"":18,""time"":4.003,""score"":2.277,""rms_ratio"":1.239,""diff_ratio"":4.184,""contact_probability"":0.01149408},{""index"":19,""time"":3.418,""score"":2.158,""rms_ratio"":1.079,""diff_ratio"":4.314,""contact_probability"":0.23612998},{""index"":20,""time"":4.912,""score"":2.119,""rms_ratio"":2.482,""diff_ratio"":1.809,""contact_probability"":2.97e-06},{""index"":21,""time"":3.737,""score"":1.946,""rms_ratio"":2.345,""diff_ratio"":1.615,""contact_probability"":0.04144413},{""index"":22,""time"":3.93,""score"":1.924,""rms_ratio"":1.043,""diff_ratio"":3.549,""contact_probability"":0.00296641},{""index"":23,""time"":3.277,""score"":1.787,""rms_ratio"":2.01,""diff_ratio"":1.588,""contact_probability"":0.0083843},{""index"":24,""time"":0.357,""score"":1.77,""rms_ratio"":1.672,""diff_ratio"":1.873,""contact_probability"":0.03504983}]",best_candidate_below_threshold
976,F_1072,dataset/fly_ball/Codex_Workstation/F_1072,2.0,no,,,0.51471031,,0.7833643177503908,24,"[{""index"":1,""time"":2.013,""score"":1.87,""rms_ratio"":2.597,""diff_ratio"":1.347,""contact_probability"":0.05765269},{""index"":2,""time"":2.128,""score"":1.451,""rms_ratio"":1.756,""diff_ratio"":1.199,""contact_probability"":0.00125347},{""index"":3,""time"":1.857,""score"":3.349,""rms_ratio"":1.634,""diff_ratio"":6.866,""contact_probability"":0.02520406},{""index"":4,""time"":1.803,""score"":1.162,""rms_ratio"":1.282,""diff_ratio"":1.053,""contact_probability"":0.00018339},{""index"":5,""time"":2.213,""score"":1.199,""rms_ratio"":1.438,""diff_ratio"":0.827,""contact_probability"":0.000391},{""index"":6,""time"":2.283,""score"":1.354,""rms_ratio"":1.513,""diff_ratio"":1.211,""contact_probability"":0.00184399},{""index"":7,""time"":1.707,""score"":2.09,""rms_ratio"":2.32,""diff_ratio"":1.882,""contact_probability"":0.04904158},{""index"":8,""time"":2.352,""score"":2.054,""rms_ratio"":2.279,""diff_ratio"":1.851,""contact_probability"":0.0130369},{""index"":9,""time"":2.422,""score"":1.261,""rms_ratio"":1.123,""diff_ratio"":1.415,""contact_probability"":0.00207337},{""index"":10,""time"":2.517,""score"":1.376,""rms_ratio"":1.329,""diff_ratio"":1.425,""contact_probability"":0.00234909},{""index"":11,""time"":2.582,""score"":1.276,""rms_ratio"":0.743,""diff_ratio"":1.628,""contact_probability"":0.00016797},{""index"":12,""time"":0.153,""score"":2.702,""rms_ratio"":1.544,""diff_ratio"":4.728,""contact_probability"":0.11454118},{""index"":13,""time"":3.227,""score"":2.686,""rms_ratio"":1.46,""diff_ratio"":4.944,""contact_probability"":0.01985961},{""index"":14,""time"":0.442,""score"":2.385,""rms_ratio"":1.864,""diff_ratio"":3.051,""contact_probability"":0.03228656},{""index"":15,""time"":2.648,""score"":2.126,""rms_ratio"":1.594,""diff_ratio"":2.836,""contact_probability"":0.00895216},{""index"":16,""time"":0.673,""score"":2.064,""rms_ratio"":1.124,""diff_ratio"":3.787,""contact_probability"":0.00082972},{""index"":17,""time"":0.237,""score"":2.059,""rms_ratio"":1.595,""diff_ratio"":2.658,""contact_probability"":0.0172781},{""index"":18,""time"":0.772,""score"":2.046,""rms_ratio"":2.013,""diff_ratio"":2.08,""contact_probability"":0.01517218},{""index"":19,""time"":2.973,""score"":1.886,""rms_ratio"":1.639,""diff_ratio"":2.169,""contact_probability"":0.05229844},{""index"":20,""time"":3.372,""score"":1.823,""rms_ratio"":2.199,""diff_ratio"":1.511,""contact_probability"":0.11328014},{""index"":21,""time"":0.562,""score"":1.801,""rms_ratio"":1.589,""diff_ratio"":2.042,""contact_probability"":0.01107174},{""index"":22,""time"":0.933,""score"":1.789,""rms_ratio"":1.938,""diff_ratio"":1.651,""contact_probability"":0.00193599},{""index"":23,""time"":3.098,""score"":1.724,""rms_ratio"":1.572,""diff_ratio"":1.892,""contact_probability"":0.03100754},{""index"":24,""time"":0.085,""score"":1.665,""rms_ratio"":1.168,""diff_ratio"":2.374,""contact_probability"":0.51471031}]",best_candidate_below_threshold
975,F_1071,dataset/fly_ball/Codex_Workstation/F_1071,2.0,yes,1,2.003,0.99998158,11.608,0.7833643177503908,24,"[{""index"":1,""time"":2.003,""score"":11.608,""rms_ratio"":7.864,""diff_ratio"":17.134,""contact_probability"":0.99998158},{""index"":2,""time"":2.078,""score"":1.237,""rms_ratio"":0.807,""diff_ratio"":1.53,""contact_probability"":0.00134591},{""index"":3,""time"":1.878,""score"":1.18,""rms_ratio"":0.911,""diff_ratio"":1.392,""contact_probability"":0.00012451},{""index"":4,""time"":2.473,""score"":1.185,""rms_ratio"":0.925,""diff_ratio"":1.405,""contact_probability"":0.0006199},{""index"":5,""time"":4.568,""score"":3.995,""rms_ratio"":2.402,""diff_ratio"":6.646,""contact_probability"":0.00265703},{""index"":6,""time"":5.448,""score"":3.858,""rms_ratio"":4.12,""diff_ratio"":3.613,""contact_probability"":0.03376139},{""index"":7,""time"":4.952,""score"":3.81,""rms_ratio"":4.209,""diff_ratio"":3.449,""contact_probability"":0.07073674},{""index"":8,""time"":5.173,""score"":3.694,""rms_ratio"":1.85,""diff_ratio"":7.376,""contact_probability"":0.03170394},{""index"":9,""time"":4.062,""score"":3.682,""rms_ratio"":3.451,""diff_ratio"":3.928,""contact_probability"":0.02984465},{""index"":10,""time"":4.262,""score"":3.634,""rms_ratio"":3.86,""diff_ratio"":3.422,""contact_probability"":0.00847809},{""index"":11,""time"":3.743,""score"":3.564,""rms_ratio"":3.647,""diff_ratio"":3.482,""contact_probability"":0.00368659},{""index"":12,""time"":3.858,""score"":3.413,""rms_ratio"":4.629,""diff_ratio"":2.517,""contact_probability"":0.08557491},{""index"":13,""time"":4.653,""score"":3.348,""rms_ratio"":4.612,""diff_ratio"":2.43,""contact_probability"":0.12946919},{""index"":14,""time"":3.287,""score"":3.346,""rms_ratio"":4.789,""diff_ratio"":2.338,""contact_probability"":0.03906607},{""index"":15,""time"":3.553,""score"":3.062,""rms_ratio"":4.305,""diff_ratio"":2.177,""contact_probability"":0.03922472},{""index"":16,""time"":3.402,""score"":3.056,""rms_ratio"":3.207,""diff_ratio"":2.912,""contact_probability"":0.00356349},{""index"":17,""time"":5.363,""score"":3.023,""rms_ratio"":2.515,""diff_ratio"":3.633,""contact_probability"":0.003532},{""index"":18,""time"":5.852,""score"":2.706,""rms_ratio"":2.619,""diff_ratio"":2.797,""contact_probability"":0.0298192},{""index"":19,""time"":3.947,""score"":2.701,""rms_ratio"":2.372,""diff_ratio"":3.076,""contact_probability"":0.00518113},{""index"":20,""time"":4.832,""score"":2.692,""rms_ratio"":2.43,""diff_ratio"":2.982,""contact_probability"":0.00629897},{""index"":21,""time"":3.658,""score"":2.666,""rms_ratio"":2.917,""diff_ratio"":2.437,""contact_probability"":0.0014684},{""index"":22,""time"":5.532,""score"":2.642,""rms_ratio"":3.462,""diff_ratio"":2.017,""contact_probability"":0.0060844},{""index"":23,""time"":4.352,""score"":2.604,""rms_ratio"":3.403,""diff_ratio"":1.993,""contact_probability"":0.00271408},{""index"":24,""time"":5.267,""score"":2.568,""rms_ratio"":2.714,""diff_ratio"":2.43,""contact_probability"":0.00319155}]",candidate_selected
974,F_1070,dataset/fly_ball/Codex_Workstation/F_1070,2.0,no,,,0.15441391,,0.7833643177503908,24,"[{""index"":1,""time"":2.017,""score"":3.118,""rms_ratio"":2.893,""diff_ratio"":3.361,""contact_probability"":0.00596579},{""index"":2,""time"":1.947,""score"":1.808,""rms_ratio"":1.829,""diff_ratio"":1.788,""contact_probability"":0.00099569},{""index"":3,""time"":1.883,""score"":1.468,""rms_ratio"":1.823,""diff_ratio"":1.183,""contact_probability"":0.00022913},{""index"":4,""time"":2.132,""score"":2.72,""rms_ratio"":1.791,""diff_ratio"":4.132,""contact_probability"":0.00473894},{""index"":5,""time"":1.832,""score"":1.478,""rms_ratio"":1.554,""diff_ratio"":1.405,""contact_probability"":0.00021232},{""index"":6,""time"":2.203,""score"":2.893,""rms_ratio"":2.053,""diff_ratio"":4.077,""contact_probability"":0.06222472},{""index"":7,""time"":1.768,""score"":1.775,""rms_ratio"":1.577,""diff_ratio"":1.998,""contact_probability"":0.0028324},{""index"":8,""time"":2.255,""score"":1.44,""rms_ratio"":1.158,""diff_ratio"":1.791,""contact_probability"":0.00563577},{""index"":9,""time"":1.712,""score"":1.22,""rms_ratio"":1.31,""diff_ratio"":1.135,""contact_probability"":0.00280108},{""index"":10,""time"":3.723,""score"":4.898,""rms_ratio"":2.303,""diff_ratio"":10.417,""contact_probability"":0.15441391},{""index"":11,""time"":3.608,""score"":3.536,""rms_ratio"":2.578,""diff_ratio"":4.849,""contact_probability"":0.05790734},{""index"":12,""time"":4.162,""score"":3.208,""rms_ratio"":2.898,""diff_ratio"":3.55,""contact_probability"":0.07013484},{""index"":13,""time"":0.868,""score"":3.117,""rms_ratio"":2.401,""diff_ratio"":4.047,""contact_probability"":0.00264662},{""index"":14,""time"":4.343,""score"":2.749,""rms_ratio"":2.101,""diff_ratio"":3.597,""contact_probability"":1.65e-06},{""index"":15,""time"":0.363,""score"":2.553,""rms_ratio"":1.713,""diff_ratio"":3.805,""contact_probability"":0.05557614},{""index"":16,""time"":0.168,""score"":2.356,""rms_ratio"":1.645,""diff_ratio"":3.373,""contact_probability"":0.0013633},{""index"":17,""time"":0.002,""score"":2.313,""rms_ratio"":1.537,""diff_ratio"":3.48,""contact_probability"":0.00483349},{""index"":18,""time"":0.767,""score"":2.312,""rms_ratio"":1.546,""diff_ratio"":3.459,""contact_probability"":0.00218036},{""index"":19,""time"":0.988,""score"":2.275,""rms_ratio"":1.773,""diff_ratio"":2.92,""contact_probability"":0.00033264},{""index"":20,""time"":3.938,""score"":2.264,""rms_ratio"":3.116,""diff_ratio"":1.645,""contact_probability"":0.02118757},{""index"":21,""time"":0.257,""score"":2.068,""rms_ratio"":1.497,""diff_ratio"":2.856,""contact_probability"":0.00100313},{""index"":22,""time"":4.048,""score"":2.055,""rms_ratio"":1.926,""diff_ratio"":2.192,""contact_probability"":0.00196719},{""index"":23,""time"":0.105,""score"":1.733,""rms_ratio"":1.21,""diff_ratio"":2.481,""contact_probability"":0.0009363},{""index"":24,""time"":3.822,""score"":1.687,""rms_ratio"":1.55,""diff_ratio"":1.836,""contact_probability"":0.00297289}]",best_candidate_below_threshold
973,F_1069,dataset/fly_ball/Codex_Workstation/F_1069,2.0,no,,,0.02018824,,0.7833643177503908,16,"[{""index"":1,""time"":1.997,""score"":2.009,""rms_ratio"":1.748,""diff_ratio"":2.308,""contact_probability"":0.00044523},{""index"":2,""time"":2.053,""score"":1.312,""rms_ratio"":1.377,""diff_ratio"":1.25,""contact_probability"":0.0009401},{""index"":3,""time"":1.923,""score"":1.659,""rms_ratio"":1.746,""diff_ratio"":1.576,""contact_probability"":0.00042415},{""index"":4,""time"":2.108,""score"":1.65,""rms_ratio"":1.606,""diff_ratio"":1.696,""contact_probability"":0.000565},{""index"":5,""time"":1.852,""score"":1.718,""rms_ratio"":1.678,""diff_ratio"":1.759,""contact_probability"":0.00020108},{""index"":6,""time"":1.805,""score"":1.561,""rms_ratio"":1.69,""diff_ratio"":1.442,""contact_probability"":0.00072493},{""index"":7,""time"":2.233,""score"":1.802,""rms_ratio"":1.722,""diff_ratio"":1.887,""contact_probability"":0.00461375},{""index"":8,""time"":1.747,""score"":1.95,""rms_ratio"":1.835,""diff_ratio"":2.072,""contact_probability"":0.00133707},{""index"":9,""time"":1.688,""score"":2.196,""rms_ratio"":2.12,""diff_ratio"":2.274,""contact_probability"":0.00353971},{""index"":10,""time"":2.322,""score"":1.477,""rms_ratio"":1.497,""diff_ratio"":1.458,""contact_probability"":0.00032081},{""index"":11,""time"":2.402,""score"":1.538,""rms_ratio"":1.448,""diff_ratio"":1.634,""contact_probability"":0.00027708},{""index"":12,""time"":1.587,""score"":1.417,""rms_ratio"":1.453,""diff_ratio"":1.383,""contact_probability"":0.00035524},{""index"":13,""time"":1.408,""score"":1.259,""rms_ratio"":1.416,""diff_ratio"":1.119,""contact_probability"":0.0001442},{""index"":14,""time"":0.678,""score"":1.944,""rms_ratio"":1.87,""diff_ratio"":2.022,""contact_probability"":0.02018824},{""index"":15,""time"":0.352,""score"":1.552,""rms_ratio"":1.787,""diff_ratio"":1.348,""contact_probability"":0.01516703},{""index"":16,""time"":0.978,""score"":1.525,""rms_ratio"":1.512,""diff_ratio"":1.539,""contact_probability"":0.0006531}]",best_candidate_below_threshold
972,F_1068,dataset/fly_ball/Codex_Workstation/F_1068,2.0,yes,13,0.213,0.82028024,4.386,0.7833643177503908,24,"[{""index"":1,""time"":1.982,""score"":3.297,""rms_ratio"":3.213,""diff_ratio"":3.383,""contact_probability"":0.0154242},{""index"":2,""time"":2.033,""score"":3.499,""rms_ratio"":3.217,""diff_ratio"":3.805,""contact_probability"":0.03866362},{""index"":3,""time"":1.918,""score"":2.432,""rms_ratio"":2.88,""diff_ratio"":2.054,""contact_probability"":0.0029966},{""index"":4,""time"":2.128,""score"":2.908,""rms_ratio"":2.298,""diff_ratio"":3.681,""contact_probability"":0.1430257},{""index"":5,""time"":1.737,""score"":1.816,""rms_ratio"":1.762,""diff_ratio"":1.872,""contact_probability"":0.00550713},{""index"":6,""time"":1.683,""score"":3.08,""rms_ratio"":2.298,""diff_ratio"":4.128,""contact_probability"":0.06704059},{""index"":7,""time"":1.628,""score"":1.96,""rms_ratio"":2.031,""diff_ratio"":1.891,""contact_probability"":0.00813388},{""index"":8,""time"":2.382,""score"":2.252,""rms_ratio"":1.872,""diff_ratio"":2.708,""contact_probability"":0.16806956},{""index"":9,""time"":2.463,""score"":2.594,""rms_ratio"":2.618,""diff_ratio"":2.57,""contact_probability"":0.22179395},{""index"":10,""time"":2.537,""score"":1.444,""rms_ratio"":1.602,""diff_ratio"":1.302,""contact_probability"":0.00369436},{""index"":11,""time"":1.462,""score"":1.456,""rms_ratio"":1.122,""diff_ratio"":1.889,""contact_probability"":0.00289265},{""index"":12,""time"":1.408,""score"":3.201,""rms_ratio"":2.256,""diff_ratio"":4.54,""contact_probability"":0.220758},{""index"":13,""time"":0.213,""score"":4.386,""rms_ratio"":3.426,""diff_ratio"":5.616,""contact_probability"":0.82028024},{""index"":14,""time"":1.298,""score"":4.146,""rms_ratio"":3.259,""diff_ratio"":5.274,""contact_probability"":0.18625053},{""index"":15,""time"":3.473,""score"":3.65,""rms_ratio"":2.268,""diff_ratio"":5.877,""contact_probability"":0.06670488},{""index"":16,""time"":4.142,""score"":3.457,""rms_ratio"":2.757,""diff_ratio"":4.334,""contact_probability"":0.41524319},{""index"":17,""time"":3.858,""score"":3.455,""rms_ratio"":2.538,""diff_ratio"":4.705,""contact_probability"":0.46296162},{""index"":18,""time"":4.017,""score"":3.382,""rms_ratio"":1.679,""diff_ratio"":6.816,""contact_probability"":0.0801561},{""index"":19,""time"":0.412,""score"":3.267,""rms_ratio"":3.138,""diff_ratio"":3.402,""contact_probability"":0.00794574},{""index"":20,""time"":3.368,""score"":3.211,""rms_ratio"":2.416,""diff_ratio"":4.267,""contact_probability"":0.05321697},{""index"":21,""time"":2.812,""score"":3.162,""rms_ratio"":2.505,""diff_ratio"":3.99,""contact_probability"":0.24881615},{""index"":22,""time"":0.882,""score"":3.013,""rms_ratio"":1.505,""diff_ratio"":6.032,""contact_probability"":0.0099843},{""index"":23,""time"":2.987,""score"":2.931,""rms_ratio"":2.089,""diff_ratio"":4.113,""contact_probability"":0.25829781},{""index"":24,""time"":1.138,""score"":2.884,""rms_ratio"":1.977,""diff_ratio"":4.207,""contact_probability"":0.05487497}]",candidate_selected
971,F_1067,dataset/fly_ball/Codex_Workstation/F_1067,2.0,yes,13,0.002,0.99905206,13.387,0.7833643177503908,17,"[{""index"":1,""time"":2.033,""score"":27.554,""rms_ratio"":43.009,""diff_ratio"":17.653,""contact_probability"":0.05732314},{""index"":2,""time"":1.962,""score"":11.91,""rms_ratio"":27.892,""diff_ratio"":5.085,""contact_probability"":0.0007757},{""index"":3,""time"":2.142,""score"":19.196,""rms_ratio"":33.144,""diff_ratio"":11.118,""contact_probability"":0.01430647},{""index"":4,""time"":1.778,""score"":9.495,""rms_ratio"":18.968,""diff_ratio"":4.753,""contact_probability"":0.00176218},{""index"":5,""time"":2.267,""score"":12.75,""rms_ratio"":30.405,""diff_ratio"":5.347,""contact_probability"":0.00355635},{""index"":6,""time"":1.722,""score"":23.727,""rms_ratio"":28.083,""diff_ratio"":20.047,""contact_probability"":0.0415155},{""index"":7,""time"":1.648,""score"":25.243,""rms_ratio"":36.717,""diff_ratio"":17.355,""contact_probability"":0.00632038},{""index"":8,""time"":1.592,""score"":21.831,""rms_ratio"":35.844,""diff_ratio"":13.296,""contact_probability"":0.00698261},{""index"":9,""time"":2.457,""score"":16.886,""rms_ratio"":18.189,""diff_ratio"":15.675,""contact_probability"":0.37740149},{""index"":10,""time"":1.503,""score"":31.033,""rms_ratio"":17.781,""diff_ratio"":54.162,""contact_probability"":0.00730859},{""index"":11,""time"":2.533,""score"":5.654,""rms_ratio"":3.351,""diff_ratio"":9.539,""contact_probability"":0.00493926},{""index"":12,""time"":1.403,""score"":22.483,""rms_ratio"":25.745,""diff_ratio"":19.633,""contact_probability"":0.00807913},{""index"":13,""time"":0.002,""score"":13.387,""rms_ratio"":22.646,""diff_ratio"":7.914,""contact_probability"":0.99905206},{""index"":14,""time"":1.867,""score"":3.46,""rms_ratio"":8.621,""diff_ratio"":1.388,""contact_probability"":1.34e-06},{""index"":15,""time"":1.308,""score"":2.895,""rms_ratio"":4.016,""diff_ratio"":2.087,""contact_probability"":2.28e-06},{""index"":16,""time"":2.642,""score"":2.003,""rms_ratio"":3.905,""diff_ratio"":1.027,""contact_probability"":0.00093298},{""index"":17,""time"":0.157,""score"":1.594,""rms_ratio"":1.449,""diff_ratio"":1.754,""contact_probability"":0.00674349}]",candidate_selected
970,F_1066,dataset/fly_ball/Codex_Workstation/F_1066,2.0,no,,,0.56255063,,0.7833643177503908,24,"[{""index"":1,""time"":1.977,""score"":1.302,""rms_ratio"":0.938,""diff_ratio"":1.696,""contact_probability"":0.00024782},{""index"":2,""time"":2.053,""score"":1.974,""rms_ratio"":2.468,""diff_ratio"":1.579,""contact_probability"":0.01190101},{""index"":3,""time"":1.923,""score"":2.468,""rms_ratio"":1.297,""diff_ratio"":4.697,""contact_probability"":0.00590573},{""index"":4,""time"":2.112,""score"":1.989,""rms_ratio"":1.691,""diff_ratio"":2.339,""contact_probability"":0.01710322},{""index"":5,""time"":1.862,""score"":1.909,""rms_ratio"":2.145,""diff_ratio"":1.699,""contact_probability"":0.0167934},{""index"":6,""time"":2.243,""score"":3.348,""rms_ratio"":2.411,""diff_ratio"":4.65,""contact_probability"":0.0576266},{""index"":7,""time"":1.722,""score"":2.469,""rms_ratio"":1.846,""diff_ratio"":3.304,""contact_probability"":0.13288065},{""index"":8,""time"":2.297,""score"":1.922,""rms_ratio"":1.539,""diff_ratio"":2.401,""contact_probability"":0.03686909},{""index"":9,""time"":2.378,""score"":1.559,""rms_ratio"":1.313,""diff_ratio"":1.852,""contact_probability"":0.00152565},{""index"":10,""time"":2.447,""score"":2.539,""rms_ratio"":1.268,""diff_ratio"":5.083,""contact_probability"":0.00249971},{""index"":11,""time"":2.547,""score"":1.845,""rms_ratio"":1.886,""diff_ratio"":1.805,""contact_probability"":0.0141861},{""index"":12,""time"":2.608,""score"":3.117,""rms_ratio"":2.673,""diff_ratio"":3.634,""contact_probability"":0.27824028},{""index"":13,""time"":0.493,""score"":2.599,""rms_ratio"":2.211,""diff_ratio"":3.054,""contact_probability"":0.44833079},{""index"":14,""time"":3.188,""score"":2.551,""rms_ratio"":2.109,""diff_ratio"":3.084,""contact_probability"":0.22354361},{""index"":15,""time"":3.997,""score"":2.467,""rms_ratio"":2.115,""diff_ratio"":2.877,""contact_probability"":1.038e-05},{""index"":16,""time"":0.078,""score"":2.357,""rms_ratio"":1.91,""diff_ratio"":2.907,""contact_probability"":0.56255063},{""index"":17,""time"":0.812,""score"":2.331,""rms_ratio"":2.158,""diff_ratio"":2.518,""contact_probability"":0.0486492},{""index"":18,""time"":3.412,""score"":2.232,""rms_ratio"":1.076,""diff_ratio"":4.628,""contact_probability"":0.00201214},{""index"":19,""time"":0.613,""score"":2.232,""rms_ratio"":2.641,""diff_ratio"":1.886,""contact_probability"":0.22116058},{""index"":20,""time"":1.033,""score"":2.129,""rms_ratio"":2.032,""diff_ratio"":2.23,""contact_probability"":0.03376687},{""index"":21,""time"":0.222,""score"":2.073,""rms_ratio"":1.862,""diff_ratio"":2.307,""contact_probability"":0.2495749},{""index"":22,""time"":1.293,""score"":2.004,""rms_ratio"":1.675,""diff_ratio"":2.398,""contact_probability"":0.16992693},{""index"":23,""time"":3.697,""score"":1.882,""rms_ratio"":2.027,""diff_ratio"":1.748,""contact_probability"":0.0094447},{""index"":24,""time"":3.003,""score"":1.8,""rms_ratio"":2.201,""diff_ratio"":1.472,""contact_probability"":0.03249468}]",best_candidate_below_threshold
969,F_1065,dataset/fly_ball/Codex_Workstation/F_1065,2.0,yes,11,0.023,0.99999328,14.209,0.7833643177503908,18,"[{""index"":1,""time"":2.027,""score"":4.979,""rms_ratio"":7.815,""diff_ratio"":3.172,""contact_probability"":0.92100107},{""index"":2,""time"":2.082,""score"":1.593,""rms_ratio"":1.989,""diff_ratio"":1.276,""contact_probability"":0.03664123},{""index"":3,""time"":1.872,""score"":1.221,""rms_ratio"":1.178,""diff_ratio"":1.265,""contact_probability"":0.00011309},{""index"":4,""time"":1.808,""score"":1.856,""rms_ratio"":1.711,""diff_ratio"":2.013,""contact_probability"":0.00442277},{""index"":5,""time"":1.753,""score"":6.188,""rms_ratio"":5.407,""diff_ratio"":7.082,""contact_probability"":0.83762698},{""index"":6,""time"":2.328,""score"":1.812,""rms_ratio"":0.97,""diff_ratio"":3.284,""contact_probability"":0.00150427},{""index"":7,""time"":2.402,""score"":6.479,""rms_ratio"":3.062,""diff_ratio"":13.711,""contact_probability"":0.88765057},{""index"":8,""time"":2.477,""score"":1.998,""rms_ratio"":1.78,""diff_ratio"":2.242,""contact_probability"":0.00171324},{""index"":9,""time"":1.413,""score"":1.544,""rms_ratio"":1.243,""diff_ratio"":1.916,""contact_probability"":0.0044792},{""index"":10,""time"":2.598,""score"":1.454,""rms_ratio"":1.259,""diff_ratio"":1.678,""contact_probability"":0.0018137},{""index"":11,""time"":0.023,""score"":14.209,""rms_ratio"":10.532,""diff_ratio"":19.17,""contact_probability"":0.99999328},{""index"":12,""time"":3.223,""score"":5.597,""rms_ratio"":4.383,""diff_ratio"":7.148,""contact_probability"":0.97494079},{""index"":13,""time"":1.327,""score"":5.216,""rms_ratio"":5.065,""diff_ratio"":5.371,""contact_probability"":0.82452587},{""index"":14,""time"":0.652,""score"":3.911,""rms_ratio"":5.651,""diff_ratio"":2.707,""contact_probability"":0.64229035},{""index"":15,""time"":3.092,""score"":2.593,""rms_ratio"":1.295,""diff_ratio"":5.193,""contact_probability"":0.00012381},{""index"":16,""time"":2.922,""score"":2.363,""rms_ratio"":1.858,""diff_ratio"":3.004,""contact_probability"":0.00996443},{""index"":17,""time"":2.713,""score"":1.615,""rms_ratio"":1.306,""diff_ratio"":1.998,""contact_probability"":0.00131786},{""index"":18,""time"":1.202,""score"":1.586,""rms_ratio"":1.499,""diff_ratio"":1.678,""contact_probability"":0.00096742}]",candidate_selected
968,F_1064,dataset/fly_ball/Codex_Workstation/F_1064,2.0,no,,,0.03654916,,0.7833643177503908,13,"[{""index"":1,""time"":2.023,""score"":3.224,""rms_ratio"":2.847,""diff_ratio"":3.651,""contact_probability"":1.473e-05},{""index"":2,""time"":1.923,""score"":1.38,""rms_ratio"":1.693,""diff_ratio"":1.125,""contact_probability"":1.4e-06},{""index"":3,""time"":1.835,""score"":1.902,""rms_ratio"":1.864,""diff_ratio"":1.941,""contact_probability"":0.00151639},{""index"":4,""time"":1.783,""score"":2.796,""rms_ratio"":2.174,""diff_ratio"":3.596,""contact_probability"":0.02222509},{""index"":5,""time"":1.643,""score"":1.645,""rms_ratio"":1.398,""diff_ratio"":1.937,""contact_probability"":0.0002805},{""index"":6,""time"":1.577,""score"":1.875,""rms_ratio"":1.74,""diff_ratio"":2.02,""contact_probability"":0.00078546},{""index"":7,""time"":1.523,""score"":1.584,""rms_ratio"":1.294,""diff_ratio"":1.938,""contact_probability"":0.00127696},{""index"":8,""time"":1.467,""score"":1.887,""rms_ratio"":1.583,""diff_ratio"":2.249,""contact_probability"":0.00171383},{""index"":9,""time"":1.413,""score"":2.607,""rms_ratio"":2.366,""diff_ratio"":2.872,""contact_probability"":0.00591485},{""index"":10,""time"":1.102,""score"":2.363,""rms_ratio"":2.506,""diff_ratio"":2.228,""contact_probability"":0.03654916},{""index"":11,""time"":0.752,""score"":1.803,""rms_ratio"":1.491,""diff_ratio"":2.18,""contact_probability"":0.00752912},{""index"":12,""time"":0.598,""score"":1.584,""rms_ratio"":1.54,""diff_ratio"":1.63,""contact_probability"":0.00098315},{""index"":13,""time"":1.278,""score"":1.52,""rms_ratio"":1.488,""diff_ratio"":1.553,""contact_probability"":0.00028158}]",best_candidate_below_threshold
967,F_1063,dataset/fly_ball/Codex_Workstation/F_1063,2.0,no,,,0.05276109,,0.7833643177503908,18,"[{""index"":1,""time"":2.023,""score"":2.059,""rms_ratio"":2.696,""diff_ratio"":1.573,""contact_probability"":0.01588879},{""index"":2,""time"":1.942,""score"":2.924,""rms_ratio"":1.638,""diff_ratio"":5.218,""contact_probability"":0.03190961},{""index"":3,""time"":2.128,""score"":1.447,""rms_ratio"":1.693,""diff_ratio"":1.236,""contact_probability"":0.0008334},{""index"":4,""time"":1.837,""score"":1.674,""rms_ratio"":1.396,""diff_ratio"":2.006,""contact_probability"":0.0006805},{""index"":5,""time"":1.773,""score"":1.505,""rms_ratio"":1.751,""diff_ratio"":1.294,""contact_probability"":0.00521501},{""index"":6,""time"":2.263,""score"":2.351,""rms_ratio"":2.732,""diff_ratio"":2.024,""contact_probability"":0.05276109},{""index"":7,""time"":1.648,""score"":1.352,""rms_ratio"":0.723,""diff_ratio"":1.827,""contact_probability"":0.00076809},{""index"":8,""time"":1.528,""score"":2.454,""rms_ratio"":2.383,""diff_ratio"":2.527,""contact_probability"":0.04107021},{""index"":9,""time"":2.483,""score"":1.832,""rms_ratio"":2.224,""diff_ratio"":1.509,""contact_probability"":0.01394226},{""index"":10,""time"":1.477,""score"":2.762,""rms_ratio"":2.502,""diff_ratio"":3.05,""contact_probability"":0.01506479},{""index"":11,""time"":2.582,""score"":1.284,""rms_ratio"":1.649,""diff_ratio"":0.929,""contact_probability"":0.00128479},{""index"":12,""time"":1.153,""score"":3.477,""rms_ratio"":2.692,""diff_ratio"":4.491,""contact_probability"":0.00672466},{""index"":13,""time"":3.257,""score"":2.792,""rms_ratio"":3.028,""diff_ratio"":2.574,""contact_probability"":3.598e-05},{""index"":14,""time"":1.242,""score"":2.617,""rms_ratio"":2.004,""diff_ratio"":3.417,""contact_probability"":0.00156511},{""index"":15,""time"":2.787,""score"":2.325,""rms_ratio"":2.396,""diff_ratio"":2.256,""contact_probability"":0.02403915},{""index"":16,""time"":1.378,""score"":1.964,""rms_ratio"":1.865,""diff_ratio"":2.067,""contact_probability"":0.00232895},{""index"":17,""time"":0.558,""score"":1.916,""rms_ratio"":1.964,""diff_ratio"":1.87,""contact_probability"":0.01650521},{""index"":18,""time"":2.922,""score"":1.59,""rms_ratio"":2.17,""diff_ratio"":1.165,""contact_probability"":0.00206419}]",best_candidate_below_threshold
966,F_1061,dataset/fly_ball/Codex_Workstation/F_1061,2.0,no,,,0.7071886,,0.7833643177503908,24,"[{""index"":1,""time"":2.033,""score"":3.084,""rms_ratio"":3.344,""diff_ratio"":2.843,""contact_probability"":0.02179057},{""index"":2,""time"":2.088,""score"":2.402,""rms_ratio"":2.507,""diff_ratio"":2.301,""contact_probability"":0.00060327},{""index"":3,""time"":1.898,""score"":2.6,""rms_ratio"":1.949,""diff_ratio"":3.468,""contact_probability"":0.0029677},{""index"":4,""time"":2.148,""score"":1.99,""rms_ratio"":1.966,""diff_ratio"":2.014,""contact_probability"":0.00065378},{""index"":5,""time"":1.793,""score"":2.362,""rms_ratio"":2.106,""diff_ratio"":2.649,""contact_probability"":0.00258727},{""index"":6,""time"":2.237,""score"":2.256,""rms_ratio"":2.374,""diff_ratio"":2.145,""contact_probability"":0.00029529},{""index"":7,""time"":1.742,""score"":2.813,""rms_ratio"":2.459,""diff_ratio"":3.217,""contact_probability"":0.01617171},{""index"":8,""time"":2.303,""score"":2.518,""rms_ratio"":2.589,""diff_ratio"":2.448,""contact_probability"":0.0004697},{""index"":9,""time"":2.412,""score"":2.338,""rms_ratio"":2.496,""diff_ratio"":2.19,""contact_probability"":0.00038308},{""index"":10,""time"":2.497,""score"":1.891,""rms_ratio"":1.946,""diff_ratio"":1.839,""contact_probability"":0.00015817},{""index"":11,""time"":1.497,""score"":1.733,""rms_ratio"":2.108,""diff_ratio"":1.425,""contact_probability"":0.0003925},{""index"":12,""time"":1.425,""score"":1.476,""rms_ratio"":1.534,""diff_ratio"":1.42,""contact_probability"":0.00039117},{""index"":13,""time"":2.598,""score"":1.873,""rms_ratio"":1.962,""diff_ratio"":1.789,""contact_probability"":0.00015765},{""index"":14,""time"":4.613,""score"":2.724,""rms_ratio"":2.343,""diff_ratio"":3.166,""contact_probability"":0.7071886},{""index"":15,""time"":0.343,""score"":2.474,""rms_ratio"":2.716,""diff_ratio"":2.253,""contact_probability"":0.00422429},{""index"":16,""time"":0.785,""score"":2.188,""rms_ratio"":2.093,""diff_ratio"":2.286,""contact_probability"":0.02551719},{""index"":17,""time"":1.278,""score"":2.093,""rms_ratio"":2.197,""diff_ratio"":1.995,""contact_probability"":0.00023093},{""index"":18,""time"":0.038,""score"":2.001,""rms_ratio"":1.811,""diff_ratio"":2.211,""contact_probability"":0.01189189},{""index"":19,""time"":2.185,""score"":2.0,""rms_ratio"":1.886,""diff_ratio"":2.122,""contact_probability"":0.00011356},{""index"":20,""time"":2.723,""score"":1.956,""rms_ratio"":2.119,""diff_ratio"":1.806,""contact_probability"":0.00022214},{""index"":21,""time"":0.222,""score"":1.875,""rms_ratio"":1.085,""diff_ratio"":3.241,""contact_probability"":0.00156668},{""index"":22,""time"":2.675,""score"":1.823,""rms_ratio"":1.947,""diff_ratio"":1.706,""contact_probability"":0.00020492},{""index"":23,""time"":2.828,""score"":1.808,""rms_ratio"":1.856,""diff_ratio"":1.761,""contact_probability"":0.00025857},{""index"":24,""time"":0.993,""score"":1.807,""rms_ratio"":2.015,""diff_ratio"":1.62,""contact_probability"":0.00129297}]",best_candidate_below_threshold
965,F_1058,dataset/fly_ball/Codex_Workstation/F_1058,2.0,no,,,0.63802448,,0.7833643177503908,24,"[{""index"":1,""time"":1.997,""score"":4.706,""rms_ratio"":4.12,""diff_ratio"":5.376,""contact_probability"":0.03064541},{""index"":2,""time"":1.903,""score"":2.256,""rms_ratio"":1.313,""diff_ratio"":3.876,""contact_probability"":0.00081569},{""index"":3,""time"":2.118,""score"":3.294,""rms_ratio"":4.695,""diff_ratio"":2.31,""contact_probability"":0.00738859},{""index"":4,""time"":1.842,""score"":1.428,""rms_ratio"":1.184,""diff_ratio"":1.722,""contact_probability"":0.00011179},{""index"":5,""time"":2.182,""score"":3.749,""rms_ratio"":1.426,""diff_ratio"":9.859,""contact_probability"":0.00102919},{""index"":6,""time"":1.805,""score"":1.162,""rms_ratio"":0.819,""diff_ratio"":1.349,""contact_probability"":6.028e-05},{""index"":7,""time"":2.237,""score"":1.42,""rms_ratio"":0.726,""diff_ratio"":2.016,""contact_probability"":8.55e-06},{""index"":8,""time"":2.303,""score"":4.342,""rms_ratio"":4.101,""diff_ratio"":4.597,""contact_probability"":0.06935064},{""index"":9,""time"":2.362,""score"":5.109,""rms_ratio"":4.636,""diff_ratio"":5.63,""contact_probability"":0.10137323},{""index"":10,""time"":2.447,""score"":3.077,""rms_ratio"":1.261,""diff_ratio"":7.509,""contact_probability"":0.0017817},{""index"":11,""time"":2.535,""score"":1.693,""rms_ratio"":0.533,""diff_ratio"":2.865,""contact_probability"":0.00010275},{""index"":12,""time"":2.582,""score"":1.856,""rms_ratio"":3.218,""diff_ratio"":1.071,""contact_probability"":0.0076927},{""index"":13,""time"":3.043,""score"":4.676,""rms_ratio"":4.626,""diff_ratio"":4.727,""contact_probability"":0.06025977},{""index"":14,""time"":3.628,""score"":4.453,""rms_ratio"":3.472,""diff_ratio"":5.71,""contact_probability"":0.2837103},{""index"":15,""time"":3.128,""score"":4.353,""rms_ratio"":3.909,""diff_ratio"":4.849,""contact_probability"":0.25838097},{""index"":16,""time"":6.162,""score"":3.869,""rms_ratio"":3.052,""diff_ratio"":4.906,""contact_probability"":0.04359337},{""index"":17,""time"":5.787,""score"":3.656,""rms_ratio"":4.076,""diff_ratio"":3.279,""contact_probability"":0.46886528},{""index"":18,""time"":6.258,""score"":3.537,""rms_ratio"":2.561,""diff_ratio"":4.885,""contact_probability"":0.0427035},{""index"":19,""time"":5.488,""score"":3.4,""rms_ratio"":2.812,""diff_ratio"":4.111,""contact_probability"":0.63802448},{""index"":20,""time"":5.122,""score"":3.196,""rms_ratio"":3.538,""diff_ratio"":2.887,""contact_probability"":0.08536479},{""index"":21,""time"":5.213,""score"":3.095,""rms_ratio"":1.157,""diff_ratio"":8.279,""contact_probability"":0.08054432},{""index"":22,""time"":4.767,""score"":3.007,""rms_ratio"":3.327,""diff_ratio"":2.719,""contact_probability"":0.06088632},{""index"":23,""time"":4.153,""score"":3.007,""rms_ratio"":3.493,""diff_ratio"":2.588,""contact_probability"":0.5453286},{""index"":24,""time"":3.812,""score"":2.911,""rms_ratio"":2.826,""diff_ratio"":2.999,""contact_probability"":0.22698297}]",best_candidate_below_threshold
964,F_1057,dataset/fly_ball/Codex_Workstation/F_1057,2.0,no,,,0.55809937,,0.7833643177503908,24,"[{""index"":1,""time"":2.023,""score"":6.856,""rms_ratio"":6.819,""diff_ratio"":6.893,""contact_probability"":0.18581047},{""index"":2,""time"":1.925,""score"":1.319,""rms_ratio"":1.177,""diff_ratio"":1.477,""contact_probability"":4.154e-05},{""index"":3,""time"":2.082,""score"":2.442,""rms_ratio"":3.142,""diff_ratio"":1.898,""contact_probability"":0.02113709},{""index"":4,""time"":1.865,""score"":2.589,""rms_ratio"":2.632,""diff_ratio"":2.547,""contact_probability"":0.00097176},{""index"":5,""time"":1.808,""score"":4.016,""rms_ratio"":4.194,""diff_ratio"":3.846,""contact_probability"":0.00101003},{""index"":6,""time"":2.223,""score"":4.446,""rms_ratio"":4.35,""diff_ratio"":4.544,""contact_probability"":0.0046799},{""index"":7,""time"":1.737,""score"":2.269,""rms_ratio"":2.537,""diff_ratio"":2.03,""contact_probability"":0.0002215},{""index"":8,""time"":2.283,""score"":1.825,""rms_ratio"":1.893,""diff_ratio"":1.76,""contact_probability"":0.00254671},{""index"":9,""time"":2.355,""score"":1.457,""rms_ratio"":1.01,""diff_ratio"":2.103,""contact_probability"":6.298e-05},{""index"":10,""time"":1.643,""score"":4.611,""rms_ratio"":5.14,""diff_ratio"":4.137,""contact_probability"":0.03899478},{""index"":11,""time"":1.592,""score"":3.47,""rms_ratio"":4.137,""diff_ratio"":2.91,""contact_probability"":0.01617709},{""index"":12,""time"":2.428,""score"":4.64,""rms_ratio"":5.25,""diff_ratio"":4.101,""contact_probability"":0.01116898},{""index"":13,""time"":2.537,""score"":2.599,""rms_ratio"":2.745,""diff_ratio"":2.461,""contact_probability"":0.00048645},{""index"":14,""time"":2.598,""score"":4.916,""rms_ratio"":5.292,""diff_ratio"":4.568,""contact_probability"":0.01520528},{""index"":15,""time"":4.588,""score"":4.748,""rms_ratio"":4.727,""diff_ratio"":4.77,""contact_probability"":0.33088643},{""index"":16,""time"":3.368,""score"":4.204,""rms_ratio"":4.604,""diff_ratio"":3.839,""contact_probability"":0.55809937},{""index"":17,""time"":5.517,""score"":3.778,""rms_ratio"":3.95,""diff_ratio"":3.615,""contact_probability"":0.09327224},{""index"":18,""time"":3.693,""score"":3.552,""rms_ratio"":2.72,""diff_ratio"":4.638,""contact_probability"":0.0029666},{""index"":19,""time"":4.827,""score"":3.476,""rms_ratio"":3.307,""diff_ratio"":3.654,""contact_probability"":0.05659018},{""index"":20,""time"":0.002,""score"":3.352,""rms_ratio"":3.391,""diff_ratio"":3.313,""contact_probability"":0.01595106},{""index"":21,""time"":3.582,""score"":2.99,""rms_ratio"":2.936,""diff_ratio"":3.044,""contact_probability"":0.00741778},{""index"":22,""time"":2.693,""score"":2.934,""rms_ratio"":3.087,""diff_ratio"":2.788,""contact_probability"":0.01367377},{""index"":23,""time"":3.777,""score"":2.897,""rms_ratio"":2.915,""diff_ratio"":2.879,""contact_probability"":0.02182765},{""index"":24,""time"":5.957,""score"":2.793,""rms_ratio"":3.284,""diff_ratio"":2.376,""contact_probability"":0.00063744}]",best_candidate_below_threshold
963,F_1055,dataset/fly_ball/Codex_Workstation/F_1055,2.0,no,,,0.00049192,,0.7833643177503908,16,"[{""index"":1,""time"":2.023,""score"":2.656,""rms_ratio"":2.624,""diff_ratio"":2.687,""contact_probability"":0.00024734},{""index"":2,""time"":1.957,""score"":2.649,""rms_ratio"":2.649,""diff_ratio"":2.649,""contact_probability"":0.00032004},{""index"":3,""time"":2.122,""score"":2.69,""rms_ratio"":2.754,""diff_ratio"":2.628,""contact_probability"":0.00049192},{""index"":4,""time"":1.878,""score"":2.279,""rms_ratio"":2.337,""diff_ratio"":2.222,""contact_probability"":0.00019004},{""index"":5,""time"":1.783,""score"":2.237,""rms_ratio"":2.352,""diff_ratio"":2.128,""contact_probability"":0.00018165},{""index"":6,""time"":2.233,""score"":2.685,""rms_ratio"":2.696,""diff_ratio"":2.674,""contact_probability"":0.00028506},{""index"":7,""time"":1.717,""score"":2.088,""rms_ratio"":1.994,""diff_ratio"":2.187,""contact_probability"":0.00020815},{""index"":8,""time"":2.287,""score"":2.27,""rms_ratio"":2.117,""diff_ratio"":2.434,""contact_probability"":0.00012209},{""index"":9,""time"":1.655,""score"":1.712,""rms_ratio"":1.598,""diff_ratio"":1.833,""contact_probability"":0.00022958},{""index"":10,""time"":2.358,""score"":2.796,""rms_ratio"":2.791,""diff_ratio"":2.802,""contact_probability"":0.00030835},{""index"":11,""time"":2.428,""score"":2.605,""rms_ratio"":2.746,""diff_ratio"":2.471,""contact_probability"":0.00011479},{""index"":12,""time"":2.493,""score"":2.258,""rms_ratio"":2.063,""diff_ratio"":2.472,""contact_probability"":7.47e-06},{""index"":13,""time"":2.553,""score"":2.48,""rms_ratio"":2.455,""diff_ratio"":2.505,""contact_probability"":6.8e-07},{""index"":14,""time"":2.59,""score"":2.313,""rms_ratio"":2.23,""diff_ratio"":2.399,""contact_probability"":2.3e-07},{""index"":15,""time"":1.538,""score"":1.715,""rms_ratio"":1.714,""diff_ratio"":1.715,""contact_probability"":0.00014998},{""index"":16,""time"":1.457,""score"":1.586,""rms_ratio"":1.747,""diff_ratio"":1.44,""contact_probability"":0.00026769}]",best_candidate_below_threshold
962,F_1054,dataset/fly_ball/Codex_Workstation/F_1054,2.0,no,,,0.45141074,,0.7833643177503908,24,"[{""index"":1,""time"":2.068,""score"":3.063,""rms_ratio"":3.288,""diff_ratio"":2.853,""contact_probability"":0.01226469},{""index"":2,""time"":2.132,""score"":2.447,""rms_ratio"":2.504,""diff_ratio"":2.391,""contact_probability"":0.00223011},{""index"":3,""time"":2.233,""score"":2.89,""rms_ratio"":3.157,""diff_ratio"":2.646,""contact_probability"":0.00365734},{""index"":4,""time"":1.742,""score"":3.213,""rms_ratio"":2.64,""diff_ratio"":3.909,""contact_probability"":0.03183969},{""index"":5,""time"":1.678,""score"":2.858,""rms_ratio"":3.04,""diff_ratio"":2.686,""contact_probability"":0.00607626},{""index"":6,""time"":2.322,""score"":2.711,""rms_ratio"":2.894,""diff_ratio"":2.539,""contact_probability"":0.01518734},{""index"":7,""time"":2.382,""score"":2.473,""rms_ratio"":2.447,""diff_ratio"":2.5,""contact_probability"":0.01394327},{""index"":8,""time"":1.602,""score"":2.654,""rms_ratio"":2.75,""diff_ratio"":2.561,""contact_probability"":0.00231968},{""index"":9,""time"":1.543,""score"":3.735,""rms_ratio"":3.579,""diff_ratio"":3.897,""contact_probability"":0.03164936},{""index"":10,""time"":2.487,""score"":3.248,""rms_ratio"":2.601,""diff_ratio"":4.056,""contact_probability"":0.00525919},{""index"":11,""time"":1.447,""score"":3.44,""rms_ratio"":3.079,""diff_ratio"":3.843,""contact_probability"":0.03864732},{""index"":12,""time"":2.582,""score"":2.97,""rms_ratio"":2.383,""diff_ratio"":3.701,""contact_probability"":0.00370922},{""index"":13,""time"":2.648,""score"":3.564,""rms_ratio"":3.141,""diff_ratio"":4.044,""contact_probability"":0.04074771},{""index"":14,""time"":0.123,""score"":3.378,""rms_ratio"":3.166,""diff_ratio"":3.604,""contact_probability"":0.45141074},{""index"":15,""time"":3.307,""score"":3.094,""rms_ratio"":2.399,""diff_ratio"":3.989,""contact_probability"":0.09824422},{""index"":16,""time"":0.207,""score"":2.975,""rms_ratio"":2.781,""diff_ratio"":3.182,""contact_probability"":0.03614001},{""index"":17,""time"":3.892,""score"":2.974,""rms_ratio"":2.988,""diff_ratio"":2.959,""contact_probability"":0.00758768},{""index"":18,""time"":3.402,""score"":2.875,""rms_ratio"":2.542,""diff_ratio"":3.252,""contact_probability"":0.0582774},{""index"":19,""time"":0.957,""score"":2.79,""rms_ratio"":2.886,""diff_ratio"":2.698,""contact_probability"":0.03604817},{""index"":20,""time"":0.463,""score"":2.772,""rms_ratio"":3.325,""diff_ratio"":2.311,""contact_probability"":0.02669471},{""index"":21,""time"":4.358,""score"":2.729,""rms_ratio"":2.941,""diff_ratio"":2.531,""contact_probability"":0.01380168},{""index"":22,""time"":0.543,""score"":2.711,""rms_ratio"":3.285,""diff_ratio"":2.238,""contact_probability"":0.08066242},{""index"":23,""time"":2.743,""score"":2.706,""rms_ratio"":2.523,""diff_ratio"":2.903,""contact_probability"":0.03832207},{""index"":24,""time"":3.703,""score"":2.695,""rms_ratio"":2.203,""diff_ratio"":3.297,""contact_probability"":0.01787552}]",best_candidate_below_threshold
961,F_1053,dataset/fly_ball/Codex_Workstation/F_1053,2.0,yes,1,2.023,0.86400836,7.902,0.7833643177503908,24,"[{""index"":1,""time"":2.023,""score"":7.902,""rms_ratio"":8.188,""diff_ratio"":7.627,""contact_probability"":0.86400836},{""index"":2,""time"":2.082,""score"":4.345,""rms_ratio"":3.877,""diff_ratio"":4.87,""contact_probability"":0.2425681},{""index"":3,""time"":2.207,""score"":3.351,""rms_ratio"":4.397,""diff_ratio"":2.554,""contact_probability"":0.00176728},{""index"":4,""time"":2.297,""score"":3.291,""rms_ratio"":3.581,""diff_ratio"":3.024,""contact_probability"":0.00194621},{""index"":5,""time"":1.648,""score"":3.001,""rms_ratio"":3.213,""diff_ratio"":2.803,""contact_probability"":0.16938963},{""index"":6,""time"":2.368,""score"":8.867,""rms_ratio"":5.09,""diff_ratio"":15.445,""contact_probability"":0.02934438},{""index"":7,""time"":1.567,""score"":1.857,""rms_ratio"":3.095,""diff_ratio"":1.114,""contact_probability"":0.00540183},{""index"":8,""time"":2.453,""score"":5.932,""rms_ratio"":4.578,""diff_ratio"":7.685,""contact_probability"":0.04755691},{""index"":9,""time"":1.482,""score"":2.884,""rms_ratio"":2.594,""diff_ratio"":3.206,""contact_probability"":0.02740473},{""index"":10,""time"":2.527,""score"":3.415,""rms_ratio"":3.004,""diff_ratio"":3.882,""contact_probability"":0.00452452},{""index"":11,""time"":1.408,""score"":3.507,""rms_ratio"":2.889,""diff_ratio"":4.257,""contact_probability"":0.10347859},{""index"":12,""time"":2.598,""score"":3.426,""rms_ratio"":2.12,""diff_ratio"":5.535,""contact_probability"":0.00171514},{""index"":13,""time"":4.312,""score"":7.759,""rms_ratio"":6.435,""diff_ratio"":9.356,""contact_probability"":0.77156835},{""index"":14,""time"":6.082,""score"":7.314,""rms_ratio"":6.404,""diff_ratio"":8.354,""contact_probability"":0.70587575},{""index"":15,""time"":3.688,""score"":6.807,""rms_ratio"":6.431,""diff_ratio"":7.205,""contact_probability"":0.80242636},{""index"":16,""time"":0.658,""score"":6.226,""rms_ratio"":6.234,""diff_ratio"":6.219,""contact_probability"":0.45574969},{""index"":17,""time"":1.342,""score"":6.095,""rms_ratio"":4.798,""diff_ratio"":7.742,""contact_probability"":0.37926719},{""index"":18,""time"":6.218,""score"":5.716,""rms_ratio"":5.202,""diff_ratio"":6.28,""contact_probability"":0.09505662},{""index"":19,""time"":0.962,""score"":5.403,""rms_ratio"":3.209,""diff_ratio"":9.099,""contact_probability"":0.01118646},{""index"":20,""time"":3.993,""score"":5.326,""rms_ratio"":4.763,""diff_ratio"":5.954,""contact_probability"":0.07617294},{""index"":21,""time"":4.162,""score"":4.822,""rms_ratio"":4.055,""diff_ratio"":5.735,""contact_probability"":0.01090766},{""index"":22,""time"":1.067,""score"":4.814,""rms_ratio"":4.098,""diff_ratio"":5.655,""contact_probability"":0.08648478},{""index"":23,""time"":6.557,""score"":4.516,""rms_ratio"":5.093,""diff_ratio"":4.004,""contact_probability"":0.07404865},{""index"":24,""time"":6.302,""score"":4.472,""rms_ratio"":3.679,""diff_ratio"":5.436,""contact_probability"":0.02190661}]",candidate_selected
960,F_1052,dataset/fly_ball/Codex_Workstation/F_1052,2.0,no,,,0.243202,,0.7833643177503908,21,"[{""index"":1,""time"":2.013,""score"":2.249,""rms_ratio"":3.214,""diff_ratio"":1.574,""contact_probability"":0.00200483},{""index"":2,""time"":1.942,""score"":1.91,""rms_ratio"":1.906,""diff_ratio"":1.913,""contact_probability"":0.00089402},{""index"":3,""time"":2.092,""score"":1.335,""rms_ratio"":1.782,""diff_ratio"":0.88,""contact_probability"":0.00019182},{""index"":4,""time"":1.878,""score"":2.406,""rms_ratio"":2.323,""diff_ratio"":2.492,""contact_probability"":0.00806701},{""index"":5,""time"":2.217,""score"":1.893,""rms_ratio"":1.78,""diff_ratio"":2.014,""contact_probability"":0.01091034},{""index"":6,""time"":2.382,""score"":1.74,""rms_ratio"":0.858,""diff_ratio"":3.029,""contact_probability"":0.00894091},{""index"":7,""time"":1.528,""score"":1.854,""rms_ratio"":1.072,""diff_ratio"":3.206,""contact_probability"":0.243202},{""index"":8,""time"":1.477,""score"":2.379,""rms_ratio"":1.387,""diff_ratio"":4.081,""contact_probability"":0.12419079},{""index"":9,""time"":1.413,""score"":1.664,""rms_ratio"":1.855,""diff_ratio"":1.492,""contact_probability"":0.01198239},{""index"":10,""time"":2.598,""score"":1.175,""rms_ratio"":1.293,""diff_ratio"":1.067,""contact_probability"":0.06258822},{""index"":11,""time"":3.142,""score"":3.466,""rms_ratio"":3.319,""diff_ratio"":3.62,""contact_probability"":0.02668549},{""index"":12,""time"":2.967,""score"":3.29,""rms_ratio"":3.146,""diff_ratio"":3.441,""contact_probability"":0.04348496},{""index"":13,""time"":0.237,""score"":2.486,""rms_ratio"":2.68,""diff_ratio"":2.306,""contact_probability"":0.01599241},{""index"":14,""time"":2.715,""score"":2.398,""rms_ratio"":2.381,""diff_ratio"":2.416,""contact_probability"":0.06141693},{""index"":15,""time"":0.425,""score"":2.323,""rms_ratio"":2.253,""diff_ratio"":2.394,""contact_probability"":0.0145503},{""index"":16,""time"":0.668,""score"":2.116,""rms_ratio"":2.85,""diff_ratio"":1.571,""contact_probability"":0.0007149},{""index"":17,""time"":0.065,""score"":2.115,""rms_ratio"":2.344,""diff_ratio"":1.909,""contact_probability"":0.01612411},{""index"":18,""time"":3.237,""score"":2.101,""rms_ratio"":2.217,""diff_ratio"":1.99,""contact_probability"":6.792e-05},{""index"":19,""time"":0.585,""score"":2.047,""rms_ratio"":2.155,""diff_ratio"":1.945,""contact_probability"":0.00199471},{""index"":20,""time"":1.322,""score"":1.965,""rms_ratio"":2.542,""diff_ratio"":1.519,""contact_probability"":0.01592112},{""index"":21,""time"":0.765,""score"":1.678,""rms_ratio"":1.908,""diff_ratio"":1.475,""contact_probability"":0.00083208}]",best_candidate_below_threshold
959,F_1051,dataset/fly_ball/Codex_Workstation/F_1051,2.0,yes,14,0.702,0.99581176,7.114,0.7833643177503908,24,"[{""index"":1,""time"":2.023,""score"":6.041,""rms_ratio"":8.203,""diff_ratio"":4.449,""contact_probability"":0.96394032},{""index"":2,""time"":1.878,""score"":1.499,""rms_ratio"":1.407,""diff_ratio"":1.598,""contact_probability"":0.00027573},{""index"":3,""time"":2.158,""score"":2.29,""rms_ratio"":2.431,""diff_ratio"":2.156,""contact_probability"":0.04552517},{""index"":4,""time"":1.812,""score"":1.711,""rms_ratio"":1.722,""diff_ratio"":1.699,""contact_probability"":0.00036729},{""index"":5,""time"":1.705,""score"":1.189,""rms_ratio"":1.342,""diff_ratio"":1.053,""contact_probability"":0.00064179},{""index"":6,""time"":1.663,""score"":1.628,""rms_ratio"":1.854,""diff_ratio"":1.429,""contact_probability"":0.00291251},{""index"":7,""time"":2.338,""score"":3.378,""rms_ratio"":3.826,""diff_ratio"":2.983,""contact_probability"":0.29690728},{""index"":8,""time"":2.402,""score"":1.757,""rms_ratio"":1.653,""diff_ratio"":1.868,""contact_probability"":0.02835456},{""index"":9,""time"":1.548,""score"":1.513,""rms_ratio"":2.175,""diff_ratio"":1.053,""contact_probability"":0.00076114},{""index"":10,""time"":2.507,""score"":3.694,""rms_ratio"":3.647,""diff_ratio"":3.743,""contact_probability"":0.57943943},{""index"":11,""time"":1.413,""score"":1.981,""rms_ratio"":2.224,""diff_ratio"":1.766,""contact_probability"":0.00202956},{""index"":12,""time"":2.598,""score"":1.357,""rms_ratio"":1.115,""diff_ratio"":1.651,""contact_probability"":0.00207043},{""index"":13,""time"":0.978,""score"":9.006,""rms_ratio"":4.234,""diff_ratio"":19.16,""contact_probability"":0.99523325},{""index"":14,""time"":0.702,""score"":7.114,""rms_ratio"":3.395,""diff_ratio"":14.906,""contact_probability"":0.99581176},{""index"":15,""time"":0.433,""score"":5.334,""rms_ratio"":5.306,""diff_ratio"":5.363,""contact_probability"":0.52342444},{""index"":16,""time"":0.183,""score"":4.58,""rms_ratio"":4.27,""diff_ratio"":4.912,""contact_probability"":0.66256332},{""index"":17,""time"":1.263,""score"":4.065,""rms_ratio"":4.452,""diff_ratio"":3.713,""contact_probability"":0.30692738},{""index"":18,""time"":2.852,""score"":2.64,""rms_ratio"":2.437,""diff_ratio"":2.86,""contact_probability"":0.65997514},{""index"":19,""time"":1.117,""score"":2.438,""rms_ratio"":2.601,""diff_ratio"":2.284,""contact_probability"":0.00144939},{""index"":20,""time"":2.743,""score"":2.141,""rms_ratio"":2.195,""diff_ratio"":2.089,""contact_probability"":0.16741689},{""index"":21,""time"":0.817,""score"":2.132,""rms_ratio"":2.536,""diff_ratio"":1.793,""contact_probability"":0.00033218},{""index"":22,""time"":1.352,""score"":2.102,""rms_ratio"":2.123,""diff_ratio"":2.081,""contact_probability"":0.07174608},{""index"":23,""time"":3.428,""score"":2.072,""rms_ratio"":4.012,""diff_ratio"":1.07,""contact_probability"":0.00062905},{""index"":24,""time"":0.287,""score"":1.641,""rms_ratio"":1.33,""diff_ratio"":2.023,""contact_probability"":0.00078714}]",candidate_selected
958,F_1050,dataset/fly_ball/Codex_Workstation/F_1050,2.0,yes,24,6.517,0.98946134,3.535,0.7833643177503908,24,"[{""index"":1,""time"":2.027,""score"":9.503,""rms_ratio"":11.4,""diff_ratio"":7.922,""contact_probability"":0.85718223},{""index"":2,""time"":2.088,""score"":2.118,""rms_ratio"":1.688,""diff_ratio"":2.657,""contact_probability"":0.001327},{""index"":3,""time"":1.888,""score"":2.816,""rms_ratio"":2.919,""diff_ratio"":2.717,""contact_probability"":0.00118112},{""index"":4,""time"":1.827,""score"":10.004,""rms_ratio"":4.651,""diff_ratio"":21.519,""contact_probability"":0.95007207},{""index"":5,""time"":2.237,""score"":4.125,""rms_ratio"":2.028,""diff_ratio"":8.392,""contact_probability"":0.03468251},{""index"":6,""time"":1.692,""score"":2.103,""rms_ratio"":1.777,""diff_ratio"":2.488,""contact_probability"":0.00186746},{""index"":7,""time"":1.645,""score"":1.74,""rms_ratio"":1.377,""diff_ratio"":2.198,""contact_probability"":5.634e-05},{""index"":8,""time"":2.372,""score"":6.029,""rms_ratio"":9.21,""diff_ratio"":3.947,""contact_probability"":0.96321238},{""index"":9,""time"":1.587,""score"":3.687,""rms_ratio"":2.75,""diff_ratio"":4.942,""contact_probability"":0.00227806},{""index"":10,""time"":2.438,""score"":1.528,""rms_ratio"":1.779,""diff_ratio"":1.313,""contact_probability"":0.00153139},{""index"":11,""time"":2.475,""score"":1.201,""rms_ratio"":1.363,""diff_ratio"":1.059,""contact_probability"":0.00107164},{""index"":12,""time"":1.523,""score"":1.647,""rms_ratio"":1.219,""diff_ratio"":2.226,""contact_probability"":0.00397735},{""index"":13,""time"":1.475,""score"":1.438,""rms_ratio"":1.069,""diff_ratio"":1.935,""contact_probability"":0.00017206},{""index"":14,""time"":1.423,""score"":1.874,""rms_ratio"":1.472,""diff_ratio"":2.384,""contact_probability"":0.00020475},{""index"":15,""time"":2.578,""score"":1.293,""rms_ratio"":1.364,""diff_ratio"":1.226,""contact_probability"":7.855e-05},{""index"":16,""time"":0.472,""score"":8.256,""rms_ratio"":7.257,""diff_ratio"":9.393,""contact_probability"":0.63046757},{""index"":17,""time"":4.977,""score"":8.069,""rms_ratio"":12.844,""diff_ratio"":5.07,""contact_probability"":0.89465563},{""index"":18,""time"":4.102,""score"":6.941,""rms_ratio"":9.685,""diff_ratio"":4.974,""contact_probability"":0.92595549},{""index"":19,""time"":1.148,""score"":5.611,""rms_ratio"":4.704,""diff_ratio"":6.694,""contact_probability"":0.24753017},{""index"":20,""time"":4.418,""score"":5.318,""rms_ratio"":7.509,""diff_ratio"":3.766,""contact_probability"":0.92593256},{""index"":21,""time"":6.867,""score"":4.622,""rms_ratio"":4.658,""diff_ratio"":4.587,""contact_probability"":0.79616266},{""index"":22,""time"":4.327,""score"":4.179,""rms_ratio"":3.174,""diff_ratio"":5.502,""contact_probability"":0.13405074},{""index"":23,""time"":6.168,""score"":3.763,""rms_ratio"":3.805,""diff_ratio"":3.722,""contact_probability"":0.96118185},{""index"":24,""time"":6.517,""score"":3.535,""rms_ratio"":3.485,""diff_ratio"":3.585,""contact_probability"":0.98946134}]",candidate_selected
