global_index,repair_batch,repair_batch_index,collector,sample_id,main_relative_path,before_event_start,before_event_end,old_prefilter_status,old_primary_error,qwen_model,qwen_decision,qwen_visual_time,qwen_window_start,qwen_window_end,qwen_contact_sound_audible,qwen_contact_sound_normal_speed,selected_candidate_index,selected_candidate_time,selected_candidate_probability,selected_candidate_score,proposed_event_start,proposed_event_end,disposition,visual_evidence,failure_reason
1207,audit_checkpoint_001,1,Zhengxuan_Liu,F_034,dataset/fly_ball/Zhengxuan_Liu/F_034,0.91,0.917,needs_edit,clip_too_short,qwen3.5-omni-plus,contact_context_ok,1.0,0.5,2.0,True,True,,,,,,,contact_visible_audio_unresolved,Pitcher delivers the ball at 0:00-0:01. Batter swings and makes contact with the ball at approximately 0:01. The camera immediately follows the ball's trajectory into the outfield.,
1206,audit_checkpoint_001,2,Zhengxuan_Liu,F_033,dataset/fly_ball/Zhengxuan_Liu/F_033,1.138,1.15,needs_edit,clip_too_short,qwen3.5-omni-plus,contact_context_ok,1.0,0.5,2.0,True,True,1,1.145,0.73495851,3.954,1.095,1.195,candidate_bound_pending_second_review,"At ~0:00–0:01, the pitcher delivers and the batter swings; at ~0:01 a clear bat-ball contact is visible with immediate ball departure toward right-center, followed by normal-speed flight to the wall.",
1205,audit_checkpoint_001,3,Zhengxuan_Liu,F_032,dataset/fly_ball/Zhengxuan_Liu/F_032,0.809,0.815,needs_edit,contact_timestamp_wrong,qwen3.5-omni-plus,contact_context_ok,1.0,0.0,3.0,True,True,,,,,,,contact_visible_audio_unresolved,A pitcher throws the ball towards home plate. The batter swings and makes contact with the ball at approximately 00:01. The camera immediately cuts to follow the ball's flight into the outfield.,
1204,audit_checkpoint_001,4,Zhengxuan_Liu,F_031,dataset/fly_ball/Zhengxuan_Liu/F_031,2.171,2.179,needs_edit,clip_too_short,qwen3.5-omni-plus,contact_context_ok,2.0,1.5,3.0,True,True,1,2.173,0.77466707,6.619,2.123,2.223,candidate_bound_pending_second_review,A pitcher delivers a pitch (0:00-0:01). The batter swings and makes contact with the ball at approximately 0:02. The camera immediately cuts to follow the batted ball into the outfield where it is caught.,
1203,audit_checkpoint_001,5,Zhengxuan_Liu,F_030,dataset/fly_ball/Zhengxuan_Liu/F_030,1.115,1.122,needs_edit,clip_too_short,qwen3.5-omni-plus,contact_context_ok,1.0,0.5,2.0,True,True,1,1.115,0.75839809,6.386,1.065,1.165,candidate_bound_pending_second_review,"Pitcher winds up and delivers pitch; batter swings and makes contact with the ball at approximately 0:01, followed by the ball flying into the outfield.",
1202,audit_checkpoint_001,6,Zhengxuan_Liu,F_029,dataset/fly_ball/Zhengxuan_Liu/F_029,1.204,1.211,needs_edit,clip_too_short,qwen3.5-omni-plus,contact_context_ok,1.8,0.5,3.5,True,True,1,1.205,0.61569325,7.843,1.155,1.255,candidate_bound_pending_second_review,"Pitcher winds up and throws (0:00-0:01), batter swings and makes contact with the ball (0:01-0:02), ball is hit into play and camera follows the runner (0:02-0:07).",
1201,audit_checkpoint_001,7,Zhengxuan_Liu,F_028,dataset/fly_ball/Zhengxuan_Liu/F_028,0.852,0.859,needs_edit,clip_too_short,qwen3.5-omni-plus,contact_context_ok,0.8,0.5,1.2,True,True,1,0.856,0.72184391,5.739,0.806,0.906,candidate_bound_pending_second_review,"A live pitch is thrown to a visible batter who swings and makes contact with the ball at approximately 0:00-0:01, followed by the ball flying into the outfield.",
1200,audit_checkpoint_001,8,Zhengxuan_Liu,F_027,dataset/fly_ball/Zhengxuan_Liu/F_027,1.148,1.156,needs_edit,clip_too_short,qwen3.5-omni-plus,contact_context_ok,1.0,0.5,2.0,True,True,1,1.15,0.8399347,6.838,1.100,1.200,candidate_bound_pending_second_review,"At 00:00 the pitcher delivers; at ~00:01 the batter swings and makes contact with a visible crack of the bat and immediate ball departure toward right field, followed by normal-speed outfield pursuit.",
1199,audit_checkpoint_001,9,Zhengxuan_Liu,F_026,dataset/fly_ball/Zhengxuan_Liu/F_026,1.297,1.307,needs_edit,clip_too_short,qwen3.5-omni-plus,contact_context_ok,1.0,0.5,2.0,True,True,1,1.3,0.67504075,7.246,1.250,1.350,candidate_bound_pending_second_review,Pitcher winds up and delivers pitch (0:00-0:01). Batter swings and makes contact with the ball at approx 0:01. Camera follows ball flight into outfield.,
1198,audit_checkpoint_001,10,Zhengxuan_Liu,F_025,dataset/fly_ball/Zhengxuan_Liu/F_025,0.441,0.449,needs_edit,clip_too_short,qwen3.5-omni-plus,contact_context_ok,0.8,0.5,1.2,True,True,,,,,,,contact_visible_audio_unresolved,"Pitcher delivers ball (0:00-0:01), batter swings and connects with the ball (0:01), followed by the camera panning to track the ball's flight into the outfield (0:02+).",
1197,audit_checkpoint_001,11,Zhengxuan_Liu,F_024,dataset/fly_ball/Zhengxuan_Liu/F_024,1.902,1.916,needs_edit,clip_too_short,qwen3.5-omni-plus,contact_context_ok,2.0,1.5,3.0,True,True,,,,,,,contact_visible_audio_unresolved,"A pitcher delivers the ball, the batter swings and makes contact around 00:02, followed by the camera tracking the ball's flight into the stands.",
1196,audit_checkpoint_001,12,Zhengxuan_Liu,F_023,dataset/fly_ball/Zhengxuan_Liu/F_023,0.443,0.451,needs_edit,clip_too_short,qwen3.5-omni-plus,contact_context_ok,0.8,0.3,1.5,True,True,1,0.446,0.99409538,7.252,0.396,0.496,candidate_bound_pending_second_review,"At 0:00–0:02 the pitcher delivers; at ~0:00.8 the batter swings and makes contact with a visible bat-ball impact and immediate ball departure toward left field, followed by camera tracking the ball in flight.",
1195,audit_checkpoint_001,13,Zhengxuan_Liu,F_022,dataset/fly_ball/Zhengxuan_Liu/F_022,2.035,2.047,needs_edit,clip_too_short,qwen3.5-omni-plus,contact_context_ok,2.0,1.0,3.5,True,True,1,2.038,0.9686712,7.396,1.988,2.088,candidate_bound_pending_second_review,"The video shows a pitcher winding up and delivering a pitch. The batter swings and makes contact with the ball at approximately 00:02, followed immediately by the ball flying into the outfield.",
1194,audit_checkpoint_001,14,Zhengxuan_Liu,F_021,dataset/fly_ball/Zhengxuan_Liu/F_021,0.369,0.379,needs_edit,clip_too_short,qwen3.5-omni-plus,contact_context_ok,0.8,0.5,1.5,True,True,,,,,,,contact_visible_audio_unresolved,"The video shows a pitcher delivering the ball (0:00-0:01), followed immediately by the batter swinging and making contact with the ball (approx 0:01). The camera then cuts to follow the ball's flight into the outfield.",
1193,audit_checkpoint_001,15,Zhengxuan_Liu,F_020,dataset/fly_ball/Zhengxuan_Liu/F_020,1.127,1.132,needs_edit,clip_too_short,qwen3.5-omni-plus,contact_context_ok,1.2,0.8,1.6,True,True,1,1.13,0.94972564,4.255,1.080,1.180,candidate_bound_pending_second_review,Pitcher winds up and delivers (0:00-0:01). Batter swings and makes contact with the ball at approx 0:01. The camera follows the ball's flight into the outfield.,
1192,audit_checkpoint_001,16,Zhengxuan_Liu,F_019,dataset/fly_ball/Zhengxuan_Liu/F_019,0.866,0.874,needs_edit,clip_too_short,qwen3.5-omni-plus,contact_context_ok,1.0,0.0,3.0,True,True,1,0.871,0.94931269,4.343,0.821,0.921,candidate_bound_pending_second_review,"At 00:00, the pitcher delivers the ball. At approximately 00:01, the batter swings and makes contact with the ball. The camera immediately follows the ball's flight into the outfield.",
1191,audit_checkpoint_001,17,Zhengxuan_Liu,F_018,dataset/fly_ball/Zhengxuan_Liu/F_018,0.998,1.008,needs_edit,clip_too_short,qwen3.5-omni-plus,contact_context_ok,1.0,0.5,2.0,True,True,1,1.0,0.97452365,7.584,0.950,1.050,candidate_bound_pending_second_review,Pitcher delivers ball at 00:00. Batter swings and makes contact with the ball at approximately 00:01. Camera follows the ball into the outfield.,
1190,audit_checkpoint_001,18,Zhengxuan_Liu,F_017,dataset/fly_ball/Zhengxuan_Liu/F_017,0.788,0.796,needs_edit,clip_too_short,qwen3.5-omni-plus,contact_context_ok,0.8,0.5,1.5,True,True,1,0.791,0.99744689,7.844,0.741,0.841,candidate_bound_pending_second_review,At 00:00.6 the pitcher releases the ball. At 00:00.8 the batter swings and makes contact with the pitch. The ball is seen flying into the outfield immediately after.,
1189,audit_checkpoint_001,19,Zhengxuan_Liu,F_016,dataset/fly_ball/Zhengxuan_Liu/F_016,0.838,0.847,needs_edit,clip_too_short,qwen3.5-omni-plus,contact_context_ok,1.0,0.5,2.5,True,True,1,0.841,0.99927627,19.592,0.791,0.891,candidate_bound_pending_second_review,"A pitcher throws the ball, and the batter swings, making contact with the ball which flies into the outfield.",
1188,audit_checkpoint_001,20,Zhengxuan_Liu,F_015,dataset/fly_ball/Zhengxuan_Liu/F_015,0.603,0.62,needs_edit,clip_too_short,qwen3.5-omni-plus,contact_context_ok,0.8,0.5,1.5,True,True,1,0.611,0.9560944,7.131,0.561,0.661,candidate_bound_pending_second_review,"A pitcher delivers the ball and a batter swings at 0:00-0:01. The bat connects with the ball (visible impact) around 0:01, followed immediately by the ball flying into the outfield.",
1187,audit_checkpoint_001,21,Zhengxuan_Liu,F_014,dataset/fly_ball/Zhengxuan_Liu/F_014,1.893,1.903,needs_edit,clip_too_short,qwen3.5-omni-plus,contact_context_ok,2.0,1.5,3.0,True,True,1,1.898,0.90714422,3.808,1.848,1.948,candidate_bound_pending_second_review,"Pitcher delivers pitch (0:00-0:01), batter swings and makes contact with the ball (0:01-0:02), followed by the ball flying into the outfield (0:02-0:07).",
1186,audit_checkpoint_001,22,Zhengxuan_Liu,F_013,dataset/fly_ball/Zhengxuan_Liu/F_013,2.134,2.142,needs_edit,clip_too_short,qwen3.5-omni-plus,contact_context_ok,2.0,1.0,3.0,True,True,1,2.138,0.98089359,6.308,2.088,2.188,candidate_bound_pending_second_review,Pitcher delivers pitch at 0:00-0:01. Batter swings and makes visible contact with the ball at approx 0:02. The ball is seen flying into the outfield immediately after.,
1185,audit_checkpoint_001,23,Zhengxuan_Liu,F_012,dataset/fly_ball/Zhengxuan_Liu/F_012,1.301,1.312,needs_edit,clip_too_short,qwen3.5-omni-plus,contact_context_ok,1.0,0.5,2.5,True,True,1,1.305,0.88323119,6.933,1.255,1.355,candidate_bound_pending_second_review,Pitcher winds up and delivers (0:00-0:01). Batter swings and makes visible contact with the ball at approx 0:01. Camera cuts to outfield view showing the ball in flight.,
1184,audit_checkpoint_001,24,Zhengxuan_Liu,F_011,dataset/fly_ball/Zhengxuan_Liu/F_011,0.816,0.826,needs_edit,clip_too_short,qwen3.5-omni-plus,contact_context_ok,1.0,0.5,2.0,True,True,1,0.821,0.99672688,7.352,0.771,0.871,candidate_bound_pending_second_review,"Pitcher delivers pitch (0:00-0:01), batter swings and makes contact with ball (0:01), followed by ball flight into outfield (0:02+).",
1183,audit_checkpoint_001,25,Zhengxuan_Liu,F_010,dataset/fly_ball/Zhengxuan_Liu/F_010,0.837,0.846,needs_edit,clip_too_short,qwen3.5-omni-plus,contact_context_ok,1.0,0.5,2.0,True,True,,,,,,,contact_visible_audio_unresolved,Pitcher delivers pitch at 0:00; batter swings and makes visible contact around 0:01 with follow-through; camera cuts to ball flight in outfield.,
1182,audit_checkpoint_001,26,Zhengxuan_Liu,F_009,dataset/fly_ball/Zhengxuan_Liu/F_009,0.823,0.833,needs_edit,clip_too_short,qwen3.5-omni-plus,contact_context_ok,0.5,0.0,1.5,True,True,1,0.826,0.70718575,4.432,0.776,0.876,candidate_bound_pending_second_review,Pitcher delivers the ball at 0:00. Batter swings and makes contact with the ball around 0:00-0:01. The camera follows the ball into the outfield.,
1181,audit_checkpoint_001,27,Zhengxuan_Liu,F_008,dataset/fly_ball/Zhengxuan_Liu/F_008,1.427,1.436,needs_edit,contact_timestamp_wrong,qwen3.5-omni-plus,contact_context_ok,1.2,0.5,3.0,True,True,,,,,,,contact_visible_audio_unresolved,Pitcher delivers (0:00-0:01); batter swings and makes contact (~0:01) with immediate follow-through; camera cuts to ball flight in outfield (0:02+).,
1180,audit_checkpoint_001,28,Zhengxuan_Liu,F_007,dataset/fly_ball/Zhengxuan_Liu/F_007,0.642,0.656,needs_edit,clip_too_short,qwen3.5-omni-plus,contact_context_ok,0.5,0.0,2.0,True,True,1,0.646,0.942102,7.745,0.596,0.696,candidate_bound_pending_second_review,A pitcher delivers the ball to a batter at home plate. The batter swings and makes contact with the ball around the 0:01 mark. The camera then cuts to follow the ball's flight into the outfield.,
1179,audit_checkpoint_001,29,Zhengxuan_Liu,F_006,dataset/fly_ball/Zhengxuan_Liu/F_006,1.207,1.22,needs_edit,clip_too_short,qwen3.5-omni-plus,contact_context_ok,0.8,0.5,1.5,True,True,11,0.691,0.76594918,3.705,0.641,0.741,candidate_bound_pending_second_review,Pitcher delivers the ball at 0:00. Batter swings and makes contact with the ball around 0:01. The camera immediately cuts to follow the ball's flight into the outfield.,
1178,audit_checkpoint_001,30,Zhengxuan_Liu,F_005,dataset/fly_ball/Zhengxuan_Liu/F_005,1.947,1.951,needs_edit,clip_too_short,qwen3.5-omni-plus,contact_context_ok,2.8,1.5,4.0,True,True,1,1.948,0.96062434,3.949,1.898,1.998,candidate_bound_pending_second_review,"Pitcher winds up and delivers pitch (0:00-0:02). Batter swings and makes contact with the ball (0:02-0:03), sending it into the outfield. Camera follows the ball's trajectory.",
1177,audit_checkpoint_001,31,Zhengxuan_Liu,F_004,dataset/fly_ball/Zhengxuan_Liu/F_004,2.296,2.301,needs_edit,clip_too_short,qwen3.5-omni-plus,contact_context_ok,0.02,0.0,1.5,True,True,,,,,,,contact_visible_audio_unresolved,"Pitcher delivers pitch at 0:00, batter swings and makes contact with the ball at approximately 0:02, followed by immediate ball flight into the outfield.",
1176,audit_checkpoint_001,32,Zhengxuan_Liu,F_003,dataset/fly_ball/Zhengxuan_Liu/F_003,2.043,2.051,needs_edit,clip_too_short,qwen3.5-omni-plus,contact_context_ok,2.1,1.8,3.0,True,True,,,,,,,contact_visible_audio_unresolved,"A live pitch arrives at the plate and the batter swings, making contact with the ball around 00:02. The camera then follows the ball's flight into the outfield.",
1175,audit_checkpoint_001,33,Zhengxuan_Liu,F_002,dataset/fly_ball/Zhengxuan_Liu/F_002,1.635,1.638,needs_edit,clip_too_short,qwen3.5-omni-plus,contact_context_ok,2.0,1.5,3.0,True,True,,,,,,,contact_visible_audio_unresolved,A pitcher delivers a pitch at 00:01. The batter swings and makes contact with the ball around 00:02. The camera follows the ball's flight into the outfield.,
1174,audit_checkpoint_001,34,Zhengxuan_Liu,F_001,dataset/fly_ball/Zhengxuan_Liu/F_001,1.508,1.517,needs_edit,clip_too_short,qwen3.5-omni-plus,contact_context_ok,2.0,1.5,3.0,True,True,1,1.509,0.99999997,6.032,1.459,1.559,candidate_bound_pending_second_review,"A pitcher delivers the ball (00:00-00:01), the batter swings and makes contact with the ball (approx 00:02), followed by a cut to the ball flying into the outfield.",
1173,audit_checkpoint_001,35,Codex_Workstation,F_1289,dataset/fly_ball/Codex_Workstation/F_1289,1.950,2.050,needs_edit,clip_too_short,qwen3.5-omni-plus,contact_context_ok,0.02,0.0,0.5,True,True,,,,,,,contact_visible_audio_unresolved,"Pitcher delivers the ball (0:00-0:01), batter swings and makes contact with a visible follow-through (0:01-0:03), followed by the camera tracking the batted ball into the outfield.",
1172,audit_checkpoint_001,36,Codex_Workstation,F_1288,dataset/fly_ball/Codex_Workstation/F_1288,1.950,2.050,needs_edit,clip_too_short,qwen3.5-omni-plus,contact_context_ok,0.8,0.0,3.0,True,True,14,0.962,0.98763369,3.15,0.912,1.012,candidate_bound_pending_second_review,"Pitcher delivers the ball at 0:01, batter swings and makes contact around 0:02, followed by the ball flying into the outfield.",
1171,audit_checkpoint_001,37,Codex_Workstation,F_1287,dataset/fly_ball/Codex_Workstation/F_1287,1.950,2.050,direct_use_candidate,audio_and_context_pass,qwen3.5-omni-plus,no_live_contact,,,,False,False,,,,,,,needs_source_recut_no_visual_contact,"The video starts with an outfielder already running to catch a fly ball. There is no view of the batter, pitcher, or the moment of bat-ball contact. The clip only shows the result of the play (the catch) and subsequent celebration.",No live batting action is visible in the clip. The video begins after the ball has been hit.
1170,audit_checkpoint_001,38,Codex_Workstation,F_1286,dataset/fly_ball/Codex_Workstation/F_1286,1.950,2.050,direct_use_candidate,audio_and_context_pass,qwen3.5-omni-plus,no_live_contact,,,,False,False,,,,,,,needs_source_recut_no_visual_contact,"The clip begins with the ball already in flight to the outfield (00:00), followed by an attempted catch and subsequent base running. No batter, pitch delivery, or swing is visible at any point.",No live batting action is visible; the clip starts after contact has occurred.
1169,audit_checkpoint_001,39,Codex_Workstation,F_1285,dataset/fly_ball/Codex_Workstation/F_1285,1.950,2.050,direct_use_candidate,audio_and_context_pass,qwen3.5-omni-plus,no_live_contact,,,,False,False,,,,,,,needs_source_recut_no_visual_contact,The clip begins with the ball already in flight toward the outfield. There is no view of the pitcher delivering the ball or the batter swinging at any point.,No live batting action is visible; the video starts after contact has occurred.
1168,audit_checkpoint_001,40,Codex_Workstation,F_1284,dataset/fly_ball/Codex_Workstation/F_1284,1.950,2.050,needs_edit,clip_too_short,qwen3.5-omni-plus,no_live_contact,,,,False,False,,,,,,,needs_source_recut_no_visual_contact,"The video clip begins with the ball already in flight towards the outfield wall. No batter, pitcher, or swing is visible at any point in the footage.",The clip starts after the bat-ball contact has occurred; it only shows the ball's flight and landing in the stands.
1167,audit_checkpoint_001,41,Codex_Workstation,F_1283,dataset/fly_ball/Codex_Workstation/F_1283,1.950,2.050,needs_edit,clip_too_short,qwen3.5-omni-plus,contact_context_ok,2.0,1.5,3.0,True,True,1,2.007,0.98362539,6.55,1.957,2.057,candidate_bound_pending_second_review,Pitcher delivers pitch at 0:01; batter swings and makes contact with the ball at approximately 0:02; ball is seen flying into left field.,
1166,audit_checkpoint_001,42,Codex_Workstation,F_1282,dataset/fly_ball/Codex_Workstation/F_1282,1.950,2.050,direct_use_candidate,audio_and_context_pass,qwen3.5-omni-plus,no_live_contact,,,,False,False,,,,,,,needs_source_recut_no_visual_contact,"The video begins with a runner already in motion between bases (0:00), followed by the ball rolling on the ground (0:01) and the runner sliding into third base (0:02-0:04). There is no visible batter, pitch, swing, or bat-ball contact event.",No live batting action or bat-ball contact is visible. The clip shows only the aftermath of a hit (runner advancing).
1165,audit_checkpoint_001,43,Codex_Workstation,F_1281,dataset/fly_ball/Codex_Workstation/F_1281,1.950,2.050,needs_edit,contact_timestamp_wrong,qwen3.5-omni-plus,contact_needs_recut,,,,True,True,,,,,,,needs_source_recut,"No live batting action visible. The clip shows a runner on base (0:00–0:02), then cuts to a slow-motion replay of the pitch crossing the plate and catcher receiving it (0:03–0:06). There is no view of the batter swinging or making contact during live play.",Live bat-ball contact cannot be verified because the video does not show a batter swinging or any visual evidence of contact; only post-contact runner movement and a slow-motion replay of the pitch are shown.
1164,audit_checkpoint_001,44,Codex_Workstation,F_1280,dataset/fly_ball/Codex_Workstation/F_1280,3.860,3.960,needs_edit,clip_too_short,qwen3.5-omni-plus,contact_context_ok,0.9,0.5,1.5,True,True,,,,,,,contact_visible_audio_unresolved,Pitcher delivers the ball; batter swings and makes contact with the ball at approximately 0:00-0:01; ball is hit into the field; batter begins running towards first base.,
1163,audit_checkpoint_001,45,Codex_Workstation,F_1279,dataset/fly_ball/Codex_Workstation/F_1279,1.950,2.050,needs_edit,contact_timestamp_wrong,qwen3.5-omni-plus,no_live_contact,,,,False,False,,,,,,,needs_source_recut_no_visual_contact,The video starts with the ball already in flight towards the outfield (00:00). The batter and pitcher are not visible. The clip shows an outfielder making a sliding catch followed by a replay of the catch. No live batting action or contact is shown.,No visual evidence of the batter swinging or the ball being hit; the clip begins after contact has occurred.
1162,audit_checkpoint_001,46,Codex_Workstation,F_1278,dataset/fly_ball/Codex_Workstation/F_1278,1.830,1.930,direct_use_candidate,audio_and_context_pass,qwen3.5-omni-plus,contact_context_ok,2.1,1.5,3.0,True,True,1,1.898,0.99583906,8.017,1.848,1.948,candidate_bound_pending_second_review,"A batter is visible at the plate. The pitcher throws the ball, and the batter swings, making contact around 2.1 seconds. The ball is hit into the field of play.",
1161,audit_checkpoint_001,47,Codex_Workstation,F_1277,dataset/fly_ball/Codex_Workstation/F_1277,1.950,2.050,direct_use_candidate,audio_and_context_pass,qwen3.5-omni-plus,contact_needs_recut,,,,False,False,,,,,,,needs_source_recut,"The video starts with the ball already in play and the batter running towards first base. No pitch delivery, swing, or bat-ball contact is visible.","No live batting action (pitch, swing, contact) is visible in the clip; it begins after the ball has been hit."
1160,audit_checkpoint_001,48,Codex_Workstation,F_1276,dataset/fly_ball/Codex_Workstation/F_1276,0.230,0.330,needs_edit,clip_too_short,qwen3.5-omni-plus,contact_context_ok,2.8,1.5,4.0,True,True,10,2.668,0.98382293,5.294,2.618,2.718,candidate_bound_pending_second_review,"Pitcher winds up and throws (0:01-0:02), batter swings and makes contact with the ball (0:02-0:03), followed by the ball flying into the outfield.",
1159,audit_checkpoint_001,49,Codex_Workstation,F_1275,dataset/fly_ball/Codex_Workstation/F_1275,1.950,2.050,needs_edit,source_recovery_required,qwen3.5-omni-plus,contact_context_ok,0.8,0.5,1.2,True,True,16,0.897,0.99878921,1.941,0.847,0.947,candidate_bound_pending_second_review,"The video shows a pitcher delivering a pitch (0:00-0:01). The batter swings and makes visible contact with the ball at approximately 0:01. The camera immediately cuts to follow the ball's trajectory down the left field line, confirming the hit.",
1158,audit_checkpoint_001,50,Codex_Workstation,F_1273,dataset/fly_ball/Codex_Workstation/F_1273,1.950,2.050,needs_edit,contact_timestamp_wrong,qwen3.5-omni-plus,no_live_contact,,,,False,False,,,,,,,needs_source_recut_no_visual_contact,"The video shows only post-contact events: a runner rounding third and scoring (00:00–00:03), fielder reaction, and celebration near home plate. No pitch delivery, batter swing, or immediate batted-ball departure is visible.",No live bat-ball contact is visible; the clip starts after contact with runners advancing and celebrating.
1157,audit_checkpoint_001,51,Codex_Workstation,F_1272,dataset/fly_ball/Codex_Workstation/F_1272,1.950,2.050,direct_use_candidate,audio_and_context_pass,qwen3.5-omni-plus,contact_needs_recut,,,,False,False,,,,,,,needs_source_recut,"The video shows a batter swinging and making contact with the ball at 00:00. However, the visual action is clearly in slow motion (pitcher's follow-through and batter's swing are unnaturally slow). A second clip starting at 00:03 also shows the pitch and swing in slow motion. No normal-speed live contact sequence is present.","The batting action and contact are shown exclusively in slow motion/replay, which violates the requirement for unambiguous normal-speed contact."
1156,audit_checkpoint_001,52,Codex_Workstation,F_1271,dataset/fly_ball/Codex_Workstation/F_1271,5.310,5.410,needs_edit,contact_timestamp_wrong,qwen3.5-omni-plus,no_live_contact,,,,False,False,,,,,,,needs_source_recut_no_visual_contact,No batter or pitch is visible; the clip shows only outfielders tracking a ball already in flight and fielding it.,No live batting action visible.
1155,audit_checkpoint_001,53,Codex_Workstation,F_1270,dataset/fly_ball/Codex_Workstation/F_1270,1.950,2.050,needs_edit,clip_too_short,qwen3.5-omni-plus,contact_context_ok,2.0,1.5,3.5,True,True,1,2.027,0.99970279,10.998,1.977,2.077,candidate_bound_pending_second_review,Pitcher winds up and throws; batter swings and makes contact with the ball around 0:02; ball is seen flying into the outfield.,
1154,audit_checkpoint_001,54,Codex_Workstation,F_1269,dataset/fly_ball/Codex_Workstation/F_1269,5.728,5.828,needs_edit,contact_timestamp_wrong,qwen3.5-omni-plus,no_live_contact,,,,False,False,,,,,,,needs_source_recut_no_visual_contact,"The video begins with the ball already in flight towards the outfield. The camera tracks an outfielder running back to the wall to make a catch. No batter, pitcher, or swing is visible in the clip.",No live batting action is visible; the clip shows only the result of a hit (ball flight and catch).
1153,audit_checkpoint_001,55,Codex_Workstation,F_1268,dataset/fly_ball/Codex_Workstation/F_1268,1.950,2.050,needs_edit,clip_too_short,qwen3.5-omni-plus,no_live_contact,,,,False,False,,,,,,,needs_source_recut_no_visual_contact,"The video shows post-game fireworks and players celebrating on the field after the final out. No live pitching, batting, or ball-in-play action is visible.",No batter or live pitch/swing sequence is visible in the clip; it depicts a post-game celebration.
1152,audit_checkpoint_001,56,Codex_Workstation,F_1267,dataset/fly_ball/Codex_Workstation/F_1267,1.950,2.050,needs_edit,clip_too_short,qwen3.5-omni-plus,no_live_contact,,,,False,False,,,,,,,needs_source_recut_no_visual_contact,"The video shows the ball in flight towards the outfield wall (00:00-00:02) and a player running the bases (00:03-00:06). No batter, pitch arrival, or swing is visible.",No live batting action is visible; the clip begins after contact has occurred.
1151,audit_checkpoint_001,57,Codex_Workstation,F_1266,dataset/fly_ball/Codex_Workstation/F_1266,1.950,2.050,needs_edit,clip_too_short,qwen3.5-omni-plus,no_live_contact,,,,False,False,,,,,,,needs_source_recut_no_visual_contact,"The clip begins with the ball already in flight to the outfield. An outfielder (Rojas) is shown running and making a diving catch. There is no visual of a batter, pitcher, or swing at any point in the video.",No batting action is visible in the clip; it only shows the result of a hit (the fly ball and catch).
1150,audit_checkpoint_001,58,Codex_Workstation,F_1265,dataset/fly_ball/Codex_Workstation/F_1265,1.950,2.050,needs_edit,clip_too_short,qwen3.5-omni-plus,no_live_contact,,,,False,False,,,,,,,needs_source_recut_no_visual_contact,"The video begins with the ball already in flight towards the outfield. An outfielder runs back and catches the ball at the wall. No batter, pitcher, or swing is visible in the clip.",No batting action or pitch delivery is visible; the clip shows only the result of a hit (ball flight and catch).
1149,audit_checkpoint_001,59,Codex_Workstation,F_1264,dataset/fly_ball/Codex_Workstation/F_1264,1.950,2.050,direct_use_candidate,audio_and_context_pass,qwen3.5-omni-plus,no_live_contact,,,,True,True,,,,,,,needs_source_recut_no_visual_contact,"The clip begins with the ball already in flight to the outfield. No batter, pitch delivery, or swing is visible.",No live batting action is visible in the clip; it only shows the result of a hit (the ball in flight and the fielder's attempt).
1148,audit_checkpoint_001,60,Codex_Workstation,F_1263,dataset/fly_ball/Codex_Workstation/F_1263,1.950,2.050,needs_edit,clip_too_short,qwen3.5-omni-plus,no_live_contact,,,,False,False,,,,,,,needs_source_recut_no_visual_contact,"The clip begins with the ball already in flight towards the outfield wall. The batter, pitch delivery, swing, and bat-ball contact are not visible.",No live batting action is visible in the clip; it starts after the ball has been hit.
1147,audit_checkpoint_001,61,Codex_Workstation,F_1262,dataset/fly_ball/Codex_Workstation/F_1262,1.950,2.050,direct_use_candidate,audio_and_context_pass,qwen3.5-omni-plus,no_live_contact,,,,False,False,,,,,,,needs_source_recut_no_visual_contact,"The clip begins with the ball already in play in the outfield; no batter, pitch delivery, or swing is visible.",No live batting action is shown.
1146,audit_checkpoint_001,62,Codex_Workstation,F_1261,dataset/fly_ball/Codex_Workstation/F_1261,1.950,2.050,direct_use_candidate,audio_and_context_pass,qwen3.5-omni-plus,no_live_contact,,,,False,False,,,,,,,needs_source_recut_no_visual_contact,"The video clip begins with a runner already running the bases (00:00). The subsequent action shows a fielder throwing the ball to second base and a tag being applied on the runner sliding into the bag (00:01-00:03). There is no footage of a batter at home plate, a pitch delivery, or a swing. Therefore, no live bat-ball contact is visible.",No batting action is visible in the clip; the footage captures a baserunning play and a tag at second base.
1145,audit_checkpoint_001,63,Codex_Workstation,F_1260,dataset/fly_ball/Codex_Workstation/F_1260,5.543,5.643,needs_edit,clip_too_short,qwen3.5-omni-plus,contact_context_ok,0.5,0.2,1.0,True,True,,,,,,,contact_visible_audio_unresolved,"At 0:00, the pitcher is in motion and the batter is set. At 0:00-0:01, the pitch arrives, the batter swings, and contact is made with the ball flying into the outfield. The sequence continues with the ball landing and fielders reacting.",
1144,audit_checkpoint_001,64,Codex_Workstation,F_1258,dataset/fly_ball/Codex_Workstation/F_1258,1.950,2.050,needs_edit,contact_timestamp_wrong,qwen3.5-omni-plus,no_live_contact,,,,False,False,,,,,,,needs_source_recut_no_visual_contact,"The video begins with the ball already in play in the outfield; no batter, pitch, or swing is visible.",No live bat-ball contact is visible in the clip.
1143,audit_checkpoint_001,65,Codex_Workstation,F_1257,dataset/fly_ball/Codex_Workstation/F_1257,1.950,2.050,needs_edit,contact_timestamp_wrong,qwen3.5-omni-plus,no_live_contact,,,,False,False,,,,,,,needs_source_recut_no_visual_contact,"The clip begins with the ball already in flight to right-center field (00:00). It shows outfielders chasing the ball and a runner rounding the bases. No batter, pitch delivery, swing, or bat-ball contact is visible at any point.",No live batting action is visible; the clip starts after contact has occurred.
1142,audit_checkpoint_001,66,Codex_Workstation,F_1255,dataset/fly_ball/Codex_Workstation/F_1255,3.066,3.166,needs_edit,contact_timestamp_wrong,qwen3.5-omni-plus,no_live_contact,,,,False,False,,,,,,,needs_source_recut_no_visual_contact,"The video shows an outfielder running to catch a fly ball and then celebrating the final out. The actual pitch, batter swing, and contact moment are not visible in this clip.",No live batting action or bat-ball contact is visible; the clip only shows the result of the play (the catch) and the subsequent celebration.
1141,audit_checkpoint_001,67,Codex_Workstation,F_1254,dataset/fly_ball/Codex_Workstation/F_1254,1.950,2.050,direct_use_candidate,audio_and_context_pass,qwen3.5-omni-plus,no_live_contact,,,,False,False,,,,,,,needs_source_recut_no_visual_contact,"The video begins with the ball already in flight in the outfield and a runner rounding the bases. There is no footage of the batter, pitcher, or the moment of bat-ball contact.",No live batting action is visible. The clip starts after the ball has been hit.
1140,audit_checkpoint_001,68,Codex_Workstation,F_1253,dataset/fly_ball/Codex_Workstation/F_1253,3.964,4.064,needs_edit,contact_timestamp_wrong,qwen3.5-omni-plus,no_live_contact,,,,False,False,,,,,,,needs_source_recut_no_visual_contact,"No live pitch-swing-contact sequence is visible. The clip shows a batter standing after a play (0:00–0:01), then pitcher/catcher walking off and dugout celebration (0:01–0:06). No batting action or ball departure is shown.",No visible batting action; cannot verify contact.
1139,audit_checkpoint_001,69,Codex_Workstation,F_1252,dataset/fly_ball/Codex_Workstation/F_1252,6.615,6.715,needs_edit,clip_too_short,qwen3.5-omni-plus,contact_context_ok,0.2,0.0,1.5,True,True,,,,,,,contact_visible_audio_unresolved,At 0:00–0:02 the batter is shown swinging and making contact; at 0:03–0:04 the ball flight and outfielder are visible.,
1138,audit_checkpoint_001,70,Codex_Workstation,F_1251,dataset/fly_ball/Codex_Workstation/F_1251,1.950,2.050,needs_edit,contact_timestamp_wrong,qwen3.5-omni-plus,no_live_contact,,,,False,False,,,,,,,needs_source_recut_no_visual_contact,"The video shows a slow-motion replay of a play at first base, indicated by the 'REPLAY REVIEW' graphic. There is no batter, pitch, or swing visible in the clip.",No live batting action is present in the video; it is a replay of a field play.
1137,audit_checkpoint_001,71,Codex_Workstation,F_1250,dataset/fly_ball/Codex_Workstation/F_1250,1.950,2.050,needs_edit,clip_too_short,qwen3.5-omni-plus,contact_context_ok,1.0,0.0,3.0,True,True,15,0.863,0.99999879,7.309,0.813,0.913,candidate_bound_pending_second_review,"The video begins with a pitcher delivering the ball and the batter swinging, making contact at approximately 00:01. The camera immediately cuts to follow the ball's flight into the outfield where fielders are running.",
1136,audit_checkpoint_001,72,Codex_Workstation,F_1249,dataset/fly_ball/Codex_Workstation/F_1249,3.601,3.701,needs_edit,contact_timestamp_wrong,qwen3.5-omni-plus,no_live_contact,,,,False,False,,,,,,,needs_source_recut_no_visual_contact,"The video shows a pitcher on the mound reacting to a play that has already occurred. He is holding the baseball and looking toward the infield/outfield. There is no batter visible, no pitch thrown, and no swing taken within the clip duration.","No live batting action (pitch, swing, contact) is visible in the video clip; it only shows the aftermath of a play."
1135,audit_checkpoint_001,73,Codex_Workstation,F_1248,dataset/fly_ball/Codex_Workstation/F_1248,1.950,2.050,needs_edit,contact_timestamp_wrong,qwen3.5-omni-plus,no_live_contact,,,,False,False,,,,,,,needs_source_recut_no_visual_contact,"The video starts with the ball already in flight towards the outfield. No batter, pitcher, or swing is visible at any point in the clip.",No live batting action is visible; the clip shows only the result of a hit (ball in flight and catch).
1134,audit_checkpoint_001,74,Codex_Workstation,F_1247,dataset/fly_ball/Codex_Workstation/F_1247,1.950,2.050,needs_edit,contact_timestamp_wrong,qwen3.5-omni-plus,no_live_contact,,,,False,False,,,,,,,needs_source_recut_no_visual_contact,"The video shows the aftermath of a play: an outfielder pointing (00:00), a runner jogging off the field (00:01), and players walking on the field (00:03-00:06). No batter, pitch, or swing is visible.",No live batting action is visible in the clip; it only shows post-play reactions.
1133,audit_checkpoint_001,75,Codex_Workstation,F_1246,dataset/fly_ball/Codex_Workstation/F_1246,1.790,1.890,direct_use_candidate,audio_and_context_pass,qwen3.5-omni-plus,contact_context_ok,1.5,0.5,3.0,True,True,1,1.872,0.99893178,10.589,1.822,1.922,candidate_bound_pending_second_review,A pitcher delivers a pitch at 0:00-0:01. The batter swings and makes contact with the ball around 0:01-0:02. The camera follows the batted ball to the infield where a fielder makes a diving stop.,
1132,audit_checkpoint_001,76,Codex_Workstation,F_1245,dataset/fly_ball/Codex_Workstation/F_1245,5.589,5.689,needs_edit,clip_too_short,qwen3.5-omni-plus,no_live_contact,,,,False,False,,,,,,,needs_source_recut_no_visual_contact,"The video begins with an outfielder already diving to catch a fly ball. There is no footage of the batter, the pitch, or the swing.","No live batting action (pitch, swing, contact) is visible in the clip; it only shows the result of the play."
1131,audit_checkpoint_001,77,Codex_Workstation,F_1244,dataset/fly_ball/Codex_Workstation/F_1244,1.950,2.050,needs_edit,contact_timestamp_wrong,qwen3.5-omni-plus,no_live_contact,,,,True,True,,,,,,,needs_source_recut_no_visual_contact,"The clip begins with the ball already in flight toward center field; no batter, pitch arrival, swing, or immediate contact is visible. The sequence shows an outfielder tracking and diving to catch the ball, followed by a pitcher reaction shot.",No live bat-ball contact visible; only post-contact ball flight and catch are shown.
1130,audit_checkpoint_001,78,Codex_Workstation,F_1243,dataset/fly_ball/Codex_Workstation/F_1243,1.950,2.050,direct_use_candidate,audio_and_context_pass,qwen3.5-omni-plus,no_live_contact,,,,False,False,,,,,,,needs_source_recut_no_visual_contact,"The clip begins with an outfielder catching a fly ball and immediately throwing to the infield. The batter, pitch delivery, swing, and bat-ball contact are not visible at any point in the video.",No batting action is visible; the clip starts after the ball has been hit and is in flight.
1129,audit_checkpoint_001,79,Codex_Workstation,F_1242,dataset/fly_ball/Codex_Workstation/F_1242,1.950,2.050,needs_edit,clip_too_short,qwen3.5-omni-plus,contact_context_ok,0.0,0.0,6.5,True,True,1,2.027,0.62480781,3.006,1.977,2.077,candidate_bound_pending_second_review,"A batter (Pasquantino) is shown at the plate in a live game sequence. The pitch arrives and the batter swings, making contact with the ball around the 0:04 mark, followed by his follow-through.",
1128,audit_checkpoint_001,80,Codex_Workstation,F_1240,dataset/fly_ball/Codex_Workstation/F_1240,1.950,2.050,direct_use_candidate,audio_and_context_pass,qwen3.5-omni-plus,contact_context_ok,5.8,5.0,6.5,True,True,,,,,,,contact_visible_audio_unresolved,"A batter is visible at the plate starting at 0:05. The pitcher delivers, and the batter swings, making contact with the ball around 0:05-0:06.",
1127,audit_checkpoint_001,81,Codex_Workstation,F_1239,dataset/fly_ball/Codex_Workstation/F_1239,1.950,2.050,direct_use_candidate,audio_and_context_pass,qwen3.5-omni-plus,contact_context_ok,2.0,1.5,3.0,True,True,,,,,,,contact_visible_audio_unresolved,"At 00:02, the batter swings and makes contact with the pitch. The ball is seen flying into the outfield immediately after.",
1126,audit_checkpoint_001,82,Codex_Workstation,F_1238,dataset/fly_ball/Codex_Workstation/F_1238,1.950,2.050,direct_use_candidate,audio_and_context_pass,qwen3.5-omni-plus,contact_needs_recut,,,,False,False,,,,,,,needs_source_recut,"The video starts with a player walking on the field (0:00-0:01), then cuts to a wide shot of a play in progress where the ball is already hit and being fielded by an infielder (0:01 onwards). No batter, pitch, or swing is visible.","No live batting action (pitch, swing, contact) is visible in the clip; it shows only the aftermath of a hit."
1125,audit_checkpoint_001,83,Codex_Workstation,F_1237,dataset/fly_ball/Codex_Workstation/F_1237,3.555,3.655,needs_edit,source_recovery_required,qwen3.5-omni-plus,contact_context_ok,0.0,0.0,2.0,True,True,,,,,,,contact_visible_audio_unresolved,"The video shows a live sequence where the pitch arrives at home plate (0:00), the batter swings and makes contact with the ball (0:01), followed by the batter's follow-through and the ball leaving the frame.",
1124,audit_checkpoint_001,84,Codex_Workstation,F_1235,dataset/fly_ball/Codex_Workstation/F_1235,1.950,2.050,needs_edit,clip_too_short,qwen3.5-omni-plus,no_live_contact,,,,False,False,,,,,,,needs_source_recut_no_visual_contact,"The video begins after the ball has already been hit. It shows the ball in flight near the foul pole, a player walking in the dugout, and the batter running the bases. There is no footage of the pitch, swing, or bat-ball contact.","The clip only contains post-contact footage (ball flight, base running). The actual batting action where the pitch arrives and the batter swings is not visible."
1123,audit_checkpoint_001,85,Codex_Workstation,F_1234,dataset/fly_ball/Codex_Workstation/F_1234,1.950,2.050,needs_edit,audio_candidate_review,qwen3.5-omni-plus,contact_context_ok,0.9,0.5,1.5,True,True,,,,,,,contact_visible_audio_unresolved,"At 00:00, the pitcher delivers the ball. At approximately 00:00.9, the batter swings and makes contact with the pitch. The ball is immediately seen flying into the outfield as the batter runs towards first base.",
1122,audit_checkpoint_001,86,Codex_Workstation,F_1233,dataset/fly_ball/Codex_Workstation/F_1233,1.950,2.050,direct_use_candidate,audio_and_context_pass,qwen3.5-omni-plus,no_live_contact,,,,False,False,,,,,,,needs_source_recut_no_visual_contact,"The video begins after the ball has been hit. It shows an outfielder chasing a ball that is already in flight (00:00-00:03), followed by a runner rounding the bases (00:04-00:05). There is no visual of the batter, the pitch, or the swing.",No live batting action is visible in the clip; it only shows the aftermath of the play.
1121,audit_checkpoint_001,87,Codex_Workstation,F_1232,dataset/fly_ball/Codex_Workstation/F_1232,1.950,2.050,needs_edit,contact_timestamp_wrong,qwen3.5-omni-plus,no_live_contact,,,,False,False,,,,,,,needs_source_recut_no_visual_contact,"The video begins with the ball already in flight toward left field; no batter, pitch delivery, or swing is visible. The clip shows only the outfielder running, catching the ball near the wall, and the immediate aftermath.","No live batting action (pitch arrival, swing, or contact) is visible in the clip."
1120,audit_checkpoint_001,88,Codex_Workstation,F_1231,dataset/fly_ball/Codex_Workstation/F_1231,0.990,1.090,needs_edit,clip_too_short,qwen3.5-omni-plus,contact_context_ok,1.0,0.0,3.0,True,True,1,1.072,0.99999293,14.637,1.022,1.122,candidate_bound_pending_second_review,Pitcher winds up and delivers the ball (0:00-0:01). Batter swings and makes contact with the ball at approximately 0:01. The camera immediately cuts to follow the ball's flight into the outfield.,
1119,audit_checkpoint_001,89,Codex_Workstation,F_1230,dataset/fly_ball/Codex_Workstation/F_1230,0.970,1.070,needs_edit,clip_too_short,qwen3.5-omni-plus,contact_context_ok,1.0,0.0,2.0,True,True,1,1.058,0.99991316,7.336,1.008,1.108,candidate_bound_pending_second_review,Pitcher delivers pitch at 0:00. Batter swings and makes contact with the ball at approximately 0:01. Ball is seen flying into the outfield.,
1118,audit_checkpoint_001,90,Codex_Workstation,F_1229,dataset/fly_ball/Codex_Workstation/F_1229,1.170,1.270,direct_use_candidate,audio_and_context_pass,qwen3.5-omni-plus,contact_context_ok,0.8,0.5,1.2,True,True,,,,,,,contact_visible_audio_unresolved,"A batter swings and makes contact with the ball at approximately 00:00:00.8, followed by a fielder catching the ball.",
1117,audit_checkpoint_001,91,Codex_Workstation,F_1228,dataset/fly_ball/Codex_Workstation/F_1228,1.950,2.050,direct_use_candidate,audio_and_context_pass,qwen3.5-omni-plus,no_live_contact,,,,False,False,,,,,,,needs_source_recut_no_visual_contact,"The video begins with the ball already in play on the ground. A batter is running towards first base, and a fielder is fielding the ball. The pitch, swing, and contact moment are not visible.",No live bat-ball contact is visible; the clip starts after the ball has been hit.
1116,audit_checkpoint_001,92,Codex_Workstation,F_1227,dataset/fly_ball/Codex_Workstation/F_1227,1.950,2.050,needs_edit,contact_timestamp_wrong,qwen3.5-omni-plus,no_live_contact,,,,False,False,,,,,,,needs_source_recut_no_visual_contact,"The clip opens with the baseball already in flight in the outfield. The view shows an outfielder running and making a sliding catch. No batter, pitcher, or swing is visible at any point.","No live batting action (pitch, swing, contact) is visible in the video."
1115,audit_checkpoint_001,93,Codex_Workstation,F_1226,dataset/fly_ball/Codex_Workstation/F_1226,1.950,2.050,needs_edit,contact_timestamp_wrong,qwen3.5-omni-plus,contact_context_ok,0.2,0.0,1.0,True,True,13,0.377,0.81153601,2.946,0.327,0.427,candidate_bound_pending_second_review,"At 0:00–0:01, a live pitch arrives and the batter swings; bat-ball contact is implied by immediate ball flight toward center field followed by an outfielder diving catch sequence.",
1114,audit_checkpoint_001,94,Codex_Workstation,F_1225,dataset/fly_ball/Codex_Workstation/F_1225,1.950,2.050,needs_edit,clip_too_short,qwen3.5-omni-plus,no_live_contact,,,,False,False,,,,,,,needs_source_recut_no_visual_contact,"The video starts with the ball already in flight over the outfield wall (00:00), followed by shots of the batter running the bases and crossing home plate. No footage of the pitch, swing, or bat-ball contact is shown.",No live batting action is visible; the clip only shows the aftermath of a home run.
1113,audit_checkpoint_001,95,Codex_Workstation,F_1224,dataset/fly_ball/Codex_Workstation/F_1224,1.950,2.050,needs_edit,clip_too_short,qwen3.5-omni-plus,no_live_contact,,,,False,False,,,,,,,needs_source_recut_no_visual_contact,"The video begins after the ball has been hit. It shows only the outfielder chasing the ball in foul territory and the runner on base; there is no visible batter, pitch arrival, swing, or contact event.",No live bat-ball contact is visible in the clip.
1112,audit_checkpoint_001,96,Codex_Workstation,F_1223,dataset/fly_ball/Codex_Workstation/F_1223,1.950,2.050,direct_use_candidate,audio_and_context_pass,qwen3.5-omni-plus,contact_context_ok,0.8,0.0,2.0,True,True,,,,,,,contact_visible_audio_unresolved,"Pitcher delivers the ball, batter swings and makes contact with the ball at approximately 0:01, followed by the ball flying into the outfield.",
1111,audit_checkpoint_001,97,Codex_Workstation,F_1222,dataset/fly_ball/Codex_Workstation/F_1222,1.150,1.250,needs_edit,clip_too_short,qwen3.5-omni-plus,contact_context_ok,1.0,0.5,2.0,True,True,1,1.227,0.9987432,6.647,1.177,1.277,candidate_bound_pending_second_review,"Pitcher delivers the ball (0:00-0:01), batter swings and makes contact (0:01), ball flies into the outfield (0:02+).",
1110,audit_checkpoint_001,98,Codex_Workstation,F_1221,dataset/fly_ball/Codex_Workstation/F_1221,1.210,1.310,needs_edit,clip_too_short,qwen3.5-omni-plus,contact_context_ok,0.9,0.5,1.5,True,True,1,1.288,0.99999866,15.446,1.238,1.338,candidate_bound_pending_second_review,"Pitcher delivers the ball (0:00-0:01), batter swings and makes contact (0:01), followed by a cut to the ball flying into the outfield (0:02).",
1109,audit_checkpoint_001,99,Codex_Workstation,F_1220,dataset/fly_ball/Codex_Workstation/F_1220,3.860,3.960,needs_edit,clip_too_short,qwen3.5-omni-plus,no_live_contact,,,,False,False,,,,,,,needs_source_recut_no_visual_contact,"The clip begins with the ball already in flight towards the outfield; no batter, pitch delivery, or swing is visible.","No live batting action is visible. The video starts after contact has occurred, showing only the ball's flight and the subsequent catch."
1108,audit_checkpoint_001,100,Codex_Workstation,F_1219,dataset/fly_ball/Codex_Workstation/F_1219,3.456,3.556,needs_edit,clip_too_short,qwen3.5-omni-plus,no_live_contact,,,,False,False,,,,,,,needs_source_recut_no_visual_contact,"The video begins with the baseball already in flight towards the outfield. An outfielder is seen running back to catch the ball near the wall. There is no visual of a batter, pitcher, or the moment of bat-ball contact.","No live batting action (pitch arrival, swing, contact) is visible in the clip; the footage starts after the ball has been hit."
1107,audit_checkpoint_001,101,Codex_Workstation,F_1218,dataset/fly_ball/Codex_Workstation/F_1218,4.096,4.196,needs_edit,clip_too_short,qwen3.5-omni-plus,no_live_contact,,,,False,False,,,,,,,needs_source_recut_no_visual_contact,"The video shows an outfielder making a catch at the wall (0:00-0:04) and then cuts to a batter on base celebrating (0:05-0:06). There is no visible pitching, swinging, or bat-ball contact in the clip.",No live batting action is visible; the clip only shows the result of the play.
1106,audit_checkpoint_001,102,Codex_Workstation,F_1217,dataset/fly_ball/Codex_Workstation/F_1217,1.950,2.050,direct_use_candidate,audio_and_context_pass,qwen3.5-omni-plus,contact_context_ok,0.6,0.0,2.0,True,True,13,0.127,0.99997379,8.06,0.077,0.177,candidate_bound_pending_second_review,"At 00:00, the pitcher delivers the ball. At approximately 00:01, the batter swings and makes contact with the ball, which is then seen flying into the outfield as the batter begins running.",
1105,audit_checkpoint_001,103,Codex_Workstation,F_1216,dataset/fly_ball/Codex_Workstation/F_1216,1.950,2.050,direct_use_candidate,audio_and_context_pass,qwen3.5-omni-plus,contact_context_ok,1.2,0.5,3.0,True,True,1,2.023,0.99999953,17.947,1.973,2.073,candidate_bound_pending_second_review,"Pitcher winds up and throws (0:00-0:01). Batter swings and makes contact with the ball (0:01-0:02), sending it into play. Fielders react to the hit.",
1104,audit_checkpoint_001,104,Codex_Workstation,F_1214,dataset/fly_ball/Codex_Workstation/F_1214,1.950,2.050,direct_use_candidate,audio_and_context_pass,qwen3.5-omni-plus,no_live_contact,,,,False,False,,,,,,,needs_source_recut_no_visual_contact,"The video shows the aftermath of a play at first base. A runner is seen on the ground at the base, an umpire signals 'out', and fielders react. There is no footage of a batter, a pitch, or a swing.","No live batting action (pitch, swing, contact) is visible in the clip."
1103,audit_checkpoint_001,105,Codex_Workstation,F_1213,dataset/fly_ball/Codex_Workstation/F_1213,2.973,3.073,needs_edit,clip_too_short,qwen3.5-omni-plus,contact_context_ok,1.8,0.5,3.5,True,True,15,1.913,1.0,14.168,1.863,1.963,candidate_bound_pending_second_review,Pitcher winds up and delivers pitch; batter swings and makes contact with the ball; camera follows the ball as it is fielded by the first baseman.,
1102,audit_checkpoint_001,106,Codex_Workstation,F_1212,dataset/fly_ball/Codex_Workstation/F_1212,1.690,1.790,direct_use_candidate,audio_and_context_pass,qwen3.5-omni-plus,contact_context_ok,1.5,0.8,2.5,True,True,1,1.768,0.99999363,10.123,1.718,1.818,candidate_bound_pending_second_review,"The video shows a pitcher delivering the ball and the batter swinging, making contact with the ball at approximately 00:01.5. The ball is then seen flying towards the infield where it is caught by a fielder.",
1101,audit_checkpoint_001,107,Codex_Workstation,F_1211,dataset/fly_ball/Codex_Workstation/F_1211,1.950,2.050,direct_use_candidate,audio_and_context_pass,qwen3.5-omni-plus,contact_needs_recut,,,,True,True,,,,,,,needs_source_recut,"No batter or pitch/swing visible. The clip begins with the ball already in flight toward an infielder (0:00), followed by a fielded ground ball and throw to first (0:01–0:02). No live bat-ball contact is shown.",Candidate hit sound present but no visible batting action; visual evidence limited to ball in flight and fielding.
1100,audit_checkpoint_001,108,Codex_Workstation,F_1210,dataset/fly_ball/Codex_Workstation/F_1210,1.950,2.050,needs_edit,clip_too_short,qwen3.5-omni-plus,no_live_contact,,,,False,False,,,,,,,needs_source_recut_no_visual_contact,"The video shows the aftermath of a play: an infielder fields a ball and throws to first base (00:00-00:02), followed by players celebrating in the dugout (00:03-00:06). There is no visible batter, pitch, or swing.",No live batting action is visible. The clip only shows the result of a previous play.
1099,audit_checkpoint_001,109,Codex_Workstation,F_1209,dataset/fly_ball/Codex_Workstation/F_1209,1.950,2.050,direct_use_candidate,audio_and_context_pass,qwen3.5-omni-plus,contact_context_ok,2.4,2.0,3.0,True,True,,,,,,,contact_visible_audio_unresolved,"The video starts with a highlight of a diving catch (00:00-00:01). At 00:02, the scene cuts to a live pitch view from behind the pitcher. The batter swings and makes contact with the ball at approximately 00:02.4. The subsequent shots show the ball in flight and the fielder making the catch seen in the intro.",
1098,audit_checkpoint_001,110,Codex_Workstation,F_1208,dataset/fly_ball/Codex_Workstation/F_1208,1.950,2.050,needs_edit,clip_too_short,qwen3.5-omni-plus,no_live_contact,,,,False,False,,,,,,,needs_source_recut_no_visual_contact,"The video shows only the aftermath of a batted ball: outfielders running to track and catch a fly ball in the outfield. There is no visible batter, pitch, or swing.",No live batting action is visible in the clip; it only shows the fielders reacting to a ball already in play.
1097,audit_checkpoint_001,111,Codex_Workstation,F_1207,dataset/fly_ball/Codex_Workstation/F_1207,1.750,1.850,direct_use_candidate,audio_and_context_pass,qwen3.5-omni-plus,contact_context_ok,2.0,1.5,3.0,True,True,1,1.832,0.99980609,7.825,1.782,1.882,candidate_bound_pending_second_review,Pitcher winds up and delivers pitch (0:00-0:01). Batter swings and makes contact with the ball (0:01-0:02). Ball is seen flying into the outfield and batter runs towards first base (0:02-0:06).,
1096,audit_checkpoint_001,112,Codex_Workstation,F_1206,dataset/fly_ball/Codex_Workstation/F_1206,1.950,2.050,direct_use_candidate,audio_and_context_pass,qwen3.5-omni-plus,contact_context_ok,2.1,0.0,4.0,True,True,1,2.023,0.99962134,10.323,1.973,2.073,candidate_bound_pending_second_review,Pitcher winds up and delivers pitch (0:00-0:02). Batter swings and makes contact with the ball at approx 0:02. Ball is seen flying into the outfield (0:03+).,
1095,audit_checkpoint_001,113,Codex_Workstation,F_1205,dataset/fly_ball/Codex_Workstation/F_1205,1.950,2.050,needs_edit,clip_too_short,qwen3.5-omni-plus,contact_context_ok,2.0,1.5,3.0,True,True,1,2.023,0.99998702,13.301,1.973,2.073,candidate_bound_pending_second_review,Pitcher delivers the ball at 00:01. Batter swings and makes contact with the ball around 00:02. The camera cuts to a high angle showing the ball in play.,
1094,audit_checkpoint_001,114,Codex_Workstation,F_1204,dataset/fly_ball/Codex_Workstation/F_1204,1.070,1.170,direct_use_candidate,audio_and_context_pass,qwen3.5-omni-plus,contact_context_ok,1.0,0.5,2.0,True,True,1,1.138,0.99999067,14.954,1.088,1.188,candidate_bound_pending_second_review,The video shows a live pitch being thrown to the batter (00:00-00:01). The batter swings and makes contact with the ball at approximately 00:01. A sharp crack of the bat is heard simultaneously. The ball is then seen in play on the field.,
1093,audit_checkpoint_001,115,Codex_Workstation,F_1203,dataset/fly_ball/Codex_Workstation/F_1203,1.950,2.050,needs_edit,contact_timestamp_wrong,qwen3.5-omni-plus,no_live_contact,,,,False,False,,,,,,,needs_source_recut_no_visual_contact,"The video shows a baseball landing in the stands and being caught by fans, followed by shots of players in the dugout. No batter, pitch delivery, or swing is visible.",No live batting action is visible in the clip.
1092,audit_checkpoint_001,116,Codex_Workstation,F_1202,dataset/fly_ball/Codex_Workstation/F_1202,6.316,6.416,needs_edit,clip_too_short,qwen3.5-omni-plus,no_live_contact,,,,False,False,,,,,,,needs_source_recut_no_visual_contact,"The video shows three outfielders running and colliding while attempting to catch a fly ball. There is no visible batter, pitch, or swing.",No live batting action is visible in the clip; the footage only shows the defensive play in the outfield.
1091,audit_checkpoint_001,117,Codex_Workstation,F_1201,dataset/fly_ball/Codex_Workstation/F_1201,1.950,2.050,needs_edit,clip_too_short,qwen3.5-omni-plus,no_live_contact,,,,False,False,,,,,,,needs_source_recut_no_visual_contact,"The video starts with a runner sliding into third base and a fielder making a tag. There is no batter, pitch, or swing visible in the clip.",No batting action is visible in the video.
1090,audit_checkpoint_001,118,Codex_Workstation,F_1200,dataset/fly_ball/Codex_Workstation/F_1200,5.717,5.817,needs_edit,clip_too_short,qwen3.5-omni-plus,no_live_contact,,,,False,False,,,,,,,needs_source_recut_no_visual_contact,The clip begins with a batter running the bases (aftermath) and then cuts to the pitcher on the mound. There is no footage of a pitch being thrown or a batter swinging.,No live batting action is visible in the clip. The video only shows the aftermath of a play.
1089,audit_checkpoint_001,119,Codex_Workstation,F_1199,dataset/fly_ball/Codex_Workstation/F_1199,1.950,2.050,needs_edit,clip_too_short,qwen3.5-omni-plus,contact_needs_recut,,,,False,False,,,,,,,needs_source_recut,No batter or pitch visible. The clip begins with the ball already in flight toward the outfield; only an outfielder running back and making a catch is shown.,"No visible batting action (pitch arrival, swing, or follow-through) to pair with any contact sound."
1088,audit_checkpoint_001,120,Codex_Workstation,F_1198,dataset/fly_ball/Codex_Workstation/F_1198,1.130,1.230,needs_edit,clip_too_short,qwen3.5-omni-plus,contact_context_ok,0.8,0.0,2.5,True,True,1,1.202,0.99999999,23.865,1.152,1.252,candidate_bound_pending_second_review,Pitcher winds up and throws (0:00-0:01). Batter swings and makes contact with the ball (0:01). Ball is seen flying into the outfield while batter runs (0:02-0:06).,
1087,audit_checkpoint_001,121,Codex_Workstation,F_1197,dataset/fly_ball/Codex_Workstation/F_1197,3.877,3.977,needs_edit,contact_timestamp_wrong,qwen3.5-omni-plus,contact_context_ok,0.8,0.5,1.2,True,True,18,0.728,0.99973778,13.342,0.678,0.778,candidate_bound_pending_second_review,"A batter is visible at the plate. The pitcher delivers the ball, the batter swings and makes contact around 0:01, followed immediately by a cut to the outfielder fielding the batted ball.",
1086,audit_checkpoint_001,122,Codex_Workstation,F_1196,dataset/fly_ball/Codex_Workstation/F_1196,1.710,1.810,direct_use_candidate,audio_and_context_pass,qwen3.5-omni-plus,contact_context_ok,1.5,0.8,2.5,True,True,1,1.798,0.99998065,14.079,1.748,1.848,candidate_bound_pending_second_review,"The video begins with a live view of the pitcher delivering the ball and the batter at home plate. At approximately 0:01-0:02, the batter swings and makes contact with the pitch, immediately followed by the camera tracking the ball into the outfield.",
1085,audit_checkpoint_001,123,Codex_Workstation,F_1195,dataset/fly_ball/Codex_Workstation/F_1195,1.950,2.050,needs_edit,clip_too_short,qwen3.5-omni-plus,no_live_contact,,,,False,False,,,,,,,needs_source_recut_no_visual_contact,"The video shows a fielder making a catch near the wall (00:00-00:01), followed by a pitcher's reaction and a slow-motion replay of the catch. There is no footage of the batter, the pitch delivery, or the swing.",No live batting action is visible in the clip; it only shows the defensive result (catch) and replays.
1084,audit_checkpoint_001,124,Codex_Workstation,F_1194,dataset/fly_ball/Codex_Workstation/F_1194,1.950,2.050,needs_edit,contact_timestamp_wrong,qwen3.5-omni-plus,contact_context_ok,0.1,0.0,0.5,True,True,,,,,,,contact_visible_audio_unresolved,"At 00:00–00:01, the pitcher delivers and the batter swings; immediate bat-ball contact is visible with ball departing toward the infield. The play continues in real time with a fielder making a diving stop and throw to first, confirming live action.",
1083,audit_checkpoint_001,125,Codex_Workstation,F_1193,dataset/fly_ball/Codex_Workstation/F_1193,3.341,3.441,needs_edit,contact_timestamp_wrong,qwen3.5-omni-plus,no_live_contact,,,,False,False,,,,,,,needs_source_recut_no_visual_contact,"The video shows a close-up of a fielder (0:00-0:01), followed by a replay sequence (indicated by the score bug resetting) of the same fielder catching a fly ball (0:02-0:06). No batter, pitch, or swing is visible.",No live batting action is visible in the clip; it consists entirely of a fielder's reaction and a replay of a catch.
1082,audit_checkpoint_001,126,Codex_Workstation,F_1192,dataset/fly_ball/Codex_Workstation/F_1192,1.950,2.050,needs_edit,contact_timestamp_wrong,qwen3.5-omni-plus,contact_context_ok,0.3,0.0,1.5,True,True,,,,,,,contact_visible_audio_unresolved,"At 0:00, the pitcher delivers a pitch and the batter swings. At approximately 0:00.3, the bat connects with the ball (visible contact), followed immediately by the sound of the hit and the ball traveling into play.",
1081,audit_checkpoint_001,127,Codex_Workstation,F_1191,dataset/fly_ball/Codex_Workstation/F_1191,1.950,2.050,needs_edit,contact_timestamp_wrong,qwen3.5-omni-plus,no_live_contact,,,,False,False,,,,,,,needs_source_recut_no_visual_contact,"The video begins after the ball has been hit. It shows a fielder diving to make a play on a ground ball and a runner advancing. There is no batter visible at home plate, and no pitch or swing is shown.",No live batting action is visible in the clip. The footage starts with the ball already in play.
1080,audit_checkpoint_001,128,Codex_Workstation,F_1190,dataset/fly_ball/Codex_Workstation/F_1190,1.950,2.050,direct_use_candidate,audio_and_context_pass,qwen3.5-omni-plus,contact_context_ok,1.8,0.5,3.5,True,True,1,2.017,0.98915486,11.129,1.967,2.067,candidate_bound_pending_second_review,"A batter in a grey uniform is visible at home plate. A pitcher throws the ball (approx 1.0s), and the batter swings, making contact with the ball around 1.8s. The ball is hit into play, and the batter runs toward first base.",
1079,audit_checkpoint_001,129,Codex_Workstation,F_1189,dataset/fly_ball/Codex_Workstation/F_1189,6.429,6.529,needs_edit,clip_too_short,qwen3.5-omni-plus,no_live_contact,,,,False,True,,,,,,,needs_source_recut_no_visual_contact,"The video begins with an infielder already diving to make a catch (00:00-00:04), followed by a shot of a batter walking away from the plate (00:05-00:07). No pitch, swing, or bat-ball contact is visible.",No live batting action is present in the clip. The footage shows only the defensive result (the catch) and the aftermath.
1078,audit_checkpoint_001,130,Codex_Workstation,F_1188,dataset/fly_ball/Codex_Workstation/F_1188,1.950,2.050,direct_use_candidate,audio_and_context_pass,qwen3.5-omni-plus,contact_context_ok,0.5,0.2,1.2,True,True,,,,,,,contact_visible_audio_unresolved,At ~0:01 the batter swings and makes contact with the pitch; ball departs toward center field while outfielder sprints in pursuit.,
1077,audit_checkpoint_001,131,Codex_Workstation,F_1187,dataset/fly_ball/Codex_Workstation/F_1187,1.950,2.050,needs_edit,contact_timestamp_wrong,qwen3.5-omni-plus,no_live_contact,,,,False,False,,,,,,,needs_source_recut_no_visual_contact,"The video begins with the ball already in flight in the outfield (00:00), followed by a fielder catching it. The subsequent shots show a runner crossing home plate and players celebrating. No batter, pitch delivery, or swing is visible.",No live batting action is visible; the clip starts after contact has occurred.
1076,audit_checkpoint_001,132,Codex_Workstation,F_1186,dataset/fly_ball/Codex_Workstation/F_1186,1.950,2.050,needs_edit,contact_timestamp_wrong,qwen3.5-omni-plus,no_live_contact,,,,False,False,,,,,,,needs_source_recut_no_visual_contact,"The clip begins with the ball already in flight towards the outfield. No batter, pitch delivery, or swing is visible at any point in the video.",No live batting action is visible; the clip starts after the ball has been hit.
1075,audit_checkpoint_001,133,Codex_Workstation,F_1185,dataset/fly_ball/Codex_Workstation/F_1185,1.950,2.050,direct_use_candidate,audio_and_context_pass,qwen3.5-omni-plus,contact_needs_recut,,,,False,False,,,,,,,needs_source_recut,"The clip begins with the ball already in flight toward the outfield. No batter, pitch delivery, or swing is visible.",No live batting action (pitch arrival and swing) is visible; only post-contact ball flight is shown.
1074,audit_checkpoint_001,134,Codex_Workstation,F_1184,dataset/fly_ball/Codex_Workstation/F_1184,1.950,2.050,direct_use_candidate,audio_and_context_pass,qwen3.5-omni-flash,contact_context_ok,1.9,1.5,2.3,True,True,1,2.027,0.99992593,7.067,1.977,2.077,candidate_bound_pending_second_review,"At 00:01.5 the pitcher releases the ball; at 00:01.8-00:01.9 the batter swings and makes contact with a sharp crack audible at 00:01.9; immediately after, the ball is seen leaving the bat.",
1073,audit_checkpoint_001,135,Codex_Workstation,F_1183,dataset/fly_ball/Codex_Workstation/F_1183,1.950,2.050,needs_edit,clip_too_short,qwen3.5-omni-flash,no_live_contact,,0.0,0.0,False,False,,,,,,,needs_source_recut_no_visual_contact,"The clip opens with the ball already in play and being caught by an outfielder (Castellanos). There is no visible batter, pitch, or swing in the provided footage.",The video starts mid-action showing a catch; the live bat-ball contact event is not included in the clip.
1072,audit_checkpoint_001,136,Codex_Workstation,F_1182,dataset/fly_ball/Codex_Workstation/F_1182,1.950,2.050,needs_edit,clip_too_short,qwen3.5-omni-flash,no_live_contact,,,,False,False,,,,,,,needs_source_recut_no_visual_contact,"The video begins with a ball already in play (an outfielder fielding a ground ball) and shows runners scoring. There is no visible batter, pitch, or swing sequence.",The clip starts after the live batting action has concluded; it shows only the aftermath of a hit.
1071,audit_checkpoint_001,137,Codex_Workstation,F_1181,dataset/fly_ball/Codex_Workstation/F_1181,1.950,2.050,needs_edit,clip_too_short,qwen3.5-omni-flash,no_live_contact,,,,False,False,,,,,,,needs_source_recut_no_visual_contact,"The video shows an outfielder diving and catching a ball (00:00-00:04), then standing up (00:05). There is no visible batter or batting action in the clip.",No live bat-ball contact is visible in the provided video clip.
1070,audit_checkpoint_001,138,Codex_Workstation,F_1180,dataset/fly_ball/Codex_Workstation/F_1180,1.950,2.050,needs_edit,clip_too_short,qwen3.5-omni-flash,contact_context_ok,4.8,4.0,5.5,True,True,,,,,,,contact_visible_audio_unresolved,"At 00:04.8, a batter in a grey uniform with red trim is shown making contact with the ball; the swing continues through follow-through by 00:05.3.",
1069,audit_checkpoint_001,139,Codex_Workstation,F_1179,dataset/fly_ball/Codex_Workstation/F_1179,1.950,2.050,direct_use_candidate,audio_and_context_pass,qwen3.5-omni-flash,contact_needs_recut,0.0,0.0,0.5,False,False,,,,,,,needs_source_recut,The video begins with the ball already in flight towards the outfield; no batter or swing is visible.,No live bat-ball contact is shown in the clip.
1068,audit_checkpoint_001,140,Codex_Workstation,F_1178,dataset/fly_ball/Codex_Workstation/F_1178,1.950,2.050,direct_use_candidate,audio_and_context_pass,qwen3.5-omni-flash,contact_context_ok,0.0,0.0,1.0,True,True,15,0.087,0.99999998,5.03,0.037,0.137,candidate_bound_pending_second_review,"At 00:00.000, the batter is shown in a ready stance. At 00:00.200, the pitcher releases the ball. At 00:00.600, the batter swings and makes contact with the ball, which immediately departs from the bat.",
1067,audit_checkpoint_001,141,Codex_Workstation,F_1177,dataset/fly_ball/Codex_Workstation/F_1177,1.950,2.050,direct_use_candidate,audio_and_context_pass,qwen3.5-omni-flash,no_live_contact,,0.0,6.5,True,True,,,,,,,needs_source_recut_no_visual_contact,The video begins with the ball already in flight (00:00). No batter is visible making contact. The sequence shows an outfielder catching a fly ball and celebrating. Commentary discusses the catch ('Corbin's got it') rather than describing a hit.,No live bat-ball contact is visible in the clip; the footage starts after the pitch has been hit.
1066,audit_checkpoint_001,142,Codex_Workstation,F_1175,dataset/fly_ball/Codex_Workstation/F_1175,1.950,2.050,needs_edit,contact_timestamp_wrong,qwen3.5-omni-flash,no_live_contact,,0.0,6.2,False,False,,,,,,,needs_source_recut_no_visual_contact,The clip opens with an outfielder (Jerksin Profar) making a catch against the wall; no batter is visible in any frame. The sequence shows only the aftermath of a play.,No live bat-ball contact is shown in the video. The entire clip depicts the result of a previous action (the catch) without showing the pitch or swing.
1065,audit_checkpoint_001,143,Codex_Workstation,F_1174,dataset/fly_ball/Codex_Workstation/F_1174,1.950,2.050,direct_use_candidate,audio_and_context_pass,qwen3.5-omni-flash,no_live_contact,,,,False,False,,,,,,,needs_source_recut_no_visual_contact,"The video starts at 00:00 with an outfielder (Oakland A's #22) already diving and sliding on the grass. There is no visible batter, pitch arrival, or swing in the clip. The entire sequence shows the aftermath of a play.",No live batting action is visible in the clip; it begins after the ball has been hit.
1064,audit_checkpoint_001,144,Codex_Workstation,F_1172,dataset/fly_ball/Codex_Workstation/F_1172,0.750,0.850,needs_edit,clip_too_short,qwen3.5-omni-flash,contact_context_ok,0.7,0.4,1.2,True,True,1,0.827,0.99759402,7.765,0.777,0.877,candidate_bound_pending_second_review,"At 0:00 the pitcher releases the ball. At approximately 0:00.7, the batter (Profar) swings and makes contact with the ball, followed by a normal-speed bat-ball impact sound.",
1063,audit_checkpoint_001,145,Codex_Workstation,F_1171,dataset/fly_ball/Codex_Workstation/F_1171,1.950,2.050,direct_use_candidate,audio_and_context_pass,qwen3.5-omni-flash,contact_context_ok,0.9,0.5,1.4,True,True,,,,,,,contact_visible_audio_unresolved,"At 0:00-0:01, the batter swings and makes contact with the pitch; a sharp bat-ball impact sound is audible at approximately 0:00.9.",
1062,audit_checkpoint_001,146,Codex_Workstation,F_1170,dataset/fly_ball/Codex_Workstation/F_1170,5.102,5.202,needs_edit,contact_timestamp_wrong,qwen3.5-omni-flash,no_live_contact,,,,False,False,,,,,,,needs_source_recut_no_visual_contact,"The clip exclusively shows an outfielder (San Francisco Giants #24) reacting to and making contact with the outfield wall after a ball has already been hit. No batter, pitch arrival, or swing is visible in the footage.","The provided video segment starts after the live action of the batter hitting the ball. It only contains the aftermath (the outfielder's reaction), so no visual evidence of bat-ball contact exists."
1061,audit_checkpoint_001,147,Codex_Workstation,F_1169,dataset/fly_ball/Codex_Workstation/F_1169,1.950,2.050,direct_use_candidate,audio_and_context_pass,qwen3.5-omni-flash,contact_context_ok,1.8,0.5,3.2,True,True,1,2.023,0.99285381,4.871,1.973,2.073,candidate_bound_pending_second_review,"At 0:01, the pitcher releases the ball; at 0:01.8, the batter (Wisely) swings and makes contact with the ball, which is then seen traveling towards the infield.",
1060,audit_checkpoint_001,148,Codex_Workstation,F_1168,dataset/fly_ball/Codex_Workstation/F_1168,6.022,6.122,needs_edit,contact_timestamp_wrong,qwen3.5-omni-flash,no_live_contact,,,,False,False,,,,,,,needs_source_recut_no_visual_contact,"The clip shows the aftermath of a play. Players are seen celebrating around home plate, and a batter is jogging off the field towards the dugout. There is no visible pitch arrival, swing, or bat-ball contact in this segment.",The video depicts only the post-contact celebration and player movement; no live batting action is shown.
1059,audit_checkpoint_001,149,Codex_Workstation,F_1167,dataset/fly_ball/Codex_Workstation/F_1167,1.950,2.050,direct_use_candidate,audio_and_context_pass,qwen3.5-omni-flash,contact_context_ok,0.5,0.0,1.0,True,True,,,,,,,contact_visible_audio_unresolved,"At 00:00, the batter is in his stance as the pitch arrives. At approximately 00:00.5, the batter swings and makes contact with the ball, which is seen departing towards the infield.",
1058,audit_checkpoint_001,150,Codex_Workstation,F_1166,dataset/fly_ball/Codex_Workstation/F_1166,1.950,2.050,direct_use_candidate,audio_and_context_pass,qwen3.5-omni-flash,contact_context_ok,0.6,0.3,1.2,True,True,,,,,,,contact_visible_audio_unresolved,"At 00:00.3 the pitcher releases the ball. At 00:00.6 the batter swings and makes contact with the baseball, which is visible leaving the bat barrel. The swing continues through follow-through until approximately 00:01.2.",
1057,audit_checkpoint_001,151,Codex_Workstation,F_1165,dataset/fly_ball/Codex_Workstation/F_1165,2.905,3.005,needs_edit,clip_too_short,qwen3.5-omni-flash,no_live_contact,,0.0,6.875,False,False,,,,,,,needs_source_recut_no_visual_contact,"The clip shows an outfielder making a catch and falling into the wall (00:00-00:03), followed by slow-motion replays of the same event (00:03-00:06). No batter or live batting action is visible.","The video exclusively shows an outfield play (catch and fall) without any visible batter, pitch, or bat-ball contact."
1056,audit_checkpoint_001,152,Codex_Workstation,F_1164,dataset/fly_ball/Codex_Workstation/F_1164,1.950,2.050,needs_edit,clip_too_short,qwen3.5-omni-flash,no_live_contact,,,,False,False,,,,,,,needs_source_recut_no_visual_contact,"The clip begins with a live outfielder running and diving to make a catch. There is no visible batter, pitch, or swing in the footage.",The video shows only the result of a play (the catch) without any visual evidence of the live bat-ball contact.
1055,audit_checkpoint_001,153,Codex_Workstation,F_1163,dataset/fly_ball/Codex_Workstation/F_1163,1.950,2.050,needs_edit,clip_too_short,qwen3.5-omni-flash,no_live_contact,,0.0,0.0,False,False,,,,,,,needs_source_recut_no_visual_contact,The video begins with the ball already in flight towards the outfield; no batter or swing is visible at any point.,No live batting action captured; clip starts mid-play.
1054,audit_checkpoint_001,154,Codex_Workstation,F_1162,dataset/fly_ball/Codex_Workstation/F_1162,1.010,1.110,direct_use_candidate,audio_and_context_pass,qwen3.5-omni-flash,contact_context_ok,0.7,0.4,1.2,True,True,1,1.077,0.99977479,14.603,1.027,1.127,candidate_bound_pending_second_review,"At 0:00, the batter (Marcell Ozuna) is shown in his batting stance. At approximately 0:00.7, he swings and makes contact with the pitch, which is visible as it departs from the bat. A distinct bat-ball crack sound occurs simultaneously at this moment.",
1053,audit_checkpoint_001,155,Codex_Workstation,F_1161,dataset/fly_ball/Codex_Workstation/F_1161,1.950,2.050,needs_edit,contact_timestamp_wrong,qwen3.5-omni-flash,contact_needs_recut,0.0,0.0,11.25,False,False,,,,,,,needs_source_recut,"The video shows a replay sequence (slow motion) of a batter swinging and making contact with the ball. The clip starts at 00:00 with a slow-motion shot of the swing and continues through multiple slow-motion angles until approximately 00:04, where it transitions to a normal-speed shot of the batter celebrating. There is no live-action footage of the pitch arrival or initial contact.","No live bat-ball contact is visible in the clip. All batting actions shown are part of a slow-motion replay sequence, which does not meet the criteria for a valid live-contact sample."
1052,audit_checkpoint_001,156,Codex_Workstation,F_1160,dataset/fly_ball/Codex_Workstation/F_1160,1.950,2.050,direct_use_candidate,audio_and_context_pass,qwen3.5-omni-flash,contact_context_ok,0.02,0.0,0.05,True,True,,,,,,,contact_visible_audio_unresolved,"At 00:00.00-00:00.05, a batter in a grey uniform is shown mid-swing and making contact with the ball, which then leaves the bat frame.",
1051,audit_checkpoint_001,157,Codex_Workstation,F_1159,dataset/fly_ball/Codex_Workstation/F_1159,1.650,1.750,direct_use_candidate,audio_and_context_pass,qwen3.5-omni-flash,contact_context_ok,0.8,0.5,1.2,True,True,,,,,,,contact_visible_audio_unresolved,At 0.5s the batter is in his stance; at 0.6s he begins his swing; at 0.8s bat makes contact with the ball and the batter completes his follow-through while the ball departs.,
1050,audit_checkpoint_001,158,Codex_Workstation,F_1158,dataset/fly_ball/Codex_Workstation/F_1158,1.650,1.750,direct_use_candidate,audio_and_context_pass,qwen3.5-omni-flash,contact_context_ok,1.7,0.8,2.5,True,True,1,1.722,0.99999156,15.808,1.672,1.772,candidate_bound_pending_second_review,"At 00:00.8, the pitcher releases the ball. The batter swings at 00:01.4 and makes contact with the ball at approximately 00:01.7, followed by a normal-speed bat crack sound and visible follow-through as the runner starts to run.",
1049,audit_checkpoint_001,159,Codex_Workstation,F_1157,dataset/fly_ball/Codex_Workstation/F_1157,1.950,2.050,direct_use_candidate,audio_and_context_pass,qwen3.5-omni-flash,contact_context_ok,1.0,0.5,2.0,True,True,13,1.188,0.99813692,5.147,1.138,1.238,candidate_bound_pending_second_review,"At 0:00-0:01, the batter is in his stance as the pitch arrives. At approximately 0:01, the batter swings and makes contact with the ball, initiating a live play sequence.",
1048,audit_checkpoint_001,160,Codex_Workstation,F_1156,dataset/fly_ball/Codex_Workstation/F_1156,1.810,1.910,direct_use_candidate,audio_and_context_pass,qwen3.5-omni-flash,contact_context_ok,1.8,0.5,3.2,True,True,1,1.878,0.99974884,13.561,1.828,1.928,candidate_bound_pending_second_review,At 0:01 the batter begins his swing; at 0:01.8 a distinct bat-ball contact is visible as the ball departs the bat towards left field.,
1047,audit_checkpoint_001,161,Codex_Workstation,F_1155,dataset/fly_ball/Codex_Workstation/F_1155,1.950,2.050,needs_edit,contact_timestamp_wrong,qwen3.5-omni-flash,no_live_contact,,0.0,6.8,False,False,,,,,,,needs_source_recut_no_visual_contact,"The clip exclusively shows an outfielder (DJ Stewart) making a diving catch in slow motion and celebrating. No batter is visible, and there is no depiction of a pitch arrival or swing.",No live batting action is present in the video clip.
1046,audit_checkpoint_001,162,Codex_Workstation,F_1153,dataset/fly_ball/Codex_Workstation/F_1153,2.954,3.054,needs_edit,contact_timestamp_wrong,qwen3.5-omni-flash,contact_context_ok,0.5,0.0,1.2,True,True,16,0.198,0.96551466,4.116,0.148,0.248,candidate_bound_pending_second_review,At 0.0s the pitcher delivers the pitch; at 0.5s the batter swings and makes contact with the ball (visible as a small white blur leaving the bat); the swing continues through follow-through until approximately 1.2s.,
1045,audit_checkpoint_001,163,Codex_Workstation,F_1152,dataset/fly_ball/Codex_Workstation/F_1152,1.950,2.050,direct_use_candidate,audio_and_context_pass,qwen3.5-omni-flash,contact_context_ok,0.5,0.0,1.5,True,True,,,,,,,contact_visible_audio_unresolved,"At 0:00, the batter (jersey #88) is in a ready stance as the pitch arrives. Between 0:00 and 0:01, he swings the bat, making visible contact with the ball near the plate area.",
1044,audit_checkpoint_001,164,Codex_Workstation,F_1151,dataset/fly_ball/Codex_Workstation/F_1151,1.950,2.050,needs_edit,clip_too_short,qwen3.5-omni-flash,contact_needs_recut,,,,True,True,,,,,,,needs_source_recut,,"The video begins with the ball already in flight over the outfield wall; no live pitch arrival, batter swing, or bat-ball contact is visible. The sequence shows only the aftermath of a home run."
1043,audit_checkpoint_001,165,Codex_Workstation,F_1150,dataset/fly_ball/Codex_Workstation/F_1150,1.950,2.050,direct_use_candidate,audio_and_context_pass,qwen3.5-omni-flash,contact_context_ok,0.1,0.0,0.6,True,True,,,,,,,contact_visible_audio_unresolved,"At 00:00.0-00:00.6, the batter is shown in a live play sequence swinging at a pitch and making contact with the ball, which immediately departs the bat.",
1042,audit_checkpoint_001,166,Codex_Workstation,F_1149,dataset/fly_ball/Codex_Workstation/F_1149,1.950,2.050,needs_edit,clip_too_short,qwen3.5-omni-flash,contact_needs_recut,0.0,0.0,0.0,False,False,,,,,,,needs_source_recut,"The video begins with dugout celebration and stadium replay graphics (0:00-0:03). The live play showing the pitcher winding up and the batter swinging occurs later in the clip (0:04-0:06), but no bat-ball contact is visually depicted within the provided clip duration.",No visible bat-ball contact occurred within the clip timeframe.
1041,audit_checkpoint_001,167,Codex_Workstation,F_1148,dataset/fly_ball/Codex_Workstation/F_1148,1.950,2.050,needs_edit,clip_too_short,qwen3.5-omni-flash,no_live_contact,,,,True,True,,,,,,,needs_source_recut_no_visual_contact,The clip begins with an outfielder catching a ball in flight; no batter or pitch arrival is shown. The sequence cuts to the batter running after the catch has already occurred.,No live bat-ball contact is visible in the video segment.
1040,audit_checkpoint_001,168,Codex_Workstation,F_1146,dataset/fly_ball/Codex_Workstation/F_1146,1.310,1.410,needs_edit,clip_too_short,qwen3.5-omni-flash,contact_context_ok,0.5,0.0,1.5,True,True,1,1.383,0.99999937,12.342,1.333,1.433,candidate_bound_pending_second_review,"At 0:00, the batter (Varsho) is in his stance; at 0:01, he swings as the pitch arrives, and the bat-ball contact occurs around 0:01. The ball is then seen popping up into the air.",
1039,audit_checkpoint_001,169,Codex_Workstation,F_1145,dataset/fly_ball/Codex_Workstation/F_1145,1.950,2.050,direct_use_candidate,audio_and_context_pass,qwen3.5-omni-flash,contact_context_ok,0.1,0.0,0.5,True,True,,,,,,,contact_visible_audio_unresolved,"At 00:00.0, the batter is shown in a ready stance as the pitch arrives. At approximately 00:00.1, there is a visible swing and immediate bat-ball contact (follow-through visible). The action proceeds to a ground ball being fielded and thrown for a double play.",
1038,audit_checkpoint_001,170,Codex_Workstation,F_1144,dataset/fly_ball/Codex_Workstation/F_1144,1.950,2.050,needs_edit,contact_timestamp_wrong,qwen3.5-omni-flash,contact_context_ok,5.6,4.8,7.2,True,True,16,5.262,0.99999824,8.17,5.212,5.312,candidate_bound_pending_second_review,At 00:04.8 the pitcher releases the ball; at 00:05.3 the batter swings; at 00:05.6 a sharp bat-ball contact sound is heard as the bat connects with the ball and the batter completes the swing.,
1037,audit_checkpoint_001,171,Codex_Workstation,F_1143,dataset/fly_ball/Codex_Workstation/F_1143,1.950,2.050,direct_use_candidate,audio_and_context_pass,qwen3.5-omni-flash,contact_context_ok,0.0,0.0,1.2,True,True,,,,,,,contact_visible_audio_unresolved,"At 00:00.0, the pitcher releases the ball. At 00:00.8-00:01.0, the batter swings and makes contact with the ball, which is then seen traveling towards right field.",
1036,audit_checkpoint_001,172,Codex_Workstation,F_1142,dataset/fly_ball/Codex_Workstation/F_1142,1.970,2.070,needs_edit,clip_too_short,qwen3.5-omni-flash,contact_needs_recut,1.5,0.0,2.0,False,False,,,,,,,needs_source_recut,"A batter is visible in a wide shot at approximately 00:01-00:02, but the swing itself and the moment of bat-ball contact are not clearly shown or emphasized enough to confirm contact with an associated sound.","The video does not clearly show the batter making contact with the ball; the swing is either too quick, obscured, or not fully captured within the frame."
1035,audit_checkpoint_001,173,Codex_Workstation,F_1141,dataset/fly_ball/Codex_Workstation/F_1141,1.950,2.050,needs_edit,contact_timestamp_wrong,qwen3.5-omni-flash,contact_context_ok,0.95,0.65,1.35,True,True,15,1.058,0.69476264,2.293,1.008,1.108,candidate_bound_pending_second_review,"At 0:00.65-0:01.25 the pitcher releases; at ~0:00.95 the batter (G. Bote) swings and makes contact with the ball, producing a sharp bat crack followed by immediate follow-through.",
1034,audit_checkpoint_001,174,Codex_Workstation,F_1140,dataset/fly_ball/Codex_Workstation/F_1140,1.970,2.070,needs_edit,clip_too_short,qwen3.5-omni-flash,contact_context_ok,0.8,0.5,1.3,True,True,,,,,,,contact_visible_audio_unresolved,"At 0:00, the pitcher releases the ball. At 0:01, the batter (DeJong) swings and makes contact with the ball, which flies into the outfield. The sound of the bat hitting the ball is audible at this moment.",
1033,audit_checkpoint_001,175,Codex_Workstation,F_1139,dataset/fly_ball/Codex_Workstation/F_1139,1.950,2.050,needs_edit,clip_too_short,qwen3.5-omni-flash,contact_context_ok,0.7,0.0,1.2,True,True,,,,,,,contact_visible_audio_unresolved,"At 0.0s the batter is in stance as the pitch arrives. Between 0.5s and 0.8s the batter swings and makes contact with the ball, followed by a follow-through motion visible until approximately 1.2s.",
1032,audit_checkpoint_001,176,Codex_Workstation,F_1138,dataset/fly_ball/Codex_Workstation/F_1138,1.970,2.070,needs_edit,clip_too_short,qwen3.5-omni-flash,contact_needs_recut,,,,True,True,,,,,,,needs_source_recut,"The clip begins with the ball already in flight near the outfield wall (00:00-00:04). The batter is not visible during this sequence. A replay of the swing occurs at 00:05-00:06, but the initial live contact event required to verify the audio is missing from the provided segment.","The video segment starts after the bat-ball contact has occurred. While a sound of impact is audible, there is no visual evidence of the batter swinging or making contact within the clip's timeline."
1031,audit_checkpoint_001,177,Codex_Workstation,F_1137,dataset/fly_ball/Codex_Workstation/F_1137,1.970,2.070,needs_edit,clip_too_short,qwen3.5-omni-flash,no_live_contact,,0.0,6.5,False,False,,,,,,,needs_source_recut_no_visual_contact,"The video shows an outfielder (Astros #16) making a catch against the wall and a runner (Tigers #31) jogging on base. There is no visible batter, pitch, swing, or bat-ball contact in any part of the clip.",The provided clip appears to be post-contact footage (showing the result of a play: the catch and the runner's reaction) rather than the live action of the pitch and hit. No visual evidence of a batter swinging at a pitch is present.
1030,audit_checkpoint_001,178,Codex_Workstation,F_1136,dataset/fly_ball/Codex_Workstation/F_1136,1.530,1.630,needs_edit,clip_too_short,qwen3.5-omni-flash,contact_context_ok,0.8,0.0,2.5,True,True,1,1.587,0.99991043,5.218,1.537,1.637,candidate_bound_pending_second_review,"At 0:00-0:01, the pitcher delivers a pitch and the batter swings at approximately 0:01. At 0:01-0:02, the bat makes contact with the ball, followed by immediate follow-through. The ball is then seen traveling into the outfield.",
1029,audit_checkpoint_001,179,Codex_Workstation,F_1135,dataset/fly_ball/Codex_Workstation/F_1135,1.790,1.890,needs_edit,clip_too_short,qwen3.5-omni-flash,contact_context_ok,2.3,1.5,4.0,True,True,1,1.847,0.96646967,11.371,1.797,1.897,candidate_bound_pending_second_review,At 00:01.5 the batter begins his swing as the pitch arrives; at 00:02.3 the bat makes contact with the ball and the batter completes his follow-through by 00:04.0.,
1028,audit_checkpoint_001,180,Codex_Workstation,F_1134,dataset/fly_ball/Codex_Workstation/F_1134,1.870,1.970,needs_edit,clip_too_short,qwen3.5-omni-flash,contact_context_ok,2.1,0.8,3.5,True,True,1,1.933,0.99981524,11.765,1.883,1.983,candidate_bound_pending_second_review,"At 0:00-0:02, the pitcher delivers the ball. At 0:02, the batter swings and makes contact with the baseball, which then flies into the outfield.",
1027,audit_checkpoint_001,181,Codex_Workstation,F_1133,dataset/fly_ball/Codex_Workstation/F_1133,1.970,2.070,needs_edit,clip_too_short,qwen3.5-omni-flash,contact_context_ok,0.8,0.5,1.2,True,True,,,,,,,contact_visible_audio_unresolved,"At 00:00.5, a batter wearing jersey #40 is visible in the box. Between 00:00.6 and 00:00.9, he swings at an incoming pitch and makes contact, sending the ball into the outfield.",
1026,audit_checkpoint_001,182,Codex_Workstation,F_1132,dataset/fly_ball/Codex_Workstation/F_1132,1.970,2.070,needs_edit,clip_too_short,qwen3.5-omni-flash,contact_context_ok,2.6,1.5,3.0,True,True,1,2.037,0.99992325,8.512,1.987,2.087,candidate_bound_pending_second_review,"At 0:02, the batter swings at a pitch arriving from the pitcher. At approximately 0:02.6, there is a visible swing and bat-ball contact as the ball begins to fly into the outfield.",
1025,audit_checkpoint_001,183,Codex_Workstation,F_1131,dataset/fly_ball/Codex_Workstation/F_1131,1.970,2.070,needs_edit,clip_too_short,qwen3.5-omni-flash,contact_context_ok,0.02,0.0,0.05,True,True,,,,,,,contact_visible_audio_unresolved,"At 00:00.02, the batter (Chisholm Jr.) is shown swinging at a pitch and making visible contact with the ball, followed by the ball's flight into the outfield.",
1024,audit_checkpoint_001,184,Codex_Workstation,F_1130,dataset/fly_ball/Codex_Workstation/F_1130,1.970,2.070,needs_edit,clip_too_short,qwen3.5-omni-flash,contact_context_ok,0.5,0.0,1.5,True,True,,,,,,,contact_visible_audio_unresolved,"At 0:00-0:02, the pitcher delivers a pitch and the batter (Marsh) swings at approximately 0:02, making visible contact with the ball, which then departs high into the air.",
1023,audit_checkpoint_001,185,Codex_Workstation,F_1129,dataset/fly_ball/Codex_Workstation/F_1129,1.610,1.710,needs_edit,clip_too_short,qwen3.5-omni-flash,contact_context_ok,1.8,0.0,3.5,True,True,1,1.673,0.99995517,11.187,1.623,1.723,candidate_bound_pending_second_review,"At 0:00-0:02, the pitcher delivers a pitch and the batter swings, making contact with the ball which then flies into the outfield.",
1022,audit_checkpoint_001,186,Codex_Workstation,F_1128,dataset/fly_ball/Codex_Workstation/F_1128,5.850,5.950,needs_edit,contact_timestamp_wrong,qwen3.5-omni-flash,contact_context_ok,0.8,0.0,1.5,True,True,19,1.293,0.99997694,3.617,1.243,1.343,candidate_bound_pending_second_review,"At 0:00 the pitcher is in mid-throw; at approximately 0:8 seconds the batter swings and makes contact with the ball, which is then seen leaving the bat and flying into the outfield.",
1021,audit_checkpoint_001,187,Codex_Workstation,F_1127,dataset/fly_ball/Codex_Workstation/F_1127,2.330,2.430,needs_edit,clip_too_short,qwen3.5-omni-flash,contact_needs_recut,0.0,0.0,0.0,True,True,,,,,,,needs_source_recut,,The video starts with the ball already in flight toward the outfield wall; no visible batter or swing is shown at any point.
1020,audit_checkpoint_001,188,Codex_Workstation,F_1126,dataset/fly_ball/Codex_Workstation/F_1126,1.970,2.070,needs_edit,clip_too_short,qwen3.5-omni-flash,no_live_contact,,,,False,False,,,,,,,needs_source_recut_no_visual_contact,"The video begins with the ball already in flight toward the outfield wall. The camera pans to follow the ball's trajectory and an outfielder reacting to it. No batter, pitcher, or bat-ball contact is visible at any point.",The clip starts after the pitch has been hit; there is no visual evidence of a live swing or bat-ball contact.
1019,audit_checkpoint_001,189,Codex_Workstation,F_1125,dataset/fly_ball/Codex_Workstation/F_1125,1.970,2.070,needs_edit,clip_too_short,qwen3.5-omni-flash,contact_context_ok,2.3,1.8,2.8,True,True,1,2.027,0.95810665,9.883,1.977,2.077,candidate_bound_pending_second_review,"Pitcher releases ball at 0:01; batter swings and makes contact with the baseball around 0:02.3, immediately followed by a normal-speed bat-ball impact sound.",
1018,audit_checkpoint_001,190,Codex_Workstation,F_1124,dataset/fly_ball/Codex_Workstation/F_1124,1.970,2.070,needs_edit,clip_too_short,qwen3.5-omni-flash,contact_context_ok,0.1,0.0,0.8,True,True,,,,,,,contact_visible_audio_unresolved,"At 00:00.0-00:00.5, the batter is visible in the box as the pitch arrives. At approximately 00:00.1, the bat makes contact with the ball and the batter begins a follow-through motion.",
1017,audit_checkpoint_001,191,Codex_Workstation,F_1123,dataset/fly_ball/Codex_Workstation/F_1123,1.970,2.070,needs_edit,contact_timestamp_wrong,qwen3.5-omni-flash,no_live_contact,,,,False,False,,,,,,,needs_source_recut_no_visual_contact,"The clip begins with the ball already in flight and an outfielder running to catch it. The batter is not visible, nor is the pitch or swing action.",No live batting action is visible; the clip starts after the ball has been hit.
1016,audit_checkpoint_001,192,Codex_Workstation,F_1122,dataset/fly_ball/Codex_Workstation/F_1122,1.970,2.070,needs_edit,contact_timestamp_wrong,qwen3.5-omni-flash,contact_needs_recut,0.0,0.0,1.0,True,True,,,,,,,needs_source_recut,The clip begins with the ball already in flight and a crowd reaction; no batter or swing is visible.,"No visual evidence of a live batting action (pitch arrival, swing, contact) is present at the start of the clip."
1015,audit_checkpoint_001,193,Codex_Workstation,F_1121,dataset/fly_ball/Codex_Workstation/F_1121,1.950,2.050,needs_edit,clip_too_short,qwen3.5-omni-flash,no_live_contact,,,,False,False,,,,,,,needs_source_recut_no_visual_contact,"The video shows a post-game interview with Anthony Volpe in front of a Yankees backdrop. No live baseball play, batter, or pitch is visible.",The clip contains only an interview segment and does not show any live batting action or ball contact.
1014,audit_checkpoint_001,194,Codex_Workstation,F_1119,dataset/fly_ball/Codex_Workstation/F_1119,1.710,1.810,needs_edit,clip_too_short,qwen3.5-omni-flash,no_live_contact,,0.0,5.9,False,False,,,,,,,needs_source_recut_no_visual_contact,"The batter (Shohei Ohtani) is shown in the first half of the clip (00:00-00:03), but he only adjusts his stance and grips the bat; no pitch arrives or swing occurs. The second half of the clip (00:04-00:06) shows a pitcher on the mound.",No live pitching sequence with contact is present; the batter does not swing.
1013,audit_checkpoint_001,195,Codex_Workstation,F_1118,dataset/fly_ball/Codex_Workstation/F_1118,1.950,2.050,needs_edit,clip_too_short,qwen3.5-omni-flash,no_live_contact,,,,False,False,,,,,,,needs_source_recut_no_visual_contact,"The video contains an animated graphic followed by a press conference with Shohei Ohtani speaking. No live baseball play, batter, or bat-ball contact is shown.",No live batting action present in the clip.
1012,audit_checkpoint_001,196,Codex_Workstation,F_1116,dataset/fly_ball/Codex_Workstation/F_1116,1.950,2.050,needs_edit,clip_too_short,qwen3.5-omni-flash,no_live_contact,,0.0,6.371,False,False,,,,,,,needs_source_recut_no_visual_contact,"The clip contains an animated logo followed by a press conference scene with two adults and a child. No live baseball play, batter, or bat-ball contact is visible.",No live batting action present.
1011,audit_checkpoint_001,197,Codex_Workstation,F_1115,dataset/fly_ball/Codex_Workstation/F_1115,0.690,0.790,needs_edit,clip_too_short,qwen3.5-omni-flash,no_live_contact,,,,False,False,,,,,,,needs_source_recut_no_visual_contact,The video shows a crowd shot and then a post-game interview with a player. No live batting action is visible.,No live contact sequence was detected in the clip.
1010,audit_checkpoint_001,198,Codex_Workstation,F_1114,dataset/fly_ball/Codex_Workstation/F_1114,1.950,2.050,needs_edit,clip_too_short,qwen3.5-omni-flash,contact_context_ok,0.9,0.6,1.5,True,True,,,,,,,contact_visible_audio_unresolved,"At 00:00.8-00:00.9, the batter swings at a live pitch and makes contact with the ball, which immediately departs from the bat.",
1009,audit_checkpoint_001,199,Codex_Workstation,F_1113,dataset/fly_ball/Codex_Workstation/F_1113,1.950,2.050,needs_edit,clip_too_short,qwen3.5-omni-flash,no_live_contact,,,,True,True,,,,,,,needs_source_recut_no_visual_contact,"The clip shows a runner already in motion rounding the bases. No batter, pitch, or bat-ball contact is visible.",The video begins with the result of the play (runner running) rather than the live action of the batter making contact.
1008,audit_checkpoint_001,200,Codex_Workstation,F_1112,dataset/fly_ball/Codex_Workstation/F_1112,1.950,2.050,needs_edit,clip_too_short,qwen3.5-omni-flash,no_live_contact,,,,False,False,,,,,,,needs_source_recut_no_visual_contact,"The video shows a press conference setting with Craig Counsell speaking at a podium. No live baseball gameplay, batting action, or ball contact is visible.",No live batting action present in the clip.
1007,audit_checkpoint_001,201,Codex_Workstation,F_1110,dataset/fly_ball/Codex_Workstation/F_1110,1.950,2.050,needs_edit,contact_timestamp_wrong,qwen3.5-omni-flash,contact_context_ok,0.7,0.0,1.5,True,True,13,1.222,1.0,7.848,1.172,1.272,candidate_bound_pending_second_review,At 0.0s the pitcher releases; at 0.7s the batter swings and makes contact with a sharp bat crack audible immediately after; ball departs toward outfield by 1.2s.,
1006,audit_checkpoint_001,202,Codex_Workstation,F_1109,dataset/fly_ball/Codex_Workstation/F_1109,1.950,2.050,needs_edit,contact_timestamp_wrong,qwen3.5-omni-flash,contact_context_ok,0.0,0.0,1.3,True,True,,,,,,,contact_visible_audio_unresolved,"At 00:00.0, the batter (Naylor) is in his stance as the pitch arrives. Between 00:00.0 and 00:00.4, he swings and makes contact with the ball, which immediately departs towards center field.",
1005,audit_checkpoint_001,203,Codex_Workstation,F_1108,dataset/fly_ball/Codex_Workstation/F_1108,1.950,2.050,needs_edit,contact_timestamp_wrong,qwen3.5-omni-flash,contact_context_ok,0.7,0.0,1.5,True,True,13,1.222,1.0,7.967,1.172,1.272,candidate_bound_pending_second_review,"At 00:00.0, the pitcher is in his delivery motion. At 00:00.7, the batter (Bo Naylor) swings and makes contact with the ball, which immediately departs towards right field. The swing continues through follow-through until approximately 00:01.2.",
1004,audit_checkpoint_001,204,Codex_Workstation,F_1107,dataset/fly_ball/Codex_Workstation/F_1107,1.950,2.050,needs_edit,clip_too_short,qwen3.5-omni-flash,no_live_contact,,0.0,4.5,True,True,,,,,,,needs_source_recut_no_visual_contact,The video starts with the ball already in flight over the outfield seats; no batter is visible at any point.,No live bat-ball contact is shown; the clip begins after the ball has left the bat.
1003,audit_checkpoint_001,205,Codex_Workstation,F_1106,dataset/fly_ball/Codex_Workstation/F_1106,1.950,2.050,needs_edit,contact_timestamp_wrong,qwen3.5-omni-flash,no_live_contact,,0.0,2.6,False,True,,,,,,,needs_source_recut_no_visual_contact,"The video shows a wide shot of the stadium crowd and scoreboard graphics. No batter is visible at home plate, and no pitch or swing action occurs.",No live batting action is present in the clip.
1002,audit_checkpoint_001,206,Codex_Workstation,F_1105,dataset/fly_ball/Codex_Workstation/F_1105,1.950,2.050,needs_edit,source_recovery_required,qwen3.5-omni-flash,no_live_contact,,,,True,True,,,,,,,needs_source_recut_no_visual_contact,"The clip begins with an outfielder already in motion near the wall; no batter or pitch arrival is visible. The scene depicts the aftermath of a play (ball in flight/caught), not live contact.","No visible batter or swing action occurs within the clip. The audio contains a bat-ball hit sound and commentary ('Carpenter has done it!'), but there is no corresponding visual evidence of the live contact event."
1001,audit_checkpoint_001,207,Codex_Workstation,F_1104,dataset/fly_ball/Codex_Workstation/F_1104,1.950,2.050,needs_edit,clip_too_short,qwen3.5-omni-flash,no_live_contact,,0.0,6.8,True,True,,,,,,,needs_source_recut_no_visual_contact,The clip begins with an outfielder making a catch at the wall (00:00-00:01). It then cuts to a runner (Schneider) running towards home plate (00:02-00:06). The actual batter and the bat-ball contact are not visible in this sequence.,Visual evidence of live bat-ball contact is missing; the clip shows the aftermath of the play (a catch and a runner advancing) rather than the pitch and swing.
1000,audit_checkpoint_001,208,Codex_Workstation,F_1103,dataset/fly_ball/Codex_Workstation/F_1103,1.950,2.050,needs_edit,clip_too_short,qwen3.5-omni-flash,no_live_contact,,,,False,False,,,,,,,needs_source_recut_no_visual_contact,"The clip shows a batter (Busch #29) celebrating in the dugout after the play. The actual live batting action, including pitch arrival and swing, is not visible within this segment.",The video begins with the aftermath of the play; the live sequence showing the batter swinging and making contact is not included in the provided clip.
999,audit_checkpoint_001,209,Codex_Workstation,F_1102,dataset/fly_ball/Codex_Workstation/F_1102,1.950,2.050,needs_edit,contact_timestamp_wrong,qwen3.5-omni-flash,no_live_contact,,,,True,True,,,,,,,needs_source_recut_no_visual_contact,"The clip begins with the ball already in flight over the outfield stands. No batter is visible, and no swing or bat-ball contact occurs within the provided timeframe.",The video starts mid-play after the ball has been hit; there is no visual evidence of a live batting action or contact sound.
998,audit_checkpoint_001,210,Codex_Workstation,F_1099,dataset/fly_ball/Codex_Workstation/F_1099,1.950,2.050,needs_edit,contact_timestamp_wrong,qwen3.5-omni-flash,contact_needs_recut,,,,True,True,,,,,,,needs_source_recut,,"The clip begins with the ball already in flight (outfield view). No live batting action, pitch arrival, or bat-ball contact is visible. The audible 'hit' sound occurs without corresponding visual evidence of a swing."
997,audit_checkpoint_001,211,Codex_Workstation,F_1098,dataset/fly_ball/Codex_Workstation/F_1098,1.950,2.050,needs_edit,clip_too_short,qwen3.5-omni-flash,no_live_contact,,,,False,False,,,,,,,needs_source_recut_no_visual_contact,The video begins with a runner already in motion (00:00-00:01). The batter is not shown swinging or making contact within the clip. The action appears to be an aftermath of a play.,No live bat-ball contact is visible; the clip starts after the swing has occurred.
996,audit_checkpoint_001,212,Codex_Workstation,F_1097,dataset/fly_ball/Codex_Workstation/F_1097,1.950,2.050,needs_edit,clip_too_short,qwen3.5-omni-flash,contact_needs_recut,0.0,0.0,1.8,True,True,,,,,,,needs_source_recut,"The clip begins with a shot of the crowd reacting to a home run; no batter is visible, and there is no visual evidence of a pitch arrival or swing.","No live batting action is visible in the provided clip segment. The video starts after the contact has already occurred, showing only the crowd reaction and subsequent celebration."
995,audit_checkpoint_001,213,Codex_Workstation,F_1096,dataset/fly_ball/Codex_Workstation/F_1096,1.950,2.050,needs_edit,clip_too_short,qwen3.5-omni-flash,no_live_contact,,,,False,False,,,,,,,needs_source_recut_no_visual_contact,"The entire clip shows a post-game interview with Pete Alonso in front of a media backdrop. No live play, batter, or pitch is visible.",No live batting action present; the video consists solely of an interview segment.
994,audit_checkpoint_001,214,Codex_Workstation,F_1095,dataset/fly_ball/Codex_Workstation/F_1095,1.950,2.050,needs_edit,clip_too_short,qwen3.5-omni-flash,contact_context_ok,0.02,0.01,0.04,True,True,,,,,,,contact_visible_audio_unresolved,"A live pitch arrives at 0:01. The batter swings and makes contact with the ball at approximately 0:02, followed by a visible swing follow-through.",
993,audit_checkpoint_001,215,Codex_Workstation,F_1093,dataset/fly_ball/Codex_Workstation/F_1093,1.950,2.050,needs_edit,clip_too_short,qwen3.5-omni-flash,contact_context_ok,0.0,0.0,1.5,True,True,,,,,,,contact_visible_audio_unresolved,"At 00:00.000, a batter in a white pinstripe uniform is shown mid-swing at home plate. By 00:01.500, the swing has completed and the bat has departed the zone, indicating live contact with the ball.",
992,audit_checkpoint_001,216,Codex_Workstation,F_1092,dataset/fly_ball/Codex_Workstation/F_1092,1.950,2.050,needs_edit,clip_too_short,qwen3.5-omni-flash,no_live_contact,,0.0,6.972,False,False,,,,,,,needs_source_recut_no_visual_contact,"The video shows an interview on the baseball field with three individuals (two players and one interviewer). No live batting action, pitch arrival, or bat-ball contact is visible.",The clip contains only an interview segment; there is no visual evidence of a live batting action or bat-ball contact.
991,audit_checkpoint_001,217,Codex_Workstation,F_1090,dataset/fly_ball/Codex_Workstation/F_1090,1.950,2.050,needs_edit,clip_too_short,qwen3.5-omni-flash,contact_context_ok,0.9,0.5,1.3,True,True,,,,,,,contact_visible_audio_unresolved,"At 00:00.9, the batter in a black jersey with a red 'C' is shown mid-swing, making visible contact with the incoming baseball. The swing continues through follow-through.",
990,audit_checkpoint_001,218,Codex_Workstation,F_1089,dataset/fly_ball/Codex_Workstation/F_1089,1.950,2.050,needs_edit,clip_too_short,qwen3.5-omni-flash,no_live_contact,,0.0,2.5,False,True,,,,,,,needs_source_recut_no_visual_contact,"The video shows a pitcher walking on the mound and an outfielder jogging in the background. No batter is visible at the plate, and no swing or ball contact occurs.",No live batting action is present in the clip.
989,audit_checkpoint_001,219,Codex_Workstation,F_1087,dataset/fly_ball/Codex_Workstation/F_1087,1.950,2.050,needs_edit,clip_too_short,qwen3.5-omni-flash,no_live_contact,,0.0,2.5,False,False,,,,,,,needs_source_recut_no_visual_contact,"Pitcher throws ball (00:00-00:01), batter swings and misses (00:01-00:02). No contact sound is audible.","The video shows a visible batting action where the batter swings and misses, but there is no corresponding bat-ball contact sound."
988,audit_checkpoint_001,220,Codex_Workstation,F_1086,dataset/fly_ball/Codex_Workstation/F_1086,1.950,2.050,needs_edit,clip_too_short,qwen3.5-omni-flash,no_live_contact,,0.0,6.9,False,False,,,,,,,needs_source_recut_no_visual_contact,The video consists of a static logo animation followed by a press conference with a baseball player speaking into a microphone; no live batting action is present.,No live batting action was found in the clip.
987,audit_checkpoint_001,221,Codex_Workstation,F_1085,dataset/fly_ball/Codex_Workstation/F_1085,1.950,2.050,needs_edit,clip_too_short,qwen3.5-omni-flash,no_live_contact,,0.0,2.6,True,True,,,,,,,needs_source_recut_no_visual_contact,The video shows an outfield view with players in position and a ball already in flight; no batter or swing is visible.,No live batting action is shown; the clip begins after the pitch has been hit and the ball is already airborne.
986,audit_checkpoint_001,222,Codex_Workstation,F_1084,dataset/fly_ball/Codex_Workstation/F_1084,1.950,2.050,needs_edit,contact_timestamp_wrong,qwen3.5-omni-flash,contact_needs_recut,0.0,0.0,1.0,True,True,,,,,,,needs_source_recut,"The clip begins with the ball already in flight over the outfield stands (00:00-00:04). No batter, pitch, or swing is visible at any point in the video.",No live batting action is visible; the clip starts after contact has occurred.
985,audit_checkpoint_001,223,Codex_Workstation,F_1083,dataset/fly_ball/Codex_Workstation/F_1083,1.950,2.050,needs_edit,clip_too_short,qwen3.5-omni-flash,no_live_contact,,,,False,False,,,,,,,needs_source_recut_no_visual_contact,"The video consists of an animated logo sequence and a press conference interview with Elly De La Cruz. No live baseball gameplay, batting action, or ball contact is shown.",No live play footage present; the clip contains only graphics and an interview.
984,audit_checkpoint_001,224,Codex_Workstation,F_1082,dataset/fly_ball/Codex_Workstation/F_1082,1.950,2.050,needs_edit,clip_too_short,qwen3.5-omni-flash,contact_needs_recut,0.5,0.0,1.2,False,False,,,,,,,needs_source_recut,"Pitcher throws at 0.0s, batter swings and makes contact around 0.5s with visible follow-through until 1.2s.",No corresponding bat-ball contact sound detected despite visual evidence of contact.
983,audit_checkpoint_001,225,Codex_Workstation,F_1080,dataset/fly_ball/Codex_Workstation/F_1080,1.950,2.050,needs_edit,clip_too_short,qwen3.5-omni-flash,no_live_contact,,0.0,0.0,True,True,,,,,,,needs_source_recut_no_visual_contact,The video starts with the ball already in flight towards the outfield. No batter or swing is visible.,"The clip begins after the bat-ball contact has already occurred. There is no visual evidence of a live pitch arrival, batter swing, or contact."
982,audit_checkpoint_001,226,Codex_Workstation,F_1079,dataset/fly_ball/Codex_Workstation/F_1079,1.950,2.050,needs_edit,contact_timestamp_wrong,qwen3.5-omni-flash,no_live_contact,,0.0,2.873,False,True,,,,,,,needs_source_recut_no_visual_contact,The clip shows a wide shot of the crowd reacting with raised arms and cheers. No batter is visible in the frame.,No live batting action is present in the video.
981,audit_checkpoint_001,227,Codex_Workstation,F_1078,dataset/fly_ball/Codex_Workstation/F_1078,1.950,2.050,needs_edit,contact_timestamp_wrong,qwen3.5-omni-flash,no_live_contact,,,,False,False,,,,,,,needs_source_recut_no_visual_contact,"The video shows a static interview with Miguel Cairo in front of a press backdrop. No live baseball play is shown; there is no batter, pitcher, or ball contact visible.",No live batting action present.
980,audit_checkpoint_001,228,Codex_Workstation,F_1077,dataset/fly_ball/Codex_Workstation/F_1077,0.290,0.390,needs_edit,clip_too_short,qwen3.5-omni-flash,no_live_contact,,0.0,6.8,False,False,,,,,,,needs_source_recut_no_visual_contact,"The clip is a split-screen interview featuring a female reporter and a male baseball player (Dylan). No live batting action, pitch arrival, or bat-ball contact occurs during the entire duration.",The video consists of an interview segment and does not contain any live play involving a batter swinging at a pitch.
979,audit_checkpoint_001,229,Codex_Workstation,F_1076,dataset/fly_ball/Codex_Workstation/F_1076,1.950,2.050,needs_edit,contact_timestamp_wrong,qwen3.5-omni-flash,no_live_contact,,,,False,False,,,,,,,needs_source_recut_no_visual_contact,"The clip opens on a live ball in flight (00:00) and immediately cuts to an outfielder running to catch it (00:01). There is no visible batter, pitch, or swing in the provided footage.",The video segment does not contain the visual evidence of a live bat-ball contact. The action begins after the ball has been hit.
978,audit_checkpoint_001,230,Codex_Workstation,F_1074,dataset/fly_ball/Codex_Workstation/F_1074,1.950,2.050,needs_edit,clip_too_short,qwen3.5-omni-flash,contact_context_ok,1.3,0.5,2.0,True,True,,,,,,,contact_visible_audio_unresolved,"At 00:01.3, the batter swings and makes contact with the pitch; a sharp bat-ball impact sound is audible at approximately 00:01.4.",
977,audit_checkpoint_001,231,Codex_Workstation,F_1073,dataset/fly_ball/Codex_Workstation/F_1073,1.950,2.050,needs_edit,clip_too_short,qwen3.5-omni-flash,contact_needs_recut,,,,True,True,,,,,,,needs_source_recut,The clip begins with the ball already in flight towards the outfield wall. The batter is not visible in the shot; only an outfielder and the ball's trajectory are shown. There is no visual evidence of a swing or bat-ball contact.,"The video segment starts mid-flight of the batted ball. No live batting action (pitch arrival, swing, or contact) is visible within the provided timeframe."
976,audit_checkpoint_001,232,Codex_Workstation,F_1072,dataset/fly_ball/Codex_Workstation/F_1072,1.950,2.050,needs_edit,contact_timestamp_wrong,qwen3.5-omni-flash,no_live_contact,,,,False,False,,,,,,,needs_source_recut_no_visual_contact,"The clip begins with an outfielder catching a ball and then shows a runner crossing home plate. No live batting action, pitch arrival, or swing is visible in the provided segment.",No live bat-ball contact sequence is present; the video starts after the ball has been caught.
975,audit_checkpoint_001,233,Codex_Workstation,F_1071,dataset/fly_ball/Codex_Workstation/F_1071,1.950,2.050,needs_edit,clip_too_short,qwen3.5-omni-flash,contact_context_ok,0.02,0.0,0.15,True,True,,,,,,,contact_visible_audio_unresolved,"At 00:00-00:02, the batter is shown in a ready stance; at 00:02, he swings and makes contact with the pitch (visible as ball departure), followed by immediate follow-through.",
974,audit_checkpoint_001,234,Codex_Workstation,F_1070,dataset/fly_ball/Codex_Workstation/F_1070,1.950,2.050,needs_edit,clip_too_short,qwen3.5-omni-flash,no_live_contact,,0.0,0.0,True,True,,,,,,,needs_source_recut_no_visual_contact,"The clip begins with the ball already in flight toward the outfield stands (00:00-00:02). No batter is visible, and no swing or contact event occurs within the provided footage.","The video segment starts after the bat-ball contact has already occurred; it shows only the ball's trajectory and the crowd reaction, lacking the required visual evidence of a live pitch arrival, swing, and contact."
973,audit_checkpoint_001,235,Codex_Workstation,F_1069,dataset/fly_ball/Codex_Workstation/F_1069,1.950,2.050,needs_edit,contact_timestamp_wrong,qwen3.5-omni-flash,no_live_contact,,,,False,False,,,,,,,needs_source_recut_no_visual_contact,The clip begins with the ball already in flight and an outfielder tracking it. The batter is not visible at any point.,No live bat-ball contact is visible; the clip starts after the hit.
972,audit_checkpoint_001,236,Codex_Workstation,F_1068,dataset/fly_ball/Codex_Workstation/F_1068,1.950,2.050,needs_edit,clip_too_short,qwen3.5-omni-flash,no_live_contact,,0.0,4.571,False,False,,,,,,,needs_source_recut_no_visual_contact,"The batter is shown in the on-deck circle and preparing to bat (00:00-00:02), then stands at home plate in a batting stance (00:02-00:04). No pitch arrives, no swing occurs, and there is no contact.",The clip shows a batter preparing for an at-bat but does not contain any live play where a pitch is delivered and swung upon.
971,audit_checkpoint_001,237,Codex_Workstation,F_1067,dataset/fly_ball/Codex_Workstation/F_1067,1.950,2.050,needs_edit,clip_too_short,qwen3.5-omni-flash,no_live_contact,,,,False,False,,,,,,,needs_source_recut_no_visual_contact,"The video shows a static interview with Miguel Cairo in front of a press backdrop. No batter, pitch, or live play is visible.",The clip contains an interview segment and lacks any visual evidence of a live batting action.
970,audit_checkpoint_001,238,Codex_Workstation,F_1066,dataset/fly_ball/Codex_Workstation/F_1066,1.950,2.050,needs_edit,contact_timestamp_wrong,qwen3.5-omni-flash,no_live_contact,,0.0,1.7,False,False,,,,,,,needs_source_recut_no_visual_contact,The batter is shown in a static batting stance/preparation pose from 00:00 to 00:01. There is no visible pitch arrival or swing motion.,No live bat-ball contact sequence is present; the clip shows only a static pre-swing stance before transitioning to a title graphic.
969,audit_checkpoint_001,239,Codex_Workstation,F_1065,dataset/fly_ball/Codex_Workstation/F_1065,1.950,2.050,needs_edit,contact_timestamp_wrong,qwen3.5-omni-flash,contact_context_ok,0.0,0.0,1.0,True,True,11,0.023,0.99999328,14.209,0.000,0.073,candidate_bound_pending_second_review,"At 00:00, the batter (Greene) is shown in a live at-bat sequence as the pitcher releases the ball. The batter swings and makes contact with the ball, which immediately departs the bat. A sharp bat-ball impact sound is heard simultaneously.",
968,audit_checkpoint_001,240,Codex_Workstation,F_1064,dataset/fly_ball/Codex_Workstation/F_1064,1.950,2.050,needs_edit,clip_too_short,qwen3.5-omni-flash,no_live_contact,,0.0,2.3,True,True,,,,,,,needs_source_recut_no_visual_contact,"The video starts with the ball already in flight towards the outfield wall. No batter is visible at any point, and no swing or bat-ball contact action occurs within the clip.","The clip begins after the ball has been hit. There is no visual evidence of a live batting action (pitch arrival, swing, or contact)."
967,audit_checkpoint_001,241,Codex_Workstation,F_1063,dataset/fly_ball/Codex_Workstation/F_1063,1.950,2.050,needs_edit,clip_too_short,qwen3.5-omni-flash,no_live_contact,,0.0,2.8,True,True,,,,,,,needs_source_recut_no_visual_contact,The video shows a wide shot of the outfield with an outfielder tracking a ball in flight and running towards the wall. The batter is not visible in the frame.,"No live batting action is visible in the clip. Although there is a sound of bat-ball contact, it occurs without a corresponding visual of the batter swinging or making contact, indicating the audio likely belongs to a previous play or an off-screen event."
966,audit_checkpoint_001,242,Codex_Workstation,F_1061,dataset/fly_ball/Codex_Workstation/F_1061,1.950,2.050,needs_edit,clip_too_short,qwen3.5-omni-flash,no_live_contact,,0.0,0.0,True,True,,,,,,,needs_source_recut_no_visual_contact,"The clip begins with the ball already in flight near the outfield wall. The batter is not visible, and no swing or contact action occurs within the video.","The provided video segment starts after the bat-ball contact has occurred; there is no visual evidence of a live pitch arrival, swing, or contact."
965,audit_checkpoint_001,243,Codex_Workstation,F_1058,dataset/fly_ball/Codex_Workstation/F_1058,1.950,2.050,needs_edit,contact_timestamp_wrong,qwen3.5-omni-flash,no_live_contact,,,,False,False,,,,,,,needs_source_recut_no_visual_contact,"The video contains an animated team logo and a post-game interview with Miguel Cairo. No live baseball play, batter, or bat-ball contact is visible.",No live batting action present in the clip.
964,audit_checkpoint_001,244,Codex_Workstation,F_1057,dataset/fly_ball/Codex_Workstation/F_1057,1.950,2.050,needs_edit,clip_too_short,qwen3.5-omni-flash,no_live_contact,,,,False,False,,,,,,,needs_source_recut_no_visual_contact,"The clip shows a post-game interview with player James Wood (00:00-00:05). There is no live batting action, pitch arrival, or swing visible.",The video contains an interview segment and lacks any visual evidence of a live baseball play with bat-ball contact.
963,audit_checkpoint_001,245,Codex_Workstation,F_1055,dataset/fly_ball/Codex_Workstation/F_1055,1.950,2.050,needs_edit,clip_too_short,qwen3.5-omni-flash,no_live_contact,,0.0,2.6,True,True,,,,,,,needs_source_recut_no_visual_contact,"The video shows a runner already in motion and celebrating near home plate with the crowd cheering. There is no visible batter, pitch, swing, or bat-ball contact.",The clip depicts the aftermath of a play (runner running/celebrating) without showing any live batting action or contact.
962,audit_checkpoint_001,246,Codex_Workstation,F_1054,dataset/fly_ball/Codex_Workstation/F_1054,1.950,2.050,needs_edit,clip_too_short,qwen3.5-omni-flash,no_live_contact,,0.0,4.582,False,False,,,,,,,needs_source_recut_no_visual_contact,"The clip consists entirely of a post-game interview with catcher Danny Jansen (00:00-00:04). There is no live gameplay, batter visible, or pitch sequence shown.",No live batting action is present in the video; it only shows an interview segment.
961,audit_checkpoint_001,247,Codex_Workstation,F_1053,dataset/fly_ball/Codex_Workstation/F_1053,1.950,2.050,needs_edit,clip_too_short,qwen3.5-omni-flash,no_live_contact,,,,False,False,,,,,,,needs_source_recut_no_visual_contact,"The video shows a press conference with Terry Francona speaking. There is no visible batter, pitch, or swing.",No live batting action present.
960,audit_checkpoint_001,248,Codex_Workstation,F_1052,dataset/fly_ball/Codex_Workstation/F_1052,1.950,2.050,needs_edit,contact_timestamp_wrong,qwen3.5-omni-flash,no_live_contact,,,,False,False,,,,,,,needs_source_recut_no_visual_contact,"The video shows a post-game interview on the field with three men (a reporter and two players/coaches). There is no live gameplay, no visible batter, and no pitch or swing.",The clip contains an interview segment and lacks any live batting action.
959,audit_checkpoint_001,249,Codex_Workstation,F_1051,dataset/fly_ball/Codex_Workstation/F_1051,1.950,2.050,needs_edit,clip_too_short,qwen3.5-omni-flash,no_live_contact,,,,True,True,,,,,,,needs_source_recut_no_visual_contact,"The clip begins with the ball already in flight and traveling toward the outfield wall. The batter is not visible, nor is there any depiction of a pitch arrival or a swing.","The video starts mid-play (ball in air) without showing the batter, the pitch, or the moment of contact. Therefore, visual evidence of live bat-ball contact cannot be verified."
958,audit_checkpoint_001,250,Codex_Workstation,F_1050,dataset/fly_ball/Codex_Workstation/F_1050,1.950,2.050,needs_edit,contact_timestamp_wrong,qwen3.5-omni-flash,contact_needs_recut,0.0,0.0,1.5,True,True,,,,,,,needs_source_recut,The clip begins with the ball already in flight (high-angle stadium shot). The batter is not shown swinging or making contact within the visible timeframe.,Visual evidence of live bat-ball contact is missing; the video starts after the swing has occurred.
