global_index,collector,sample_id,main_relative_path,id_digits,status,primary_error,error_types,required_actions,event_audio_assessment,current_event_start,current_event_end,suggested_contact_time,annotated_transient_time,annotated_transient_score,annotated_rms_ratio,annotated_diff_ratio,nearest_candidate_time,nearest_candidate_distance,strongest_candidate_time,strongest_candidate_score,audio_candidates_json,video_duration,duration_source,audio_duration,pre_contact_context,post_contact_context,trajectory_type,landing_zone,strength,missing_files,sample_csv_error,audio_error,video_title,video_url,source_id,source_path,source_clip_start,source_clip_end,resolved_source_path,source_available_locally,repair_batch,repair_batch_index
1207,Zhengxuan_Liu,F_034,dataset/fly_ball/Zhengxuan_Liu/F_034,3,needs_edit,clip_too_short,insufficient_pre_contact_context;insufficient_post_contact_context;source_not_explicit_fly,recover_source_and_recut_longer;qwen_confirm_flyball_semantics,annotated_contact_audio_confirmed,0.91,0.917,0.915,0.915,2.926,2.227,3.845,0.915,0.002,0.915,2.926,"[{""time"": 0.915, ""score"": 2.926, ""rms_ratio"": 2.227, ""diff_ratio"": 3.845}, {""time"": 6.685, ""score"": 2.706, ""rms_ratio"": 1.923, ""diff_ratio"": 3.807}, {""time"": 4.465, ""score"": 2.066, ""rms_ratio"": 1.058, ""diff_ratio"": 4.035}, {""time"": 0.585, ""score"": 2.036, ""rms_ratio"": 0.918, ""diff_ratio"": 4.144}, {""time"": 2.515, ""score"": 2.024, ""rms_ratio"": 1.401, ""diff_ratio"": 2.925}, {""time"": 6.535, ""score"": 1.989, ""rms_ratio"": 1.244, ""diff_ratio"": 3.18}, {""time"": 3.105, ""score"": 1.945, ""rms_ratio"": 1.813, ""diff_ratio"": 2.086}, {""time"": 4.055, ""score"": 1.92, ""rms_ratio"": 1.656, ""diff_ratio"": 2.226}, {""time"": 3.475, ""score"": 1.873, ""rms_ratio"": 1.566, ""diff_ratio"": 2.24}, {""time"": 6.985, ""score"": 1.801, ""rms_ratio"": 2.077, ""diff_ratio"": 1.562}, {""time"": 6.305, ""score"": 1.716, ""rms_ratio"": 1.396, ""diff_ratio"": 2.109}, {""time"": 1.815, ""score"": 1.687, ""rms_ratio"": 0.836, ""diff_ratio"": 2.846}, {""time"": 2.265, ""score"": 1.651, ""rms_ratio"": 1.511, ""diff_ratio"": 1.804}]",7.084,ffprobe,7.057,0.915,6.169,fly,9,high,,,,Condensed Game: LAD@CWS - 6/13/26,https://www.mlb.com/video/condensed-game-lad-cws-6-13-26?q=ContentTags%20=%20[%22condensed-game%22]%20Order%20By%20Timestamp%20DESC&pt=Condensed%20Games&p=2,,,,,,no,audit_checkpoint_001,1
1206,Zhengxuan_Liu,F_033,dataset/fly_ball/Zhengxuan_Liu/F_033,3,needs_edit,clip_too_short,insufficient_post_contact_context;source_not_explicit_fly,recover_source_and_recut_longer;qwen_confirm_flyball_semantics,annotated_contact_audio_confirmed,1.138,1.15,1.145,1.145,3.769,2.787,5.097,1.145,0.001,1.145,3.769,"[{""time"": 1.145, ""score"": 3.769, ""rms_ratio"": 2.787, ""diff_ratio"": 5.097}, {""time"": 3.845, ""score"": 2.48, ""rms_ratio"": 1.152, ""diff_ratio"": 5.34}, {""time"": 6.905, ""score"": 2.219, ""rms_ratio"": 1.392, ""diff_ratio"": 3.538}, {""time"": 6.595, ""score"": 2.205, ""rms_ratio"": 2.053, ""diff_ratio"": 2.368}, {""time"": 5.375, ""score"": 2.147, ""rms_ratio"": 1.719, ""diff_ratio"": 2.681}, {""time"": 6.785, ""score"": 1.906, ""rms_ratio"": 1.849, ""diff_ratio"": 1.964}, {""time"": 7.025, ""score"": 1.846, ""rms_ratio"": 1.711, ""diff_ratio"": 1.991}, {""time"": 1.605, ""score"": 1.813, ""rms_ratio"": 0.834, ""diff_ratio"": 3.287}, {""time"": 6.005, ""score"": 1.785, ""rms_ratio"": 1.938, ""diff_ratio"": 1.643}, {""time"": 3.995, ""score"": 1.676, ""rms_ratio"": 1.522, ""diff_ratio"": 1.846}]",7.184,ffprobe,7.150,1.145,6.039,fly,9,high,,,,Condensed Game: LAD@CWS - 6/13/26,https://www.mlb.com/video/condensed-game-lad-cws-6-13-26?q=ContentTags%20=%20[%22condensed-game%22]%20Order%20By%20Timestamp%20DESC&pt=Condensed%20Games&p=2,,,,,,no,audit_checkpoint_001,2
1205,Zhengxuan_Liu,F_032,dataset/fly_ball/Zhengxuan_Liu/F_032,3,needs_edit,contact_timestamp_wrong,contact_timestamp_wrong;insufficient_pre_contact_context;insufficient_post_contact_context;source_not_explicit_fly,retime_from_local_audio_candidate;qwen_confirm_visual_contact_near_candidate;recover_source_and_recut_longer;qwen_confirm_flyball_semantics,likely_contact_timestamp_wrong,0.809,0.815,0.525,0.815,1.936,1.437,2.610,0.815,0.003,4.275,3.532,"[{""time"": 4.275, ""score"": 3.532, ""rms_ratio"": 1.661, ""diff_ratio"": 7.512}, {""time"": 5.315, ""score"": 2.904, ""rms_ratio"": 1.381, ""diff_ratio"": 6.105}, {""time"": 0.525, ""score"": 2.713, ""rms_ratio"": 1.391, ""diff_ratio"": 5.29}, {""time"": 5.135, ""score"": 2.442, ""rms_ratio"": 2.456, ""diff_ratio"": 2.428}, {""time"": 4.115, ""score"": 2.347, ""rms_ratio"": 2.431, ""diff_ratio"": 2.266}, {""time"": 3.795, ""score"": 2.256, ""rms_ratio"": 2.727, ""diff_ratio"": 1.866}, {""time"": 6.475, ""score"": 2.195, ""rms_ratio"": 1.912, ""diff_ratio"": 2.52}, {""time"": 1.645, ""score"": 2.194, ""rms_ratio"": 1.274, ""diff_ratio"": 3.78}, {""time"": 4.495, ""score"": 2.095, ""rms_ratio"": 2.148, ""diff_ratio"": 2.043}, {""time"": 4.385, ""score"": 2.043, ""rms_ratio"": 2.765, ""diff_ratio"": 1.51}, {""time"": 2.925, ""score"": 2.008, ""rms_ratio"": 1.998, ""diff_ratio"": 2.018}, {""time"": 0.815, ""score"": 1.936, ""rms_ratio"": 1.437, ""diff_ratio"": 2.61}, {""time"": 4.615, ""score"": 1.926, ""rms_ratio"": 1.902, ""diff_ratio"": 1.95}, {""time"": 3.055, ""score"": 1.902, ""rms_ratio"": 2.103, ""diff_ratio"": 1.72}, {""time"": 0.055, ""score"": 1.824, ""rms_ratio"": 0.743, ""diff_ratio"": 3.326}, {""time"": 0.935, ""score"": 1.819, ""rms_ratio"": 1.812, ""diff_ratio"": 1.825}]",6.534,ffprobe,6.500,0.525,6.009,fly,5,high,,,,Condensed Game: LAD@CWS - 6/13/26,https://www.mlb.com/video/condensed-game-lad-cws-6-13-26?q=ContentTags%20=%20[%22condensed-game%22]%20Order%20By%20Timestamp%20DESC&pt=Condensed%20Games&p=2,,,,,,no,audit_checkpoint_001,3
1204,Zhengxuan_Liu,F_031,dataset/fly_ball/Zhengxuan_Liu/F_031,3,needs_edit,clip_too_short,insufficient_post_contact_context;source_not_explicit_fly,recover_source_and_recut_longer;qwen_confirm_flyball_semantics,annotated_contact_audio_confirmed,2.171,2.179,2.175,2.175,5.049,2.982,8.547,2.175,0.000,2.175,5.049,"[{""time"": 2.175, ""score"": 5.049, ""rms_ratio"": 2.982, ""diff_ratio"": 8.547}, {""time"": 6.715, ""score"": 3.641, ""rms_ratio"": 1.563, ""diff_ratio"": 8.481}, {""time"": 7.015, ""score"": 3.283, ""rms_ratio"": 1.789, ""diff_ratio"": 6.023}, {""time"": 5.825, ""score"": 3.204, ""rms_ratio"": 1.521, ""diff_ratio"": 6.749}, {""time"": 7.335, ""score"": 3.137, ""rms_ratio"": 1.556, ""diff_ratio"": 6.323}, {""time"": 6.545, ""score"": 2.755, ""rms_ratio"": 2.167, ""diff_ratio"": 3.501}, {""time"": 3.825, ""score"": 2.531, ""rms_ratio"": 1.176, ""diff_ratio"": 5.449}, {""time"": 5.675, ""score"": 2.352, ""rms_ratio"": 1.191, ""diff_ratio"": 4.646}, {""time"": 6.875, ""score"": 2.224, ""rms_ratio"": 1.998, ""diff_ratio"": 2.475}, {""time"": 7.125, ""score"": 2.162, ""rms_ratio"": 2.123, ""diff_ratio"": 2.202}, {""time"": 7.475, ""score"": 1.989, ""rms_ratio"": 1.064, ""diff_ratio"": 3.72}, {""time"": 7.665, ""score"": 1.938, ""rms_ratio"": 1.335, ""diff_ratio"": 2.812}, {""time"": 2.895, ""score"": 1.872, ""rms_ratio"": 1.183, ""diff_ratio"": 2.964}, {""time"": 6.005, ""score"": 1.861, ""rms_ratio"": 1.804, ""diff_ratio"": 1.92}, {""time"": 7.785, ""score"": 1.779, ""rms_ratio"": 1.598, ""diff_ratio"": 1.98}, {""time"": 0.085, ""score"": 1.76, ""rms_ratio"": 0.8, ""diff_ratio"": 3.097}]",7.846,ffprobe,7.847,2.175,5.671,fly,7,high,,,,Condensed Game: LAD@CWS - 6/13/26,https://www.mlb.com/video/condensed-game-lad-cws-6-13-26?q=ContentTags%20=%20[%22condensed-game%22]%20Order%20By%20Timestamp%20DESC&pt=Condensed%20Games&p=2,,,,,,no,audit_checkpoint_001,4
1203,Zhengxuan_Liu,F_030,dataset/fly_ball/Zhengxuan_Liu/F_030,3,needs_edit,clip_too_short,insufficient_post_contact_context;source_not_explicit_fly,recover_source_and_recut_longer;qwen_confirm_flyball_semantics,annotated_contact_audio_confirmed,1.115,1.122,1.115,1.115,4.654,2.626,8.248,1.115,0.003,1.115,4.654,"[{""time"": 1.115, ""score"": 4.654, ""rms_ratio"": 2.626, ""diff_ratio"": 8.248}, {""time"": 0.235, ""score"": 2.63, ""rms_ratio"": 1.058, ""diff_ratio"": 6.542}, {""time"": 0.575, ""score"": 2.298, ""rms_ratio"": 0.955, ""diff_ratio"": 5.281}, {""time"": 3.265, ""score"": 2.26, ""rms_ratio"": 1.04, ""diff_ratio"": 4.911}, {""time"": 5.405, ""score"": 2.063, ""rms_ratio"": 1.729, ""diff_ratio"": 2.461}, {""time"": 0.685, ""score"": 1.899, ""rms_ratio"": 2.331, ""diff_ratio"": 1.546}, {""time"": 3.385, ""score"": 1.84, ""rms_ratio"": 1.838, ""diff_ratio"": 1.843}, {""time"": 1.945, ""score"": 1.72, ""rms_ratio"": 1.43, ""diff_ratio"": 2.069}, {""time"": 2.215, ""score"": 1.718, ""rms_ratio"": 1.296, ""diff_ratio"": 2.278}, {""time"": 4.505, ""score"": 1.699, ""rms_ratio"": 1.66, ""diff_ratio"": 1.74}, {""time"": 2.085, ""score"": 1.689, ""rms_ratio"": 1.252, ""diff_ratio"": 2.28}, {""time"": 3.875, ""score"": 1.683, ""rms_ratio"": 1.481, ""diff_ratio"": 1.914}, {""time"": 3.995, ""score"": 1.659, ""rms_ratio"": 0.7, ""diff_ratio"": 2.752}]",5.432,ffprobe,5.432,1.115,4.317,fly,8,high,,,,Condensed Game: LAD@CWS - 6/13/26,https://www.mlb.com/video/condensed-game-lad-cws-6-13-26?q=ContentTags%20=%20[%22condensed-game%22]%20Order%20By%20Timestamp%20DESC&pt=Condensed%20Games&p=2,,,,,,no,audit_checkpoint_001,5
1202,Zhengxuan_Liu,F_029,dataset/fly_ball/Zhengxuan_Liu/F_029,3,needs_edit,clip_too_short,insufficient_post_contact_context;source_not_explicit_fly,recover_source_and_recut_longer;qwen_confirm_flyball_semantics,annotated_contact_audio_confirmed,1.204,1.211,1.205,1.205,5.641,3.446,9.236,1.205,0.002,1.205,5.641,"[{""time"": 1.205, ""score"": 5.641, ""rms_ratio"": 3.446, ""diff_ratio"": 9.236}, {""time"": 8.115, ""score"": 3.717, ""rms_ratio"": 2.39, ""diff_ratio"": 5.778}, {""time"": 0.175, ""score"": 3.714, ""rms_ratio"": 1.781, ""diff_ratio"": 7.745}, {""time"": 7.065, ""score"": 2.902, ""rms_ratio"": 1.452, ""diff_ratio"": 5.8}, {""time"": 0.895, ""score"": 2.836, ""rms_ratio"": 1.511, ""diff_ratio"": 5.325}, {""time"": 5.895, ""score"": 2.815, ""rms_ratio"": 2.127, ""diff_ratio"": 3.726}, {""time"": 5.185, ""score"": 2.699, ""rms_ratio"": 2.31, ""diff_ratio"": 3.153}, {""time"": 7.385, ""score"": 2.634, ""rms_ratio"": 1.297, ""diff_ratio"": 5.349}, {""time"": 0.275, ""score"": 2.628, ""rms_ratio"": 1.243, ""diff_ratio"": 5.555}, {""time"": 3.465, ""score"": 2.586, ""rms_ratio"": 2.753, ""diff_ratio"": 2.428}, {""time"": 4.855, ""score"": 2.534, ""rms_ratio"": 2.534, ""diff_ratio"": 2.534}, {""time"": 1.665, ""score"": 2.504, ""rms_ratio"": 2.741, ""diff_ratio"": 2.288}, {""time"": 5.345, ""score"": 2.466, ""rms_ratio"": 2.473, ""diff_ratio"": 2.46}, {""time"": 6.505, ""score"": 2.452, ""rms_ratio"": 2.217, ""diff_ratio"": 2.711}, {""time"": 7.215, ""score"": 2.298, ""rms_ratio"": 1.982, ""diff_ratio"": 2.666}, {""time"": 1.935, ""score"": 2.275, ""rms_ratio"": 3.117, ""diff_ratio"": 1.661}]",8.450,ffprobe,8.451,1.205,7.245,fly,3,high,,,,Condensed Game: LAD@CWS - 6/13/26,https://www.mlb.com/video/condensed-game-lad-cws-6-13-26?q=ContentTags%20=%20[%22condensed-game%22]%20Order%20By%20Timestamp%20DESC&pt=Condensed%20Games&p=2,,,,,,no,audit_checkpoint_001,6
1201,Zhengxuan_Liu,F_028,dataset/fly_ball/Zhengxuan_Liu/F_028,3,needs_edit,clip_too_short,insufficient_pre_contact_context;insufficient_post_contact_context;source_not_explicit_fly,recover_source_and_recut_longer;qwen_confirm_flyball_semantics,annotated_contact_audio_confirmed,0.852,0.859,0.855,0.855,4.778,2.652,8.608,0.855,0.000,0.855,4.778,"[{""time"": 0.855, ""score"": 4.778, ""rms_ratio"": 2.652, ""diff_ratio"": 8.608}, {""time"": 3.895, ""score"": 4.44, ""rms_ratio"": 1.645, ""diff_ratio"": 11.98}, {""time"": 2.065, ""score"": 4.157, ""rms_ratio"": 1.712, ""diff_ratio"": 10.093}, {""time"": 2.485, ""score"": 2.693, ""rms_ratio"": 1.016, ""diff_ratio"": 7.14}, {""time"": 3.415, ""score"": 2.633, ""rms_ratio"": 1.121, ""diff_ratio"": 6.184}, {""time"": 6.015, ""score"": 2.482, ""rms_ratio"": 1.697, ""diff_ratio"": 3.63}, {""time"": 6.175, ""score"": 2.465, ""rms_ratio"": 1.941, ""diff_ratio"": 3.129}, {""time"": 3.675, ""score"": 2.423, ""rms_ratio"": 1.998, ""diff_ratio"": 2.94}, {""time"": 2.805, ""score"": 2.326, ""rms_ratio"": 1.259, ""diff_ratio"": 4.296}, {""time"": 1.425, ""score"": 2.309, ""rms_ratio"": 1.622, ""diff_ratio"": 3.289}, {""time"": 6.855, ""score"": 2.142, ""rms_ratio"": 0.898, ""diff_ratio"": 4.588}, {""time"": 6.375, ""score"": 2.017, ""rms_ratio"": 1.881, ""diff_ratio"": 2.163}, {""time"": 6.745, ""score"": 1.966, ""rms_ratio"": 1.599, ""diff_ratio"": 2.417}, {""time"": 6.525, ""score"": 1.916, ""rms_ratio"": 1.752, ""diff_ratio"": 2.095}, {""time"": 1.285, ""score"": 1.91, ""rms_ratio"": 1.747, ""diff_ratio"": 2.088}, {""time"": 3.065, ""score"": 1.896, ""rms_ratio"": 2.129, ""diff_ratio"": 1.688}]",7.336,ffprobe,7.336,0.855,6.481,fly,9,high,,,,Condensed Game: LAD@CWS - 6/13/26,https://www.mlb.com/video/condensed-game-lad-cws-6-13-26?q=ContentTags%20=%20[%22condensed-game%22]%20Order%20By%20Timestamp%20DESC&pt=Condensed%20Games&p=2,,,,,,no,audit_checkpoint_001,7
1200,Zhengxuan_Liu,F_027,dataset/fly_ball/Zhengxuan_Liu/F_027,3,needs_edit,clip_too_short,insufficient_post_contact_context;source_not_explicit_fly,recover_source_and_recut_longer;qwen_confirm_flyball_semantics,annotated_contact_audio_confirmed,1.148,1.156,1.155,1.155,4.992,3.633,6.859,1.155,0.003,1.155,4.992,"[{""time"": 1.155, ""score"": 4.992, ""rms_ratio"": 3.633, ""diff_ratio"": 6.859}, {""time"": 4.745, ""score"": 2.753, ""rms_ratio"": 2.316, ""diff_ratio"": 3.272}, {""time"": 4.575, ""score"": 2.656, ""rms_ratio"": 1.978, ""diff_ratio"": 3.565}, {""time"": 4.955, ""score"": 2.616, ""rms_ratio"": 1.225, ""diff_ratio"": 5.587}, {""time"": 5.285, ""score"": 2.354, ""rms_ratio"": 2.283, ""diff_ratio"": 2.428}, {""time"": 3.805, ""score"": 2.32, ""rms_ratio"": 1.144, ""diff_ratio"": 4.705}, {""time"": 3.925, ""score"": 2.283, ""rms_ratio"": 2.238, ""diff_ratio"": 2.329}, {""time"": 5.935, ""score"": 2.267, ""rms_ratio"": 2.702, ""diff_ratio"": 1.901}, {""time"": 5.075, ""score"": 2.216, ""rms_ratio"": 2.329, ""diff_ratio"": 2.108}, {""time"": 5.385, ""score"": 1.999, ""rms_ratio"": 1.823, ""diff_ratio"": 2.193}, {""time"": 4.035, ""score"": 1.937, ""rms_ratio"": 1.749, ""diff_ratio"": 2.146}, {""time"": 1.445, ""score"": 1.926, ""rms_ratio"": 0.976, ""diff_ratio"": 3.71}, {""time"": 3.705, ""score"": 1.893, ""rms_ratio"": 1.554, ""diff_ratio"": 2.307}, {""time"": 2.435, ""score"": 1.889, ""rms_ratio"": 2.173, ""diff_ratio"": 1.642}, {""time"": 3.455, ""score"": 1.865, ""rms_ratio"": 2.311, ""diff_ratio"": 1.506}, {""time"": 3.315, ""score"": 1.837, ""rms_ratio"": 1.029, ""diff_ratio"": 3.278}]",6.012,ffprobe,6.013,1.155,4.857,fly,9,high,,,,Condensed Game: LAD@CWS - 6/13/26,https://www.mlb.com/video/condensed-game-lad-cws-6-13-26?q=ContentTags%20=%20[%22condensed-game%22]%20Order%20By%20Timestamp%20DESC&pt=Condensed%20Games&p=2,,,,,,no,audit_checkpoint_001,8
1199,Zhengxuan_Liu,F_026,dataset/fly_ball/Zhengxuan_Liu/F_026,3,needs_edit,clip_too_short,insufficient_post_contact_context;source_not_explicit_fly,recover_source_and_recut_longer;qwen_confirm_flyball_semantics,annotated_contact_audio_confirmed,1.297,1.307,1.295,1.295,4.068,2.582,6.410,1.295,0.007,1.295,4.068,"[{""time"": 1.295, ""score"": 4.068, ""rms_ratio"": 2.582, ""diff_ratio"": 6.41}, {""time"": 5.245, ""score"": 2.913, ""rms_ratio"": 1.556, ""diff_ratio"": 5.455}, {""time"": 0.675, ""score"": 2.357, ""rms_ratio"": 1.181, ""diff_ratio"": 4.704}, {""time"": 4.105, ""score"": 2.268, ""rms_ratio"": 1.232, ""diff_ratio"": 4.176}, {""time"": 4.865, ""score"": 2.068, ""rms_ratio"": 2.584, ""diff_ratio"": 1.654}, {""time"": 2.385, ""score"": 2.067, ""rms_ratio"": 2.185, ""diff_ratio"": 1.956}, {""time"": 1.745, ""score"": 1.899, ""rms_ratio"": 2.48, ""diff_ratio"": 1.454}, {""time"": 5.405, ""score"": 1.883, ""rms_ratio"": 2.111, ""diff_ratio"": 1.68}, {""time"": 0.575, ""score"": 1.815, ""rms_ratio"": 1.752, ""diff_ratio"": 1.881}, {""time"": 0.135, ""score"": 1.795, ""rms_ratio"": 2.074, ""diff_ratio"": 1.553}, {""time"": 2.955, ""score"": 1.792, ""rms_ratio"": 1.804, ""diff_ratio"": 1.781}, {""time"": 3.885, ""score"": 1.777, ""rms_ratio"": 1.593, ""diff_ratio"": 1.982}, {""time"": 0.785, ""score"": 1.694, ""rms_ratio"": 1.47, ""diff_ratio"": 1.953}, {""time"": 5.585, ""score"": 1.69, ""rms_ratio"": 1.694, ""diff_ratio"": 1.685}, {""time"": 3.415, ""score"": 1.682, ""rms_ratio"": 1.409, ""diff_ratio"": 2.006}, {""time"": 3.675, ""score"": 1.68, ""rms_ratio"": 2.162, ""diff_ratio"": 1.305}]",5.687,ffprobe,5.687,1.295,4.392,fly,8,high,,,,Condensed Game: LAD@CWS - 6/13/26,https://www.mlb.com/video/condensed-game-lad-cws-6-13-26?q=ContentTags%20=%20[%22condensed-game%22]%20Order%20By%20Timestamp%20DESC&pt=Condensed%20Games&p=2,,,,,,no,audit_checkpoint_001,9
1198,Zhengxuan_Liu,F_025,dataset/fly_ball/Zhengxuan_Liu/F_025,3,needs_edit,clip_too_short,insufficient_pre_contact_context;insufficient_post_contact_context;source_not_explicit_fly,recover_source_and_recut_longer;qwen_confirm_flyball_semantics,annotated_contact_audio_confirmed,0.441,0.449,0.445,0.445,2.519,1.849,3.434,0.445,0.000,0.445,2.519,"[{""time"": 0.445, ""score"": 2.519, ""rms_ratio"": 1.849, ""diff_ratio"": 3.434}, {""time"": 6.285, ""score"": 2.305, ""rms_ratio"": 1.454, ""diff_ratio"": 3.653}, {""time"": 6.005, ""score"": 2.008, ""rms_ratio"": 1.836, ""diff_ratio"": 2.196}, {""time"": 1.055, ""score"": 1.925, ""rms_ratio"": 0.906, ""diff_ratio"": 3.706}, {""time"": 3.945, ""score"": 1.836, ""rms_ratio"": 1.272, ""diff_ratio"": 2.65}, {""time"": 4.635, ""score"": 1.771, ""rms_ratio"": 0.958, ""diff_ratio"": 3.138}, {""time"": 4.075, ""score"": 1.696, ""rms_ratio"": 1.447, ""diff_ratio"": 1.988}, {""time"": 6.425, ""score"": 1.685, ""rms_ratio"": 1.51, ""diff_ratio"": 1.88}]",6.732,ffprobe,6.732,0.445,6.287,fly,9,high,,,,Condensed Game: LAD@CWS - 6/13/26,https://www.mlb.com/video/condensed-game-lad-cws-6-13-26?q=ContentTags%20=%20[%22condensed-game%22]%20Order%20By%20Timestamp%20DESC&pt=Condensed%20Games&p=2,,,,,,no,audit_checkpoint_001,10
1197,Zhengxuan_Liu,F_024,dataset/fly_ball/Zhengxuan_Liu/F_024,3,needs_edit,clip_too_short,insufficient_post_contact_context;source_not_explicit_fly,recover_source_and_recut_longer;qwen_confirm_flyball_semantics,annotated_contact_audio_confirmed,1.902,1.916,1.905,1.905,3.743,2.838,4.937,1.905,0.004,1.905,3.743,"[{""time"": 1.905, ""score"": 3.743, ""rms_ratio"": 2.838, ""diff_ratio"": 4.937}, {""time"": 0.685, ""score"": 2.921, ""rms_ratio"": 1.469, ""diff_ratio"": 5.805}, {""time"": 1.045, ""score"": 2.744, ""rms_ratio"": 1.269, ""diff_ratio"": 5.935}, {""time"": 1.325, ""score"": 2.258, ""rms_ratio"": 1.135, ""diff_ratio"": 4.494}, {""time"": 2.015, ""score"": 2.015, ""rms_ratio"": 0.976, ""diff_ratio"": 4.06}, {""time"": 5.785, ""score"": 1.893, ""rms_ratio"": 0.96, ""diff_ratio"": 3.584}, {""time"": 5.895, ""score"": 1.885, ""rms_ratio"": 2.064, ""diff_ratio"": 1.721}, {""time"": 5.465, ""score"": 1.875, ""rms_ratio"": 0.955, ""diff_ratio"": 3.516}, {""time"": 5.235, ""score"": 1.753, ""rms_ratio"": 1.622, ""diff_ratio"": 1.894}, {""time"": 4.865, ""score"": 1.721, ""rms_ratio"": 1.839, ""diff_ratio"": 1.612}, {""time"": 3.445, ""score"": 1.709, ""rms_ratio"": 1.877, ""diff_ratio"": 1.557}, {""time"": 4.085, ""score"": 1.699, ""rms_ratio"": 1.388, ""diff_ratio"": 2.081}, {""time"": 3.975, ""score"": 1.697, ""rms_ratio"": 1.596, ""diff_ratio"": 1.805}, {""time"": 2.555, ""score"": 1.675, ""rms_ratio"": 1.869, ""diff_ratio"": 1.502}, {""time"": 4.265, ""score"": 1.664, ""rms_ratio"": 0.721, ""diff_ratio"": 2.77}]",7.312,ffprobe,7.313,1.905,5.407,fly,9,high,,,,Condensed Game: LAD@CWS - 6/13/26,https://www.mlb.com/video/condensed-game-lad-cws-6-13-26?q=ContentTags%20=%20[%22condensed-game%22]%20Order%20By%20Timestamp%20DESC&pt=Condensed%20Games&p=2,,,,,,no,audit_checkpoint_001,11
1196,Zhengxuan_Liu,F_023,dataset/fly_ball/Zhengxuan_Liu/F_023,3,needs_edit,clip_too_short,insufficient_pre_contact_context;insufficient_post_contact_context;source_not_explicit_fly,recover_source_and_recut_longer;qwen_confirm_flyball_semantics,annotated_contact_audio_confirmed,0.443,0.451,0.445,0.445,5.120,3.681,7.122,0.445,0.002,0.445,5.120,"[{""time"": 0.445, ""score"": 5.12, ""rms_ratio"": 3.681, ""diff_ratio"": 7.122}, {""time"": 1.435, ""score"": 2.198, ""rms_ratio"": 1.077, ""diff_ratio"": 4.485}, {""time"": 3.185, ""score"": 2.006, ""rms_ratio"": 1.904, ""diff_ratio"": 2.114}, {""time"": 5.615, ""score"": 2.0, ""rms_ratio"": 1.844, ""diff_ratio"": 2.169}, {""time"": 1.875, ""score"": 1.95, ""rms_ratio"": 0.867, ""diff_ratio"": 3.803}, {""time"": 2.985, ""score"": 1.944, ""rms_ratio"": 1.767, ""diff_ratio"": 2.138}, {""time"": 4.415, ""score"": 1.825, ""rms_ratio"": 1.241, ""diff_ratio"": 2.685}, {""time"": 3.845, ""score"": 1.798, ""rms_ratio"": 0.603, ""diff_ratio"": 3.232}, {""time"": 5.275, ""score"": 1.749, ""rms_ratio"": 1.858, ""diff_ratio"": 1.648}, {""time"": 2.115, ""score"": 1.691, ""rms_ratio"": 1.619, ""diff_ratio"": 1.766}, {""time"": 5.095, ""score"": 1.672, ""rms_ratio"": 1.798, ""diff_ratio"": 1.554}, {""time"": 3.375, ""score"": 1.667, ""rms_ratio"": 1.633, ""diff_ratio"": 1.701}]",6.100,ffprobe,6.082,0.445,5.655,fly,7,high,,,,Condensed Game: LAD@CWS - 6/14/26,https://www.mlb.com/video/condensed-game-lad-cws-6-14-26?q=ContentTags%20=%20[%22condensed-game%22]%20Order%20By%20Timestamp%20DESC&pt=Condensed%20Games&p=2,,,,,,no,audit_checkpoint_001,12
1195,Zhengxuan_Liu,F_022,dataset/fly_ball/Zhengxuan_Liu/F_022,3,needs_edit,clip_too_short,insufficient_post_contact_context;source_not_explicit_fly,recover_source_and_recut_longer;qwen_confirm_flyball_semantics,annotated_contact_audio_confirmed,2.035,2.047,2.035,2.035,5.123,4.081,6.430,2.035,0.006,2.035,5.123,"[{""time"": 2.035, ""score"": 5.123, ""rms_ratio"": 4.081, ""diff_ratio"": 6.43}, {""time"": 6.155, ""score"": 2.989, ""rms_ratio"": 2.077, ""diff_ratio"": 4.301}, {""time"": 4.505, ""score"": 2.604, ""rms_ratio"": 1.467, ""diff_ratio"": 4.62}, {""time"": 2.435, ""score"": 2.226, ""rms_ratio"": 2.245, ""diff_ratio"": 2.208}, {""time"": 5.565, ""score"": 2.091, ""rms_ratio"": 1.929, ""diff_ratio"": 2.267}, {""time"": 5.975, ""score"": 2.031, ""rms_ratio"": 1.996, ""diff_ratio"": 2.066}, {""time"": 5.345, ""score"": 1.947, ""rms_ratio"": 1.884, ""diff_ratio"": 2.013}, {""time"": 5.675, ""score"": 1.911, ""rms_ratio"": 1.782, ""diff_ratio"": 2.049}, {""time"": 5.855, ""score"": 1.81, ""rms_ratio"": 1.955, ""diff_ratio"": 1.676}, {""time"": 1.065, ""score"": 1.779, ""rms_ratio"": 0.801, ""diff_ratio"": 3.166}, {""time"": 5.175, ""score"": 1.751, ""rms_ratio"": 1.922, ""diff_ratio"": 1.596}, {""time"": 4.125, ""score"": 1.71, ""rms_ratio"": 1.054, ""diff_ratio"": 2.775}, {""time"": 4.645, ""score"": 1.682, ""rms_ratio"": 1.496, ""diff_ratio"": 1.892}]",6.233,ffprobe,6.221,2.035,4.198,fly,8,high,,,,Condensed Game: LAD@CWS - 6/14/26,https://www.mlb.com/video/condensed-game-lad-cws-6-14-26?q=ContentTags%20=%20[%22condensed-game%22]%20Order%20By%20Timestamp%20DESC&pt=Condensed%20Games&p=2,,,,,,no,audit_checkpoint_001,13
1194,Zhengxuan_Liu,F_021,dataset/fly_ball/Zhengxuan_Liu/F_021,3,needs_edit,clip_too_short,insufficient_pre_contact_context;insufficient_post_contact_context;source_not_explicit_fly,recover_source_and_recut_longer;qwen_confirm_flyball_semantics,annotated_contact_audio_confirmed,0.369,0.379,0.375,0.375,9.790,7.634,12.556,0.375,0.001,0.375,9.790,"[{""time"": 0.375, ""score"": 9.79, ""rms_ratio"": 7.634, ""diff_ratio"": 12.556}, {""time"": 4.595, ""score"": 2.716, ""rms_ratio"": 2.805, ""diff_ratio"": 2.63}, {""time"": 3.585, ""score"": 2.075, ""rms_ratio"": 1.151, ""diff_ratio"": 3.742}, {""time"": 4.475, ""score"": 2.069, ""rms_ratio"": 2.006, ""diff_ratio"": 2.134}, {""time"": 2.635, ""score"": 2.05, ""rms_ratio"": 1.092, ""diff_ratio"": 3.847}, {""time"": 4.145, ""score"": 2.038, ""rms_ratio"": 2.065, ""diff_ratio"": 2.011}, {""time"": 4.265, ""score"": 1.884, ""rms_ratio"": 2.37, ""diff_ratio"": 1.498}, {""time"": 1.325, ""score"": 1.864, ""rms_ratio"": 0.884, ""diff_ratio"": 3.475}, {""time"": 4.005, ""score"": 1.82, ""rms_ratio"": 2.015, ""diff_ratio"": 1.643}, {""time"": 1.565, ""score"": 1.78, ""rms_ratio"": 0.801, ""diff_ratio"": 3.17}, {""time"": 4.855, ""score"": 1.712, ""rms_ratio"": 1.783, ""diff_ratio"": 1.643}, {""time"": 4.735, ""score"": 1.7, ""rms_ratio"": 1.783, ""diff_ratio"": 1.621}, {""time"": 3.755, ""score"": 1.651, ""rms_ratio"": 1.728, ""diff_ratio"": 1.577}]",5.090,ffprobe,5.060,0.375,4.715,fly,8,high,,,,Condensed Game: LAD@CWS - 6/14/26,https://www.mlb.com/video/condensed-game-lad-cws-6-14-26?q=ContentTags%20=%20[%22condensed-game%22]%20Order%20By%20Timestamp%20DESC&pt=Condensed%20Games&p=2,,,,,,no,audit_checkpoint_001,14
1193,Zhengxuan_Liu,F_020,dataset/fly_ball/Zhengxuan_Liu/F_020,3,needs_edit,clip_too_short,insufficient_post_contact_context;source_not_explicit_fly,recover_source_and_recut_longer;qwen_confirm_flyball_semantics,annotated_contact_audio_confirmed,1.127,1.132,1.125,1.125,3.206,2.002,5.135,1.125,0.004,1.125,3.206,"[{""time"": 1.125, ""score"": 3.206, ""rms_ratio"": 2.002, ""diff_ratio"": 5.135}, {""time"": 4.635, ""score"": 2.329, ""rms_ratio"": 1.231, ""diff_ratio"": 4.407}, {""time"": 3.275, ""score"": 2.129, ""rms_ratio"": 1.317, ""diff_ratio"": 3.442}, {""time"": 6.785, ""score"": 1.836, ""rms_ratio"": 2.04, ""diff_ratio"": 1.653}, {""time"": 6.125, ""score"": 1.81, ""rms_ratio"": 1.562, ""diff_ratio"": 2.097}, {""time"": 3.475, ""score"": 1.809, ""rms_ratio"": 1.051, ""diff_ratio"": 3.112}, {""time"": 2.695, ""score"": 1.703, ""rms_ratio"": 1.349, ""diff_ratio"": 2.15}, {""time"": 3.735, ""score"": 1.698, ""rms_ratio"": 1.669, ""diff_ratio"": 1.728}, {""time"": 5.095, ""score"": 1.654, ""rms_ratio"": 2.036, ""diff_ratio"": 1.343}]",6.899,ffprobe,6.872,1.125,5.774,fly,9,high,,,,Condensed Game: LAD@CWS - 6/14/26,https://www.mlb.com/video/condensed-game-lad-cws-6-14-26?q=ContentTags%20=%20[%22condensed-game%22]%20Order%20By%20Timestamp%20DESC&pt=Condensed%20Games&p=2,,,,,,no,audit_checkpoint_001,15
1192,Zhengxuan_Liu,F_019,dataset/fly_ball/Zhengxuan_Liu/F_019,3,needs_edit,clip_too_short,insufficient_pre_contact_context;insufficient_post_contact_context;source_not_explicit_fly,recover_source_and_recut_longer;qwen_confirm_flyball_semantics,annotated_contact_audio_confirmed,0.866,0.874,0.865,0.865,3.382,2.043,5.599,0.865,0.005,0.865,3.382,"[{""time"": 0.865, ""score"": 3.382, ""rms_ratio"": 2.043, ""diff_ratio"": 5.599}, {""time"": 2.195, ""score"": 2.053, ""rms_ratio"": 1.324, ""diff_ratio"": 3.183}, {""time"": 6.595, ""score"": 2.052, ""rms_ratio"": 1.527, ""diff_ratio"": 2.757}, {""time"": 4.715, ""score"": 1.87, ""rms_ratio"": 1.408, ""diff_ratio"": 2.485}, {""time"": 5.935, ""score"": 1.747, ""rms_ratio"": 1.272, ""diff_ratio"": 2.4}, {""time"": 2.645, ""score"": 1.672, ""rms_ratio"": 1.461, ""diff_ratio"": 1.913}, {""time"": 4.365, ""score"": 1.663, ""rms_ratio"": 1.178, ""diff_ratio"": 2.348}]",7.243,ffprobe,7.243,0.865,6.378,fly,9,high,,,,Condensed Game: LAD@CWS - 6/14/26,https://www.mlb.com/video/condensed-game-lad-cws-6-14-26?q=ContentTags%20=%20[%22condensed-game%22]%20Order%20By%20Timestamp%20DESC&pt=Condensed%20Games&p=2,,,,,,no,audit_checkpoint_001,16
1191,Zhengxuan_Liu,F_018,dataset/fly_ball/Zhengxuan_Liu/F_018,3,needs_edit,clip_too_short,insufficient_post_contact_context;source_not_explicit_fly,recover_source_and_recut_longer;qwen_confirm_flyball_semantics,annotated_contact_audio_confirmed,0.998,1.008,1.005,1.005,5.171,3.892,6.872,1.005,0.002,1.005,5.171,"[{""time"": 1.005, ""score"": 5.171, ""rms_ratio"": 3.892, ""diff_ratio"": 6.872}, {""time"": 1.935, ""score"": 2.802, ""rms_ratio"": 1.504, ""diff_ratio"": 5.221}, {""time"": 2.245, ""score"": 2.725, ""rms_ratio"": 1.406, ""diff_ratio"": 5.28}, {""time"": 5.775, ""score"": 2.114, ""rms_ratio"": 1.532, ""diff_ratio"": 2.918}, {""time"": 0.675, ""score"": 2.077, ""rms_ratio"": 0.881, ""diff_ratio"": 4.316}, {""time"": 2.655, ""score"": 1.955, ""rms_ratio"": 1.194, ""diff_ratio"": 3.201}, {""time"": 3.975, ""score"": 1.922, ""rms_ratio"": 1.093, ""diff_ratio"": 3.379}, {""time"": 5.465, ""score"": 1.789, ""rms_ratio"": 1.271, ""diff_ratio"": 2.517}, {""time"": 4.535, ""score"": 1.766, ""rms_ratio"": 1.319, ""diff_ratio"": 2.365}, {""time"": 6.645, ""score"": 1.757, ""rms_ratio"": 1.173, ""diff_ratio"": 2.631}, {""time"": 5.125, ""score"": 1.671, ""rms_ratio"": 2.121, ""diff_ratio"": 1.317}, {""time"": 1.345, ""score"": 1.654, ""rms_ratio"": 0.75, ""diff_ratio"": 2.736}]",6.899,ffprobe,6.895,1.005,5.894,fly,9,high,,,,Condensed Game: LAD@CWS - 6/14/26,https://www.mlb.com/video/condensed-game-lad-cws-6-14-26?q=ContentTags%20=%20[%22condensed-game%22]%20Order%20By%20Timestamp%20DESC&pt=Condensed%20Games&p=2,,,,,,no,audit_checkpoint_001,17
1190,Zhengxuan_Liu,F_017,dataset/fly_ball/Zhengxuan_Liu/F_017,3,needs_edit,clip_too_short,insufficient_pre_contact_context;insufficient_post_contact_context;source_not_explicit_fly,recover_source_and_recut_longer;qwen_confirm_flyball_semantics,annotated_contact_audio_confirmed,0.788,0.796,0.785,0.785,5.449,3.945,7.527,0.785,0.007,0.785,5.449,"[{""time"": 0.785, ""score"": 5.449, ""rms_ratio"": 3.945, ""diff_ratio"": 7.527}, {""time"": 0.485, ""score"": 3.563, ""rms_ratio"": 1.507, ""diff_ratio"": 8.421}, {""time"": 0.115, ""score"": 3.489, ""rms_ratio"": 1.547, ""diff_ratio"": 7.866}, {""time"": 2.015, ""score"": 3.411, ""rms_ratio"": 1.549, ""diff_ratio"": 7.51}, {""time"": 1.505, ""score"": 3.315, ""rms_ratio"": 1.494, ""diff_ratio"": 7.356}, {""time"": 3.745, ""score"": 2.498, ""rms_ratio"": 1.233, ""diff_ratio"": 5.062}, {""time"": 1.195, ""score"": 2.358, ""rms_ratio"": 0.942, ""diff_ratio"": 5.559}, {""time"": 3.015, ""score"": 2.354, ""rms_ratio"": 1.022, ""diff_ratio"": 5.421}, {""time"": 3.285, ""score"": 2.068, ""rms_ratio"": 1.327, ""diff_ratio"": 3.224}, {""time"": 1.065, ""score"": 2.068, ""rms_ratio"": 0.871, ""diff_ratio"": 4.277}, {""time"": 1.685, ""score"": 1.71, ""rms_ratio"": 1.592, ""diff_ratio"": 1.837}]",3.852,ffprobe,3.830,0.785,3.067,fly,7,high,,,,Condensed Game: LAD@CWS - 6/14/26,https://www.mlb.com/video/condensed-game-lad-cws-6-14-26?q=ContentTags%20=%20[%22condensed-game%22]%20Order%20By%20Timestamp%20DESC&pt=Condensed%20Games&p=2,,,,,,no,audit_checkpoint_001,18
1189,Zhengxuan_Liu,F_016,dataset/fly_ball/Zhengxuan_Liu/F_016,3,needs_edit,clip_too_short,insufficient_pre_contact_context;insufficient_post_contact_context;source_not_explicit_fly,recover_source_and_recut_longer;qwen_confirm_flyball_semantics,annotated_contact_audio_confirmed,0.838,0.847,0.835,0.835,12.087,7.984,18.296,0.835,0.008,0.835,12.087,"[{""time"": 0.835, ""score"": 12.087, ""rms_ratio"": 7.984, ""diff_ratio"": 18.296}, {""time"": 3.045, ""score"": 2.908, ""rms_ratio"": 1.556, ""diff_ratio"": 5.435}, {""time"": 0.435, ""score"": 2.817, ""rms_ratio"": 4.47, ""diff_ratio"": 1.775}, {""time"": 3.835, ""score"": 2.761, ""rms_ratio"": 3.78, ""diff_ratio"": 2.017}, {""time"": 3.955, ""score"": 2.744, ""rms_ratio"": 1.169, ""diff_ratio"": 6.445}, {""time"": 8.255, ""score"": 2.605, ""rms_ratio"": 2.437, ""diff_ratio"": 2.784}, {""time"": 3.295, ""score"": 2.586, ""rms_ratio"": 1.322, ""diff_ratio"": 5.06}, {""time"": 3.595, ""score"": 2.49, ""rms_ratio"": 1.941, ""diff_ratio"": 3.194}, {""time"": 0.075, ""score"": 2.419, ""rms_ratio"": 1.949, ""diff_ratio"": 3.003}, {""time"": 1.045, ""score"": 2.2, ""rms_ratio"": 2.703, ""diff_ratio"": 1.791}, {""time"": 4.595, ""score"": 2.082, ""rms_ratio"": 1.427, ""diff_ratio"": 3.038}, {""time"": 1.475, ""score"": 2.047, ""rms_ratio"": 0.984, ""diff_ratio"": 4.191}, {""time"": 7.335, ""score"": 2.037, ""rms_ratio"": 0.95, ""diff_ratio"": 4.151}, {""time"": 6.165, ""score"": 2.027, ""rms_ratio"": 2.153, ""diff_ratio"": 1.907}, {""time"": 0.225, ""score"": 2.026, ""rms_ratio"": 3.336, ""diff_ratio"": 1.23}, {""time"": 1.965, ""score"": 2.003, ""rms_ratio"": 2.306, ""diff_ratio"": 1.74}]",8.288,ffprobe,8.288,0.835,7.453,fly,6,high,,,,Condensed Game: LAD@CWS - 6/14/26,https://www.mlb.com/video/condensed-game-lad-cws-6-14-26?q=ContentTags%20=%20[%22condensed-game%22]%20Order%20By%20Timestamp%20DESC&pt=Condensed%20Games&p=2,,,,,,no,audit_checkpoint_001,19
1188,Zhengxuan_Liu,F_015,dataset/fly_ball/Zhengxuan_Liu/F_015,3,needs_edit,clip_too_short,insufficient_pre_contact_context;insufficient_post_contact_context;source_not_explicit_fly,recover_source_and_recut_longer;qwen_confirm_flyball_semantics,annotated_contact_audio_confirmed,0.603,0.62,0.605,0.605,5.507,3.937,7.705,0.605,0.006,0.605,5.507,"[{""time"": 0.605, ""score"": 5.507, ""rms_ratio"": 3.937, ""diff_ratio"": 7.705}, {""time"": 5.965, ""score"": 2.368, ""rms_ratio"": 2.303, ""diff_ratio"": 2.434}, {""time"": 5.445, ""score"": 2.309, ""rms_ratio"": 1.936, ""diff_ratio"": 2.753}, {""time"": 5.855, ""score"": 2.248, ""rms_ratio"": 2.388, ""diff_ratio"": 2.117}, {""time"": 5.165, ""score"": 2.236, ""rms_ratio"": 1.68, ""diff_ratio"": 2.975}, {""time"": 5.595, ""score"": 2.129, ""rms_ratio"": 2.267, ""diff_ratio"": 2.0}, {""time"": 6.175, ""score"": 2.113, ""rms_ratio"": 2.321, ""diff_ratio"": 1.923}, {""time"": 4.775, ""score"": 1.969, ""rms_ratio"": 0.939, ""diff_ratio"": 3.875}, {""time"": 3.085, ""score"": 1.915, ""rms_ratio"": 0.912, ""diff_ratio"": 3.668}, {""time"": 6.425, ""score"": 1.888, ""rms_ratio"": 1.966, ""diff_ratio"": 1.813}, {""time"": 5.695, ""score"": 1.88, ""rms_ratio"": 2.036, ""diff_ratio"": 1.737}, {""time"": 4.135, ""score"": 1.837, ""rms_ratio"": 0.925, ""diff_ratio"": 3.376}, {""time"": 0.715, ""score"": 1.818, ""rms_ratio"": 0.942, ""diff_ratio"": 3.307}, {""time"": 6.325, ""score"": 1.743, ""rms_ratio"": 1.981, ""diff_ratio"": 1.534}]",6.518,ffprobe,6.500,0.605,5.913,fly,9,high,,,,Condensed Game: LAD@CWS - 6/14/26,https://www.mlb.com/video/condensed-game-lad-cws-6-14-26?q=ContentTags%20=%20[%22condensed-game%22]%20Order%20By%20Timestamp%20DESC&pt=Condensed%20Games&p=2,,,,,,no,audit_checkpoint_001,20
1187,Zhengxuan_Liu,F_014,dataset/fly_ball/Zhengxuan_Liu/F_014,3,needs_edit,clip_too_short,insufficient_post_contact_context;source_not_explicit_fly,recover_source_and_recut_longer;qwen_confirm_flyball_semantics,annotated_contact_audio_confirmed,1.893,1.903,1.895,1.895,3.469,2.599,4.630,1.895,0.003,1.895,3.469,"[{""time"": 1.895, ""score"": 3.469, ""rms_ratio"": 2.599, ""diff_ratio"": 4.63}, {""time"": 6.555, ""score"": 2.978, ""rms_ratio"": 1.618, ""diff_ratio"": 5.478}, {""time"": 7.535, ""score"": 2.671, ""rms_ratio"": 1.544, ""diff_ratio"": 4.621}, {""time"": 3.515, ""score"": 2.536, ""rms_ratio"": 1.372, ""diff_ratio"": 4.69}, {""time"": 7.745, ""score"": 2.523, ""rms_ratio"": 2.152, ""diff_ratio"": 2.958}, {""time"": 4.825, ""score"": 2.421, ""rms_ratio"": 1.326, ""diff_ratio"": 4.421}, {""time"": 8.065, ""score"": 2.42, ""rms_ratio"": 1.531, ""diff_ratio"": 3.823}, {""time"": 4.595, ""score"": 2.2, ""rms_ratio"": 1.761, ""diff_ratio"": 2.748}, {""time"": 7.035, ""score"": 2.092, ""rms_ratio"": 1.782, ""diff_ratio"": 2.456}, {""time"": 3.965, ""score"": 1.932, ""rms_ratio"": 1.689, ""diff_ratio"": 2.211}, {""time"": 5.955, ""score"": 1.929, ""rms_ratio"": 1.62, ""diff_ratio"": 2.297}, {""time"": 4.945, ""score"": 1.871, ""rms_ratio"": 1.99, ""diff_ratio"": 1.76}, {""time"": 3.635, ""score"": 1.852, ""rms_ratio"": 1.524, ""diff_ratio"": 2.251}, {""time"": 5.395, ""score"": 1.851, ""rms_ratio"": 1.736, ""diff_ratio"": 1.975}, {""time"": 7.325, ""score"": 1.848, ""rms_ratio"": 1.506, ""diff_ratio"": 2.269}, {""time"": 3.285, ""score"": 1.827, ""rms_ratio"": 1.885, ""diff_ratio"": 1.771}]",8.233,ffprobe,8.195,1.895,6.338,fly,8,high,,,,Condensed Game: TB@LAD - 6/15/26,https://www.mlb.com/video/condensed-game-tb-lad-6-15-26?q=ContentTags%20=%20[%22condensed-game%22]%20Order%20By%20Timestamp%20DESC&pt=Condensed%20Games&p=2,,,,,,no,audit_checkpoint_001,21
1186,Zhengxuan_Liu,F_013,dataset/fly_ball/Zhengxuan_Liu/F_013,3,needs_edit,clip_too_short,insufficient_post_contact_context;source_not_explicit_fly,recover_source_and_recut_longer;qwen_confirm_flyball_semantics,annotated_contact_audio_confirmed,2.134,2.142,2.135,2.135,4.434,3.678,5.345,2.135,0.003,2.135,4.434,"[{""time"": 2.135, ""score"": 4.434, ""rms_ratio"": 3.678, ""diff_ratio"": 5.345}, {""time"": 3.755, ""score"": 2.151, ""rms_ratio"": 1.317, ""diff_ratio"": 3.514}, {""time"": 6.045, ""score"": 2.065, ""rms_ratio"": 1.289, ""diff_ratio"": 3.308}, {""time"": 5.485, ""score"": 2.037, ""rms_ratio"": 1.237, ""diff_ratio"": 3.354}, {""time"": 3.325, ""score"": 2.01, ""rms_ratio"": 1.245, ""diff_ratio"": 3.243}, {""time"": 0.825, ""score"": 1.932, ""rms_ratio"": 1.723, ""diff_ratio"": 2.166}, {""time"": 5.825, ""score"": 1.925, ""rms_ratio"": 1.701, ""diff_ratio"": 2.18}, {""time"": 1.265, ""score"": 1.923, ""rms_ratio"": 2.229, ""diff_ratio"": 1.659}, {""time"": 7.865, ""score"": 1.907, ""rms_ratio"": 1.275, ""diff_ratio"": 2.852}, {""time"": 0.685, ""score"": 1.851, ""rms_ratio"": 1.554, ""diff_ratio"": 2.205}, {""time"": 6.605, ""score"": 1.668, ""rms_ratio"": 1.133, ""diff_ratio"": 2.457}, {""time"": 1.665, ""score"": 1.656, ""rms_ratio"": 1.432, ""diff_ratio"": 1.916}]",8.179,ffprobe,8.149,2.135,6.044,fly,8,high,,,,Condensed Game: TB@LAD - 6/15/26,https://www.mlb.com/video/condensed-game-tb-lad-6-15-26?q=ContentTags%20=%20[%22condensed-game%22]%20Order%20By%20Timestamp%20DESC&pt=Condensed%20Games&p=2,,,,,,no,audit_checkpoint_001,22
1185,Zhengxuan_Liu,F_012,dataset/fly_ball/Zhengxuan_Liu/F_012,3,needs_edit,clip_too_short,insufficient_post_contact_context;source_not_explicit_fly,recover_source_and_recut_longer;qwen_confirm_flyball_semantics,annotated_contact_audio_confirmed,1.301,1.312,1.305,1.305,5.673,4.893,6.577,1.305,0.002,1.305,5.673,"[{""time"": 1.305, ""score"": 5.673, ""rms_ratio"": 4.893, ""diff_ratio"": 6.577}, {""time"": 4.915, ""score"": 4.082, ""rms_ratio"": 2.888, ""diff_ratio"": 5.768}, {""time"": 5.145, ""score"": 3.707, ""rms_ratio"": 2.737, ""diff_ratio"": 5.019}, {""time"": 3.035, ""score"": 3.584, ""rms_ratio"": 2.55, ""diff_ratio"": 5.038}, {""time"": 2.705, ""score"": 3.471, ""rms_ratio"": 2.573, ""diff_ratio"": 4.683}, {""time"": 2.855, ""score"": 3.441, ""rms_ratio"": 2.853, ""diff_ratio"": 4.15}, {""time"": 5.375, ""score"": 3.43, ""rms_ratio"": 2.92, ""diff_ratio"": 4.028}, {""time"": 4.495, ""score"": 3.415, ""rms_ratio"": 1.958, ""diff_ratio"": 5.956}, {""time"": 4.195, ""score"": 3.377, ""rms_ratio"": 3.2, ""diff_ratio"": 3.563}, {""time"": 7.065, ""score"": 3.315, ""rms_ratio"": 2.78, ""diff_ratio"": 3.952}, {""time"": 3.425, ""score"": 3.177, ""rms_ratio"": 2.854, ""diff_ratio"": 3.538}, {""time"": 3.165, ""score"": 2.863, ""rms_ratio"": 2.391, ""diff_ratio"": 3.429}, {""time"": 3.865, ""score"": 2.795, ""rms_ratio"": 2.002, ""diff_ratio"": 3.903}, {""time"": 4.805, ""score"": 2.745, ""rms_ratio"": 2.104, ""diff_ratio"": 3.581}, {""time"": 5.035, ""score"": 2.66, ""rms_ratio"": 1.95, ""diff_ratio"": 3.629}, {""time"": 6.885, ""score"": 2.39, ""rms_ratio"": 2.054, ""diff_ratio"": 2.782}]",7.131,ffprobe,7.127,1.305,5.826,fly,9,high,,,,Condensed Game: TB@LAD - 6/15/26,https://www.mlb.com/video/condensed-game-tb-lad-6-15-26?q=ContentTags%20=%20[%22condensed-game%22]%20Order%20By%20Timestamp%20DESC&pt=Condensed%20Games&p=2,,,,,,no,audit_checkpoint_001,23
1184,Zhengxuan_Liu,F_011,dataset/fly_ball/Zhengxuan_Liu/F_011,3,needs_edit,clip_too_short,insufficient_pre_contact_context;insufficient_post_contact_context;source_not_explicit_fly,recover_source_and_recut_longer;qwen_confirm_flyball_semantics,annotated_contact_audio_confirmed,0.816,0.826,0.825,0.825,4.552,3.517,5.892,0.825,0.004,0.825,4.552,"[{""time"": 0.825, ""score"": 4.552, ""rms_ratio"": 3.517, ""diff_ratio"": 5.892}, {""time"": 2.455, ""score"": 2.625, ""rms_ratio"": 1.752, ""diff_ratio"": 3.934}, {""time"": 4.725, ""score"": 2.401, ""rms_ratio"": 2.417, ""diff_ratio"": 2.384}, {""time"": 2.875, ""score"": 2.372, ""rms_ratio"": 2.177, ""diff_ratio"": 2.584}, {""time"": 2.235, ""score"": 2.277, ""rms_ratio"": 1.961, ""diff_ratio"": 2.644}, {""time"": 0.525, ""score"": 2.261, ""rms_ratio"": 2.3, ""diff_ratio"": 2.221}, {""time"": 4.265, ""score"": 1.953, ""rms_ratio"": 1.691, ""diff_ratio"": 2.255}, {""time"": 2.665, ""score"": 1.939, ""rms_ratio"": 1.67, ""diff_ratio"": 2.251}, {""time"": 0.635, ""score"": 1.889, ""rms_ratio"": 1.529, ""diff_ratio"": 2.334}, {""time"": 4.405, ""score"": 1.882, ""rms_ratio"": 1.471, ""diff_ratio"": 2.407}, {""time"": 3.605, ""score"": 1.878, ""rms_ratio"": 1.721, ""diff_ratio"": 2.049}, {""time"": 3.285, ""score"": 1.863, ""rms_ratio"": 1.565, ""diff_ratio"": 2.218}, {""time"": 4.075, ""score"": 1.862, ""rms_ratio"": 1.7, ""diff_ratio"": 2.039}, {""time"": 4.545, ""score"": 1.837, ""rms_ratio"": 1.37, ""diff_ratio"": 2.463}, {""time"": 3.415, ""score"": 1.821, ""rms_ratio"": 1.476, ""diff_ratio"": 2.247}, {""time"": 2.555, ""score"": 1.807, ""rms_ratio"": 1.638, ""diff_ratio"": 1.994}]",6.151,ffprobe,6.152,0.825,5.326,fly,7,high,,,,Condensed Game: TB@LAD - 6/15/26,https://www.mlb.com/video/condensed-game-tb-lad-6-15-26?q=ContentTags%20=%20[%22condensed-game%22]%20Order%20By%20Timestamp%20DESC&pt=Condensed%20Games&p=2,,,,,,no,audit_checkpoint_001,24
1183,Zhengxuan_Liu,F_010,dataset/fly_ball/Zhengxuan_Liu/F_010,3,needs_edit,clip_too_short,insufficient_pre_contact_context;insufficient_post_contact_context;source_not_explicit_fly,recover_source_and_recut_longer;qwen_confirm_flyball_semantics,annotated_contact_audio_confirmed,0.837,0.846,0.845,0.845,2.565,1.795,3.667,0.845,0.004,0.845,2.565,"[{""time"": 0.845, ""score"": 2.565, ""rms_ratio"": 1.795, ""diff_ratio"": 3.667}, {""time"": 1.075, ""score"": 2.065, ""rms_ratio"": 1.677, ""diff_ratio"": 2.542}, {""time"": 0.195, ""score"": 2.01, ""rms_ratio"": 1.954, ""diff_ratio"": 2.067}, {""time"": 4.985, ""score"": 1.927, ""rms_ratio"": 1.111, ""diff_ratio"": 3.342}, {""time"": 4.165, ""score"": 1.711, ""rms_ratio"": 1.134, ""diff_ratio"": 2.581}]",6.465,ffprobe,6.454,0.845,5.620,fly,9,high,,,,Condensed Game: TB@LAD - 6/15/26,https://www.mlb.com/video/condensed-game-tb-lad-6-15-26?q=ContentTags%20=%20[%22condensed-game%22]%20Order%20By%20Timestamp%20DESC&pt=Condensed%20Games&p=2,,,,,,no,audit_checkpoint_001,25
1182,Zhengxuan_Liu,F_009,dataset/fly_ball/Zhengxuan_Liu/F_009,3,needs_edit,clip_too_short,insufficient_pre_contact_context;insufficient_post_contact_context;source_not_explicit_fly,recover_source_and_recut_longer;qwen_confirm_flyball_semantics,annotated_contact_audio_confirmed,0.823,0.833,0.825,0.825,3.214,2.761,3.741,0.825,0.003,0.825,3.214,"[{""time"": 0.825, ""score"": 3.214, ""rms_ratio"": 2.761, ""diff_ratio"": 3.741}, {""time"": 3.525, ""score"": 2.584, ""rms_ratio"": 1.404, ""diff_ratio"": 4.758}, {""time"": 3.105, ""score"": 2.262, ""rms_ratio"": 1.428, ""diff_ratio"": 3.583}, {""time"": 2.145, ""score"": 2.228, ""rms_ratio"": 1.567, ""diff_ratio"": 3.168}, {""time"": 2.615, ""score"": 1.903, ""rms_ratio"": 1.801, ""diff_ratio"": 2.01}, {""time"": 3.685, ""score"": 1.855, ""rms_ratio"": 1.009, ""diff_ratio"": 3.409}, {""time"": 0.935, ""score"": 1.855, ""rms_ratio"": 1.354, ""diff_ratio"": 2.54}, {""time"": 3.265, ""score"": 1.816, ""rms_ratio"": 1.622, ""diff_ratio"": 2.033}, {""time"": 1.925, ""score"": 1.74, ""rms_ratio"": 1.602, ""diff_ratio"": 1.891}]",4.899,ffprobe,4.875,0.825,4.074,fly,7,high,,,,Condensed Game: TB@LAD - 6/15/26,https://www.mlb.com/video/condensed-game-tb-lad-6-15-26?q=ContentTags%20=%20[%22condensed-game%22]%20Order%20By%20Timestamp%20DESC&pt=Condensed%20Games&p=2,,,,,,no,audit_checkpoint_001,26
1181,Zhengxuan_Liu,F_008,dataset/fly_ball/Zhengxuan_Liu/F_008,3,needs_edit,contact_timestamp_wrong,contact_timestamp_wrong;insufficient_post_contact_context;source_not_explicit_fly,retime_from_local_audio_candidate;qwen_confirm_visual_contact_near_candidate;recover_source_and_recut_longer;qwen_confirm_flyball_semantics,likely_contact_timestamp_wrong,1.427,1.436,5.715,1.435,1.972,1.865,2.084,1.435,0.003,5.715,2.168,"[{""time"": 5.715, ""score"": 2.168, ""rms_ratio"": 1.11, ""diff_ratio"": 4.235}, {""time"": 1.435, ""score"": 1.972, ""rms_ratio"": 1.865, ""diff_ratio"": 2.084}, {""time"": 4.795, ""score"": 1.787, ""rms_ratio"": 1.144, ""diff_ratio"": 2.791}]",6.179,ffprobe,6.152,5.715,0.464,fly,9,high,,,,Condensed Game: TB@LAD - 6/15/26,https://www.mlb.com/video/condensed-game-tb-lad-6-15-26?q=ContentTags%20=%20[%22condensed-game%22]%20Order%20By%20Timestamp%20DESC&pt=Condensed%20Games&p=2,,,,,,no,audit_checkpoint_001,27
1180,Zhengxuan_Liu,F_007,dataset/fly_ball/Zhengxuan_Liu/F_007,3,needs_edit,clip_too_short,insufficient_pre_contact_context;insufficient_post_contact_context;source_not_explicit_fly,recover_source_and_recut_longer;qwen_confirm_flyball_semantics,annotated_contact_audio_confirmed,0.642,0.656,0.645,0.645,6.676,5.777,7.715,0.645,0.004,0.645,6.676,"[{""time"": 0.645, ""score"": 6.676, ""rms_ratio"": 5.777, ""diff_ratio"": 7.715}, {""time"": 2.865, ""score"": 3.512, ""rms_ratio"": 1.775, ""diff_ratio"": 6.95}, {""time"": 3.965, ""score"": 3.36, ""rms_ratio"": 1.872, ""diff_ratio"": 6.032}, {""time"": 4.955, ""score"": 3.353, ""rms_ratio"": 1.867, ""diff_ratio"": 6.021}, {""time"": 2.025, ""score"": 3.198, ""rms_ratio"": 1.766, ""diff_ratio"": 5.791}, {""time"": 2.215, ""score"": 2.734, ""rms_ratio"": 2.161, ""diff_ratio"": 3.459}, {""time"": 4.685, ""score"": 2.542, ""rms_ratio"": 1.419, ""diff_ratio"": 4.555}, {""time"": 4.495, ""score"": 2.245, ""rms_ratio"": 1.855, ""diff_ratio"": 2.716}, {""time"": 2.975, ""score"": 2.237, ""rms_ratio"": 2.03, ""diff_ratio"": 2.465}, {""time"": 3.345, ""score"": 2.16, ""rms_ratio"": 2.072, ""diff_ratio"": 2.251}, {""time"": 2.705, ""score"": 2.089, ""rms_ratio"": 1.721, ""diff_ratio"": 2.535}, {""time"": 3.475, ""score"": 2.077, ""rms_ratio"": 1.62, ""diff_ratio"": 2.663}, {""time"": 1.645, ""score"": 1.872, ""rms_ratio"": 1.572, ""diff_ratio"": 2.228}, {""time"": 0.535, ""score"": 1.855, ""rms_ratio"": 1.366, ""diff_ratio"": 2.518}, {""time"": 1.885, ""score"": 1.819, ""rms_ratio"": 1.402, ""diff_ratio"": 2.36}, {""time"": 0.405, ""score"": 1.798, ""rms_ratio"": 1.749, ""diff_ratio"": 1.848}]",5.471,ffprobe,5.455,0.645,4.826,fly,9,high,,,,Condensed Game: TB@LAD - 6/15/26,https://www.mlb.com/video/condensed-game-tb-lad-6-15-26?q=ContentTags%20=%20[%22condensed-game%22]%20Order%20By%20Timestamp%20DESC&pt=Condensed%20Games&p=2,,,,,,no,audit_checkpoint_001,28
1179,Zhengxuan_Liu,F_006,dataset/fly_ball/Zhengxuan_Liu/F_006,3,needs_edit,clip_too_short,insufficient_post_contact_context;source_not_explicit_fly,recover_source_and_recut_longer;qwen_confirm_flyball_semantics,annotated_contact_audio_confirmed,1.207,1.22,1.215,1.215,4.090,3.845,4.351,1.215,0.002,1.215,4.090,"[{""time"": 1.215, ""score"": 4.09, ""rms_ratio"": 3.845, ""diff_ratio"": 4.351}, {""time"": 0.975, ""score"": 3.287, ""rms_ratio"": 1.891, ""diff_ratio"": 5.712}, {""time"": 0.215, ""score"": 3.152, ""rms_ratio"": 1.784, ""diff_ratio"": 5.569}, {""time"": 0.685, ""score"": 3.111, ""rms_ratio"": 1.769, ""diff_ratio"": 5.472}, {""time"": 3.555, ""score"": 2.563, ""rms_ratio"": 1.46, ""diff_ratio"": 4.498}, {""time"": 3.975, ""score"": 2.545, ""rms_ratio"": 1.542, ""diff_ratio"": 4.201}, {""time"": 1.105, ""score"": 2.317, ""rms_ratio"": 1.283, ""diff_ratio"": 4.183}, {""time"": 3.755, ""score"": 2.269, ""rms_ratio"": 2.127, ""diff_ratio"": 2.421}, {""time"": 1.675, ""score"": 2.125, ""rms_ratio"": 1.781, ""diff_ratio"": 2.535}, {""time"": 5.475, ""score"": 2.087, ""rms_ratio"": 2.0, ""diff_ratio"": 2.177}, {""time"": 0.025, ""score"": 2.024, ""rms_ratio"": 2.171, ""diff_ratio"": 1.887}, {""time"": 1.405, ""score"": 1.924, ""rms_ratio"": 1.59, ""diff_ratio"": 2.328}, {""time"": 3.285, ""score"": 1.858, ""rms_ratio"": 1.571, ""diff_ratio"": 2.198}, {""time"": 2.685, ""score"": 1.833, ""rms_ratio"": 1.697, ""diff_ratio"": 1.98}, {""time"": 1.995, ""score"": 1.73, ""rms_ratio"": 1.799, ""diff_ratio"": 1.663}, {""time"": 4.985, ""score"": 1.715, ""rms_ratio"": 2.032, ""diff_ratio"": 1.448}]",5.524,ffprobe,5.525,1.215,4.309,fly,9,high,,,,Condensed Game: TB@LAD - 6/15/26,https://www.mlb.com/video/condensed-game-tb-lad-6-15-26?q=ContentTags%20=%20[%22condensed-game%22]%20Order%20By%20Timestamp%20DESC&pt=Condensed%20Games&p=2,,,,,,no,audit_checkpoint_001,29
1178,Zhengxuan_Liu,F_005,dataset/fly_ball/Zhengxuan_Liu/F_005,3,needs_edit,clip_too_short,insufficient_post_contact_context;source_not_explicit_fly,recover_source_and_recut_longer;qwen_confirm_flyball_semantics,annotated_contact_audio_confirmed,1.947,1.951,1.945,1.945,2.705,1.896,3.859,1.945,0.004,4.215,4.902,"[{""time"": 4.215, ""score"": 4.902, ""rms_ratio"": 2.681, ""diff_ratio"": 8.962}, {""time"": 7.055, ""score"": 4.059, ""rms_ratio"": 4.642, ""diff_ratio"": 3.549}, {""time"": 5.385, ""score"": 3.629, ""rms_ratio"": 4.092, ""diff_ratio"": 3.219}, {""time"": 5.045, ""score"": 3.549, ""rms_ratio"": 4.427, ""diff_ratio"": 2.846}, {""time"": 2.465, ""score"": 3.49, ""rms_ratio"": 2.115, ""diff_ratio"": 5.759}, {""time"": 4.695, ""score"": 3.431, ""rms_ratio"": 4.579, ""diff_ratio"": 2.571}, {""time"": 4.825, ""score"": 3.361, ""rms_ratio"": 3.719, ""diff_ratio"": 3.038}, {""time"": 5.165, ""score"": 2.971, ""rms_ratio"": 3.009, ""diff_ratio"": 2.935}, {""time"": 6.805, ""score"": 2.91, ""rms_ratio"": 2.527, ""diff_ratio"": 3.351}, {""time"": 6.685, ""score"": 2.731, ""rms_ratio"": 2.912, ""diff_ratio"": 2.561}, {""time"": 1.945, ""score"": 2.705, ""rms_ratio"": 1.896, ""diff_ratio"": 3.859}, {""time"": 6.285, ""score"": 2.691, ""rms_ratio"": 2.818, ""diff_ratio"": 2.569}, {""time"": 6.115, ""score"": 2.546, ""rms_ratio"": 2.617, ""diff_ratio"": 2.477}, {""time"": 4.425, ""score"": 2.404, ""rms_ratio"": 2.531, ""diff_ratio"": 2.283}, {""time"": 3.365, ""score"": 2.318, ""rms_ratio"": 2.143, ""diff_ratio"": 2.507}, {""time"": 3.845, ""score"": 2.272, ""rms_ratio"": 2.683, ""diff_ratio"": 1.923}]",7.196,ffprobe,7.197,1.945,5.251,fly,8,high,,,,Condensed Game: SD@STL - 6/16/26,https://www.mlb.com/video/condensed-game-sd-stl-6-16-26?q=ContentTags%20=%20[%22condensed-game%22]%20Order%20By%20Timestamp%20DESC&pt=Condensed%20Games&p=2,,,,,,no,audit_checkpoint_001,30
1177,Zhengxuan_Liu,F_004,dataset/fly_ball/Zhengxuan_Liu/F_004,3,needs_edit,clip_too_short,insufficient_post_contact_context;source_not_explicit_fly,recover_source_and_recut_longer;qwen_confirm_flyball_semantics,annotated_contact_audio_confirmed,2.296,2.301,2.295,2.295,3.967,2.346,6.707,2.295,0.003,2.295,3.967,"[{""time"": 2.295, ""score"": 3.967, ""rms_ratio"": 2.346, ""diff_ratio"": 6.707}, {""time"": 8.375, ""score"": 3.101, ""rms_ratio"": 1.662, ""diff_ratio"": 5.786}, {""time"": 8.685, ""score"": 2.673, ""rms_ratio"": 3.047, ""diff_ratio"": 2.345}, {""time"": 8.005, ""score"": 2.501, ""rms_ratio"": 1.774, ""diff_ratio"": 3.525}, {""time"": 5.475, ""score"": 2.5, ""rms_ratio"": 1.063, ""diff_ratio"": 5.881}, {""time"": 0.935, ""score"": 2.135, ""rms_ratio"": 0.785, ""diff_ratio"": 4.559}, {""time"": 6.645, ""score"": 2.096, ""rms_ratio"": 0.872, ""diff_ratio"": 4.393}, {""time"": 7.215, ""score"": 2.034, ""rms_ratio"": 2.035, ""diff_ratio"": 2.033}, {""time"": 8.875, ""score"": 1.994, ""rms_ratio"": 1.886, ""diff_ratio"": 2.107}, {""time"": 8.205, ""score"": 1.993, ""rms_ratio"": 1.874, ""diff_ratio"": 2.119}, {""time"": 4.335, ""score"": 1.92, ""rms_ratio"": 0.825, ""diff_ratio"": 3.686}, {""time"": 4.805, ""score"": 1.92, ""rms_ratio"": 0.96, ""diff_ratio"": 3.685}, {""time"": 0.275, ""score"": 1.845, ""rms_ratio"": 1.673, ""diff_ratio"": 2.034}, {""time"": 3.035, ""score"": 1.822, ""rms_ratio"": 1.422, ""diff_ratio"": 2.335}, {""time"": 6.475, ""score"": 1.815, ""rms_ratio"": 1.307, ""diff_ratio"": 2.52}, {""time"": 3.525, ""score"": 1.773, ""rms_ratio"": 1.728, ""diff_ratio"": 1.819}]",8.941,ffprobe,8.938,2.295,6.646,fly,8,high,,,,Condensed Game: SD@STL - 6/16/26,https://www.mlb.com/video/condensed-game-sd-stl-6-16-26?q=ContentTags%20=%20[%22condensed-game%22]%20Order%20By%20Timestamp%20DESC&pt=Condensed%20Games&p=2,,,,,,no,audit_checkpoint_001,31
1176,Zhengxuan_Liu,F_003,dataset/fly_ball/Zhengxuan_Liu/F_003,3,needs_edit,clip_too_short,insufficient_post_contact_context;source_not_explicit_fly,recover_source_and_recut_longer;qwen_confirm_flyball_semantics,annotated_contact_audio_confirmed,2.043,2.051,2.045,2.045,3.158,1.749,5.704,2.045,0.002,2.045,3.158,"[{""time"": 2.045, ""score"": 3.158, ""rms_ratio"": 1.749, ""diff_ratio"": 5.704}, {""time"": 5.065, ""score"": 2.735, ""rms_ratio"": 1.911, ""diff_ratio"": 3.916}, {""time"": 4.625, ""score"": 2.387, ""rms_ratio"": 1.87, ""diff_ratio"": 3.046}, {""time"": 4.815, ""score"": 2.343, ""rms_ratio"": 1.535, ""diff_ratio"": 3.575}, {""time"": 6.635, ""score"": 2.32, ""rms_ratio"": 1.435, ""diff_ratio"": 3.751}, {""time"": 1.705, ""score"": 2.259, ""rms_ratio"": 2.444, ""diff_ratio"": 2.088}, {""time"": 5.475, ""score"": 2.193, ""rms_ratio"": 1.766, ""diff_ratio"": 2.722}, {""time"": 3.285, ""score"": 2.181, ""rms_ratio"": 1.917, ""diff_ratio"": 2.483}, {""time"": 6.515, ""score"": 2.171, ""rms_ratio"": 1.762, ""diff_ratio"": 2.675}, {""time"": 3.555, ""score"": 2.161, ""rms_ratio"": 2.035, ""diff_ratio"": 2.295}, {""time"": 4.045, ""score"": 2.077, ""rms_ratio"": 1.504, ""diff_ratio"": 2.869}, {""time"": 6.265, ""score"": 2.063, ""rms_ratio"": 1.672, ""diff_ratio"": 2.545}, {""time"": 3.825, ""score"": 1.99, ""rms_ratio"": 1.69, ""diff_ratio"": 2.343}, {""time"": 1.315, ""score"": 1.866, ""rms_ratio"": 1.718, ""diff_ratio"": 2.027}, {""time"": 3.665, ""score"": 1.806, ""rms_ratio"": 1.822, ""diff_ratio"": 1.791}, {""time"": 7.525, ""score"": 1.732, ""rms_ratio"": 1.308, ""diff_ratio"": 2.292}]",7.615,ffprobe,7.615,2.045,5.570,fly,8,high,,,,Condensed Game: SD@STL - 6/16/26,https://www.mlb.com/video/condensed-game-sd-stl-6-16-26?q=ContentTags%20=%20[%22condensed-game%22]%20Order%20By%20Timestamp%20DESC&pt=Condensed%20Games&p=2,,,,,,no,audit_checkpoint_001,32
1175,Zhengxuan_Liu,F_002,dataset/fly_ball/Zhengxuan_Liu/F_002,3,needs_edit,clip_too_short,insufficient_post_contact_context;source_not_explicit_fly,recover_source_and_recut_longer;qwen_confirm_flyball_semantics,annotated_contact_audio_confirmed,1.635,1.638,1.635,1.635,2.292,1.198,4.386,1.635,0.002,3.565,3.824,"[{""time"": 3.565, ""score"": 3.824, ""rms_ratio"": 2.597, ""diff_ratio"": 5.631}, {""time"": 3.455, ""score"": 3.398, ""rms_ratio"": 1.714, ""diff_ratio"": 6.737}, {""time"": 3.005, ""score"": 2.97, ""rms_ratio"": 2.834, ""diff_ratio"": 3.112}, {""time"": 4.505, ""score"": 2.929, ""rms_ratio"": 1.609, ""diff_ratio"": 5.332}, {""time"": 3.185, ""score"": 2.842, ""rms_ratio"": 2.385, ""diff_ratio"": 3.387}, {""time"": 6.715, ""score"": 2.638, ""rms_ratio"": 2.181, ""diff_ratio"": 3.192}, {""time"": 0.035, ""score"": 2.367, ""rms_ratio"": 2.536, ""diff_ratio"": 2.209}, {""time"": 1.635, ""score"": 2.292, ""rms_ratio"": 1.198, ""diff_ratio"": 4.386}, {""time"": 3.835, ""score"": 2.197, ""rms_ratio"": 1.811, ""diff_ratio"": 2.666}, {""time"": 2.545, ""score"": 2.128, ""rms_ratio"": 1.507, ""diff_ratio"": 3.006}, {""time"": 0.875, ""score"": 2.072, ""rms_ratio"": 0.914, ""diff_ratio"": 4.294}, {""time"": 2.855, ""score"": 1.981, ""rms_ratio"": 1.601, ""diff_ratio"": 2.451}, {""time"": 6.245, ""score"": 1.956, ""rms_ratio"": 1.557, ""diff_ratio"": 2.458}, {""time"": 2.365, ""score"": 1.953, ""rms_ratio"": 1.44, ""diff_ratio"": 2.649}, {""time"": 6.555, ""score"": 1.924, ""rms_ratio"": 1.54, ""diff_ratio"": 2.405}, {""time"": 4.255, ""score"": 1.908, ""rms_ratio"": 1.257, ""diff_ratio"": 2.895}]",6.800,ffprobe,6.779,1.635,5.165,fly,8,high,,,,Condensed Game: SD@STL - 6/16/26,https://www.mlb.com/video/condensed-game-sd-stl-6-16-26?q=ContentTags%20=%20[%22condensed-game%22]%20Order%20By%20Timestamp%20DESC&pt=Condensed%20Games&p=2,,,,,,no,audit_checkpoint_001,33
1174,Zhengxuan_Liu,F_001,dataset/fly_ball/Zhengxuan_Liu/F_001,3,needs_edit,clip_too_short,insufficient_post_contact_context;source_not_explicit_fly,recover_source_and_recut_longer;qwen_confirm_flyball_semantics,annotated_contact_audio_confirmed,1.508,1.517,1.515,1.515,5.595,2.979,10.511,1.515,0.002,1.515,5.595,"[{""time"": 1.515, ""score"": 5.595, ""rms_ratio"": 2.979, ""diff_ratio"": 10.511}, {""time"": 6.295, ""score"": 3.774, ""rms_ratio"": 2.472, ""diff_ratio"": 5.763}, {""time"": 6.605, ""score"": 3.578, ""rms_ratio"": 2.402, ""diff_ratio"": 5.329}, {""time"": 5.355, ""score"": 3.179, ""rms_ratio"": 1.762, ""diff_ratio"": 5.736}, {""time"": 6.825, ""score"": 2.799, ""rms_ratio"": 2.976, ""diff_ratio"": 2.632}, {""time"": 6.465, ""score"": 2.619, ""rms_ratio"": 2.792, ""diff_ratio"": 2.457}, {""time"": 6.975, ""score"": 2.613, ""rms_ratio"": 2.239, ""diff_ratio"": 3.05}, {""time"": 6.025, ""score"": 2.483, ""rms_ratio"": 1.794, ""diff_ratio"": 3.437}, {""time"": 4.485, ""score"": 2.48, ""rms_ratio"": 1.146, ""diff_ratio"": 5.37}, {""time"": 6.165, ""score"": 2.021, ""rms_ratio"": 2.222, ""diff_ratio"": 1.839}, {""time"": 5.845, ""score"": 1.865, ""rms_ratio"": 1.837, ""diff_ratio"": 1.894}, {""time"": 1.205, ""score"": 1.807, ""rms_ratio"": 1.572, ""diff_ratio"": 2.077}, {""time"": 5.195, ""score"": 1.806, ""rms_ratio"": 1.847, ""diff_ratio"": 1.767}, {""time"": 0.715, ""score"": 1.777, ""rms_ratio"": 1.292, ""diff_ratio"": 2.445}, {""time"": 4.865, ""score"": 1.749, ""rms_ratio"": 1.421, ""diff_ratio"": 2.153}, {""time"": 2.995, ""score"": 1.688, ""rms_ratio"": 1.59, ""diff_ratio"": 1.792}]",7.167,ffprobe,7.150,1.515,5.652,fly,9,high,,,,Condensed Game: SD@STL - 6/16/26,https://www.mlb.com/video/condensed-game-sd-stl-6-16-26?q=ContentTags%20=%20[%22condensed-game%22]%20Order%20By%20Timestamp%20DESC&pt=Condensed%20Games&p=2,,,,,,no,audit_checkpoint_001,34
1173,Codex_Workstation,F_1289,dataset/fly_ball/Codex_Workstation/F_1289,4,needs_edit,clip_too_short,insufficient_post_contact_context,recover_source_and_recut_longer,annotated_contact_audio_confirmed,1.950,2.050,2.005,2.005,5.260,4.316,6.409,2.005,0.005,2.005,5.260,"[{""time"": 2.005, ""score"": 5.26, ""rms_ratio"": 4.316, ""diff_ratio"": 6.409}, {""time"": 3.005, ""score"": 4.013, ""rms_ratio"": 2.102, ""diff_ratio"": 7.658}, {""time"": 6.715, ""score"": 3.546, ""rms_ratio"": 3.149, ""diff_ratio"": 3.993}, {""time"": 5.245, ""score"": 3.441, ""rms_ratio"": 3.518, ""diff_ratio"": 3.365}, {""time"": 6.195, ""score"": 3.379, ""rms_ratio"": 3.15, ""diff_ratio"": 3.626}, {""time"": 4.285, ""score"": 3.192, ""rms_ratio"": 3.155, ""diff_ratio"": 3.23}, {""time"": 5.965, ""score"": 3.029, ""rms_ratio"": 2.634, ""diff_ratio"": 3.483}, {""time"": 5.655, ""score"": 2.816, ""rms_ratio"": 4.158, ""diff_ratio"": 1.907}, {""time"": 4.015, ""score"": 2.568, ""rms_ratio"": 2.784, ""diff_ratio"": 2.368}, {""time"": 6.925, ""score"": 2.561, ""rms_ratio"": 3.363, ""diff_ratio"": 1.951}, {""time"": 6.535, ""score"": 2.34, ""rms_ratio"": 2.39, ""diff_ratio"": 2.29}, {""time"": 6.425, ""score"": 2.203, ""rms_ratio"": 2.246, ""diff_ratio"": 2.161}, {""time"": 6.075, ""score"": 2.1, ""rms_ratio"": 1.507, ""diff_ratio"": 2.926}, {""time"": 5.475, ""score"": 2.066, ""rms_ratio"": 1.802, ""diff_ratio"": 2.37}, {""time"": 4.505, ""score"": 2.002, ""rms_ratio"": 2.342, ""diff_ratio"": 1.711}, {""time"": 6.315, ""score"": 1.852, ""rms_ratio"": 1.736, ""diff_ratio"": 1.976}]",7.006,ffprobe,7.019,2.005,5.001,fly,pending,medium,,,,Patrick Wisdom almost hits go-ahead homer in 8th Patrick Wisdom almost hits go-ahead homer in 8th Patrick Wisdom almost hits go-ahead homer in 8th Patrick Wisdom hits a high fly ball to deep left field but the wind keeps it inside the park for the third out of the bottom of the 8th inning,https://mlb-cuts-diamond.mlb.com/FORGE/2024/2024-06/14/dcb1ce92-fafd32bf-b30a3feb-csvm-diamondx64-asset-4000K.mp4,MLB_746869_patrick-wisdom-flies-out-sharply-to-left-fielder-brendan-donovan,sources\MLB_746869_patrick-wisdom-flies-out-sharply-to-left-fielder-brendan-donovan_Patrick_Wisdom_almost_hits_go-ahead_homer_in_8th_Patrick_Wisdom_almost_hits_go-a.mp4,1.320,8.320,,no,audit_checkpoint_001,35
1172,Codex_Workstation,F_1288,dataset/fly_ball/Codex_Workstation/F_1288,4,needs_edit,clip_too_short,insufficient_post_contact_context,recover_source_and_recut_longer,annotated_contact_audio_confirmed,1.950,2.050,2.025,2.025,2.170,2.510,1.876,2.025,0.025,6.885,2.520,"[{""time"": 6.885, ""score"": 2.52, ""rms_ratio"": 2.111, ""diff_ratio"": 3.009}, {""time"": 0.965, ""score"": 2.203, ""rms_ratio"": 1.771, ""diff_ratio"": 2.74}, {""time"": 2.025, ""score"": 2.17, ""rms_ratio"": 2.51, ""diff_ratio"": 1.876}, {""time"": 6.375, ""score"": 2.111, ""rms_ratio"": 1.069, ""diff_ratio"": 4.172}, {""time"": 1.885, ""score"": 2.039, ""rms_ratio"": 1.653, ""diff_ratio"": 2.515}, {""time"": 2.395, ""score"": 2.031, ""rms_ratio"": 2.098, ""diff_ratio"": 1.967}, {""time"": 6.595, ""score"": 2.007, ""rms_ratio"": 1.746, ""diff_ratio"": 2.306}, {""time"": 2.145, ""score"": 1.953, ""rms_ratio"": 2.073, ""diff_ratio"": 1.841}, {""time"": 6.135, ""score"": 1.868, ""rms_ratio"": 1.581, ""diff_ratio"": 2.206}, {""time"": 3.195, ""score"": 1.835, ""rms_ratio"": 1.276, ""diff_ratio"": 2.639}, {""time"": 3.395, ""score"": 1.744, ""rms_ratio"": 1.642, ""diff_ratio"": 1.852}, {""time"": 2.275, ""score"": 1.661, ""rms_ratio"": 1.77, ""diff_ratio"": 1.558}, {""time"": 4.865, ""score"": 1.654, ""rms_ratio"": 1.348, ""diff_ratio"": 2.029}]",7.007,ffprobe,7.019,2.025,4.982,fly,pending,medium,,,,"Nick Castellanos' leaping catch Nick Castellanos' leaping catch Nick Castellanos' leaping catch Nick Castellanos tracks down a fly ball and leaps to make a superb catch, recording the second out in the bottom of the 1st inning",https://mlb-cuts-diamond.mlb.com/FORGE/2024/2024-07/02/183c3a18-f9399ccc-abed0e0e-csvm-diamondx64-asset_1280x720_59_4000K.mp4,MLB_746860_michael-mercado-in-play-out-s-to-cody-bellinger,raw_sources\MLB_746860_michael-mercado-in-play-out-s-to-cody-bellinger_Nick_Castellanos_leaping_catch_Nick_Castellanos_leaping_catch_Nick_Castellanos_leaping_catch_Nick_Castellanos_t.mp4,1.160,8.160,,no,audit_checkpoint_001,36
1171,Codex_Workstation,F_1287,dataset/fly_ball/Codex_Workstation/F_1287,4,direct_use_candidate,audio_and_context_pass,,qwen_spot_check,annotated_contact_audio_confirmed,1.950,2.050,2.025,2.025,2.242,2.562,1.961,2.025,0.025,1.645,2.310,"[{""time"": 1.645, ""score"": 2.31, ""rms_ratio"": 1.421, ""diff_ratio"": 3.755}, {""time"": 2.225, ""score"": 2.243, ""rms_ratio"": 1.575, ""diff_ratio"": 3.193}, {""time"": 2.025, ""score"": 2.242, ""rms_ratio"": 2.562, ""diff_ratio"": 1.961}, {""time"": 2.345, ""score"": 2.203, ""rms_ratio"": 1.725, ""diff_ratio"": 2.815}, {""time"": 1.405, ""score"": 1.968, ""rms_ratio"": 1.86, ""diff_ratio"": 2.083}, {""time"": 5.625, ""score"": 1.86, ""rms_ratio"": 1.703, ""diff_ratio"": 2.031}, {""time"": 1.925, ""score"": 1.839, ""rms_ratio"": 1.485, ""diff_ratio"": 2.278}, {""time"": 0.305, ""score"": 1.826, ""rms_ratio"": 1.056, ""diff_ratio"": 3.155}, {""time"": 2.675, ""score"": 1.745, ""rms_ratio"": 1.526, ""diff_ratio"": 1.996}, {""time"": 4.955, ""score"": 1.725, ""rms_ratio"": 1.067, ""diff_ratio"": 2.788}, {""time"": 1.015, ""score"": 1.724, ""rms_ratio"": 0.846, ""diff_ratio"": 2.972}, {""time"": 5.785, ""score"": 1.708, ""rms_ratio"": 1.588, ""diff_ratio"": 1.837}, {""time"": 2.885, ""score"": 1.687, ""rms_ratio"": 1.16, ""diff_ratio"": 2.453}, {""time"": 1.765, ""score"": 1.662, ""rms_ratio"": 2.018, ""diff_ratio"": 1.369}]",7.007,ffprobe,7.019,2.025,4.982,line_drive,pending,medium,,,,"Jeff Hoffman secures the save and Phillies' victory Jeff Hoffman secures the save and Phillies' victory Jeff Hoffman secures the save and Phillies' victory Jeff Hoffman induces a fly ball to right field, securing the save in the Phillies' 6-4 victory over the Cubs",https://mlb-cuts-diamond.mlb.com/FORGE/2024/2024-07/02/f1f81292-69e61872-2c4dc8e1-csvm-diamondx64-asset_1280x720_59_4000K.mp4,MLB_746860_dansby-swanson-lines-out-sharply-to-right-fielder-nick-castellanos,raw_sources\MLB_746860_dansby-swanson-lines-out-sharply-to-right-fielder-nick-castellanos_Jeff_Hoffman_secures_the_save_and_Phillies_victory_Jeff_Hoffman_secures_the_save_and_Phillie.mp4,3.480,10.480,,no,audit_checkpoint_001,37
1170,Codex_Workstation,F_1286,dataset/fly_ball/Codex_Workstation/F_1286,4,direct_use_candidate,audio_and_context_pass,,qwen_spot_check,annotated_contact_audio_confirmed,1.950,2.050,2.025,2.025,2.760,2.857,2.666,2.025,0.025,1.885,3.045,"[{""time"": 1.885, ""score"": 3.045, ""rms_ratio"": 1.573, ""diff_ratio"": 5.897}, {""time"": 2.445, ""score"": 2.937, ""rms_ratio"": 1.647, ""diff_ratio"": 5.237}, {""time"": 2.025, ""score"": 2.76, ""rms_ratio"": 2.857, ""diff_ratio"": 2.666}, {""time"": 6.205, ""score"": 2.559, ""rms_ratio"": 1.284, ""diff_ratio"": 5.097}, {""time"": 2.145, ""score"": 2.191, ""rms_ratio"": 2.005, ""diff_ratio"": 2.394}, {""time"": 4.095, ""score"": 2.138, ""rms_ratio"": 1.076, ""diff_ratio"": 4.246}, {""time"": 4.255, ""score"": 1.882, ""rms_ratio"": 1.449, ""diff_ratio"": 2.444}, {""time"": 6.725, ""score"": 1.869, ""rms_ratio"": 1.012, ""diff_ratio"": 3.452}, {""time"": 1.755, ""score"": 1.857, ""rms_ratio"": 1.444, ""diff_ratio"": 2.389}, {""time"": 1.635, ""score"": 1.722, ""rms_ratio"": 1.33, ""diff_ratio"": 2.229}, {""time"": 4.755, ""score"": 1.705, ""rms_ratio"": 1.53, ""diff_ratio"": 1.9}, {""time"": 5.135, ""score"": 1.688, ""rms_ratio"": 1.426, ""diff_ratio"": 1.997}, {""time"": 3.825, ""score"": 1.684, ""rms_ratio"": 1.878, ""diff_ratio"": 1.51}, {""time"": 6.615, ""score"": 1.659, ""rms_ratio"": 1.456, ""diff_ratio"": 1.891}]",7.006,ffprobe,7.019,2.025,4.981,line_drive,pending,medium,,,,"Jackson Chourio's RBI single Jackson Chourio's RBI single Jackson Chourio's RBI single Jackson Chourio singles on a line drive to center, scoring Joey Ortiz and putting the Brewers on the board in the top of the 1st inning",https://mlb-cuts-diamond.mlb.com/FORGE/2024/2024-07/24/f0a51731-91fc2718-4f90806b-csvm-diamondx64-asset_1280x720_59_4000K.mp4,MLB_746851_justin-steele-in-play-run-s-to-jackson-chourio,raw_sources\MLB_746851_justin-steele-in-play-run-s-to-jackson-chourio_Jackson_Chourio_s_RBI_single_Jackson_Chourio_s_RBI_single_Jackson_Chourio_s_RBI_single_Jackson_Chourio_singles_o.mp4,3.060,10.060,,no,audit_checkpoint_001,38
1169,Codex_Workstation,F_1285,dataset/fly_ball/Codex_Workstation/F_1285,4,direct_use_candidate,audio_and_context_pass,,qwen_spot_check,annotated_contact_audio_confirmed,1.950,2.050,2.035,2.035,2.209,2.254,2.166,2.035,0.035,2.035,2.209,"[{""time"": 2.035, ""score"": 2.209, ""rms_ratio"": 2.254, ""diff_ratio"": 2.166}, {""time"": 0.325, ""score"": 2.042, ""rms_ratio"": 0.895, ""diff_ratio"": 4.168}, {""time"": 4.745, ""score"": 1.854, ""rms_ratio"": 0.858, ""diff_ratio"": 3.435}, {""time"": 0.445, ""score"": 1.786, ""rms_ratio"": 1.564, ""diff_ratio"": 2.039}, {""time"": 2.365, ""score"": 1.785, ""rms_ratio"": 1.954, ""diff_ratio"": 1.631}, {""time"": 6.685, ""score"": 1.763, ""rms_ratio"": 0.815, ""diff_ratio"": 3.108}, {""time"": 0.185, ""score"": 1.742, ""rms_ratio"": 1.364, ""diff_ratio"": 2.223}, {""time"": 2.915, ""score"": 1.694, ""rms_ratio"": 1.707, ""diff_ratio"": 1.681}, {""time"": 2.655, ""score"": 1.679, ""rms_ratio"": 1.929, ""diff_ratio"": 1.462}]",7.007,ffprobe,7.019,2.035,4.972,line_drive,pending,medium,,,,Paul Goldschmidt's double Paul Goldschmidt's double Paul Goldschmidt's double Paul Goldschmidt doubles on a line drive to right field in the 7th inning,https://mlb-cuts-diamond.mlb.com/FORGE/2024/2024-08/01/db908e1e-7183ad52-c517742a-csvm-diamondx64-asset_1280x720_59_4000K.mp4,MLB_746849_paul-goldschmidt-s-double,raw_sources\MLB_746849_paul-goldschmidt-s-double_Paul_Goldschmidt_s_double_Paul_Goldschmidt_s_double_Paul_Goldschmidt_s_double_Paul_Goldschmidt_doubles_on_a_line_drive_to_right_field.mp4,4.600,11.600,,no,audit_checkpoint_001,39
1168,Codex_Workstation,F_1284,dataset/fly_ball/Codex_Workstation/F_1284,4,needs_edit,clip_too_short,contact_audio_ambiguous;insufficient_post_contact_context,review_local_audio_candidates;qwen_confirm_visual_contact_near_candidate;recover_source_and_recut_longer,annotated_audio_ambiguous,1.950,2.050,2.035,2.035,1.848,1.993,1.713,2.035,0.035,2.035,1.848,"[{""time"": 2.035, ""score"": 1.848, ""rms_ratio"": 1.993, ""diff_ratio"": 1.713}, {""time"": 6.295, ""score"": 1.771, ""rms_ratio"": 0.617, ""diff_ratio"": 3.136}]",7.006,ffprobe,7.019,2.035,4.971,fly,pending,medium,,,,"Paul Goldschmidt's solo home run (17) Paul Goldschmidt's solo home run (17) Paul Goldschmidt's solo home run (17) Paul Goldschmidt homers on a fly ball to center field, giving the Cardinals a 1-0 lead in the top of the 1st",https://mlb-cuts-diamond.mlb.com/FORGE/2024/2024-08/01/3e4d3a02-7afa47a8-f24816e7-csvm-diamondx64-asset_1280x720_59_4000K.mp4,MLB_746849_paul-goldschmidt-homers-17-on-a-fly-ball-to-center-field,raw_sources\MLB_746849_paul-goldschmidt-homers-17-on-a-fly-ball-to-center-field_Paul_Goldschmidt_s_solo_home_run_17_Paul_Goldschmidt_s_solo_home_run_17_Paul_Goldschmidt_s_solo_home_r.mp4,5.180,12.180,,no,audit_checkpoint_001,40
1167,Codex_Workstation,F_1283,dataset/fly_ball/Codex_Workstation/F_1283,4,needs_edit,clip_too_short,insufficient_post_contact_context,recover_source_and_recut_longer,annotated_contact_audio_confirmed,1.950,2.050,2.005,2.005,5.422,4.276,6.874,2.005,0.005,2.005,5.422,"[{""time"": 2.005, ""score"": 5.422, ""rms_ratio"": 4.276, ""diff_ratio"": 6.874}, {""time"": 6.285, ""score"": 3.178, ""rms_ratio"": 2.878, ""diff_ratio"": 3.509}, {""time"": 6.905, ""score"": 2.93, ""rms_ratio"": 2.921, ""diff_ratio"": 2.939}, {""time"": 6.605, ""score"": 2.526, ""rms_ratio"": 1.581, ""diff_ratio"": 4.037}, {""time"": 5.345, ""score"": 2.443, ""rms_ratio"": 2.185, ""diff_ratio"": 2.733}, {""time"": 3.505, ""score"": 2.429, ""rms_ratio"": 2.126, ""diff_ratio"": 2.775}, {""time"": 4.335, ""score"": 2.382, ""rms_ratio"": 2.213, ""diff_ratio"": 2.563}, {""time"": 4.695, ""score"": 2.343, ""rms_ratio"": 1.854, ""diff_ratio"": 2.962}, {""time"": 5.655, ""score"": 2.176, ""rms_ratio"": 2.079, ""diff_ratio"": 2.278}, {""time"": 4.005, ""score"": 2.021, ""rms_ratio"": 1.913, ""diff_ratio"": 2.135}, {""time"": 4.855, ""score"": 1.938, ""rms_ratio"": 1.708, ""diff_ratio"": 2.199}, {""time"": 5.935, ""score"": 1.921, ""rms_ratio"": 1.701, ""diff_ratio"": 2.17}, {""time"": 5.815, ""score"": 1.91, ""rms_ratio"": 1.837, ""diff_ratio"": 1.986}, {""time"": 3.365, ""score"": 1.798, ""rms_ratio"": 1.509, ""diff_ratio"": 2.141}, {""time"": 5.505, ""score"": 1.707, ""rms_ratio"": 1.674, ""diff_ratio"": 1.741}, {""time"": 4.445, ""score"": 1.703, ""rms_ratio"": 1.381, ""diff_ratio"": 2.1}]",7.007,ffprobe,6.997,2.005,5.002,fly,pending,medium,,,,"Assad escapes bases-loaded jam Assad escapes bases-loaded jam Assad escapes bases-loaded jam Ian Happ catches Nolan Arenado's fly ball, stranding three Cardinals and ending the top of the 3rd inning",https://mlb-cuts-diamond.mlb.com/FORGE/2024/2024-08/02/8118007a-f622f644-f918e91f-csvm-diamondx64-asset-4000K.mp4,MLB_746845_javier-assad-in-play-out-s-to-nolan-arenado-7zta0t,raw_sources\MLB_746845_javier-assad-in-play-out-s-to-nolan-arenado-7zta0t_Assad_escapes_bases-loaded_jam_Assad_escapes_bases-loaded_jam_Assad_escapes_bases-loaded_jam_Ian_Happ_catche.mp4,1.360,8.360,,no,audit_checkpoint_001,41
1166,Codex_Workstation,F_1282,dataset/fly_ball/Codex_Workstation/F_1282,4,direct_use_candidate,audio_and_context_pass,,qwen_spot_check,annotated_contact_audio_confirmed,1.950,2.050,1.945,1.945,2.935,2.966,2.904,1.945,0.055,3.125,3.473,"[{""time"": 3.125, ""score"": 3.473, ""rms_ratio"": 2.768, ""diff_ratio"": 4.357}, {""time"": 0.515, ""score"": 3.263, ""rms_ratio"": 3.294, ""diff_ratio"": 3.232}, {""time"": 1.335, ""score"": 2.947, ""rms_ratio"": 3.156, ""diff_ratio"": 2.751}, {""time"": 1.945, ""score"": 2.935, ""rms_ratio"": 2.966, ""diff_ratio"": 2.904}, {""time"": 5.885, ""score"": 2.921, ""rms_ratio"": 3.083, ""diff_ratio"": 2.768}, {""time"": 3.915, ""score"": 2.801, ""rms_ratio"": 2.915, ""diff_ratio"": 2.692}, {""time"": 0.095, ""score"": 2.781, ""rms_ratio"": 2.716, ""diff_ratio"": 2.848}, {""time"": 2.965, ""score"": 2.636, ""rms_ratio"": 2.179, ""diff_ratio"": 3.19}, {""time"": 3.355, ""score"": 2.631, ""rms_ratio"": 2.541, ""diff_ratio"": 2.725}, {""time"": 5.015, ""score"": 2.585, ""rms_ratio"": 2.206, ""diff_ratio"": 3.03}, {""time"": 5.645, ""score"": 2.465, ""rms_ratio"": 2.422, ""diff_ratio"": 2.509}, {""time"": 5.445, ""score"": 2.453, ""rms_ratio"": 2.796, ""diff_ratio"": 2.152}, {""time"": 1.105, ""score"": 2.42, ""rms_ratio"": 2.062, ""diff_ratio"": 2.84}, {""time"": 6.855, ""score"": 2.275, ""rms_ratio"": 2.373, ""diff_ratio"": 2.181}, {""time"": 4.495, ""score"": 2.242, ""rms_ratio"": 1.991, ""diff_ratio"": 2.524}, {""time"": 6.555, ""score"": 2.237, ""rms_ratio"": 2.512, ""diff_ratio"": 1.993}]",7.006,ffprobe,7.019,1.945,5.061,line_drive,pending,medium,,,,"Jarren Duran's 10th triple of the season Jarren Duran's 10th triple of the season Jarren Duran's 10th triple of the season Jarren Duran leads off the top of the 4th inning with a line drive into the right-field corner, securing his 10th triple of the season",https://mlb-cuts-diamond.mlb.com/FORGE/2024/2024-06/09/f9803a6d-f7c8834b-a8afcbbf-csvm-diamondx64-asset_1280x720_59_4000K.mp4,MLB_746787_chris-flexen-in-play-no-out-to-jarren-duran,raw_sources\MLB_746787_chris-flexen-in-play-no-out-to-jarren-duran_Jarren_Duran_s_10th_triple_of_the_season_Jarren_Duran_s_10th_triple_of_the_seaso.mp4,10.080,17.080,,no,audit_checkpoint_001,42
1165,Codex_Workstation,F_1281,dataset/fly_ball/Codex_Workstation/F_1281,4,needs_edit,contact_timestamp_wrong,contact_timestamp_wrong,retime_from_local_audio_candidate;qwen_confirm_visual_contact_near_candidate,likely_contact_timestamp_wrong,1.950,2.050,1.815,2.015,1.862,2.397,1.447,2.015,0.015,1.815,3.287,"[{""time"": 1.815, ""score"": 3.287, ""rms_ratio"": 1.617, ""diff_ratio"": 6.682}, {""time"": 0.495, ""score"": 2.698, ""rms_ratio"": 2.06, ""diff_ratio"": 3.533}, {""time"": 1.275, ""score"": 2.495, ""rms_ratio"": 1.857, ""diff_ratio"": 3.352}, {""time"": 1.525, ""score"": 2.331, ""rms_ratio"": 2.082, ""diff_ratio"": 2.611}, {""time"": 3.545, ""score"": 2.133, ""rms_ratio"": 1.794, ""diff_ratio"": 2.537}, {""time"": 4.285, ""score"": 2.079, ""rms_ratio"": 2.038, ""diff_ratio"": 2.121}, {""time"": 3.255, ""score"": 2.055, ""rms_ratio"": 2.129, ""diff_ratio"": 1.984}, {""time"": 5.055, ""score"": 2.017, ""rms_ratio"": 1.333, ""diff_ratio"": 3.053}, {""time"": 0.295, ""score"": 1.967, ""rms_ratio"": 1.79, ""diff_ratio"": 2.161}, {""time"": 2.915, ""score"": 1.933, ""rms_ratio"": 1.662, ""diff_ratio"": 2.248}, {""time"": 4.115, ""score"": 1.886, ""rms_ratio"": 1.584, ""diff_ratio"": 2.245}, {""time"": 2.015, ""score"": 1.862, ""rms_ratio"": 2.397, ""diff_ratio"": 1.447}, {""time"": 3.675, ""score"": 1.822, ""rms_ratio"": 1.808, ""diff_ratio"": 1.836}, {""time"": 5.285, ""score"": 1.798, ""rms_ratio"": 0.888, ""diff_ratio"": 3.234}, {""time"": 1.085, ""score"": 1.76, ""rms_ratio"": 1.697, ""diff_ratio"": 1.825}, {""time"": 2.655, ""score"": 1.73, ""rms_ratio"": 1.771, ""diff_ratio"": 1.689}]",7.007,ffprobe,7.019,1.815,5.192,line_drive,pending,medium,,,,"Jose Altuve's RBI single Jose Altuve's RBI single Jose Altuve's RBI single Jose Altuve singles on a line drive to left field, plating Mauricio Dubón to trim the Astros' deficit to 3-2 in the 7th inning",https://mlb-cuts-diamond.mlb.com/FORGE/2024/2024-06/20/09440a40-1a121a6b-8dec0188-csvm-diamondx64-asset_1280x720_59_4000K.mp4,MLB_746782_jose-altuve-singles-on-a-line-drive-to-left-fielder-andrew-benintendi,raw_sources\MLB_746782_jose-altuve-singles-on-a-line-drive-to-left-fielder-andrew-benintendi_Jose_Altuve_s_RBI_single_Jose_Altuve_s_RBI_single_Jose_Altuve_s_RBI_single_Jose_Altuve_si.mp4,7.720,14.720,,no,audit_checkpoint_001,43
1164,Codex_Workstation,F_1280,dataset/fly_ball/Codex_Workstation/F_1280,4,needs_edit,clip_too_short,insufficient_post_contact_context,recover_source_and_recut_longer,annotated_contact_audio_confirmed,3.860,3.960,3.935,3.935,8.475,5.513,13.027,3.935,0.025,3.935,8.475,"[{""time"": 3.935, ""score"": 8.475, ""rms_ratio"": 5.513, ""diff_ratio"": 13.027}, {""time"": 1.485, ""score"": 3.105, ""rms_ratio"": 1.439, ""diff_ratio"": 6.703}, {""time"": 3.635, ""score"": 2.322, ""rms_ratio"": 1.629, ""diff_ratio"": 3.311}, {""time"": 3.495, ""score"": 2.283, ""rms_ratio"": 2.451, ""diff_ratio"": 2.126}, {""time"": 6.545, ""score"": 2.204, ""rms_ratio"": 1.702, ""diff_ratio"": 2.856}, {""time"": 5.545, ""score"": 2.201, ""rms_ratio"": 1.758, ""diff_ratio"": 2.756}, {""time"": 0.685, ""score"": 2.036, ""rms_ratio"": 1.012, ""diff_ratio"": 4.098}, {""time"": 0.495, ""score"": 1.975, ""rms_ratio"": 2.706, ""diff_ratio"": 1.441}, {""time"": 3.055, ""score"": 1.924, ""rms_ratio"": 1.749, ""diff_ratio"": 2.115}, {""time"": 0.225, ""score"": 1.89, ""rms_ratio"": 1.886, ""diff_ratio"": 1.895}, {""time"": 2.435, ""score"": 1.841, ""rms_ratio"": 1.885, ""diff_ratio"": 1.798}, {""time"": 1.625, ""score"": 1.821, ""rms_ratio"": 2.452, ""diff_ratio"": 1.352}, {""time"": 1.245, ""score"": 1.801, ""rms_ratio"": 1.986, ""diff_ratio"": 1.634}, {""time"": 3.215, ""score"": 1.789, ""rms_ratio"": 1.586, ""diff_ratio"": 2.018}, {""time"": 5.095, ""score"": 1.777, ""rms_ratio"": 1.435, ""diff_ratio"": 2.202}, {""time"": 4.205, ""score"": 1.77, ""rms_ratio"": 2.065, ""diff_ratio"": 1.517}]",7.006,ffprobe,6.997,3.935,3.071,line_drive,pending,medium,,,,"Andrew Vaughn's run-scoring knock Andrew Vaughn's run-scoring knock Andrew Vaughn's run-scoring knock Andrew Vaughn singles on a line drive to center field and Tommy Pham scores, giving the White Sox a 2-1 lead in the 5th inning",https://mlb-cuts-diamond.mlb.com/FORGE/2024/2024-06/20/0309165a-383d6b1c-ec9199a7-csvm-diamondx64-asset_1280x720_59_4000K.mp4,MLB_746782_andrew-vaughn-singles-on-a-line-drive-to-center-fielder-jake-meyers-t,raw_sources\MLB_746782_andrew-vaughn-singles-on-a-line-drive-to-center-fielder-jake-meyers-t_Andrew_Vaughn_s_run-scoring_knock_Andrew_Vaughn_s_run-scoring_knock_Andrew_Vaughn_s_run-s.mp4,13.370,20.370,,no,audit_checkpoint_001,44
1163,Codex_Workstation,F_1279,dataset/fly_ball/Codex_Workstation/F_1279,4,needs_edit,contact_timestamp_wrong,contact_timestamp_wrong,retime_from_local_audio_candidate;qwen_confirm_visual_contact_near_candidate,likely_contact_timestamp_wrong,1.950,2.050,1.875,1.915,2.943,2.011,4.308,2.025,0.025,1.875,3.602,"[{""time"": 1.875, ""score"": 3.602, ""rms_ratio"": 2.152, ""diff_ratio"": 6.031}, {""time"": 2.255, ""score"": 3.177, ""rms_ratio"": 2.6, ""diff_ratio"": 3.88}, {""time"": 2.025, ""score"": 2.801, ""rms_ratio"": 2.811, ""diff_ratio"": 2.791}, {""time"": 2.525, ""score"": 2.74, ""rms_ratio"": 2.53, ""diff_ratio"": 2.969}, {""time"": 1.735, ""score"": 2.711, ""rms_ratio"": 2.327, ""diff_ratio"": 3.159}, {""time"": 2.405, ""score"": 2.438, ""rms_ratio"": 2.22, ""diff_ratio"": 2.678}, {""time"": 3.065, ""score"": 2.334, ""rms_ratio"": 2.287, ""diff_ratio"": 2.383}, {""time"": 2.705, ""score"": 2.285, ""rms_ratio"": 2.281, ""diff_ratio"": 2.289}, {""time"": 2.955, ""score"": 2.257, ""rms_ratio"": 2.33, ""diff_ratio"": 2.186}, {""time"": 5.905, ""score"": 2.138, ""rms_ratio"": 2.079, ""diff_ratio"": 2.199}, {""time"": 2.805, ""score"": 2.119, ""rms_ratio"": 2.238, ""diff_ratio"": 2.007}, {""time"": 3.185, ""score"": 1.977, ""rms_ratio"": 1.833, ""diff_ratio"": 2.132}, {""time"": 4.835, ""score"": 1.793, ""rms_ratio"": 1.966, ""diff_ratio"": 1.636}, {""time"": 0.495, ""score"": 1.789, ""rms_ratio"": 0.748, ""diff_ratio"": 3.2}, {""time"": 0.925, ""score"": 1.709, ""rms_ratio"": 0.903, ""diff_ratio"": 2.922}]",7.007,ffprobe,7.019,1.875,5.132,line_drive,pending,medium,,,,Luis Robert Jr. makes a sliding catch Luis Robert Jr. makes a sliding catch Luis Robert Jr. makes a sliding catch Luis Robert Jr. chases down a line drive and slides to make the grab and rob Ryan McMahon of a hit,https://mlb-cuts-diamond.mlb.com/FORGE/2024/2024-06/29/f1eed717-6bcbeadc-6e344d16-csvm-diamondx64-asset_1280x720_59_4000K.mp4,MLB_746778_ryan-mcmahon-lines-out-sharply-to-center-fielder-luis-robert-jr,raw_sources\MLB_746778_ryan-mcmahon-lines-out-sharply-to-center-fielder-luis-robert-jr_Luis_Robert_Jr._makes_a_sliding_catch_Luis_Robert_Jr._makes_a_sliding_catch_Luis_Robert_Jr._mak.mp4,5.200,12.200,,no,audit_checkpoint_001,45
1162,Codex_Workstation,F_1278,dataset/fly_ball/Codex_Workstation/F_1278,4,direct_use_candidate,audio_and_context_pass,,qwen_spot_check,annotated_contact_audio_confirmed,1.830,1.930,1.895,1.895,5.634,4.283,7.411,1.895,0.015,1.895,5.634,"[{""time"": 1.895, ""score"": 5.634, ""rms_ratio"": 4.283, ""diff_ratio"": 7.411}, {""time"": 4.095, ""score"": 3.926, ""rms_ratio"": 1.89, ""diff_ratio"": 8.155}, {""time"": 4.765, ""score"": 3.23, ""rms_ratio"": 1.915, ""diff_ratio"": 5.447}, {""time"": 3.345, ""score"": 2.935, ""rms_ratio"": 3.327, ""diff_ratio"": 2.588}, {""time"": 2.935, ""score"": 2.817, ""rms_ratio"": 2.909, ""diff_ratio"": 2.728}, {""time"": 3.645, ""score"": 2.772, ""rms_ratio"": 1.8, ""diff_ratio"": 4.27}, {""time"": 2.755, ""score"": 2.728, ""rms_ratio"": 2.924, ""diff_ratio"": 2.545}, {""time"": 4.335, ""score"": 2.639, ""rms_ratio"": 1.76, ""diff_ratio"": 3.956}, {""time"": 3.145, ""score"": 2.563, ""rms_ratio"": 2.635, ""diff_ratio"": 2.493}, {""time"": 3.915, ""score"": 2.491, ""rms_ratio"": 2.43, ""diff_ratio"": 2.553}, {""time"": 5.905, ""score"": 2.402, ""rms_ratio"": 1.736, ""diff_ratio"": 3.323}, {""time"": 3.785, ""score"": 2.372, ""rms_ratio"": 1.968, ""diff_ratio"": 2.86}, {""time"": 4.195, ""score"": 2.194, ""rms_ratio"": 2.182, ""diff_ratio"": 2.206}, {""time"": 4.445, ""score"": 2.101, ""rms_ratio"": 1.997, ""diff_ratio"": 2.21}, {""time"": 6.645, ""score"": 2.049, ""rms_ratio"": 2.19, ""diff_ratio"": 1.917}, {""time"": 2.645, ""score"": 1.941, ""rms_ratio"": 1.894, ""diff_ratio"": 1.989}]",7.014,ffprobe,7.014,1.895,5.119,line_drive,pending,medium,,,,Brendan Rodgers makes a great jumping grab Brendan Rodgers makes a great jumping grab Brendan Rodgers makes a great jumping grab Brendan Rodgers jumps straight up to snare a hard line drive and rob Andrew Benintendi of a base hit,https://mlb-cuts-diamond.mlb.com/FORGE/2024/2024-06/29/20223526-24b8a4e1-2a7526e1-csvm-diamondx64-asset_1280x720_59_4000K.mp4,MLB_746778_cal-quantrill-in-play-out-s-to-andrew-benintendi-x3xf0d,raw_sources\MLB_746778_cal-quantrill-in-play-out-s-to-andrew-benintendi-x3xf0d_Brendan_Rodgers_makes_a_great_jumping_grab_Brendan_Rodgers_makes_a_great_jumping_grab_Brendan_Rodgers_m.mp4,0.000,7.000,,no,audit_checkpoint_001,46
1161,Codex_Workstation,F_1277,dataset/fly_ball/Codex_Workstation/F_1277,4,direct_use_candidate,audio_and_context_pass,,qwen_spot_check,annotated_contact_audio_confirmed,1.950,2.050,2.035,2.035,4.391,5.788,3.331,2.035,0.035,2.265,4.698,"[{""time"": 2.265, ""score"": 4.698, ""rms_ratio"": 5.147, ""diff_ratio"": 4.289}, {""time"": 2.035, ""score"": 4.391, ""rms_ratio"": 5.788, ""diff_ratio"": 3.331}, {""time"": 3.655, ""score"": 4.217, ""rms_ratio"": 4.417, ""diff_ratio"": 4.025}, {""time"": 2.165, ""score"": 4.03, ""rms_ratio"": 5.276, ""diff_ratio"": 3.079}, {""time"": 5.655, ""score"": 3.95, ""rms_ratio"": 1.64, ""diff_ratio"": 9.513}, {""time"": 4.365, ""score"": 3.625, ""rms_ratio"": 2.956, ""diff_ratio"": 4.445}, {""time"": 4.045, ""score"": 3.377, ""rms_ratio"": 4.704, ""diff_ratio"": 2.424}, {""time"": 4.535, ""score"": 3.361, ""rms_ratio"": 2.766, ""diff_ratio"": 4.084}, {""time"": 1.935, ""score"": 3.274, ""rms_ratio"": 3.752, ""diff_ratio"": 2.857}, {""time"": 5.765, ""score"": 3.139, ""rms_ratio"": 2.833, ""diff_ratio"": 3.477}, {""time"": 6.695, ""score"": 2.887, ""rms_ratio"": 2.241, ""diff_ratio"": 3.719}, {""time"": 0.005, ""score"": 2.773, ""rms_ratio"": 3.502, ""diff_ratio"": 2.195}, {""time"": 1.095, ""score"": 2.736, ""rms_ratio"": 3.054, ""diff_ratio"": 2.452}, {""time"": 0.475, ""score"": 2.719, ""rms_ratio"": 1.132, ""diff_ratio"": 6.53}, {""time"": 5.525, ""score"": 2.643, ""rms_ratio"": 2.291, ""diff_ratio"": 3.049}, {""time"": 0.325, ""score"": 2.617, ""rms_ratio"": 2.988, ""diff_ratio"": 2.293}]",7.007,ffprobe,7.019,2.035,4.972,line_drive,pending,medium,,,,"Joshua Palacios' RBI double Joshua Palacios' RBI double Joshua Palacios' RBI double Joshua Palacios doubles on a line drive to right field, scoring Ke'Bryan Hayes to increase the Pirates' lead to 8-3 in the top of the 7th",https://mlb-cuts-diamond.mlb.com/FORGE/2024/2024-07/14/0d69336f-f2e816a9-6b7615e1-csvm-diamondx64-asset_1280x720_59_4000K.mp4,MLB_746769_joshua-palacios-doubles-1-on-a-sharp-line-drive-to-right-fielder-tomm,raw_sources\MLB_746769_joshua-palacios-doubles-1-on-a-sharp-line-drive-to-right-fielder-tomm_Joshua_Palacios_RBI_double_Joshua_Palacios_RBI_double_Joshua_Palacios_RBI_double_Joshua_P.mp4,20.580,27.580,,no,audit_checkpoint_001,47
1160,Codex_Workstation,F_1276,dataset/fly_ball/Codex_Workstation/F_1276,4,needs_edit,clip_too_short,insufficient_pre_contact_context,recover_source_and_recut_longer,annotated_contact_audio_confirmed,0.230,0.330,0.315,0.315,2.322,2.668,2.020,0.315,0.035,2.665,3.681,"[{""time"": 2.665, ""score"": 3.681, ""rms_ratio"": 2.661, ""diff_ratio"": 5.093}, {""time"": 1.615, ""score"": 2.74, ""rms_ratio"": 1.366, ""diff_ratio"": 5.494}, {""time"": 3.375, ""score"": 2.716, ""rms_ratio"": 1.452, ""diff_ratio"": 5.08}, {""time"": 4.115, ""score"": 2.586, ""rms_ratio"": 2.143, ""diff_ratio"": 3.121}, {""time"": 0.315, ""score"": 2.322, ""rms_ratio"": 2.668, ""diff_ratio"": 2.02}, {""time"": 4.415, ""score"": 2.16, ""rms_ratio"": 1.802, ""diff_ratio"": 2.589}, {""time"": 0.615, ""score"": 2.127, ""rms_ratio"": 2.67, ""diff_ratio"": 1.695}, {""time"": 3.245, ""score"": 2.126, ""rms_ratio"": 2.039, ""diff_ratio"": 2.216}, {""time"": 3.845, ""score"": 1.959, ""rms_ratio"": 1.478, ""diff_ratio"": 2.598}, {""time"": 4.235, ""score"": 1.901, ""rms_ratio"": 1.245, ""diff_ratio"": 2.901}, {""time"": 1.085, ""score"": 1.898, ""rms_ratio"": 2.386, ""diff_ratio"": 1.51}, {""time"": 3.695, ""score"": 1.887, ""rms_ratio"": 1.941, ""diff_ratio"": 1.835}, {""time"": 4.685, ""score"": 1.876, ""rms_ratio"": 1.534, ""diff_ratio"": 2.294}, {""time"": 0.155, ""score"": 1.868, ""rms_ratio"": 2.546, ""diff_ratio"": 1.371}, {""time"": 7.005, ""score"": 1.824, ""rms_ratio"": 1.771, ""diff_ratio"": 1.88}, {""time"": 5.215, ""score"": 1.739, ""rms_ratio"": 1.619, ""diff_ratio"": 1.867}]",7.014,ffprobe,7.014,0.315,6.699,line_drive,pending,medium,,,,"Eloy Jiménez's RBI single Eloy Jiménez's RBI single Eloy Jiménez's RBI single Eloy Jiménez singles on a sharp line drive to left field, scoring Andrew Benintendi to give the White Sox a run in the bottom of the 7th",https://mlb-cuts-diamond.mlb.com/FORGE/2024/2024-07/14/008bdeb2-802d7c01-f45c6154-csvm-diamondx64-asset_1280x720_59_4000K.mp4,MLB_746769_eloy-jimenez-singles-on-a-sharp-line-drive-to-left-fielder-bryan-reyn,raw_sources\MLB_746769_eloy-jimenez-singles-on-a-sharp-line-drive-to-left-fielder-bryan-reyn_Eloy_Jim_nez_s_RBI_single_Eloy_Jim_nez_s_RBI_single_Eloy_Jim_nez_s_RBI_single_Eloy_Jim_ne.mp4,0.000,7.000,,no,audit_checkpoint_001,48
1159,Codex_Workstation,F_1275,dataset/fly_ball/Codex_Workstation/F_1275,4,needs_edit,source_recovery_required,contact_audio_missing_or_masked;insufficient_post_contact_context,recover_source_and_recut;redetect_contact_audio;recover_source_and_recut_longer,contact_audio_missing_or_masked,1.950,2.050,5.405,2.025,1.509,1.885,1.209,1.425,0.575,5.405,1.977,"[{""time"": 5.405, ""score"": 1.977, ""rms_ratio"": 1.234, ""diff_ratio"": 3.167}, {""time"": 1.425, ""score"": 1.929, ""rms_ratio"": 0.901, ""diff_ratio"": 3.721}, {""time"": 6.805, ""score"": 1.927, ""rms_ratio"": 1.26, ""diff_ratio"": 2.948}]",7.007,ffprobe,7.019,5.405,1.602,line_drive,pending,medium,,,,"Fernando Tatis Jr.'s go-ahead double Fernando Tatis Jr.'s go-ahead double Fernando Tatis Jr.'s go-ahead double Fernando Tatis Jr. doubles on a line drive to left field, plating Luis Campusano to give the Padres a 5-4 lead in the 10th inning",https://mlb-cuts-diamond.mlb.com/FORGE/2024/2024-05/23/2bb1cc27-f383aeff-81eeba5b-csvm-diamondx64-asset_1280x720_59_4000K.mp4,MLB_746714_sam-moll-in-play-run-s-to-fernando-tatis-jr,raw_sources\MLB_746714_sam-moll-in-play-run-s-to-fernando-tatis-jr_Fernando_Tatis_Jr._s_go-ahead_double_Fernando_Tatis_Jr._s_go-ahead_double_Fernan.mp4,4.600,11.600,,no,audit_checkpoint_001,49
1158,Codex_Workstation,F_1273,dataset/fly_ball/Codex_Workstation/F_1273,4,needs_edit,contact_timestamp_wrong,contact_timestamp_wrong;insufficient_post_contact_context,retime_from_local_audio_candidate;qwen_confirm_visual_contact_near_candidate;recover_source_and_recut_longer,likely_contact_timestamp_wrong,1.950,2.050,6.495,2.035,1.333,1.777,0.971,2.215,0.215,6.495,2.090,"[{""time"": 6.495, ""score"": 2.09, ""rms_ratio"": 1.477, ""diff_ratio"": 2.958}, {""time"": 0.505, ""score"": 1.939, ""rms_ratio"": 1.104, ""diff_ratio"": 3.405}, {""time"": 4.065, ""score"": 1.931, ""rms_ratio"": 1.12, ""diff_ratio"": 3.33}, {""time"": 6.355, ""score"": 1.908, ""rms_ratio"": 1.636, ""diff_ratio"": 2.226}, {""time"": 6.975, ""score"": 1.825, ""rms_ratio"": 0.988, ""diff_ratio"": 3.33}, {""time"": 2.215, ""score"": 1.809, ""rms_ratio"": 1.04, ""diff_ratio"": 3.149}, {""time"": 1.375, ""score"": 1.716, ""rms_ratio"": 1.094, ""diff_ratio"": 2.691}, {""time"": 6.055, ""score"": 1.654, ""rms_ratio"": 1.038, ""diff_ratio"": 2.634}]",7.007,ffprobe,7.019,6.495,0.512,fly,pending,medium,,,,"Manny Machado's two-run double Manny Machado's two-run double Manny Machado's two-run double Manny Machado doubles on a fly ball to right field and two runs score, giving the Padres a 2-0 lead in the 1st",https://mlb-cuts-diamond.mlb.com/FORGE/2024/2024-05/23/14706705-dc4e327c-c3315916-csvm-diamondx64-asset_1280x720_59_4000K.mp4,MLB_746714_manny-machado-doubles-10-on-a-fly-ball-to-right-fielder-nick-martini-,raw_sources\MLB_746714_manny-machado-doubles-10-on-a-fly-ball-to-right-fielder-nick-martini-_Manny_Machado_s_two-run_double_Manny_Machado_s_two-run_double_Manny_Machado_s_tw.mp4,11.020,18.020,,no,audit_checkpoint_001,50
1157,Codex_Workstation,F_1272,dataset/fly_ball/Codex_Workstation/F_1272,4,direct_use_candidate,audio_and_context_pass,,qwen_spot_check,annotated_contact_audio_confirmed,1.950,2.050,1.985,1.985,3.349,3.194,3.512,1.985,0.015,3.345,3.526,"[{""time"": 3.345, ""score"": 3.526, ""rms_ratio"": 3.198, ""diff_ratio"": 3.886}, {""time"": 3.045, ""score"": 3.385, ""rms_ratio"": 2.55, ""diff_ratio"": 4.492}, {""time"": 1.985, ""score"": 3.349, ""rms_ratio"": 3.194, ""diff_ratio"": 3.512}, {""time"": 6.855, ""score"": 3.31, ""rms_ratio"": 2.972, ""diff_ratio"": 3.687}, {""time"": 2.595, ""score"": 3.287, ""rms_ratio"": 3.173, ""diff_ratio"": 3.404}, {""time"": 6.215, ""score"": 3.275, ""rms_ratio"": 2.734, ""diff_ratio"": 3.922}, {""time"": 0.425, ""score"": 3.031, ""rms_ratio"": 2.664, ""diff_ratio"": 3.449}, {""time"": 1.065, ""score"": 2.956, ""rms_ratio"": 2.528, ""diff_ratio"": 3.456}, {""time"": 4.925, ""score"": 2.906, ""rms_ratio"": 3.304, ""diff_ratio"": 2.556}, {""time"": 4.525, ""score"": 2.796, ""rms_ratio"": 2.529, ""diff_ratio"": 3.092}, {""time"": 3.645, ""score"": 2.779, ""rms_ratio"": 2.954, ""diff_ratio"": 2.614}, {""time"": 5.655, ""score"": 2.491, ""rms_ratio"": 2.591, ""diff_ratio"": 2.396}, {""time"": 6.495, ""score"": 2.456, ""rms_ratio"": 2.772, ""diff_ratio"": 2.176}, {""time"": 2.325, ""score"": 2.388, ""rms_ratio"": 2.455, ""diff_ratio"": 2.323}, {""time"": 6.385, ""score"": 2.36, ""rms_ratio"": 2.277, ""diff_ratio"": 2.446}, {""time"": 2.905, ""score"": 2.293, ""rms_ratio"": 1.996, ""diff_ratio"": 2.634}]",7.006,ffprobe,7.019,1.985,5.021,line_drive,pending,medium,,,,Brent Suter's quick reaction to snag line drive Brent Suter's quick reaction to snag line drive Brent Suter's quick reaction to snag line drive Brent Suter makes a quick reaction to snag a sharp line drive for the second out in the 6th inning,https://mlb-cuts-diamond.mlb.com/FORGE/2024/2024-05/22/0a1a96a8-1c811387-396368f9-csvm-diamondx64-asset_1280x720_59_4000K.mp4,MLB_746712_luis-campusano-lines-out-to-pitcher-brent-suter,raw_sources\MLB_746712_luis-campusano-lines-out-to-pitcher-brent-suter_Brent_Suter_s_quick_reaction_to_snag_line_drive_Brent_Suter_s_quick_reaction_to_.mp4,12.600,19.600,,no,audit_checkpoint_001,51
1156,Codex_Workstation,F_1271,dataset/fly_ball/Codex_Workstation/F_1271,4,needs_edit,contact_timestamp_wrong,contact_timestamp_wrong;insufficient_post_contact_context,retime_from_local_audio_candidate;qwen_confirm_visual_contact_near_candidate;recover_source_and_recut_longer,likely_contact_timestamp_wrong,5.310,5.410,6.135,5.365,2.028,2.552,1.613,5.365,0.005,6.135,2.208,"[{""time"": 6.135, ""score"": 2.208, ""rms_ratio"": 1.345, ""diff_ratio"": 3.625}, {""time"": 5.365, ""score"": 2.028, ""rms_ratio"": 2.552, ""diff_ratio"": 1.613}, {""time"": 6.815, ""score"": 2.021, ""rms_ratio"": 1.72, ""diff_ratio"": 2.375}, {""time"": 5.565, ""score"": 1.998, ""rms_ratio"": 2.074, ""diff_ratio"": 1.925}, {""time"": 5.195, ""score"": 1.809, ""rms_ratio"": 1.523, ""diff_ratio"": 2.148}, {""time"": 5.005, ""score"": 1.682, ""rms_ratio"": 1.625, ""diff_ratio"": 1.742}, {""time"": 5.815, ""score"": 1.659, ""rms_ratio"": 1.446, ""diff_ratio"": 1.904}]",7.000,ffprobe,7.019,6.135,0.865,pop_fly,pending,medium,,,,Alexis Díaz secures the win Alexis Díaz secures the win Alexis Díaz secures the win Alexis Díaz locks down the victory in the bottom of the 9th inning after José Ramírez pops out to Jonathan India,https://mlb-cuts-diamond.mlb.com/FORGE/2024/2024-06/12/fb42dc12-14fc7bf9-070eec8e-csvm-diamondx64-asset-4000K.mp4,MLB_746701_jose-ramirez-pops-out-to-second-baseman-jonathan-india-g5hvht,raw_sources\MLB_746701_jose-ramirez-pops-out-to-second-baseman-jonathan-india-g5hvht_Alexis_D_az_secures_the_win_Alexis_D_az_secures_the_win_Alexis_D_az_secures_the_.mp4,6.160,13.160,,no,audit_checkpoint_001,52
1155,Codex_Workstation,F_1270,dataset/fly_ball/Codex_Workstation/F_1270,4,needs_edit,clip_too_short,insufficient_post_contact_context,recover_source_and_recut_longer,annotated_contact_audio_confirmed,1.950,2.050,2.025,2.025,7.620,4.718,12.306,2.025,0.025,2.025,7.620,"[{""time"": 2.025, ""score"": 7.62, ""rms_ratio"": 4.718, ""diff_ratio"": 12.306}, {""time"": 5.335, ""score"": 3.655, ""rms_ratio"": 1.98, ""diff_ratio"": 6.746}, {""time"": 0.885, ""score"": 3.313, ""rms_ratio"": 1.671, ""diff_ratio"": 6.571}, {""time"": 0.645, ""score"": 3.157, ""rms_ratio"": 1.567, ""diff_ratio"": 6.363}, {""time"": 6.255, ""score"": 3.054, ""rms_ratio"": 1.8, ""diff_ratio"": 5.18}, {""time"": 0.205, ""score"": 3.041, ""rms_ratio"": 1.609, ""diff_ratio"": 5.748}, {""time"": 4.945, ""score"": 2.329, ""rms_ratio"": 2.447, ""diff_ratio"": 2.217}, {""time"": 5.505, ""score"": 2.215, ""rms_ratio"": 1.281, ""diff_ratio"": 3.83}, {""time"": 6.665, ""score"": 2.166, ""rms_ratio"": 2.041, ""diff_ratio"": 2.299}, {""time"": 4.795, ""score"": 1.937, ""rms_ratio"": 1.085, ""diff_ratio"": 3.46}, {""time"": 5.145, ""score"": 1.833, ""rms_ratio"": 1.811, ""diff_ratio"": 1.854}, {""time"": 6.435, ""score"": 1.818, ""rms_ratio"": 1.577, ""diff_ratio"": 2.095}, {""time"": 4.655, ""score"": 1.802, ""rms_ratio"": 1.938, ""diff_ratio"": 1.676}, {""time"": 5.825, ""score"": 1.778, ""rms_ratio"": 1.837, ""diff_ratio"": 1.722}, {""time"": 0.025, ""score"": 1.775, ""rms_ratio"": 2.01, ""diff_ratio"": 1.568}, {""time"": 1.235, ""score"": 1.712, ""rms_ratio"": 1.253, ""diff_ratio"": 2.338}]",7.007,ffprobe,7.019,2.025,4.982,fly,pending,medium,,,,Mark Canha slides to make the catch in right Mark Canha slides to make the catch in right Mark Canha slides to make the catch in right Mark Canha runs in for a fly ball and makes a smooth sliding catch to rob Jonathan India in the bottom of the 4th,https://mlb-cuts-diamond.mlb.com/FORGE/2024/2024-07/06/62eab64a-a557e451-57ee37b0-csvm-diamondx64-asset_1280x720_59_4000K.mp4,MLB_746694_mark-canha-sliding-catch,raw_sources\MLB_746694_mark-canha-sliding-catch_Mark_Canha_slides_to_make_the_catch_in_right_Mark_Canha_slides_to_make_the_catch_in_right_Mark_Canha_slides_to_make_the_catch_in_right.mp4,1.680,8.680,,no,audit_checkpoint_001,53
1154,Codex_Workstation,F_1269,dataset/fly_ball/Codex_Workstation/F_1269,4,needs_edit,contact_timestamp_wrong,contact_timestamp_wrong;insufficient_post_contact_context,retime_from_local_audio_candidate;qwen_confirm_visual_contact_near_candidate;recover_source_and_recut_longer,likely_contact_timestamp_wrong,5.728,5.828,5.995,5.815,1.797,2.017,1.601,5.815,0.037,5.995,2.373,"[{""time"": 5.995, ""score"": 2.373, ""rms_ratio"": 1.383, ""diff_ratio"": 4.073}, {""time"": 6.395, ""score"": 2.299, ""rms_ratio"": 2.075, ""diff_ratio"": 2.548}, {""time"": 5.815, ""score"": 1.797, ""rms_ratio"": 2.017, ""diff_ratio"": 1.601}, {""time"": 3.855, ""score"": 1.78, ""rms_ratio"": 1.604, ""diff_ratio"": 1.977}, {""time"": 3.515, ""score"": 1.773, ""rms_ratio"": 1.586, ""diff_ratio"": 1.982}]",7.000,ffprobe,7.019,5.995,1.005,fly,pending,medium,,,,Buck Farmer secures the win Buck Farmer secures the win Buck Farmer secures the win Buck Farmer locks down the win for the Reds after Mike Tauchman flies out to Jake Fraley in the top of the 9th inning,https://mlb-cuts-diamond.mlb.com/FORGE/2024/2024-07/29/7bd6a39e-4ad8756c-89cec8ac-csvm-diamondx64-asset-4000K.mp4,MLB_746684_mike-tauchman-flies-out-to-right-fielder-jake-fraley-qjart3,raw_sources\MLB_746684_mike-tauchman-flies-out-to-right-fielder-jake-fraley-qjart3_Buck_Farmer_secures_the_win_Buck_Farmer_secures_the_win_Buck_Farmer_secures_the_win_Buck_Farmer_loc.mp4,5.542,12.542,,no,audit_checkpoint_001,54
1153,Codex_Workstation,F_1268,dataset/fly_ball/Codex_Workstation/F_1268,4,needs_edit,clip_too_short,insufficient_post_contact_context,recover_source_and_recut_longer,annotated_contact_audio_confirmed,1.950,2.050,2.025,2.025,2.574,2.926,2.266,2.025,0.025,2.025,2.574,"[{""time"": 2.025, ""score"": 2.574, ""rms_ratio"": 2.926, ""diff_ratio"": 2.266}, {""time"": 5.455, ""score"": 2.357, ""rms_ratio"": 1.313, ""diff_ratio"": 4.229}, {""time"": 4.535, ""score"": 2.299, ""rms_ratio"": 1.627, ""diff_ratio"": 3.248}, {""time"": 3.865, ""score"": 2.248, ""rms_ratio"": 1.447, ""diff_ratio"": 3.492}, {""time"": 3.685, ""score"": 2.209, ""rms_ratio"": 1.246, ""diff_ratio"": 3.917}, {""time"": 6.365, ""score"": 2.185, ""rms_ratio"": 2.085, ""diff_ratio"": 2.29}, {""time"": 3.135, ""score"": 2.179, ""rms_ratio"": 1.87, ""diff_ratio"": 2.539}, {""time"": 5.875, ""score"": 2.085, ""rms_ratio"": 1.043, ""diff_ratio"": 4.171}, {""time"": 2.975, ""score"": 2.079, ""rms_ratio"": 1.574, ""diff_ratio"": 2.747}, {""time"": 1.345, ""score"": 2.074, ""rms_ratio"": 1.031, ""diff_ratio"": 4.174}, {""time"": 5.305, ""score"": 1.993, ""rms_ratio"": 1.847, ""diff_ratio"": 2.151}, {""time"": 4.055, ""score"": 1.985, ""rms_ratio"": 1.627, ""diff_ratio"": 2.421}, {""time"": 2.255, ""score"": 1.965, ""rms_ratio"": 1.961, ""diff_ratio"": 1.968}, {""time"": 5.725, ""score"": 1.912, ""rms_ratio"": 2.125, ""diff_ratio"": 1.72}, {""time"": 1.445, ""score"": 1.902, ""rms_ratio"": 1.008, ""diff_ratio"": 3.589}, {""time"": 4.355, ""score"": 1.866, ""rms_ratio"": 1.405, ""diff_ratio"": 2.479}]",7.007,ffprobe,7.019,2.025,4.982,fly,pending,medium,,,,"Alexis Díaz secures the Reds' win Alexis Díaz secures the Reds' win Alexis Díaz secures the Reds' win Spencer Steer catches Seiya Suzuki's fly ball in left field, clinching the Reds' 6-3 win over the Cubs",https://mlb-cuts-diamond.mlb.com/FORGE/2024/2024-07/30/4dd405f8-db70b9ff-da381469-csvm-diamondx64-asset_1280x720_59_4000K.mp4,MLB_746683_seiya-suzuki-flies-out-to-left-fielder-spencer-steer,raw_sources\MLB_746683_seiya-suzuki-flies-out-to-left-fielder-spencer-steer_Alexis_D_az_secures_the_Reds_win_Alexis_D_az_secures_the_Reds_win_Alexis_D_az_secures_the_Reds_win_Spencer.mp4,17.660,24.660,,no,audit_checkpoint_001,55
1152,Codex_Workstation,F_1267,dataset/fly_ball/Codex_Workstation/F_1267,4,needs_edit,clip_too_short,insufficient_post_contact_context,recover_source_and_recut_longer,annotated_contact_audio_confirmed,1.950,2.050,1.995,1.995,2.218,2.169,2.267,1.995,0.005,1.995,2.218,"[{""time"": 1.995, ""score"": 2.218, ""rms_ratio"": 2.169, ""diff_ratio"": 2.267}, {""time"": 2.695, ""score"": 2.042, ""rms_ratio"": 2.056, ""diff_ratio"": 2.028}, {""time"": 1.525, ""score"": 1.878, ""rms_ratio"": 1.878, ""diff_ratio"": 1.877}, {""time"": 2.125, ""score"": 1.772, ""rms_ratio"": 1.874, ""diff_ratio"": 1.675}, {""time"": 0.835, ""score"": 1.749, ""rms_ratio"": 1.626, ""diff_ratio"": 1.88}, {""time"": 2.285, ""score"": 1.735, ""rms_ratio"": 1.823, ""diff_ratio"": 1.651}, {""time"": 0.395, ""score"": 1.689, ""rms_ratio"": 1.825, ""diff_ratio"": 1.563}, {""time"": 2.445, ""score"": 1.688, ""rms_ratio"": 1.794, ""diff_ratio"": 1.588}]",7.007,ffprobe,7.019,1.995,5.012,fly,pending,medium,,,,"Josh Naylor's solo home run (19) Josh Naylor's solo home run (19) Josh Naylor's solo home run (19) Josh Naylor homers on a fly ball to center field, his second of the game, giving the Guardians an 8-0 lead in the 7th",https://mlb-cuts-diamond.mlb.com/FORGE/2024/2024-06/19/6bc67553-c89b5938-cd077154-csvm-diamondx64-asset_1280x720_59_4000K.mp4,MLB_746625_josh-naylor-homers-19-on-a-fly-ball-to-center-field,raw_sources\MLB_746625_josh-naylor-homers-19-on-a-fly-ball-to-center-field_Josh_Naylor_s_solo_home_run_19_Josh_Naylor_s_solo_home_run_19_Josh_Naylor_s_solo_home_run_19_Josh_Naylor_ho.mp4,8.220,15.220,,no,audit_checkpoint_001,56
1151,Codex_Workstation,F_1266,dataset/fly_ball/Codex_Workstation/F_1266,4,needs_edit,clip_too_short,insufficient_post_contact_context,recover_source_and_recut_longer,annotated_contact_audio_confirmed,1.950,2.050,2.035,2.035,2.076,2.232,1.932,2.035,0.035,3.085,2.433,"[{""time"": 3.085, ""score"": 2.433, ""rms_ratio"": 1.448, ""diff_ratio"": 4.089}, {""time"": 5.985, ""score"": 2.201, ""rms_ratio"": 1.231, ""diff_ratio"": 3.936}, {""time"": 2.925, ""score"": 2.131, ""rms_ratio"": 1.791, ""diff_ratio"": 2.535}, {""time"": 2.035, ""score"": 2.076, ""rms_ratio"": 2.232, ""diff_ratio"": 1.932}, {""time"": 2.485, ""score"": 1.988, ""rms_ratio"": 1.882, ""diff_ratio"": 2.099}, {""time"": 2.815, ""score"": 1.902, ""rms_ratio"": 1.978, ""diff_ratio"": 1.828}, {""time"": 2.235, ""score"": 1.872, ""rms_ratio"": 1.706, ""diff_ratio"": 2.054}, {""time"": 2.355, ""score"": 1.827, ""rms_ratio"": 1.797, ""diff_ratio"": 1.857}, {""time"": 3.205, ""score"": 1.799, ""rms_ratio"": 1.948, ""diff_ratio"": 1.661}, {""time"": 6.295, ""score"": 1.779, ""rms_ratio"": 1.477, ""diff_ratio"": 2.143}, {""time"": 5.245, ""score"": 1.777, ""rms_ratio"": 2.022, ""diff_ratio"": 1.562}, {""time"": 2.635, ""score"": 1.737, ""rms_ratio"": 1.489, ""diff_ratio"": 2.027}, {""time"": 6.605, ""score"": 1.734, ""rms_ratio"": 1.686, ""diff_ratio"": 1.783}, {""time"": 5.585, ""score"": 1.695, ""rms_ratio"": 2.091, ""diff_ratio"": 1.373}, {""time"": 6.955, ""score"": 1.686, ""rms_ratio"": 1.639, ""diff_ratio"": 1.734}, {""time"": 1.075, ""score"": 1.674, ""rms_ratio"": 1.985, ""diff_ratio"": 1.412}]",7.006,ffprobe,7.019,2.035,4.971,fly,pending,medium,,,,Johan Rojas makes a diving grab Johan Rojas makes a diving grab Johan Rojas makes a diving grab Johan Rojas dives to make the catch on a fly ball hit by Kris Bryant in the bottom of the 1st inning,https://mlb-cuts-diamond.mlb.com/FORGE/2024/2024-05/26/a9d9dbd2-9210359b-5f319de7-csvm-diamondx64-asset_1280x720_59_4000K.mp4,MLB_746557_kris-bryant-flies-out-to-center-fielder-johan-rojas,raw_sources\MLB_746557_kris-bryant-flies-out-to-center-fielder-johan-rojas_Johan_Rojas_makes_a_diving_grab_Johan_Rojas_makes_a_diving_grab_Johan_Rojas_make.mp4,3.660,10.660,,no,audit_checkpoint_001,57
1150,Codex_Workstation,F_1265,dataset/fly_ball/Codex_Workstation/F_1265,4,needs_edit,clip_too_short,insufficient_post_contact_context,recover_source_and_recut_longer,annotated_contact_audio_confirmed,1.950,2.050,2.045,2.045,4.121,4.417,3.844,2.045,0.045,2.045,4.121,"[{""time"": 2.045, ""score"": 4.121, ""rms_ratio"": 4.417, ""diff_ratio"": 3.844}, {""time"": 1.825, ""score"": 3.93, ""rms_ratio"": 3.495, ""diff_ratio"": 4.419}, {""time"": 2.415, ""score"": 3.808, ""rms_ratio"": 3.781, ""diff_ratio"": 3.834}, {""time"": 2.685, ""score"": 3.569, ""rms_ratio"": 3.075, ""diff_ratio"": 4.141}, {""time"": 1.265, ""score"": 3.542, ""rms_ratio"": 2.581, ""diff_ratio"": 4.861}, {""time"": 1.705, ""score"": 3.531, ""rms_ratio"": 3.431, ""diff_ratio"": 3.633}, {""time"": 2.185, ""score"": 3.479, ""rms_ratio"": 4.108, ""diff_ratio"": 2.946}, {""time"": 2.805, ""score"": 3.037, ""rms_ratio"": 1.72, ""diff_ratio"": 5.362}, {""time"": 1.575, ""score"": 2.961, ""rms_ratio"": 3.097, ""diff_ratio"": 2.831}, {""time"": 3.215, ""score"": 2.923, ""rms_ratio"": 2.525, ""diff_ratio"": 3.383}, {""time"": 1.455, ""score"": 2.637, ""rms_ratio"": 3.84, ""diff_ratio"": 1.811}, {""time"": 2.295, ""score"": 2.617, ""rms_ratio"": 3.075, ""diff_ratio"": 2.228}, {""time"": 3.345, ""score"": 2.591, ""rms_ratio"": 2.327, ""diff_ratio"": 2.885}, {""time"": 1.945, ""score"": 2.523, ""rms_ratio"": 2.71, ""diff_ratio"": 2.349}, {""time"": 1.105, ""score"": 2.402, ""rms_ratio"": 2.788, ""diff_ratio"": 2.07}, {""time"": 2.535, ""score"": 2.319, ""rms_ratio"": 2.75, ""diff_ratio"": 1.956}]",7.007,ffprobe,7.019,2.045,4.962,fly,pending,medium,,,,Tyler Freeman's catch at the wall Tyler Freeman's catch at the wall Tyler Freeman's catch at the wall Tyler Freeman tracks a fly ball to the warning track and makes a great catch at the wall to take away a hit from Elehuris Montero in the 8th,https://mlb-cuts-diamond.mlb.com/FORGE/2024/2024-05/29/677e95d7-1a7e0f51-ab0ec21c-csvm-diamondx64-asset_1280x720_59_4000K.mp4,MLB_746551_pedro-avila-in-play-out-s-to-elehuris-montero,raw_sources\MLB_746551_pedro-avila-in-play-out-s-to-elehuris-montero_Tyler_Freeman_s_catch_at_the_wall_Tyler_Freeman_s_catch_at_the_wall_Tyler_Freema.mp4,6.400,13.400,,no,audit_checkpoint_001,58
1149,Codex_Workstation,F_1264,dataset/fly_ball/Codex_Workstation/F_1264,4,direct_use_candidate,audio_and_context_pass,,qwen_spot_check,annotated_contact_audio_confirmed,1.950,2.050,2.035,2.035,3.975,4.385,3.604,2.035,0.035,2.035,3.975,"[{""time"": 2.035, ""score"": 3.975, ""rms_ratio"": 4.385, ""diff_ratio"": 3.604}, {""time"": 5.665, ""score"": 3.882, ""rms_ratio"": 2.027, ""diff_ratio"": 7.436}, {""time"": 2.745, ""score"": 3.716, ""rms_ratio"": 3.683, ""diff_ratio"": 3.749}, {""time"": 2.145, ""score"": 3.381, ""rms_ratio"": 3.439, ""diff_ratio"": 3.324}, {""time"": 2.395, ""score"": 3.282, ""rms_ratio"": 3.556, ""diff_ratio"": 3.029}, {""time"": 2.615, ""score"": 3.171, ""rms_ratio"": 3.547, ""diff_ratio"": 2.835}, {""time"": 1.895, ""score"": 2.97, ""rms_ratio"": 4.076, ""diff_ratio"": 2.164}, {""time"": 5.415, ""score"": 2.641, ""rms_ratio"": 2.774, ""diff_ratio"": 2.514}, {""time"": 1.515, ""score"": 2.435, ""rms_ratio"": 3.021, ""diff_ratio"": 1.963}, {""time"": 6.605, ""score"": 2.418, ""rms_ratio"": 1.371, ""diff_ratio"": 4.267}, {""time"": 2.985, ""score"": 2.397, ""rms_ratio"": 2.632, ""diff_ratio"": 2.184}, {""time"": 1.045, ""score"": 2.383, ""rms_ratio"": 2.542, ""diff_ratio"": 2.233}, {""time"": 2.855, ""score"": 2.275, ""rms_ratio"": 2.729, ""diff_ratio"": 1.896}, {""time"": 3.945, ""score"": 2.273, ""rms_ratio"": 1.305, ""diff_ratio"": 3.959}, {""time"": 3.795, ""score"": 2.181, ""rms_ratio"": 2.512, ""diff_ratio"": 1.893}, {""time"": 6.735, ""score"": 2.151, ""rms_ratio"": 2.312, ""diff_ratio"": 2.001}]",7.006,ffprobe,7.019,2.035,4.971,line_drive,pending,medium,,,,Bryan Reynolds makes a diving grab Bryan Reynolds makes a diving grab Bryan Reynolds makes a diving grab Bryan Reynolds charges a soft liner and makes a diving grab to rob Ezequiel Tovar of a base hit,https://mlb-cuts-diamond.mlb.com/FORGE/2024/2024-06/16/88e7f7ec-b8e61b2b-4c37c470-csvm-diamondx64-asset_1280x720_59_4000K.mp4,MLB_746546_ezequiel-tovar-lines-out-to-left-fielder-bryan-reynolds,raw_sources\MLB_746546_ezequiel-tovar-lines-out-to-left-fielder-bryan-reynolds_Bryan_Reynolds_makes_a_diving_grab_Bryan_Reynolds_makes_a_diving_grab_Bryan_Reyn.mp4,2.260,9.260,,no,audit_checkpoint_001,59
1148,Codex_Workstation,F_1263,dataset/fly_ball/Codex_Workstation/F_1263,4,needs_edit,clip_too_short,insufficient_post_contact_context,recover_source_and_recut_longer,annotated_contact_audio_confirmed,1.950,2.050,2.005,2.005,2.170,2.571,1.831,2.005,0.005,6.285,3.368,"[{""time"": 6.285, ""score"": 3.368, ""rms_ratio"": 1.493, ""diff_ratio"": 7.6}, {""time"": 1.435, ""score"": 2.767, ""rms_ratio"": 1.429, ""diff_ratio"": 5.358}, {""time"": 5.415, ""score"": 2.752, ""rms_ratio"": 1.544, ""diff_ratio"": 4.905}, {""time"": 4.265, ""score"": 2.661, ""rms_ratio"": 1.205, ""diff_ratio"": 5.876}, {""time"": 6.775, ""score"": 2.597, ""rms_ratio"": 1.384, ""diff_ratio"": 4.873}, {""time"": 3.745, ""score"": 2.507, ""rms_ratio"": 1.392, ""diff_ratio"": 4.515}, {""time"": 3.405, ""score"": 2.3, ""rms_ratio"": 1.684, ""diff_ratio"": 3.142}, {""time"": 1.635, ""score"": 2.193, ""rms_ratio"": 2.02, ""diff_ratio"": 2.381}, {""time"": 2.005, ""score"": 2.17, ""rms_ratio"": 2.571, ""diff_ratio"": 1.831}, {""time"": 2.225, ""score"": 2.167, ""rms_ratio"": 1.795, ""diff_ratio"": 2.616}, {""time"": 6.435, ""score"": 2.12, ""rms_ratio"": 1.83, ""diff_ratio"": 2.455}, {""time"": 3.875, ""score"": 2.097, ""rms_ratio"": 2.242, ""diff_ratio"": 1.962}, {""time"": 5.095, ""score"": 2.086, ""rms_ratio"": 1.674, ""diff_ratio"": 2.599}, {""time"": 2.115, ""score"": 2.03, ""rms_ratio"": 2.057, ""diff_ratio"": 2.004}, {""time"": 1.295, ""score"": 1.943, ""rms_ratio"": 1.529, ""diff_ratio"": 2.468}, {""time"": 2.645, ""score"": 1.9, ""rms_ratio"": 1.927, ""diff_ratio"": 1.874}]",7.006,ffprobe,7.019,2.005,5.001,fly,pending,medium,,,,Lane Thomas' RBI triple Lane Thomas' RBI triple Lane Thomas' RBI triple Lane Thomas sends a long fly ball to left field that hits off Nolan Jones' glove for an RBI triple,https://mlb-cuts-diamond.mlb.com/FORGE/2024/2024-06/21/06ed2479-dd04eed0-37ea2191-csvm-diamondx64-asset-4000K.mp4,MLB_746540_lane-thomas-triples-2-on-a-fly-ball-to-left-fielder-nolan-jones-cj-ab,raw_sources\MLB_746540_lane-thomas-triples-2-on-a-fly-ball-to-left-fielder-nolan-jones-cj-ab_Lane_Thomas_RBI_triple_Lane_Thomas_RBI_triple_Lane_Thomas_RBI_triple_Lane_Thomas_sends_a_.mp4,8.060,15.060,,no,audit_checkpoint_001,60
1147,Codex_Workstation,F_1262,dataset/fly_ball/Codex_Workstation/F_1262,4,direct_use_candidate,audio_and_context_pass,,qwen_spot_check,annotated_contact_audio_confirmed,1.950,2.050,2.045,2.045,2.248,2.406,2.101,2.045,0.045,3.485,3.286,"[{""time"": 3.485, ""score"": 3.286, ""rms_ratio"": 1.588, ""diff_ratio"": 6.8}, {""time"": 4.195, ""score"": 3.026, ""rms_ratio"": 1.687, ""diff_ratio"": 5.427}, {""time"": 1.065, ""score"": 3.018, ""rms_ratio"": 1.538, ""diff_ratio"": 5.921}, {""time"": 2.265, ""score"": 2.519, ""rms_ratio"": 1.287, ""diff_ratio"": 4.934}, {""time"": 0.505, ""score"": 2.418, ""rms_ratio"": 2.121, ""diff_ratio"": 2.757}, {""time"": 2.045, ""score"": 2.248, ""rms_ratio"": 2.406, ""diff_ratio"": 2.101}, {""time"": 0.625, ""score"": 2.197, ""rms_ratio"": 1.668, ""diff_ratio"": 2.894}, {""time"": 1.365, ""score"": 2.068, ""rms_ratio"": 2.455, ""diff_ratio"": 1.742}, {""time"": 4.365, ""score"": 2.025, ""rms_ratio"": 1.839, ""diff_ratio"": 2.23}, {""time"": 0.815, ""score"": 2.025, ""rms_ratio"": 2.112, ""diff_ratio"": 1.941}, {""time"": 2.595, ""score"": 2.018, ""rms_ratio"": 2.052, ""diff_ratio"": 1.984}, {""time"": 4.675, ""score"": 1.996, ""rms_ratio"": 2.23, ""diff_ratio"": 1.786}, {""time"": 3.205, ""score"": 1.943, ""rms_ratio"": 0.999, ""diff_ratio"": 3.776}, {""time"": 3.745, ""score"": 1.927, ""rms_ratio"": 2.154, ""diff_ratio"": 1.725}, {""time"": 2.945, ""score"": 1.923, ""rms_ratio"": 1.569, ""diff_ratio"": 2.358}, {""time"": 5.205, ""score"": 1.905, ""rms_ratio"": 2.187, ""diff_ratio"": 1.659}]",7.000,ffprobe,7.019,2.045,4.955,line_drive,pending,medium,,,,"Jake Bauers' RBI single Jake Bauers' RBI single Jake Bauers singles on a line drive to right fielder Jake Cave.   Sal Frelick scores. Jake Bauers lines an RBI single into right field, extending the Brewers' early lead to 2-0 in the top of the 2nd inning",https://bdata-producedclips.mlb.com/98b47005-4275-41b0-9951-1f9ddc766679.mp4,MLB_746534_jake-bauers-singles-on-a-line-drive-to-right-fielder-jake-cave-sal-fr,raw_sources\MLB_746534_jake-bauers-singles-on-a-line-drive-to-right-fielder-jake-cave-sal-fr_Jake_Bauers_RBI_single_Jake_Bauers_RBI_single_Jake_Bauers_singles_on_a_line_drive_to_righ.mp4,5.480,12.480,,no,audit_checkpoint_001,61
1146,Codex_Workstation,F_1261,dataset/fly_ball/Codex_Workstation/F_1261,4,direct_use_candidate,audio_and_context_pass,,qwen_spot_check,annotated_contact_audio_confirmed,1.950,2.050,1.915,1.915,2.269,1.234,4.172,2.015,0.015,1.145,2.811,"[{""time"": 1.145, ""score"": 2.811, ""rms_ratio"": 1.411, ""diff_ratio"": 5.602}, {""time"": 6.525, ""score"": 2.401, ""rms_ratio"": 1.265, ""diff_ratio"": 4.555}, {""time"": 1.915, ""score"": 2.269, ""rms_ratio"": 1.234, ""diff_ratio"": 4.172}, {""time"": 6.275, ""score"": 2.087, ""rms_ratio"": 1.091, ""diff_ratio"": 3.993}, {""time"": 3.365, ""score"": 2.048, ""rms_ratio"": 1.655, ""diff_ratio"": 2.533}, {""time"": 2.145, ""score"": 2.027, ""rms_ratio"": 1.723, ""diff_ratio"": 2.384}, {""time"": 2.015, ""score"": 1.939, ""rms_ratio"": 2.428, ""diff_ratio"": 1.548}, {""time"": 1.535, ""score"": 1.86, ""rms_ratio"": 2.107, ""diff_ratio"": 1.641}, {""time"": 1.805, ""score"": 1.858, ""rms_ratio"": 0.93, ""diff_ratio"": 3.451}, {""time"": 5.955, ""score"": 1.857, ""rms_ratio"": 1.187, ""diff_ratio"": 2.906}, {""time"": 3.615, ""score"": 1.771, ""rms_ratio"": 1.666, ""diff_ratio"": 1.883}, {""time"": 0.075, ""score"": 1.692, ""rms_ratio"": 1.877, ""diff_ratio"": 1.525}, {""time"": 4.465, ""score"": 1.664, ""rms_ratio"": 1.656, ""diff_ratio"": 1.671}, {""time"": 0.445, ""score"": 1.662, ""rms_ratio"": 1.398, ""diff_ratio"": 1.975}, {""time"": 0.665, ""score"": 1.654, ""rms_ratio"": 1.575, ""diff_ratio"": 1.737}]",7.006,ffprobe,7.019,1.915,5.091,line_drive,pending,medium,,,,Jackson Chourio throws out Michael Toglia at second Jackson Chourio throws out Michael Toglia at second Jackson Chourio throws out Michael Toglia at second Jackson Chourio fields Michael Toglia's line drive off the right-field wall and makes a perfect throw to second to cut him down and end the 6th,https://mlb-cuts-diamond.mlb.com/FORGE/2024/2024-07/05/3da00a1e-7626c99a-5b0c9646-csvm-diamondx64-asset-4000K.mp4,MLB_746532_tobias-myers-in-play-out-s-to-michael-toglia-ryrvsr,raw_sources\MLB_746532_tobias-myers-in-play-out-s-to-michael-toglia-ryrvsr_Jackson_Chourio_throws_out_Michael_Toglia_at_second_Jackson_Chourio_throws_out_Michael_Toglia_at_second_Jac.mp4,8.960,15.960,,no,audit_checkpoint_001,62
1145,Codex_Workstation,F_1260,dataset/fly_ball/Codex_Workstation/F_1260,4,needs_edit,clip_too_short,insufficient_post_contact_context,recover_source_and_recut_longer,annotated_contact_audio_confirmed,5.543,5.643,5.595,5.595,2.953,4.306,2.026,5.595,0.002,5.255,3.224,"[{""time"": 5.255, ""score"": 3.224, ""rms_ratio"": 3.766, ""diff_ratio"": 2.76}, {""time"": 1.995, ""score"": 3.223, ""rms_ratio"": 3.241, ""diff_ratio"": 3.204}, {""time"": 5.595, ""score"": 2.953, ""rms_ratio"": 4.306, ""diff_ratio"": 2.026}, {""time"": 1.745, ""score"": 2.627, ""rms_ratio"": 2.737, ""diff_ratio"": 2.52}, {""time"": 4.935, ""score"": 2.484, ""rms_ratio"": 2.764, ""diff_ratio"": 2.232}, {""time"": 4.635, ""score"": 2.408, ""rms_ratio"": 2.962, ""diff_ratio"": 1.958}, {""time"": 1.175, ""score"": 2.37, ""rms_ratio"": 2.644, ""diff_ratio"": 2.124}, {""time"": 4.475, ""score"": 2.225, ""rms_ratio"": 1.546, ""diff_ratio"": 3.201}, {""time"": 6.355, ""score"": 2.148, ""rms_ratio"": 2.739, ""diff_ratio"": 1.684}, {""time"": 1.485, ""score"": 2.147, ""rms_ratio"": 2.556, ""diff_ratio"": 1.803}, {""time"": 5.985, ""score"": 2.128, ""rms_ratio"": 1.895, ""diff_ratio"": 2.389}, {""time"": 0.835, ""score"": 2.101, ""rms_ratio"": 3.005, ""diff_ratio"": 1.469}, {""time"": 5.705, ""score"": 2.034, ""rms_ratio"": 2.416, ""diff_ratio"": 1.713}, {""time"": 5.445, ""score"": 1.992, ""rms_ratio"": 1.231, ""diff_ratio"": 3.223}, {""time"": 3.965, ""score"": 1.915, ""rms_ratio"": 2.23, ""diff_ratio"": 1.644}, {""time"": 6.675, ""score"": 1.909, ""rms_ratio"": 1.86, ""diff_ratio"": 1.96}]",7.006,ffprobe,6.997,5.595,1.411,fly,pending,medium,,,,Sam Hilliard catches flyout to seal Rockies' win Sam Hilliard catches flyout to seal Rockies' win Sam Hilliard catches flyout to seal Rockies' win Sam Hilliard catches a fly ball to finish off the Rockies' 20-7 blowout win over the Red Sox,https://mlb-cuts-diamond.mlb.com/FORGE/2024/2024-07/24/ba83d393-9c511de3-2bb1f11c-csvm-diamondx64-asset-4000K.mp4,MLB_746525_peter-lambert-in-play-out-s-to-david-hamilton,raw_sources\MLB_746525_peter-lambert-in-play-out-s-to-david-hamilton_Sam_Hilliard_catches_flyout_to_seal_Rockies_win_Sam_Hilliard_catches_flyout_to_seal_Rockies_win_Sam_Hilliard_catc.mp4,3.627,10.627,,no,audit_checkpoint_001,63
1144,Codex_Workstation,F_1258,dataset/fly_ball/Codex_Workstation/F_1258,4,needs_edit,contact_timestamp_wrong,contact_timestamp_wrong,retime_from_local_audio_candidate;qwen_confirm_visual_contact_near_candidate,likely_contact_timestamp_wrong,1.950,2.050,1.505,2.025,1.466,2.150,0.904,1.705,0.295,1.505,2.480,"[{""time"": 1.505, ""score"": 2.48, ""rms_ratio"": 1.407, ""diff_ratio"": 4.371}, {""time"": 4.635, ""score"": 2.304, ""rms_ratio"": 1.301, ""diff_ratio"": 4.081}, {""time"": 3.265, ""score"": 1.936, ""rms_ratio"": 1.596, ""diff_ratio"": 2.349}, {""time"": 5.495, ""score"": 1.919, ""rms_ratio"": 1.832, ""diff_ratio"": 2.01}, {""time"": 3.815, ""score"": 1.907, ""rms_ratio"": 2.008, ""diff_ratio"": 1.811}, {""time"": 2.905, ""score"": 1.835, ""rms_ratio"": 1.647, ""diff_ratio"": 2.045}, {""time"": 2.385, ""score"": 1.827, ""rms_ratio"": 1.581, ""diff_ratio"": 2.112}, {""time"": 2.795, ""score"": 1.822, ""rms_ratio"": 1.034, ""diff_ratio"": 3.21}, {""time"": 3.405, ""score"": 1.757, ""rms_ratio"": 1.565, ""diff_ratio"": 1.972}, {""time"": 1.705, ""score"": 1.756, ""rms_ratio"": 1.399, ""diff_ratio"": 2.205}, {""time"": 1.355, ""score"": 1.689, ""rms_ratio"": 1.615, ""diff_ratio"": 1.766}, {""time"": 3.525, ""score"": 1.668, ""rms_ratio"": 1.784, ""diff_ratio"": 1.559}]",7.006,ffprobe,7.019,1.505,5.501,line_drive,pending,medium,,,,"Alec Bohm's RBI double Alec Bohm's RBI double Alec Bohm's RBI double Alec Bohm rips a line drive to left field to drive in Bryce Harper, increasing the Phillies' lead to 8-1",https://mlb-cuts-diamond.mlb.com/FORGE/2024/2024-06/24/dc9d5940-ea1c0197-31d32ca7-csvm-diamondx64-asset_1280x720_59_4000K.mp4,MLB_746458_mason-englert-in-play-run-s-to-alec-bohm,raw_sources\MLB_746458_mason-englert-in-play-run-s-to-alec-bohm_Alec_Bohm_s_RBI_double_Alec_Bohm_s_RBI_double_Alec_Bohm_s_RBI_double_Alec_Bohm_rips_a_line_drive_to_left_field_to_driv.mp4,5.560,12.560,,no,audit_checkpoint_001,64
1143,Codex_Workstation,F_1257,dataset/fly_ball/Codex_Workstation/F_1257,4,needs_edit,contact_timestamp_wrong,contact_timestamp_wrong,retime_from_local_audio_candidate;qwen_confirm_visual_contact_near_candidate,likely_contact_timestamp_wrong,1.950,2.050,1.855,1.915,1.844,1.133,3.003,2.045,0.045,0.825,2.414,"[{""time"": 0.825, ""score"": 2.414, ""rms_ratio"": 1.365, ""diff_ratio"": 4.269}, {""time"": 1.855, ""score"": 2.14, ""rms_ratio"": 1.241, ""diff_ratio"": 3.689}, {""time"": 3.055, ""score"": 1.963, ""rms_ratio"": 1.137, ""diff_ratio"": 3.388}, {""time"": 5.045, ""score"": 1.945, ""rms_ratio"": 1.129, ""diff_ratio"": 3.351}, {""time"": 3.715, ""score"": 1.895, ""rms_ratio"": 1.066, ""diff_ratio"": 3.37}, {""time"": 5.495, ""score"": 1.839, ""rms_ratio"": 1.042, ""diff_ratio"": 3.247}, {""time"": 2.255, ""score"": 1.806, ""rms_ratio"": 1.791, ""diff_ratio"": 1.82}, {""time"": 2.655, ""score"": 1.797, ""rms_ratio"": 1.717, ""diff_ratio"": 1.88}, {""time"": 4.405, ""score"": 1.745, ""rms_ratio"": 1.891, ""diff_ratio"": 1.611}, {""time"": 5.695, ""score"": 1.726, ""rms_ratio"": 0.97, ""diff_ratio"": 2.977}, {""time"": 6.995, ""score"": 1.709, ""rms_ratio"": 1.448, ""diff_ratio"": 2.017}, {""time"": 2.045, ""score"": 1.664, ""rms_ratio"": 1.784, ""diff_ratio"": 1.552}, {""time"": 1.185, ""score"": 1.66, ""rms_ratio"": 1.694, ""diff_ratio"": 1.627}]",7.007,ffprobe,7.019,1.855,5.152,line_drive,pending,medium,,,,"Bryce Harper's two-run double Bryce Harper's two-run double Bryce Harper's two-run double Bryce Harper sends a sharp line drive to center field, putting the Phillies on the board with a 2-0 lead",https://mlb-cuts-diamond.mlb.com/FORGE/2024/2024-06/24/2dceb9de-632e50ab-ed741cce-csvm-diamondx64-asset_1280x720_59_4000K.mp4,MLB_746458_casey-mize-in-play-run-s-to-bryce-harper-jdazhj,raw_sources\MLB_746458_casey-mize-in-play-run-s-to-bryce-harper-jdazhj_Bryce_Harper_s_two-run_double_Bryce_Harper_s_two-run_double_Bryce_Harper_s_two-run_double_Bryce_Harper_sends_a_.mp4,2.700,9.700,,no,audit_checkpoint_001,65
1142,Codex_Workstation,F_1255,dataset/fly_ball/Codex_Workstation/F_1255,4,needs_edit,contact_timestamp_wrong,contact_timestamp_wrong;insufficient_post_contact_context,retime_from_local_audio_candidate;qwen_confirm_visual_contact_near_candidate;recover_source_and_recut_longer,likely_contact_timestamp_wrong,3.066,3.166,2.945,3.125,3.770,5.804,2.449,3.125,0.009,3.905,8.219,"[{""time"": 3.905, ""score"": 8.219, ""rms_ratio"": 3.775, ""diff_ratio"": 17.896}, {""time"": 2.945, ""score"": 6.879, ""rms_ratio"": 3.207, ""diff_ratio"": 14.757}, {""time"": 5.705, ""score"": 5.259, ""rms_ratio"": 2.48, ""diff_ratio"": 11.153}, {""time"": 0.025, ""score"": 4.588, ""rms_ratio"": 3.823, ""diff_ratio"": 5.507}, {""time"": 5.005, ""score"": 3.998, ""rms_ratio"": 3.34, ""diff_ratio"": 4.787}, {""time"": 4.355, ""score"": 3.917, ""rms_ratio"": 3.994, ""diff_ratio"": 3.842}, {""time"": 6.595, ""score"": 3.836, ""rms_ratio"": 1.817, ""diff_ratio"": 8.101}, {""time"": 3.125, ""score"": 3.77, ""rms_ratio"": 5.804, ""diff_ratio"": 2.449}, {""time"": 6.055, ""score"": 3.749, ""rms_ratio"": 1.747, ""diff_ratio"": 8.044}, {""time"": 5.485, ""score"": 3.676, ""rms_ratio"": 3.245, ""diff_ratio"": 4.164}, {""time"": 6.175, ""score"": 3.654, ""rms_ratio"": 5.162, ""diff_ratio"": 2.586}, {""time"": 3.735, ""score"": 3.619, ""rms_ratio"": 3.091, ""diff_ratio"": 4.236}, {""time"": 5.125, ""score"": 3.506, ""rms_ratio"": 3.601, ""diff_ratio"": 3.414}, {""time"": 4.195, ""score"": 3.504, ""rms_ratio"": 4.298, ""diff_ratio"": 2.857}, {""time"": 5.875, ""score"": 3.503, ""rms_ratio"": 3.491, ""diff_ratio"": 3.516}, {""time"": 6.895, ""score"": 3.469, ""rms_ratio"": 5.779, ""diff_ratio"": 2.083}]",7.000,ffprobe,7.019,2.945,4.055,fly,pending,medium,,,,"Jason Foley seals Tigers' win Jason Foley seals Tigers' win Jason Foley seals Tigers' win Bryson Stott flies out to Riley Greene, sealing the Tigers' 4-1 win against the Phillies",https://mlb-cuts-diamond.mlb.com/FORGE/2024/2024-06/25/fd6b7f3f-9cd527f9-78a46e32-csvm-diamondx64-asset-4000K.mp4,MLB_746454_bryson-stott-flies-out-to-left-fielder-riley-greene,raw_sources\MLB_746454_bryson-stott-flies-out-to-left-fielder-riley-greene_Jason_Foley_seals_Tigers_win_Jason_Foley_seals_Tigers_win_Jason_Foley_seals_Tigers_win_Bryson_Stott_flies_o.mp4,6.204,13.204,,no,audit_checkpoint_001,66
1141,Codex_Workstation,F_1254,dataset/fly_ball/Codex_Workstation/F_1254,4,direct_use_candidate,audio_and_context_pass,,qwen_spot_check,annotated_contact_audio_confirmed,1.950,2.050,1.935,1.935,2.099,1.745,2.524,1.935,0.065,6.775,2.495,"[{""time"": 6.775, ""score"": 2.495, ""rms_ratio"": 1.343, ""diff_ratio"": 4.635}, {""time"": 5.225, ""score"": 2.409, ""rms_ratio"": 1.446, ""diff_ratio"": 4.013}, {""time"": 0.655, ""score"": 2.382, ""rms_ratio"": 1.364, ""diff_ratio"": 4.158}, {""time"": 5.535, ""score"": 2.322, ""rms_ratio"": 1.413, ""diff_ratio"": 3.813}, {""time"": 2.655, ""score"": 2.197, ""rms_ratio"": 1.253, ""diff_ratio"": 3.853}, {""time"": 0.435, ""score"": 2.169, ""rms_ratio"": 2.185, ""diff_ratio"": 2.153}, {""time"": 3.945, ""score"": 2.165, ""rms_ratio"": 1.313, ""diff_ratio"": 3.569}, {""time"": 2.485, ""score"": 2.122, ""rms_ratio"": 2.245, ""diff_ratio"": 2.005}, {""time"": 1.115, ""score"": 2.105, ""rms_ratio"": 2.078, ""diff_ratio"": 2.133}, {""time"": 1.935, ""score"": 2.099, ""rms_ratio"": 1.745, ""diff_ratio"": 2.524}, {""time"": 1.635, ""score"": 2.054, ""rms_ratio"": 2.125, ""diff_ratio"": 1.986}, {""time"": 4.755, ""score"": 2.052, ""rms_ratio"": 2.075, ""diff_ratio"": 2.029}, {""time"": 2.145, ""score"": 1.982, ""rms_ratio"": 1.671, ""diff_ratio"": 2.351}, {""time"": 2.995, ""score"": 1.891, ""rms_ratio"": 2.105, ""diff_ratio"": 1.699}, {""time"": 0.095, ""score"": 1.858, ""rms_ratio"": 1.651, ""diff_ratio"": 2.092}, {""time"": 0.785, ""score"": 1.847, ""rms_ratio"": 1.565, ""diff_ratio"": 2.179}]",7.006,ffprobe,7.019,1.935,5.071,line_drive,pending,medium,,,,"Bryce Harper's double  Bryce Harper's double  Bryce Harper's double  Bryce Harper sends a line drive to left field, marking his 19th double of the season in the top of the 3rd inning",https://mlb-cuts-diamond.mlb.com/FORGE/2024/2024-06/25/e17b726c-4fb57391-5057158c-csvm-diamondx64-asset-4000K.mp4,MLB_746454_bryce-harper-doubles-19-on-a-line-drive-to-left-fielder-riley-greene-,raw_sources\MLB_746454_bryce-harper-doubles-19-on-a-line-drive-to-left-fielder-riley-greene-_Bryce_Harper_s_double_Bryce_Harper_s_double_Bryce_Harper_s_double_Bryce_Harper_sends_a_li.mp4,5.680,12.680,,no,audit_checkpoint_001,67
1140,Codex_Workstation,F_1253,dataset/fly_ball/Codex_Workstation/F_1253,4,needs_edit,contact_timestamp_wrong,contact_timestamp_wrong;insufficient_post_contact_context,retime_from_local_audio_candidate;qwen_confirm_visual_contact_near_candidate;recover_source_and_recut_longer,likely_contact_timestamp_wrong,3.964,4.064,3.785,4.035,1.907,2.483,1.465,4.035,0.021,6.185,3.140,"[{""time"": 6.185, ""score"": 3.14, ""rms_ratio"": 1.313, ""diff_ratio"": 7.512}, {""time"": 0.545, ""score"": 2.796, ""rms_ratio"": 1.334, ""diff_ratio"": 5.858}, {""time"": 5.575, ""score"": 2.525, ""rms_ratio"": 1.215, ""diff_ratio"": 5.248}, {""time"": 3.785, ""score"": 2.136, ""rms_ratio"": 2.041, ""diff_ratio"": 2.236}, {""time"": 6.355, ""score"": 2.037, ""rms_ratio"": 1.668, ""diff_ratio"": 2.488}, {""time"": 4.545, ""score"": 1.988, ""rms_ratio"": 2.171, ""diff_ratio"": 1.82}, {""time"": 2.255, ""score"": 1.946, ""rms_ratio"": 1.85, ""diff_ratio"": 2.047}, {""time"": 3.525, ""score"": 1.928, ""rms_ratio"": 0.75, ""diff_ratio"": 3.717}, {""time"": 4.035, ""score"": 1.907, ""rms_ratio"": 2.483, ""diff_ratio"": 1.465}, {""time"": 0.055, ""score"": 1.894, ""rms_ratio"": 1.113, ""diff_ratio"": 3.225}, {""time"": 2.515, ""score"": 1.892, ""rms_ratio"": 1.688, ""diff_ratio"": 2.121}, {""time"": 4.805, ""score"": 1.889, ""rms_ratio"": 0.657, ""diff_ratio"": 3.569}, {""time"": 1.285, ""score"": 1.885, ""rms_ratio"": 1.787, ""diff_ratio"": 1.989}, {""time"": 1.535, ""score"": 1.848, ""rms_ratio"": 1.669, ""diff_ratio"": 2.046}, {""time"": 2.135, ""score"": 1.721, ""rms_ratio"": 1.768, ""diff_ratio"": 1.675}, {""time"": 4.335, ""score"": 1.716, ""rms_ratio"": 1.746, ""diff_ratio"": 1.687}]",7.006,ffprobe,6.997,3.785,3.221,fly,pending,medium,,,,Andy Pages seals comeback win Andy Pages seals comeback win Andy Pages seals comeback win Andy Pages catches Riley Greene's fly ball in center to seal the Dodgers' comeback win over the Tigers,https://mlb-cuts-diamond.mlb.com/FORGE/2024/2024-07/12/06e8a747-e9a3dbe7-f2321875-csvm-diamondx64-asset_1280x720_59_4000K.mp4,MLB_746450_riley-greene-flies-out-sharply-to-center-fielder-andy-pages,raw_sources\MLB_746450_riley-greene-flies-out-sharply-to-center-fielder-andy-pages_Andy_Pages_seals_comeback_win_Andy_Pages_seals_comeback_win_Andy_Pages_seals_comeback_win_Andy_Page.mp4,9.466,16.466,,no,audit_checkpoint_001,68
1139,Codex_Workstation,F_1252,dataset/fly_ball/Codex_Workstation/F_1252,4,needs_edit,clip_too_short,insufficient_post_contact_context,recover_source_and_recut_longer,annotated_contact_audio_confirmed,6.615,6.715,6.705,6.705,2.998,3.582,2.509,6.705,0.040,0.455,3.159,"[{""time"": 0.455, ""score"": 3.159, ""rms_ratio"": 2.989, ""diff_ratio"": 3.338}, {""time"": 6.205, ""score"": 3.008, ""rms_ratio"": 1.223, ""diff_ratio"": 7.4}, {""time"": 6.705, ""score"": 2.998, ""rms_ratio"": 3.582, ""diff_ratio"": 2.509}, {""time"": 2.385, ""score"": 2.851, ""rms_ratio"": 3.149, ""diff_ratio"": 2.581}, {""time"": 0.565, ""score"": 2.799, ""rms_ratio"": 2.727, ""diff_ratio"": 2.872}, {""time"": 2.525, ""score"": 2.636, ""rms_ratio"": 0.995, ""diff_ratio"": 6.95}, {""time"": 3.355, ""score"": 2.598, ""rms_ratio"": 2.63, ""diff_ratio"": 2.566}, {""time"": 2.855, ""score"": 2.572, ""rms_ratio"": 3.045, ""diff_ratio"": 2.172}, {""time"": 3.145, ""score"": 2.569, ""rms_ratio"": 3.087, ""diff_ratio"": 2.139}, {""time"": 0.275, ""score"": 2.568, ""rms_ratio"": 2.42, ""diff_ratio"": 2.724}, {""time"": 4.545, ""score"": 2.536, ""rms_ratio"": 2.348, ""diff_ratio"": 2.739}, {""time"": 0.875, ""score"": 2.495, ""rms_ratio"": 2.496, ""diff_ratio"": 2.494}, {""time"": 5.445, ""score"": 2.471, ""rms_ratio"": 3.09, ""diff_ratio"": 1.976}, {""time"": 5.665, ""score"": 2.423, ""rms_ratio"": 2.617, ""diff_ratio"": 2.243}, {""time"": 2.635, ""score"": 2.418, ""rms_ratio"": 1.933, ""diff_ratio"": 3.025}, {""time"": 4.905, ""score"": 2.395, ""rms_ratio"": 2.432, ""diff_ratio"": 2.358}]",7.006,ffprobe,6.976,6.705,0.301,line_drive,pending,medium,,,,Lane Thomas' first Guardians hit Lane Thomas' first Guardians hit Lane Thomas' first Guardians hit Lane Thomas singles on a sharp line drive to center to mark his first hit with the Guardians,https://mlb-cuts-diamond.mlb.com/FORGE/2024/2024-07/30/1e17dbbc-4c310944-b7400117-csvm-diamondx64-asset_1280x720_59_4000K.mp4,MLB_746441_lane-thomas-singles-on-a-sharp-line-drive-to-center-fielder-matt-vier,raw_sources\MLB_746441_lane-thomas-singles-on-a-sharp-line-drive-to-center-fielder-matt-vier_Lane_Thomas_first_Guardians_hit_Lane_Thomas_first_Guardians_hit_Lane_Thomas_first_Guardia.mp4,15.155,22.155,,no,audit_checkpoint_001,69
1138,Codex_Workstation,F_1251,dataset/fly_ball/Codex_Workstation/F_1251,4,needs_edit,contact_timestamp_wrong,contact_timestamp_wrong;insufficient_post_contact_context,retime_from_local_audio_candidate;qwen_confirm_visual_contact_near_candidate;recover_source_and_recut_longer,likely_contact_timestamp_wrong,1.950,2.050,1.815,2.015,1.519,2.307,0.902,2.165,0.165,2.865,3.285,"[{""time"": 2.865, ""score"": 3.285, ""rms_ratio"": 1.511, ""diff_ratio"": 7.139}, {""time"": 5.065, ""score"": 3.225, ""rms_ratio"": 1.472, ""diff_ratio"": 7.068}, {""time"": 4.065, ""score"": 2.333, ""rms_ratio"": 1.127, ""diff_ratio"": 4.83}, {""time"": 3.585, ""score"": 2.303, ""rms_ratio"": 1.047, ""diff_ratio"": 5.068}, {""time"": 1.815, ""score"": 2.242, ""rms_ratio"": 1.052, ""diff_ratio"": 4.776}, {""time"": 3.275, ""score"": 2.159, ""rms_ratio"": 1.026, ""diff_ratio"": 4.542}, {""time"": 4.275, ""score"": 2.007, ""rms_ratio"": 2.046, ""diff_ratio"": 1.968}, {""time"": 3.455, ""score"": 1.779, ""rms_ratio"": 1.53, ""diff_ratio"": 2.07}, {""time"": 3.905, ""score"": 1.769, ""rms_ratio"": 1.987, ""diff_ratio"": 1.575}, {""time"": 0.165, ""score"": 1.751, ""rms_ratio"": 1.382, ""diff_ratio"": 2.219}, {""time"": 0.755, ""score"": 1.7, ""rms_ratio"": 1.719, ""diff_ratio"": 1.681}, {""time"": 2.165, ""score"": 1.68, ""rms_ratio"": 1.398, ""diff_ratio"": 2.017}, {""time"": 0.295, ""score"": 1.658, ""rms_ratio"": 1.509, ""diff_ratio"": 1.821}, {""time"": 1.105, ""score"": 1.657, ""rms_ratio"": 1.346, ""diff_ratio"": 2.04}, {""time"": 0.495, ""score"": 1.653, ""rms_ratio"": 1.923, ""diff_ratio"": 1.42}]",7.007,ffprobe,7.019,1.815,5.192,fly,pending,medium,,,,Willi Castro ruled safe after challenge Willi Castro ruled safe after challenge Willi Castro ruled safe after challenge Willi Castro returns to first base safely on a fly ball and the call is upheld following an Astros challenge in the 5th inning,https://mlb-cuts-diamond.mlb.com/FORGE/2024/2024-05/31/983b2d3e-f38fb082-d9d8148e-csvm-diamondx64-asset_1280x720_59_4000K.mp4,MLB_746387_ronel-blanco-in-play-out-s-to-jose-miranda-ijrkdb,raw_sources\MLB_746387_ronel-blanco-in-play-out-s-to-jose-miranda-ijrkdb_Willi_Castro_ruled_safe_after_challenge_Willi_Castro_ruled_safe_after_challenge_.mp4,33.960,40.960,,no,audit_checkpoint_001,70
1137,Codex_Workstation,F_1250,dataset/fly_ball/Codex_Workstation/F_1250,4,needs_edit,clip_too_short,insufficient_post_contact_context,recover_source_and_recut_longer,annotated_contact_audio_confirmed,1.950,2.050,2.025,2.025,2.204,2.795,1.738,2.115,0.115,0.865,5.137,"[{""time"": 0.865, ""score"": 5.137, ""rms_ratio"": 3.018, ""diff_ratio"": 8.744}, {""time"": 6.695, ""score"": 2.806, ""rms_ratio"": 1.104, ""diff_ratio"": 7.135}, {""time"": 5.325, ""score"": 2.505, ""rms_ratio"": 2.655, ""diff_ratio"": 2.363}, {""time"": 2.115, ""score"": 2.474, ""rms_ratio"": 2.879, ""diff_ratio"": 2.126}, {""time"": 4.745, ""score"": 2.421, ""rms_ratio"": 2.605, ""diff_ratio"": 2.25}, {""time"": 5.085, ""score"": 2.388, ""rms_ratio"": 1.937, ""diff_ratio"": 2.944}, {""time"": 2.235, ""score"": 2.31, ""rms_ratio"": 2.334, ""diff_ratio"": 2.287}, {""time"": 5.895, ""score"": 2.281, ""rms_ratio"": 2.456, ""diff_ratio"": 2.118}, {""time"": 4.855, ""score"": 2.249, ""rms_ratio"": 1.794, ""diff_ratio"": 2.821}, {""time"": 5.735, ""score"": 2.245, ""rms_ratio"": 2.078, ""diff_ratio"": 2.426}, {""time"": 3.405, ""score"": 2.17, ""rms_ratio"": 2.045, ""diff_ratio"": 2.303}, {""time"": 2.455, ""score"": 2.135, ""rms_ratio"": 2.585, ""diff_ratio"": 1.763}, {""time"": 3.285, ""score"": 2.11, ""rms_ratio"": 2.433, ""diff_ratio"": 1.83}, {""time"": 6.825, ""score"": 2.092, ""rms_ratio"": 2.85, ""diff_ratio"": 1.536}, {""time"": 6.015, ""score"": 1.985, ""rms_ratio"": 1.655, ""diff_ratio"": 2.38}, {""time"": 4.405, ""score"": 1.974, ""rms_ratio"": 2.51, ""diff_ratio"": 1.552}]",7.006,ffprobe,7.019,2.025,4.981,pop_fly,pending,medium,,,,"Bryan Abreu closes out the Astros' win Bryan Abreu closes out the Astros' win Bryan Abreu closes out the Astros' win Gunnar Henderson pops out to Alex Bregman at third, ending the game and securing the Astros' 14-11 victory over the Orioles",https://mlb-cuts-diamond.mlb.com/FORGE/2024/2024-06/21/d8f2e943-5f2be71d-b2f483ee-csvm-diamondx64-asset_1280x720_59_4000K.mp4,MLB_746375_gunnar-henderson-flies-out-to-third-baseman-alex-bregman,raw_sources\MLB_746375_gunnar-henderson-flies-out-to-third-baseman-alex-bregman_Bryan_Abreu_closes_out_the_Astros_win_Bryan_Abreu_closes_out_the_Astros_win_Bryan_Abreu_closes_out_the.mp4,0.440,7.440,,no,audit_checkpoint_001,71
1136,Codex_Workstation,F_1249,dataset/fly_ball/Codex_Workstation/F_1249,4,needs_edit,contact_timestamp_wrong,contact_timestamp_wrong;insufficient_post_contact_context,retime_from_local_audio_candidate;qwen_confirm_visual_contact_near_candidate;recover_source_and_recut_longer,likely_contact_timestamp_wrong,3.601,3.701,3.395,3.675,2.019,2.244,1.817,3.675,0.024,3.395,4.703,"[{""time"": 3.395, ""score"": 4.703, ""rms_ratio"": 2.164, ""diff_ratio"": 10.219}, {""time"": 5.705, ""score"": 2.126, ""rms_ratio"": 1.375, ""diff_ratio"": 3.287}, {""time"": 3.675, ""score"": 2.019, ""rms_ratio"": 2.244, ""diff_ratio"": 1.817}, {""time"": 5.815, ""score"": 1.929, ""rms_ratio"": 1.884, ""diff_ratio"": 1.974}, {""time"": 5.205, ""score"": 1.926, ""rms_ratio"": 2.05, ""diff_ratio"": 1.809}, {""time"": 0.965, ""score"": 1.915, ""rms_ratio"": 1.432, ""diff_ratio"": 2.56}, {""time"": 6.415, ""score"": 1.907, ""rms_ratio"": 1.689, ""diff_ratio"": 2.154}, {""time"": 0.265, ""score"": 1.907, ""rms_ratio"": 1.554, ""diff_ratio"": 2.339}, {""time"": 3.235, ""score"": 1.865, ""rms_ratio"": 2.115, ""diff_ratio"": 1.645}, {""time"": 0.055, ""score"": 1.861, ""rms_ratio"": 1.788, ""diff_ratio"": 1.937}, {""time"": 2.425, ""score"": 1.828, ""rms_ratio"": 1.715, ""diff_ratio"": 1.949}, {""time"": 5.405, ""score"": 1.801, ""rms_ratio"": 1.711, ""diff_ratio"": 1.896}, {""time"": 4.365, ""score"": 1.786, ""rms_ratio"": 0.649, ""diff_ratio"": 3.19}, {""time"": 1.915, ""score"": 1.767, ""rms_ratio"": 2.028, ""diff_ratio"": 1.54}, {""time"": 4.125, ""score"": 1.759, ""rms_ratio"": 1.845, ""diff_ratio"": 1.678}, {""time"": 1.665, ""score"": 1.731, ""rms_ratio"": 1.893, ""diff_ratio"": 1.583}]",7.006,ffprobe,6.976,3.395,3.611,line_drive,pending,medium,,,,Ronel Blanco snags sharp line drive Ronel Blanco snags sharp line drive Ronel Blanco snags sharp line drive Ronel Blanco snags a sharp line drive to end the top of the 4th inning,https://mlb-cuts-diamond.mlb.com/FORGE/2024/2024-07/14/053a831a-a801ed45-a84d3379-csvm-diamondx64-asset_1280x720_59_4000K.mp4,MLB_746370_jonah-heim-lines-out-to-pitcher-ronel-blanco,raw_sources\MLB_746370_jonah-heim-lines-out-to-pitcher-ronel-blanco_Ronel_Blanco_snags_sharp_line_drive_Ronel_Blanco_snags_sharp_line_drive_Ronel_Blanco_snags_sharp_line_drive_Ronel_.mp4,11.869,18.869,,no,audit_checkpoint_001,72
1135,Codex_Workstation,F_1248,dataset/fly_ball/Codex_Workstation/F_1248,4,needs_edit,contact_timestamp_wrong,contact_timestamp_wrong,retime_from_local_audio_candidate;qwen_confirm_visual_contact_near_candidate,likely_contact_timestamp_wrong,1.950,2.050,2.385,2.075,1.673,1.735,1.613,2.105,0.105,4.145,2.820,"[{""time"": 4.145, ""score"": 2.82, ""rms_ratio"": 1.68, ""diff_ratio"": 4.732}, {""time"": 4.765, ""score"": 2.618, ""rms_ratio"": 1.504, ""diff_ratio"": 4.555}, {""time"": 3.805, ""score"": 2.427, ""rms_ratio"": 1.911, ""diff_ratio"": 3.083}, {""time"": 4.405, ""score"": 2.422, ""rms_ratio"": 1.617, ""diff_ratio"": 3.627}, {""time"": 3.365, ""score"": 2.358, ""rms_ratio"": 1.575, ""diff_ratio"": 3.531}, {""time"": 3.615, ""score"": 2.35, ""rms_ratio"": 1.315, ""diff_ratio"": 4.197}, {""time"": 2.385, ""score"": 2.32, ""rms_ratio"": 1.425, ""diff_ratio"": 3.777}, {""time"": 0.685, ""score"": 1.942, ""rms_ratio"": 1.784, ""diff_ratio"": 2.114}, {""time"": 3.135, ""score"": 1.931, ""rms_ratio"": 1.841, ""diff_ratio"": 2.026}, {""time"": 2.985, ""score"": 1.929, ""rms_ratio"": 1.61, ""diff_ratio"": 2.313}, {""time"": 2.105, ""score"": 1.895, ""rms_ratio"": 1.834, ""diff_ratio"": 1.958}, {""time"": 2.255, ""score"": 1.844, ""rms_ratio"": 1.817, ""diff_ratio"": 1.872}, {""time"": 1.025, ""score"": 1.844, ""rms_ratio"": 1.419, ""diff_ratio"": 2.396}, {""time"": 3.965, ""score"": 1.837, ""rms_ratio"": 1.883, ""diff_ratio"": 1.791}, {""time"": 2.785, ""score"": 1.697, ""rms_ratio"": 1.571, ""diff_ratio"": 1.833}, {""time"": 4.875, ""score"": 1.656, ""rms_ratio"": 1.084, ""diff_ratio"": 2.531}]",7.007,ffprobe,7.019,2.385,4.622,line_drive,pending,medium,,,,Ji Hwan Bae makes a diving catch Ji Hwan Bae makes a diving catch Ji Hwan Bae makes a diving catch Ji Hwan Bae charges a line drive and makes a great diving catch to prevent the Astros from scoring in the bottom of the 8th inning,https://mlb-cuts-diamond.mlb.com/FORGE/2024/2024-07/30/54a9b455-986f6784-b263c768-csvm-diamondx64-asset_1280x720_59_4000K.mp4,MLB_746365_jeremy-pena-lines-out-to-right-fielder-ji-hwan-bae,raw_sources\MLB_746365_jeremy-pena-lines-out-to-right-fielder-ji-hwan-bae_Ji_Hwan_Bae_makes_a_diving_catch_Ji_Hwan_Bae_makes_a_diving_catch_Ji_Hwan_Bae_makes_a_diving_catch_Ji_Hwan_B.mp4,3.800,10.800,,no,audit_checkpoint_001,73
1134,Codex_Workstation,F_1247,dataset/fly_ball/Codex_Workstation/F_1247,4,needs_edit,contact_timestamp_wrong,contact_timestamp_wrong;insufficient_post_contact_context,retime_from_local_audio_candidate;qwen_confirm_visual_contact_near_candidate;recover_source_and_recut_longer,likely_contact_timestamp_wrong,1.950,2.050,2.175,2.035,1.780,1.908,1.661,2.175,0.175,2.835,2.903,"[{""time"": 2.835, ""score"": 2.903, ""rms_ratio"": 1.697, ""diff_ratio"": 4.967}, {""time"": 1.575, ""score"": 2.524, ""rms_ratio"": 1.5, ""diff_ratio"": 4.248}, {""time"": 1.755, ""score"": 2.485, ""rms_ratio"": 1.473, ""diff_ratio"": 4.193}, {""time"": 6.815, ""score"": 2.457, ""rms_ratio"": 1.243, ""diff_ratio"": 4.86}, {""time"": 6.245, ""score"": 2.256, ""rms_ratio"": 1.604, ""diff_ratio"": 3.171}, {""time"": 2.175, ""score"": 2.135, ""rms_ratio"": 1.871, ""diff_ratio"": 2.437}, {""time"": 1.375, ""score"": 2.114, ""rms_ratio"": 1.723, ""diff_ratio"": 2.594}, {""time"": 2.435, ""score"": 2.114, ""rms_ratio"": 1.727, ""diff_ratio"": 2.588}, {""time"": 6.075, ""score"": 2.112, ""rms_ratio"": 1.56, ""diff_ratio"": 2.858}, {""time"": 2.565, ""score"": 2.046, ""rms_ratio"": 1.509, ""diff_ratio"": 2.774}, {""time"": 6.605, ""score"": 2.045, ""rms_ratio"": 1.565, ""diff_ratio"": 2.674}, {""time"": 5.965, ""score"": 2.039, ""rms_ratio"": 1.58, ""diff_ratio"": 2.63}, {""time"": 0.795, ""score"": 2.005, ""rms_ratio"": 1.817, ""diff_ratio"": 2.211}, {""time"": 2.985, ""score"": 1.987, ""rms_ratio"": 1.884, ""diff_ratio"": 2.095}, {""time"": 6.485, ""score"": 1.985, ""rms_ratio"": 1.536, ""diff_ratio"": 2.566}, {""time"": 2.285, ""score"": 1.982, ""rms_ratio"": 1.683, ""diff_ratio"": 2.334}]",7.006,ffprobe,7.019,2.175,4.831,fly,pending,medium,,,,"Bryan Reynolds' great diving catch Bryan Reynolds' great diving catch Bryan Reynolds' great diving catch Bryan Reynolds chases down a looping fly ball and dives to make a great catch, ending the 6th inning",https://mlb-cuts-diamond.mlb.com/FORGE/2024/2024-07/30/9ff4d92c-21c67754-9d6c44a2-csvm-diamondx64-asset_1280x720_59_4000K.mp4,MLB_746365_jake-meyers-flies-out-to-left-fielder-bryan-reynolds,raw_sources\MLB_746365_jake-meyers-flies-out-to-left-fielder-bryan-reynolds_Bryan_Reynolds_great_diving_catch_Bryan_Reynolds_great_diving_catch_Bryan_Reynolds_great_diving_catch_Brya.mp4,9.880,16.880,,no,audit_checkpoint_001,74
1133,Codex_Workstation,F_1246,dataset/fly_ball/Codex_Workstation/F_1246,4,direct_use_candidate,audio_and_context_pass,,qwen_spot_check,annotated_contact_audio_confirmed,1.790,1.890,1.875,1.875,8.866,5.196,15.129,1.875,0.035,1.875,8.866,"[{""time"": 1.875, ""score"": 8.866, ""rms_ratio"": 5.196, ""diff_ratio"": 15.129}, {""time"": 3.785, ""score"": 3.258, ""rms_ratio"": 1.556, ""diff_ratio"": 6.82}, {""time"": 5.075, ""score"": 2.731, ""rms_ratio"": 1.375, ""diff_ratio"": 5.421}, {""time"": 3.145, ""score"": 2.572, ""rms_ratio"": 2.04, ""diff_ratio"": 3.243}, {""time"": 3.315, ""score"": 2.408, ""rms_ratio"": 2.349, ""diff_ratio"": 2.467}, {""time"": 4.715, ""score"": 2.355, ""rms_ratio"": 1.258, ""diff_ratio"": 4.407}, {""time"": 6.735, ""score"": 2.199, ""rms_ratio"": 1.193, ""diff_ratio"": 4.054}, {""time"": 3.535, ""score"": 2.14, ""rms_ratio"": 2.163, ""diff_ratio"": 2.117}, {""time"": 3.905, ""score"": 2.041, ""rms_ratio"": 2.091, ""diff_ratio"": 1.992}, {""time"": 2.075, ""score"": 1.935, ""rms_ratio"": 1.675, ""diff_ratio"": 2.235}, {""time"": 4.325, ""score"": 1.84, ""rms_ratio"": 1.462, ""diff_ratio"": 2.315}, {""time"": 4.925, ""score"": 1.8, ""rms_ratio"": 1.718, ""diff_ratio"": 1.886}, {""time"": 3.655, ""score"": 1.793, ""rms_ratio"": 1.75, ""diff_ratio"": 1.837}, {""time"": 4.165, ""score"": 1.793, ""rms_ratio"": 2.365, ""diff_ratio"": 1.359}, {""time"": 5.225, ""score"": 1.784, ""rms_ratio"": 2.274, ""diff_ratio"": 1.4}, {""time"": 5.445, ""score"": 1.773, ""rms_ratio"": 1.188, ""diff_ratio"": 2.646}]",7.014,ffprobe,7.014,1.875,5.139,line_drive,pending,medium,,,,Cavan Biggio snags the final out Cavan Biggio snags the final out Cavan Biggio snags the final out Cavan Biggio snags a line drive with a diving catch to secure the final out in the Dodgers' 6-2 win over the Astros,https://mlb-cuts-diamond.mlb.com/FORGE/2024/2024-07/28/c2b481bc-777560bd-8c48f676-csvm-diamondx64-asset_1280x720_59_4000K.mp4,MLB_746364_brent-honeywell-in-play-out-s-to-jon-singleton,raw_sources\MLB_746364_brent-honeywell-in-play-out-s-to-jon-singleton_Cavan_Biggio_snags_the_final_out_Cavan_Biggio_snags_the_final_out_Cavan_Biggio_snags_the_final_out_Cavan_Biggio_.mp4,0.000,7.000,,no,audit_checkpoint_001,75
1132,Codex_Workstation,F_1245,dataset/fly_ball/Codex_Workstation/F_1245,4,needs_edit,clip_too_short,insufficient_post_contact_context,recover_source_and_recut_longer,annotated_contact_audio_confirmed,5.589,5.689,5.655,5.655,2.111,2.334,1.909,5.655,0.016,5.655,2.111,"[{""time"": 5.655, ""score"": 2.111, ""rms_ratio"": 2.334, ""diff_ratio"": 1.909}, {""time"": 2.075, ""score"": 2.103, ""rms_ratio"": 1.322, ""diff_ratio"": 3.346}, {""time"": 0.465, ""score"": 2.049, ""rms_ratio"": 2.285, ""diff_ratio"": 1.838}, {""time"": 5.065, ""score"": 2.026, ""rms_ratio"": 0.771, ""diff_ratio"": 4.104}, {""time"": 0.585, ""score"": 1.988, ""rms_ratio"": 1.872, ""diff_ratio"": 2.112}, {""time"": 4.635, ""score"": 1.97, ""rms_ratio"": 1.707, ""diff_ratio"": 2.274}, {""time"": 0.265, ""score"": 1.952, ""rms_ratio"": 1.887, ""diff_ratio"": 2.02}, {""time"": 1.075, ""score"": 1.91, ""rms_ratio"": 1.576, ""diff_ratio"": 2.314}, {""time"": 4.885, ""score"": 1.89, ""rms_ratio"": 0.856, ""diff_ratio"": 3.57}, {""time"": 3.325, ""score"": 1.878, ""rms_ratio"": 2.185, ""diff_ratio"": 1.614}, {""time"": 1.365, ""score"": 1.789, ""rms_ratio"": 2.047, ""diff_ratio"": 1.563}, {""time"": 0.775, ""score"": 1.762, ""rms_ratio"": 1.867, ""diff_ratio"": 1.663}, {""time"": 1.225, ""score"": 1.721, ""rms_ratio"": 2.085, ""diff_ratio"": 1.421}, {""time"": 2.815, ""score"": 1.715, ""rms_ratio"": 1.778, ""diff_ratio"": 1.655}, {""time"": 4.775, ""score"": 1.695, ""rms_ratio"": 1.477, ""diff_ratio"": 1.946}, {""time"": 2.645, ""score"": 1.672, ""rms_ratio"": 1.89, ""diff_ratio"": 1.48}]",7.000,ffprobe,7.019,5.655,1.345,fly,pending,medium,,,,Taylor Walls' running catch Taylor Walls' running catch Taylor Walls' running catch Taylor Walls tracks Yordan Alvarez's fly ball and makes a nice running catch in center field,https://mlb-cuts-diamond.mlb.com/FORGE/2024/2024-08/03/894e6ccb-1969c9dc-62058f3b-csvm-diamondx64-asset-4000K.mp4,MLB_746358_zack-littell-in-play-out-s-to-yordan-alvarez-su1o39,raw_sources\MLB_746358_zack-littell-in-play-out-s-to-yordan-alvarez-su1o39_Taylor_Walls_running_catch_Taylor_Walls_running_catch_Taylor_Walls_running_catch_Taylor_Walls_tracks_Yordan.mp4,7.361,14.361,,no,audit_checkpoint_001,76
1131,Codex_Workstation,F_1244,dataset/fly_ball/Codex_Workstation/F_1244,4,needs_edit,contact_timestamp_wrong,contact_timestamp_wrong;insufficient_post_contact_context,retime_from_local_audio_candidate;qwen_confirm_visual_contact_near_candidate;recover_source_and_recut_longer,likely_contact_timestamp_wrong,1.950,2.050,4.405,2.035,1.624,2.174,1.213,2.165,0.165,4.405,2.078,"[{""time"": 4.405, ""score"": 2.078, ""rms_ratio"": 1.174, ""diff_ratio"": 3.676}, {""time"": 4.095, ""score"": 1.98, ""rms_ratio"": 1.812, ""diff_ratio"": 2.163}, {""time"": 0.985, ""score"": 1.949, ""rms_ratio"": 1.2, ""diff_ratio"": 3.165}, {""time"": 3.275, ""score"": 1.889, ""rms_ratio"": 2.085, ""diff_ratio"": 1.712}, {""time"": 1.115, ""score"": 1.875, ""rms_ratio"": 1.651, ""diff_ratio"": 2.129}, {""time"": 5.775, ""score"": 1.853, ""rms_ratio"": 1.035, ""diff_ratio"": 3.317}, {""time"": 2.635, ""score"": 1.737, ""rms_ratio"": 1.642, ""diff_ratio"": 1.838}, {""time"": 2.165, ""score"": 1.704, ""rms_ratio"": 2.137, ""diff_ratio"": 1.359}, {""time"": 0.785, ""score"": 1.678, ""rms_ratio"": 1.527, ""diff_ratio"": 1.843}]",7.006,ffprobe,7.019,4.405,2.601,line_drive,pending,medium,,,,"Jose Siri's diving catch Jose Siri's diving catch Jose Siri's diving catch Jose Siri chases down a sinking line drive and dives to make a great catch, robbing Alex Bregman of a base hit",https://mlb-cuts-diamond.mlb.com/FORGE/2024/2024-08/02/0012f300-c99dc16e-399ac918-csvm-diamondx64-asset_1280x720_59_4000K.mp4,MLB_746354_alex-bregman-lines-out-to-center-fielder-jose-siri,raw_sources\MLB_746354_alex-bregman-lines-out-to-center-fielder-jose-siri_Jose_Siri_s_diving_catch_Jose_Siri_s_diving_catch_Jose_Siri_s_diving_catch_Jose_Siri_chases_down_a_sinking_l.mp4,4.140,11.140,,no,audit_checkpoint_001,77
1130,Codex_Workstation,F_1243,dataset/fly_ball/Codex_Workstation/F_1243,4,direct_use_candidate,audio_and_context_pass,,qwen_spot_check,annotated_contact_audio_confirmed,1.950,2.050,1.985,1.985,2.771,1.510,5.084,1.985,0.015,1.885,2.951,"[{""time"": 1.885, ""score"": 2.951, ""rms_ratio"": 1.597, ""diff_ratio"": 5.453}, {""time"": 2.885, ""score"": 2.798, ""rms_ratio"": 1.433, ""diff_ratio"": 5.462}, {""time"": 1.985, ""score"": 2.771, ""rms_ratio"": 1.51, ""diff_ratio"": 5.084}, {""time"": 0.965, ""score"": 2.721, ""rms_ratio"": 1.399, ""diff_ratio"": 5.289}, {""time"": 0.485, ""score"": 2.712, ""rms_ratio"": 1.629, ""diff_ratio"": 4.516}, {""time"": 0.215, ""score"": 2.555, ""rms_ratio"": 1.434, ""diff_ratio"": 4.553}, {""time"": 6.805, ""score"": 2.548, ""rms_ratio"": 1.366, ""diff_ratio"": 4.753}, {""time"": 0.065, ""score"": 2.407, ""rms_ratio"": 1.41, ""diff_ratio"": 4.108}, {""time"": 0.815, ""score"": 2.392, ""rms_ratio"": 2.193, ""diff_ratio"": 2.609}, {""time"": 2.695, ""score"": 2.257, ""rms_ratio"": 1.684, ""diff_ratio"": 3.024}, {""time"": 2.535, ""score"": 2.131, ""rms_ratio"": 2.288, ""diff_ratio"": 1.983}, {""time"": 2.215, ""score"": 2.123, ""rms_ratio"": 1.732, ""diff_ratio"": 2.603}, {""time"": 1.785, ""score"": 2.058, ""rms_ratio"": 2.076, ""diff_ratio"": 2.041}, {""time"": 1.135, ""score"": 2.023, ""rms_ratio"": 1.779, ""diff_ratio"": 2.299}, {""time"": 1.625, ""score"": 1.972, ""rms_ratio"": 2.209, ""diff_ratio"": 1.76}, {""time"": 3.035, ""score"": 1.922, ""rms_ratio"": 1.458, ""diff_ratio"": 2.533}]",7.006,ffprobe,7.019,1.985,5.021,line_drive,pending,medium,,,,Jackson Merrill turns a double play at second Jackson Merrill turns a double play at second Jackson Merrill turns a double play at second Jackson Merrill runs in to catch a line drive and throws to second to double off Hunter Renfroe to end the 3rd inning,https://mlb-cuts-diamond.mlb.com/FORGE/2024/2024-05/31/040f6367-4de7787c-e36e7266-csvm-diamondx64-asset_1280x720_59_4000K.mp4,MLB_746303_dylan-cease-in-play-out-s-to-maikel-garcia-3k30yc,raw_sources\MLB_746303_dylan-cease-in-play-out-s-to-maikel-garcia-3k30yc_Jackson_Merrill_turns_a_double_play_at_second_Jackson_Merrill_turns_a_double_pla.mp4,5.480,12.480,,no,audit_checkpoint_001,78
1129,Codex_Workstation,F_1242,dataset/fly_ball/Codex_Workstation/F_1242,4,needs_edit,clip_too_short,insufficient_post_contact_context,recover_source_and_recut_longer,annotated_contact_audio_confirmed,1.950,2.050,2.025,2.025,2.666,3.360,2.116,2.025,0.025,4.395,2.764,"[{""time"": 4.395, ""score"": 2.764, ""rms_ratio"": 3.119, ""diff_ratio"": 2.45}, {""time"": 2.025, ""score"": 2.666, ""rms_ratio"": 3.36, ""diff_ratio"": 2.116}, {""time"": 3.255, ""score"": 2.476, ""rms_ratio"": 1.73, ""diff_ratio"": 3.544}, {""time"": 0.175, ""score"": 2.362, ""rms_ratio"": 1.891, ""diff_ratio"": 2.949}, {""time"": 1.855, ""score"": 2.327, ""rms_ratio"": 3.137, ""diff_ratio"": 1.726}, {""time"": 5.795, ""score"": 2.291, ""rms_ratio"": 1.658, ""diff_ratio"": 3.165}, {""time"": 2.275, ""score"": 2.29, ""rms_ratio"": 2.4, ""diff_ratio"": 2.186}, {""time"": 0.015, ""score"": 2.277, ""rms_ratio"": 2.871, ""diff_ratio"": 1.806}, {""time"": 6.725, ""score"": 2.222, ""rms_ratio"": 1.85, ""diff_ratio"": 2.669}, {""time"": 5.675, ""score"": 2.187, ""rms_ratio"": 1.967, ""diff_ratio"": 2.431}, {""time"": 3.815, ""score"": 2.159, ""rms_ratio"": 2.69, ""diff_ratio"": 1.733}, {""time"": 3.555, ""score"": 2.114, ""rms_ratio"": 1.618, ""diff_ratio"": 2.763}, {""time"": 2.975, ""score"": 2.05, ""rms_ratio"": 2.101, ""diff_ratio"": 2.001}, {""time"": 5.015, ""score"": 2.047, ""rms_ratio"": 2.354, ""diff_ratio"": 1.78}, {""time"": 5.295, ""score"": 2.031, ""rms_ratio"": 2.654, ""diff_ratio"": 1.555}, {""time"": 1.225, ""score"": 2.025, ""rms_ratio"": 2.221, ""diff_ratio"": 1.846}]",7.007,ffprobe,7.019,2.025,4.982,fly,pending,medium,,,,"Vinnie Pasquantino's solo home run (8) Vinnie Pasquantino's solo home run (8) Vinnie Pasquantino's solo home run (8) Vinnie Pasquantino homers on a fly ball to right field, tying the game at 1 in the bottom of the 4th",https://mlb-cuts-diamond.mlb.com/FORGE/2024/2024-06/24/7e9a31ad-e9f2af76-ef68f5ae-csvm-diamondx64-asset_1280x720_59_4000K.mp4,MLB_746298_vinnie-pasquantino-homers-8-on-a-fly-ball-to-right-field,raw_sources\MLB_746298_vinnie-pasquantino-homers-8-on-a-fly-ball-to-right-field_Vinnie_Pasquantino_s_solo_home_run_8_Vinnie_Pasquantino_s_solo_home_run_8_Vinnie_Pasquantino_s_solo_ho.mp4,8.640,15.640,,no,audit_checkpoint_001,79
1128,Codex_Workstation,F_1240,dataset/fly_ball/Codex_Workstation/F_1240,4,direct_use_candidate,audio_and_context_pass,,qwen_spot_check,annotated_contact_audio_confirmed,1.950,2.050,2.025,2.025,2.448,2.849,2.103,2.025,0.025,0.175,2.796,"[{""time"": 0.175, ""score"": 2.796, ""rms_ratio"": 2.202, ""diff_ratio"": 3.551}, {""time"": 1.835, ""score"": 2.466, ""rms_ratio"": 2.589, ""diff_ratio"": 2.349}, {""time"": 2.025, ""score"": 2.448, ""rms_ratio"": 2.849, ""diff_ratio"": 2.103}, {""time"": 0.275, ""score"": 2.445, ""rms_ratio"": 1.995, ""diff_ratio"": 2.997}, {""time"": 0.065, ""score"": 2.402, ""rms_ratio"": 2.147, ""diff_ratio"": 2.687}, {""time"": 1.495, ""score"": 2.376, ""rms_ratio"": 1.869, ""diff_ratio"": 3.022}, {""time"": 2.775, ""score"": 2.354, ""rms_ratio"": 2.141, ""diff_ratio"": 2.588}, {""time"": 3.205, ""score"": 2.338, ""rms_ratio"": 2.488, ""diff_ratio"": 2.198}, {""time"": 0.975, ""score"": 2.211, ""rms_ratio"": 2.45, ""diff_ratio"": 1.995}, {""time"": 1.325, ""score"": 2.128, ""rms_ratio"": 1.963, ""diff_ratio"": 2.308}, {""time"": 2.395, ""score"": 2.013, ""rms_ratio"": 1.571, ""diff_ratio"": 2.579}, {""time"": 0.405, ""score"": 1.972, ""rms_ratio"": 1.759, ""diff_ratio"": 2.212}, {""time"": 2.935, ""score"": 1.927, ""rms_ratio"": 1.608, ""diff_ratio"": 2.309}, {""time"": 1.085, ""score"": 1.913, ""rms_ratio"": 1.997, ""diff_ratio"": 1.832}, {""time"": 1.225, ""score"": 1.897, ""rms_ratio"": 2.009, ""diff_ratio"": 1.791}, {""time"": 2.525, ""score"": 1.808, ""rms_ratio"": 1.462, ""diff_ratio"": 2.236}]",7.007,ffprobe,7.019,2.025,4.982,line_drive,pending,medium,,,,"Bryan De La Cruz's RBI double Bryan De La Cruz's RBI double Bryan De La Cruz's RBI double Bryan De La Cruz doubles on a line drive to left field, driving in Jazz Chisholm Jr. to give the Marlins a 1-0 lead in the 3rd inning",https://mlb-cuts-diamond.mlb.com/FORGE/2024/2024-06/24/6250dcf0-67c89a62-7866d3b5-csvm-diamondx64-asset_1280x720_59_4000K.mp4,MLB_746298_cole-ragans-in-play-no-out-to-bryan-de-la-cruz,raw_sources\MLB_746298_cole-ragans-in-play-no-out-to-bryan-de-la-cruz_Bryan_De_La_Cruz_s_RBI_double_Bryan_De_La_Cruz_s_RBI_double_Bryan_De_La_Cruz_s_RBI_double_Bryan_De_La_Cruz_doubl.mp4,11.940,18.940,,no,audit_checkpoint_001,80
1127,Codex_Workstation,F_1239,dataset/fly_ball/Codex_Workstation/F_1239,4,direct_use_candidate,audio_and_context_pass,,qwen_spot_check,annotated_contact_audio_confirmed,1.950,2.050,1.935,1.935,2.218,2.592,1.898,1.935,0.065,5.745,2.578,"[{""time"": 5.745, ""score"": 2.578, ""rms_ratio"": 1.113, ""diff_ratio"": 5.971}, {""time"": 4.645, ""score"": 2.392, ""rms_ratio"": 1.408, ""diff_ratio"": 4.065}, {""time"": 1.935, ""score"": 2.218, ""rms_ratio"": 2.592, ""diff_ratio"": 1.898}, {""time"": 5.595, ""score"": 2.025, ""rms_ratio"": 1.676, ""diff_ratio"": 2.446}, {""time"": 4.275, ""score"": 1.998, ""rms_ratio"": 0.941, ""diff_ratio"": 3.991}, {""time"": 0.625, ""score"": 1.931, ""rms_ratio"": 1.005, ""diff_ratio"": 3.71}, {""time"": 3.885, ""score"": 1.905, ""rms_ratio"": 0.801, ""diff_ratio"": 3.627}, {""time"": 0.475, ""score"": 1.86, ""rms_ratio"": 1.48, ""diff_ratio"": 2.339}, {""time"": 4.845, ""score"": 1.812, ""rms_ratio"": 1.518, ""diff_ratio"": 2.162}, {""time"": 6.025, ""score"": 1.805, ""rms_ratio"": 1.521, ""diff_ratio"": 2.142}, {""time"": 6.405, ""score"": 1.731, ""rms_ratio"": 1.655, ""diff_ratio"": 1.81}, {""time"": 2.435, ""score"": 1.728, ""rms_ratio"": 2.61, ""diff_ratio"": 1.144}, {""time"": 3.135, ""score"": 1.682, ""rms_ratio"": 1.717, ""diff_ratio"": 1.648}, {""time"": 5.875, ""score"": 1.672, ""rms_ratio"": 1.816, ""diff_ratio"": 1.539}, {""time"": 5.415, ""score"": 1.669, ""rms_ratio"": 0.942, ""diff_ratio"": 2.786}]",7.007,ffprobe,7.019,1.935,5.072,line_drive,pending,medium,,,,Anthony Volpe recovers for the out Anthony Volpe recovers for the out Anthony Volpe recovers for the out Anthony Volpe knocks down a sharp line drive and makes a smooth recovery for the out at first,https://mlb-cuts-diamond.mlb.com/FORGE/2024/2024-06/11/423e3408-8d898a32-8e250563-csvm-diamondx64-asset_1280x720_59_4000K.mp4,MLB_746296_marcus-stroman-in-play-out-s-to-nelson-velazquez,raw_sources\MLB_746296_marcus-stroman-in-play-out-s-to-nelson-velazquez_Anthony_Volpe_recovers_for_the_out_Anthony_Volpe_recovers_for_the_out_Anthony_Vo.mp4,12.860,19.860,,no,audit_checkpoint_001,81
1126,Codex_Workstation,F_1238,dataset/fly_ball/Codex_Workstation/F_1238,4,direct_use_candidate,audio_and_context_pass,,qwen_spot_check,annotated_contact_audio_confirmed,1.950,2.050,1.985,1.985,2.459,2.564,2.358,1.985,0.015,2.425,2.528,"[{""time"": 2.425, ""score"": 2.528, ""rms_ratio"": 3.134, ""diff_ratio"": 2.04}, {""time"": 2.785, ""score"": 2.462, ""rms_ratio"": 1.977, ""diff_ratio"": 3.065}, {""time"": 1.985, ""score"": 2.459, ""rms_ratio"": 2.564, ""diff_ratio"": 2.358}, {""time"": 3.565, ""score"": 2.342, ""rms_ratio"": 2.699, ""diff_ratio"": 2.032}, {""time"": 3.775, ""score"": 2.216, ""rms_ratio"": 1.018, ""diff_ratio"": 4.821}, {""time"": 2.195, ""score"": 2.182, ""rms_ratio"": 1.595, ""diff_ratio"": 2.984}, {""time"": 3.885, ""score"": 2.085, ""rms_ratio"": 0.824, ""diff_ratio"": 4.347}, {""time"": 5.015, ""score"": 2.059, ""rms_ratio"": 1.541, ""diff_ratio"": 2.75}, {""time"": 1.545, ""score"": 2.057, ""rms_ratio"": 1.581, ""diff_ratio"": 2.677}, {""time"": 0.995, ""score"": 2.017, ""rms_ratio"": 1.723, ""diff_ratio"": 2.362}, {""time"": 0.625, ""score"": 1.992, ""rms_ratio"": 1.806, ""diff_ratio"": 2.198}, {""time"": 5.605, ""score"": 1.975, ""rms_ratio"": 0.631, ""diff_ratio"": 3.9}, {""time"": 4.115, ""score"": 1.966, ""rms_ratio"": 1.372, ""diff_ratio"": 2.817}, {""time"": 2.295, ""score"": 1.942, ""rms_ratio"": 2.048, ""diff_ratio"": 1.84}, {""time"": 4.005, ""score"": 1.899, ""rms_ratio"": 1.416, ""diff_ratio"": 2.548}, {""time"": 0.195, ""score"": 1.851, ""rms_ratio"": 0.899, ""diff_ratio"": 3.427}]",7.007,ffprobe,7.019,1.985,5.022,line_drive,pending,medium,,,,"Gleyber Torres' sliding play Gleyber Torres' sliding play Gleyber Torres' sliding play Gleyber Torres slides to stop a line drive and throws to first base from his knees, recording the second out in the bottom of the 3rd inning",https://mlb-cuts-diamond.mlb.com/FORGE/2024/2024-06/12/eec4d2ca-7d38e201-3ba084f2-csvm-diamondx64-asset_1280x720_59_4000K.mp4,MLB_746294_cody-poteet-in-play-out-s-to-kyle-isbel,raw_sources\MLB_746294_cody-poteet-in-play-out-s-to-kyle-isbel_Gleyber_Torres_sliding_play_Gleyber_Torres_sliding_play_Gleyber_Torres_sliding_p.mp4,14.860,21.860,,no,audit_checkpoint_001,82
1125,Codex_Workstation,F_1237,dataset/fly_ball/Codex_Workstation/F_1237,4,needs_edit,source_recovery_required,contact_audio_missing_or_masked;insufficient_post_contact_context,recover_source_and_recut;redetect_contact_audio;recover_source_and_recut_longer,contact_audio_missing_or_masked,3.555,3.655,5.245,3.625,1.498,2.244,0.793,3.125,0.480,5.245,2.038,"[{""time"": 5.245, ""score"": 2.038, ""rms_ratio"": 1.758, ""diff_ratio"": 2.364}, {""time"": 4.735, ""score"": 1.87, ""rms_ratio"": 1.986, ""diff_ratio"": 1.761}, {""time"": 4.135, ""score"": 1.794, ""rms_ratio"": 2.335, ""diff_ratio"": 1.378}, {""time"": 2.215, ""score"": 1.771, ""rms_ratio"": 1.633, ""diff_ratio"": 1.921}, {""time"": 4.475, ""score"": 1.713, ""rms_ratio"": 2.336, ""diff_ratio"": 1.256}, {""time"": 2.875, ""score"": 1.696, ""rms_ratio"": 2.35, ""diff_ratio"": 1.225}, {""time"": 3.125, ""score"": 1.689, ""rms_ratio"": 1.577, ""diff_ratio"": 1.809}]",7.006,ffprobe,6.976,5.245,1.761,line_drive,pending,medium,,,,"Salvador Perez's two-run single Salvador Perez's two-run single Salvador Perez's two-run single Salvador Perez singles on a line drive to right field and two runs score, giving the Royals a 4-1 lead in the 7th inning",https://mlb-cuts-diamond.mlb.com/FORGE/2024/2024-07/03/9fdfe158-8571913a-9bb86f59-csvm-diamondx64-asset_1280x720_59_4000K.mp4,MLB_746283_shawn-armstrong-in-play-run-s-to-salvador-perez,raw_sources\MLB_746283_shawn-armstrong-in-play-run-s-to-salvador-perez_Salvador_Perez_s_two-run_single_Salvador_Perez_s_two-run_single_Salvador_Perez_s_two-run_single_Salvador_Perez_.mp4,15.155,22.155,,no,audit_checkpoint_001,83
1124,Codex_Workstation,F_1235,dataset/fly_ball/Codex_Workstation/F_1235,4,needs_edit,clip_too_short,insufficient_post_contact_context,recover_source_and_recut_longer,annotated_contact_audio_confirmed,1.950,2.050,1.945,1.945,2.665,2.982,2.382,1.945,0.055,2.225,2.672,"[{""time"": 2.225, ""score"": 2.672, ""rms_ratio"": 2.502, ""diff_ratio"": 2.855}, {""time"": 1.945, ""score"": 2.665, ""rms_ratio"": 2.982, ""diff_ratio"": 2.382}, {""time"": 2.335, ""score"": 2.377, ""rms_ratio"": 1.863, ""diff_ratio"": 3.033}, {""time"": 3.915, ""score"": 2.223, ""rms_ratio"": 1.985, ""diff_ratio"": 2.489}, {""time"": 1.225, ""score"": 2.216, ""rms_ratio"": 1.792, ""diff_ratio"": 2.742}, {""time"": 1.545, ""score"": 2.214, ""rms_ratio"": 2.052, ""diff_ratio"": 2.389}, {""time"": 4.435, ""score"": 2.209, ""rms_ratio"": 1.914, ""diff_ratio"": 2.55}, {""time"": 1.015, ""score"": 2.164, ""rms_ratio"": 2.394, ""diff_ratio"": 1.955}, {""time"": 0.905, ""score"": 2.084, ""rms_ratio"": 2.084, ""diff_ratio"": 2.085}, {""time"": 0.005, ""score"": 2.054, ""rms_ratio"": 2.015, ""diff_ratio"": 2.093}, {""time"": 5.725, ""score"": 2.024, ""rms_ratio"": 2.181, ""diff_ratio"": 1.878}, {""time"": 0.625, ""score"": 2.005, ""rms_ratio"": 1.88, ""diff_ratio"": 2.138}, {""time"": 1.745, ""score"": 2.004, ""rms_ratio"": 1.522, ""diff_ratio"": 2.638}, {""time"": 3.625, ""score"": 2.001, ""rms_ratio"": 1.844, ""diff_ratio"": 2.172}, {""time"": 4.085, ""score"": 1.967, ""rms_ratio"": 1.77, ""diff_ratio"": 2.185}, {""time"": 0.505, ""score"": 1.95, ""rms_ratio"": 2.246, ""diff_ratio"": 1.694}]",7.006,ffprobe,7.019,1.945,5.061,fly,pending,medium,,,,"Isaac Paredes' solo home run (14) Isaac Paredes' solo home run (14) Isaac Paredes' solo home run (14) Isaac Paredes homers on a fly ball to left field, giving the Rays an early 1-0 lead in the top of the 1st inning",https://mlb-cuts-diamond.mlb.com/FORGE/2024/2024-07/03/db4f013c-e1430806-274e8811-csvm-diamondx64-asset_1280x720_59_4000K.mp4,MLB_746283_isaac-paredes-homers-14-on-a-fly-ball-to-left-field-e1zzti,raw_sources\MLB_746283_isaac-paredes-homers-14-on-a-fly-ball-to-left-field-e1zzti_Isaac_Paredes_solo_home_run_14_Isaac_Paredes_solo_home_run_14_Isaac_Paredes_solo_home_run_14_Isaac_P.mp4,6.180,13.180,,no,audit_checkpoint_001,84
1123,Codex_Workstation,F_1234,dataset/fly_ball/Codex_Workstation/F_1234,4,needs_edit,audio_candidate_review,contact_audio_ambiguous,review_local_audio_candidates;qwen_confirm_visual_contact_near_candidate,annotated_audio_ambiguous,1.950,2.050,1.975,1.975,1.747,1.958,1.560,1.975,0.025,3.735,1.877,"[{""time"": 3.735, ""score"": 1.877, ""rms_ratio"": 0.869, ""diff_ratio"": 3.522}, {""time"": 2.395, ""score"": 1.804, ""rms_ratio"": 1.487, ""diff_ratio"": 2.189}, {""time"": 1.975, ""score"": 1.747, ""rms_ratio"": 1.958, ""diff_ratio"": 1.56}, {""time"": 6.335, ""score"": 1.684, ""rms_ratio"": 1.562, ""diff_ratio"": 1.816}, {""time"": 6.455, ""score"": 1.674, ""rms_ratio"": 1.458, ""diff_ratio"": 1.921}]",7.006,ffprobe,7.019,1.975,5.031,line_drive,pending,medium,,,,"Gabriel Moreno's two-run single Gabriel Moreno's two-run single Gabriel Moreno's two-run single Gabriel Moreno singles on a line drive to center field and two runs score, giving the D-backs an early 3-0 lead in the 1st",https://mlb-cuts-diamond.mlb.com/FORGE/2024/2024-07/23/fbe2ff1d-e4c15cb9-f5c8628e-csvm-diamondx64-asset_1280x720_59_4000K.mp4,MLB_746281_alec-marsh-in-play-run-s-to-gabriel-moreno,raw_sources\MLB_746281_alec-marsh-in-play-run-s-to-gabriel-moreno_Gabriel_Moreno_s_two-run_single_Gabriel_Moreno_s_two-run_single_Gabriel_Moreno_s_two-run_single_Gabriel_Moreno_singl.mp4,6.280,13.280,,no,audit_checkpoint_001,85
1122,Codex_Workstation,F_1233,dataset/fly_ball/Codex_Workstation/F_1233,4,direct_use_candidate,audio_and_context_pass,,qwen_spot_check,annotated_contact_audio_confirmed,1.950,2.050,2.025,2.025,2.560,2.788,2.350,2.025,0.025,2.025,2.560,"[{""time"": 2.025, ""score"": 2.56, ""rms_ratio"": 2.788, ""diff_ratio"": 2.35}, {""time"": 5.675, ""score"": 2.319, ""rms_ratio"": 2.414, ""diff_ratio"": 2.227}, {""time"": 6.915, ""score"": 2.22, ""rms_ratio"": 2.133, ""diff_ratio"": 2.31}, {""time"": 6.675, ""score"": 2.217, ""rms_ratio"": 2.173, ""diff_ratio"": 2.262}, {""time"": 3.125, ""score"": 1.846, ""rms_ratio"": 2.13, ""diff_ratio"": 1.6}, {""time"": 6.315, ""score"": 1.779, ""rms_ratio"": 2.223, ""diff_ratio"": 1.424}, {""time"": 2.425, ""score"": 1.748, ""rms_ratio"": 2.553, ""diff_ratio"": 1.197}, {""time"": 5.785, ""score"": 1.684, ""rms_ratio"": 1.734, ""diff_ratio"": 1.635}]",7.007,ffprobe,7.019,2.025,4.982,line_drive,pending,medium,,,,Bobby Witt Jr.'s triple in the 1st Bobby Witt Jr.'s triple in the 1st Bobby Witt Jr.'s triple in the 1st Bobby Witt Jr. shows off his speed after hitting a line drive to right field for a one-out triple in the bottom of the 1st inning,https://bdata-producedclips.mlb.com/75a283df-b168-4673-a47b-ae31ced981d9.mp4,MLB_746280_bobby-witt-jr-s-triple-in-the-1st,raw_sources\MLB_746280_bobby-witt-jr-s-triple-in-the-1st_Bobby_Witt_Jr._s_triple_in_the_1st_Bobby_Witt_Jr._s_triple_in_the_1st_Bobby_Witt_Jr._s_triple_in_the_1st_Bobby_Witt_Jr._shows.mp4,4.420,11.420,,no,audit_checkpoint_001,86
1121,Codex_Workstation,F_1232,dataset/fly_ball/Codex_Workstation/F_1232,4,needs_edit,contact_timestamp_wrong,contact_timestamp_wrong,retime_from_local_audio_candidate;qwen_confirm_visual_contact_near_candidate,likely_contact_timestamp_wrong,1.950,2.050,2.535,2.025,1.765,2.007,1.552,2.025,0.025,4.055,2.397,"[{""time"": 4.055, ""score"": 2.397, ""rms_ratio"": 1.122, ""diff_ratio"": 5.121}, {""time"": 0.825, ""score"": 2.218, ""rms_ratio"": 1.808, ""diff_ratio"": 2.721}, {""time"": 2.535, ""score"": 2.205, ""rms_ratio"": 1.875, ""diff_ratio"": 2.592}, {""time"": 5.905, ""score"": 2.136, ""rms_ratio"": 1.845, ""diff_ratio"": 2.474}, {""time"": 1.015, ""score"": 2.057, ""rms_ratio"": 1.678, ""diff_ratio"": 2.521}, {""time"": 5.495, ""score"": 1.924, ""rms_ratio"": 1.586, ""diff_ratio"": 2.333}, {""time"": 3.615, ""score"": 1.897, ""rms_ratio"": 1.393, ""diff_ratio"": 2.582}, {""time"": 6.515, ""score"": 1.83, ""rms_ratio"": 1.993, ""diff_ratio"": 1.68}, {""time"": 0.165, ""score"": 1.799, ""rms_ratio"": 1.509, ""diff_ratio"": 2.143}, {""time"": 4.385, ""score"": 1.798, ""rms_ratio"": 1.678, ""diff_ratio"": 1.926}, {""time"": 0.295, ""score"": 1.794, ""rms_ratio"": 1.56, ""diff_ratio"": 2.064}, {""time"": 2.275, ""score"": 1.782, ""rms_ratio"": 2.01, ""diff_ratio"": 1.581}, {""time"": 2.025, ""score"": 1.765, ""rms_ratio"": 2.007, ""diff_ratio"": 1.552}, {""time"": 0.445, ""score"": 1.718, ""rms_ratio"": 1.348, ""diff_ratio"": 2.191}, {""time"": 1.725, ""score"": 1.697, ""rms_ratio"": 2.05, ""diff_ratio"": 1.405}]",7.007,ffprobe,7.019,2.535,4.472,line_drive,pending,medium,,,,Alex Verdugo makes a running catch Alex Verdugo makes a running catch Alex Verdugo makes a running catch Alex Verdugo chases down a line drive near the left-field wall and makes the grab to rob Nolan Schanuel of extra bases,https://mlb-cuts-diamond.mlb.com/FORGE/2024/2024-05/28/15cac7fd-e69eccd7-e8ac1526-csvm-diamondx64-asset_1280x720_59_4000K.mp4,MLB_746229_nestor-cortes-in-play-out-s-to-nolan-schanuel,raw_sources\MLB_746229_nestor-cortes-in-play-out-s-to-nolan-schanuel_Alex_Verdugo_makes_a_running_catch_Alex_Verdugo_makes_a_running_catch_Alex_Verdu.mp4,4.180,11.180,,no,audit_checkpoint_001,87
1120,Codex_Workstation,F_1231,dataset/fly_ball/Codex_Workstation/F_1231,4,needs_edit,clip_too_short,insufficient_post_contact_context,recover_source_and_recut_longer,annotated_contact_audio_confirmed,0.990,1.090,1.075,1.075,10.099,7.373,13.833,1.075,0.035,1.075,10.099,"[{""time"": 1.075, ""score"": 10.099, ""rms_ratio"": 7.373, ""diff_ratio"": 13.833}, {""time"": 6.715, ""score"": 4.382, ""rms_ratio"": 4.731, ""diff_ratio"": 4.059}, {""time"": 6.855, ""score"": 3.95, ""rms_ratio"": 4.04, ""diff_ratio"": 3.861}, {""time"": 6.595, ""score"": 3.652, ""rms_ratio"": 3.52, ""diff_ratio"": 3.79}, {""time"": 6.465, ""score"": 3.371, ""rms_ratio"": 4.028, ""diff_ratio"": 2.822}, {""time"": 5.395, ""score"": 3.28, ""rms_ratio"": 1.591, ""diff_ratio"": 6.762}, {""time"": 6.115, ""score"": 2.818, ""rms_ratio"": 2.774, ""diff_ratio"": 2.862}, {""time"": 6.215, ""score"": 2.801, ""rms_ratio"": 2.813, ""diff_ratio"": 2.789}, {""time"": 2.165, ""score"": 2.79, ""rms_ratio"": 3.161, ""diff_ratio"": 2.463}, {""time"": 5.035, ""score"": 2.643, ""rms_ratio"": 1.537, ""diff_ratio"": 4.544}, {""time"": 1.945, ""score"": 2.589, ""rms_ratio"": 2.382, ""diff_ratio"": 2.814}, {""time"": 2.845, ""score"": 2.451, ""rms_ratio"": 3.119, ""diff_ratio"": 1.926}, {""time"": 4.045, ""score"": 2.369, ""rms_ratio"": 1.252, ""diff_ratio"": 4.483}, {""time"": 5.245, ""score"": 2.354, ""rms_ratio"": 3.57, ""diff_ratio"": 1.552}, {""time"": 5.765, ""score"": 2.27, ""rms_ratio"": 2.723, ""diff_ratio"": 1.893}, {""time"": 2.485, ""score"": 2.234, ""rms_ratio"": 2.547, ""diff_ratio"": 1.96}]",7.014,ffprobe,7.014,1.075,5.939,fly,pending,medium,,,,Kevin Pillar's sliding catch Kevin Pillar's sliding catch Kevin Pillar's sliding catch Kevin Pillar charges a fly ball and makes an inning-ending sliding catch in foul territory in the 1st,https://mlb-cuts-diamond.mlb.com/FORGE/2024/2024-06/19/63f9fc35-9face709-f690c8be-csvm-diamondx64-asset_1280x720_59_4000K.mp4,MLB_746219_sal-frelick-flies-out-to-right-fielder-kevin-pillar-in-foul-territory,raw_sources\MLB_746219_sal-frelick-flies-out-to-right-fielder-kevin-pillar-in-foul-territory_Kevin_Pillar_s_sliding_catch_Kevin_Pillar_s_sliding_catch_Kevin_Pillar_s_sliding_catch_Ke.mp4,0.000,7.000,,no,audit_checkpoint_001,88
1119,Codex_Workstation,F_1230,dataset/fly_ball/Codex_Workstation/F_1230,4,needs_edit,clip_too_short,insufficient_post_contact_context,recover_source_and_recut_longer,annotated_contact_audio_confirmed,0.970,1.070,1.055,1.055,5.821,3.952,8.574,1.055,0.035,1.055,5.821,"[{""time"": 1.055, ""score"": 5.821, ""rms_ratio"": 3.952, ""diff_ratio"": 8.574}, {""time"": 5.505, ""score"": 2.88, ""rms_ratio"": 1.307, ""diff_ratio"": 6.343}, {""time"": 4.155, ""score"": 2.681, ""rms_ratio"": 1.284, ""diff_ratio"": 5.598}, {""time"": 2.145, ""score"": 2.627, ""rms_ratio"": 1.182, ""diff_ratio"": 5.84}, {""time"": 4.605, ""score"": 2.569, ""rms_ratio"": 1.271, ""diff_ratio"": 5.191}, {""time"": 2.555, ""score"": 2.508, ""rms_ratio"": 1.276, ""diff_ratio"": 4.93}, {""time"": 5.725, ""score"": 2.13, ""rms_ratio"": 2.14, ""diff_ratio"": 2.12}, {""time"": 5.355, ""score"": 1.946, ""rms_ratio"": 1.821, ""diff_ratio"": 2.079}, {""time"": 3.645, ""score"": 1.907, ""rms_ratio"": 1.094, ""diff_ratio"": 3.325}, {""time"": 6.235, ""score"": 1.893, ""rms_ratio"": 2.045, ""diff_ratio"": 1.752}, {""time"": 6.705, ""score"": 1.845, ""rms_ratio"": 1.954, ""diff_ratio"": 1.743}, {""time"": 6.065, ""score"": 1.744, ""rms_ratio"": 1.589, ""diff_ratio"": 1.915}, {""time"": 2.905, ""score"": 1.718, ""rms_ratio"": 1.706, ""diff_ratio"": 1.729}, {""time"": 5.935, ""score"": 1.708, ""rms_ratio"": 1.717, ""diff_ratio"": 1.699}, {""time"": 6.345, ""score"": 1.7, ""rms_ratio"": 1.88, ""diff_ratio"": 1.537}, {""time"": 6.535, ""score"": 1.697, ""rms_ratio"": 1.946, ""diff_ratio"": 1.48}]",7.014,ffprobe,7.014,1.055,5.959,fly,pending,medium,,,,"Taylor Ward's two-run homer (13) Taylor Ward's two-run homer (13) Taylor Ward's two-run homer (13) Taylor Ward lifts a fly ball to the opposite field for a two-run home run, putting the Angels on the board in the bottom of the 1st inning",https://mlb-cuts-diamond.mlb.com/FORGE/2024/2024-06/24/bc6f527c-6b6234a1-7b453161-csvm-diamondx64-asset_1280x720_59_4000K.mp4,MLB_746218_luis-medina-in-play-run-s-to-taylor-ward,raw_sources\MLB_746218_luis-medina-in-play-run-s-to-taylor-ward_Taylor_Ward_s_two-run_homer_13_Taylor_Ward_s_two-run_homer_13_Taylor_Ward_s_two-run_homer_13_Taylor_Ward_lifts_a_fly_b.mp4,0.000,7.000,,no,audit_checkpoint_001,89
1118,Codex_Workstation,F_1229,dataset/fly_ball/Codex_Workstation/F_1229,4,direct_use_candidate,audio_and_context_pass,,qwen_spot_check,annotated_contact_audio_confirmed,1.170,1.270,1.245,1.245,10.009,6.205,16.147,1.245,0.025,1.245,10.009,"[{""time"": 1.245, ""score"": 10.009, ""rms_ratio"": 6.205, ""diff_ratio"": 16.147}, {""time"": 3.335, ""score"": 3.614, ""rms_ratio"": 1.778, ""diff_ratio"": 7.342}, {""time"": 4.255, ""score"": 3.431, ""rms_ratio"": 3.075, ""diff_ratio"": 3.829}, {""time"": 3.075, ""score"": 3.289, ""rms_ratio"": 1.891, ""diff_ratio"": 5.72}, {""time"": 3.815, ""score"": 3.262, ""rms_ratio"": 1.519, ""diff_ratio"": 7.007}, {""time"": 5.035, ""score"": 2.695, ""rms_ratio"": 1.37, ""diff_ratio"": 5.301}, {""time"": 4.475, ""score"": 2.625, ""rms_ratio"": 2.115, ""diff_ratio"": 3.26}, {""time"": 6.305, ""score"": 2.555, ""rms_ratio"": 2.401, ""diff_ratio"": 2.719}, {""time"": 5.595, ""score"": 2.54, ""rms_ratio"": 2.787, ""diff_ratio"": 2.315}, {""time"": 5.165, ""score"": 2.506, ""rms_ratio"": 2.352, ""diff_ratio"": 2.67}, {""time"": 3.595, ""score"": 2.385, ""rms_ratio"": 2.492, ""diff_ratio"": 2.283}, {""time"": 2.675, ""score"": 2.378, ""rms_ratio"": 2.293, ""diff_ratio"": 2.467}, {""time"": 6.805, ""score"": 2.349, ""rms_ratio"": 2.889, ""diff_ratio"": 1.91}, {""time"": 4.095, ""score"": 2.292, ""rms_ratio"": 2.829, ""diff_ratio"": 1.857}, {""time"": 6.035, ""score"": 2.286, ""rms_ratio"": 2.307, ""diff_ratio"": 2.266}, {""time"": 5.755, ""score"": 2.283, ""rms_ratio"": 2.163, ""diff_ratio"": 2.409}]",7.014,ffprobe,7.014,1.245,5.769,line_drive,pending,medium,,,,Tyler Nevin's leaping catch Tyler Nevin's leaping catch Tyler Nevin's leaping catch Tyler Nevin leaps to snare a line drive and rob Logan O'Hoppe of a hit,https://mlb-cuts-diamond.mlb.com/FORGE/2024/2024-06/24/bc2ecab3-c352f19f-33530cf2-csvm-diamondx64-asset_1280x720_59_4000K.mp4,MLB_746218_aaron-brooks-in-play-out-s-to-logan-o-hoppe,raw_sources\MLB_746218_aaron-brooks-in-play-out-s-to-logan-o-hoppe_Tyler_Nevin_s_leaping_catch_Tyler_Nevin_s_leaping_catch_Tyler_Nevin_s_leaping_catch_Tyler_Nevin_leaps_to_snare_a_li.mp4,0.000,7.000,,no,audit_checkpoint_001,90
1117,Codex_Workstation,F_1228,dataset/fly_ball/Codex_Workstation/F_1228,4,direct_use_candidate,audio_and_context_pass,,qwen_spot_check,annotated_contact_audio_confirmed,1.950,2.050,1.925,1.925,2.977,1.356,6.537,1.925,0.075,0.095,3.467,"[{""time"": 0.095, ""score"": 3.467, ""rms_ratio"": 1.475, ""diff_ratio"": 8.151}, {""time"": 3.395, ""score"": 3.141, ""rms_ratio"": 1.424, ""diff_ratio"": 6.925}, {""time"": 1.925, ""score"": 2.977, ""rms_ratio"": 1.356, ""diff_ratio"": 6.537}, {""time"": 4.735, ""score"": 2.865, ""rms_ratio"": 1.363, ""diff_ratio"": 6.023}, {""time"": 6.165, ""score"": 2.588, ""rms_ratio"": 1.117, ""diff_ratio"": 5.998}, {""time"": 3.705, ""score"": 2.198, ""rms_ratio"": 1.134, ""diff_ratio"": 4.259}, {""time"": 6.955, ""score"": 2.059, ""rms_ratio"": 0.896, ""diff_ratio"": 4.24}, {""time"": 2.785, ""score"": 1.906, ""rms_ratio"": 0.809, ""diff_ratio"": 3.632}, {""time"": 1.775, ""score"": 1.823, ""rms_ratio"": 1.441, ""diff_ratio"": 2.305}, {""time"": 0.245, ""score"": 1.818, ""rms_ratio"": 1.927, ""diff_ratio"": 1.715}, {""time"": 4.305, ""score"": 1.803, ""rms_ratio"": 2.006, ""diff_ratio"": 1.621}, {""time"": 2.195, ""score"": 1.744, ""rms_ratio"": 2.195, ""diff_ratio"": 1.386}, {""time"": 2.535, ""score"": 1.723, ""rms_ratio"": 2.404, ""diff_ratio"": 1.235}, {""time"": 0.395, ""score"": 1.665, ""rms_ratio"": 1.824, ""diff_ratio"": 1.52}]",7.007,ffprobe,7.019,1.925,5.082,line_drive,pending,medium,,,,Kenta Maeda exits early after being hit by line drive Kenta Maeda exits early after being hit by line drive Kenta Maeda exits early after being hit by line drive Kenta Maeda has to exit his outing against the Angels early after being hit by line drive in the 6th inning,https://mlb-cuts-diamond.mlb.com/FORGE/2024/2024-06/28/462a5400-230c152d-82dbb576-csvm-diamondx64-asset_1280x720_59_4000K.mp4,MLB_746214_kenta-maeda-exits-early-after-being-hit-by-line-drive,raw_sources\MLB_746214_kenta-maeda-exits-early-after-being-hit-by-line-drive_Kenta_Maeda_exits_early_after_being_hit_by_line_drive_Kenta_Maeda_exits_early_after_being_hit_by_line_dri.mp4,3.520,10.520,,no,audit_checkpoint_001,91
1116,Codex_Workstation,F_1227,dataset/fly_ball/Codex_Workstation/F_1227,4,needs_edit,contact_timestamp_wrong,contact_timestamp_wrong;insufficient_post_contact_context,retime_from_local_audio_candidate;qwen_confirm_visual_contact_near_candidate;recover_source_and_recut_longer,likely_contact_timestamp_wrong,1.950,2.050,1.505,2.005,1.922,1.436,2.571,2.005,0.005,4.495,2.308,"[{""time"": 4.495, ""score"": 2.308, ""rms_ratio"": 1.037, ""diff_ratio"": 5.137}, {""time"": 2.535, ""score"": 2.277, ""rms_ratio"": 1.703, ""diff_ratio"": 3.045}, {""time"": 1.505, ""score"": 2.183, ""rms_ratio"": 1.627, ""diff_ratio"": 2.928}, {""time"": 5.885, ""score"": 2.0, ""rms_ratio"": 0.946, ""diff_ratio"": 4.002}, {""time"": 3.175, ""score"": 1.948, ""rms_ratio"": 0.868, ""diff_ratio"": 3.793}, {""time"": 2.005, ""score"": 1.922, ""rms_ratio"": 1.436, ""diff_ratio"": 2.571}, {""time"": 1.045, ""score"": 1.918, ""rms_ratio"": 2.1, ""diff_ratio"": 1.753}, {""time"": 1.755, ""score"": 1.773, ""rms_ratio"": 1.798, ""diff_ratio"": 1.748}, {""time"": 2.295, ""score"": 1.76, ""rms_ratio"": 2.088, ""diff_ratio"": 1.484}, {""time"": 1.635, ""score"": 1.687, ""rms_ratio"": 1.697, ""diff_ratio"": 1.677}]",7.007,ffprobe,7.019,1.505,5.502,fly,pending,medium,,,,Corbin Carroll's sliding catch Corbin Carroll's sliding catch Corbin Carroll's sliding catch Corbin Carroll makes a sliding catch on Teoscar Hernández's fly ball for the final out of the bottom of the 4th,https://mlb-cuts-diamond.mlb.com/FORGE/2024/2024-05/21/09f1d4b6-918082de-8cf455e8-csvm-diamondx64-asset_1280x720_59_4000K.mp4,MLB_746145_brandon-pfaadt-in-play-out-s-to-teoscar-hernandez,raw_sources\MLB_746145_brandon-pfaadt-in-play-out-s-to-teoscar-hernandez_Corbin_Carroll_s_sliding_catch_Corbin_Carroll_s_sliding_catch_Corbin_Carroll_s_s.mp4,4.220,11.220,,no,audit_checkpoint_001,92
1115,Codex_Workstation,F_1226,dataset/fly_ball/Codex_Workstation/F_1226,4,needs_edit,contact_timestamp_wrong,contact_timestamp_wrong;insufficient_pre_contact_context,retime_from_local_audio_candidate;qwen_confirm_visual_contact_near_candidate;recover_source_and_recut_longer,likely_contact_timestamp_wrong,1.950,2.050,0.375,2.025,1.706,2.023,1.439,2.095,0.095,0.375,2.140,"[{""time"": 0.375, ""score"": 2.14, ""rms_ratio"": 1.411, ""diff_ratio"": 3.246}, {""time"": 5.075, ""score"": 2.115, ""rms_ratio"": 2.184, ""diff_ratio"": 2.047}, {""time"": 0.245, ""score"": 1.996, ""rms_ratio"": 0.639, ""diff_ratio"": 3.985}, {""time"": 6.975, ""score"": 1.943, ""rms_ratio"": 1.904, ""diff_ratio"": 1.983}, {""time"": 3.735, ""score"": 1.815, ""rms_ratio"": 1.931, ""diff_ratio"": 1.706}, {""time"": 4.315, ""score"": 1.806, ""rms_ratio"": 1.85, ""diff_ratio"": 1.762}, {""time"": 2.625, ""score"": 1.79, ""rms_ratio"": 1.866, ""diff_ratio"": 1.716}, {""time"": 5.535, ""score"": 1.737, ""rms_ratio"": 1.522, ""diff_ratio"": 1.981}, {""time"": 2.095, ""score"": 1.724, ""rms_ratio"": 1.698, ""diff_ratio"": 1.751}, {""time"": 4.795, ""score"": 1.697, ""rms_ratio"": 1.645, ""diff_ratio"": 1.751}, {""time"": 2.285, ""score"": 1.695, ""rms_ratio"": 1.675, ""diff_ratio"": 1.716}, {""time"": 5.395, ""score"": 1.694, ""rms_ratio"": 1.651, ""diff_ratio"": 1.739}, {""time"": 2.395, ""score"": 1.679, ""rms_ratio"": 1.123, ""diff_ratio"": 2.51}, {""time"": 1.705, ""score"": 1.669, ""rms_ratio"": 1.931, ""diff_ratio"": 1.443}]",7.006,ffprobe,7.019,0.375,6.631,line_drive,pending,medium,,,,"Brenton Doyle makes a diving catch Brenton Doyle makes a diving catch Brenton Doyle makes a diving catch Brenton Doyle charges a soft liner and lays out to make the diving catch, robbing Miguel Rojas of a hit",https://mlb-cuts-diamond.mlb.com/FORGE/2024/2024-05/31/756d916d-99e1e7a2-2cde29af-csvm-diamondx64-asset_1280x720_59_4000K.mp4,MLB_746140_miguel-rojas-lines-out-to-center-fielder-brenton-doyle,raw_sources\MLB_746140_miguel-rojas-lines-out-to-center-fielder-brenton-doyle_Brenton_Doyle_makes_a_diving_catch_Brenton_Doyle_makes_a_diving_catch_Brenton_Do.mp4,10.700,17.700,,no,audit_checkpoint_001,93
1114,Codex_Workstation,F_1225,dataset/fly_ball/Codex_Workstation/F_1225,4,needs_edit,clip_too_short,insufficient_post_contact_context,recover_source_and_recut_longer,annotated_contact_audio_confirmed,1.950,2.050,2.035,2.035,2.818,3.624,2.191,2.035,0.035,5.545,3.470,"[{""time"": 5.545, ""score"": 3.47, ""rms_ratio"": 1.539, ""diff_ratio"": 7.823}, {""time"": 5.165, ""score"": 3.175, ""rms_ratio"": 3.523, ""diff_ratio"": 2.862}, {""time"": 2.385, ""score"": 3.112, ""rms_ratio"": 3.474, ""diff_ratio"": 2.787}, {""time"": 2.745, ""score"": 2.847, ""rms_ratio"": 2.544, ""diff_ratio"": 3.187}, {""time"": 1.295, ""score"": 2.846, ""rms_ratio"": 2.899, ""diff_ratio"": 2.794}, {""time"": 1.645, ""score"": 2.823, ""rms_ratio"": 2.963, ""diff_ratio"": 2.69}, {""time"": 2.035, ""score"": 2.818, ""rms_ratio"": 3.624, ""diff_ratio"": 2.191}, {""time"": 2.525, ""score"": 2.747, ""rms_ratio"": 2.794, ""diff_ratio"": 2.701}, {""time"": 4.895, ""score"": 2.67, ""rms_ratio"": 3.254, ""diff_ratio"": 2.19}, {""time"": 2.965, ""score"": 2.632, ""rms_ratio"": 2.278, ""diff_ratio"": 3.041}, {""time"": 5.385, ""score"": 2.581, ""rms_ratio"": 2.375, ""diff_ratio"": 2.804}, {""time"": 5.865, ""score"": 2.568, ""rms_ratio"": 1.571, ""diff_ratio"": 4.196}, {""time"": 4.525, ""score"": 2.557, ""rms_ratio"": 2.752, ""diff_ratio"": 2.376}, {""time"": 3.215, ""score"": 2.419, ""rms_ratio"": 1.123, ""diff_ratio"": 5.211}, {""time"": 1.395, ""score"": 2.344, ""rms_ratio"": 2.515, ""diff_ratio"": 2.185}, {""time"": 4.735, ""score"": 2.33, ""rms_ratio"": 2.554, ""diff_ratio"": 2.125}]",7.007,ffprobe,7.019,2.035,4.972,fly,pending,medium,,,,"Ezequiel Tovar's solo home run (8) Ezequiel Tovar's solo home run (8) Ezequiel Tovar's solo home run (8) Ezequiel Tovar belts a fly ball to left-center field for a solo homer, extending the Rockies' lead to 4-0",https://mlb-cuts-diamond.mlb.com/FORGE/2024/2024-05/31/482228c3-f75cf8de-225330ac-csvm-diamondx64-asset_1280x720_59_4000K.mp4,MLB_746140_ezequiel-tovar-homers-8-on-a-fly-ball-to-center-field,raw_sources\MLB_746140_ezequiel-tovar-homers-8-on-a-fly-ball-to-center-field_Ezequiel_Tovar_s_solo_home_run_8_Ezequiel_Tovar_s_solo_home_run_8_Ezequiel_Tovar.mp4,8.620,15.620,,no,audit_checkpoint_001,94
1113,Codex_Workstation,F_1224,dataset/fly_ball/Codex_Workstation/F_1224,4,needs_edit,clip_too_short,insufficient_post_contact_context,recover_source_and_recut_longer,annotated_contact_audio_confirmed,1.950,2.050,2.015,2.015,2.398,2.227,2.582,2.015,0.015,3.975,2.645,"[{""time"": 3.975, ""score"": 2.645, ""rms_ratio"": 1.329, ""diff_ratio"": 5.263}, {""time"": 2.015, ""score"": 2.398, ""rms_ratio"": 2.227, ""diff_ratio"": 2.582}, {""time"": 4.505, ""score"": 2.319, ""rms_ratio"": 1.095, ""diff_ratio"": 4.911}, {""time"": 1.905, ""score"": 2.221, ""rms_ratio"": 2.102, ""diff_ratio"": 2.346}, {""time"": 4.965, ""score"": 2.176, ""rms_ratio"": 1.045, ""diff_ratio"": 4.532}, {""time"": 6.415, ""score"": 2.152, ""rms_ratio"": 0.924, ""diff_ratio"": 4.629}, {""time"": 1.755, ""score"": 2.127, ""rms_ratio"": 1.956, ""diff_ratio"": 2.314}, {""time"": 0.535, ""score"": 2.124, ""rms_ratio"": 0.908, ""diff_ratio"": 4.513}, {""time"": 5.505, ""score"": 2.014, ""rms_ratio"": 0.907, ""diff_ratio"": 4.057}, {""time"": 3.595, ""score"": 1.975, ""rms_ratio"": 1.141, ""diff_ratio"": 3.417}, {""time"": 2.125, ""score"": 1.897, ""rms_ratio"": 1.949, ""diff_ratio"": 1.846}, {""time"": 2.535, ""score"": 1.883, ""rms_ratio"": 1.918, ""diff_ratio"": 1.847}, {""time"": 2.275, ""score"": 1.756, ""rms_ratio"": 1.824, ""diff_ratio"": 1.69}, {""time"": 2.645, ""score"": 1.675, ""rms_ratio"": 1.752, ""diff_ratio"": 1.601}, {""time"": 1.525, ""score"": 1.654, ""rms_ratio"": 1.4, ""diff_ratio"": 1.954}]",7.007,ffprobe,7.019,2.015,4.992,fly,pending,medium,,,,Shohei Ohtani's double Shohei Ohtani's double Shohei Ohtani's double Shohei Ohtani doubles on a fly ball to left field in the 1st,https://bdata-producedclips.mlb.com/b36af0d9-d1ee-4356-b812-5d713aa9e4cd.mp4,MLB_746133_joe-mantiply-in-play-no-out-to-shohei-ohtani-okt1f8,raw_sources\MLB_746133_joe-mantiply-in-play-no-out-to-shohei-ohtani-okt1f8_Shohei_Ohtani_s_double_Shohei_Ohtani_s_double_Shohei_Ohtani_s_double_Shohei_Ohtani_doubles_on_a_fly_ball_to.mp4,6.120,13.120,,no,audit_checkpoint_001,95
1112,Codex_Workstation,F_1223,dataset/fly_ball/Codex_Workstation/F_1223,4,direct_use_candidate,audio_and_context_pass,,qwen_spot_check,annotated_contact_audio_confirmed,1.950,2.050,2.025,2.025,2.708,2.796,2.623,2.025,0.025,2.025,2.708,"[{""time"": 2.025, ""score"": 2.708, ""rms_ratio"": 2.796, ""diff_ratio"": 2.623}, {""time"": 1.915, ""score"": 2.654, ""rms_ratio"": 1.829, ""diff_ratio"": 3.851}, {""time"": 0.265, ""score"": 2.377, ""rms_ratio"": 1.029, ""diff_ratio"": 5.491}, {""time"": 2.135, ""score"": 2.293, ""rms_ratio"": 2.42, ""diff_ratio"": 2.173}, {""time"": 2.715, ""score"": 2.146, ""rms_ratio"": 1.606, ""diff_ratio"": 2.868}, {""time"": 0.035, ""score"": 2.145, ""rms_ratio"": 0.852, ""diff_ratio"": 4.603}, {""time"": 1.775, ""score"": 2.092, ""rms_ratio"": 2.232, ""diff_ratio"": 1.96}, {""time"": 2.565, ""score"": 2.079, ""rms_ratio"": 1.449, ""diff_ratio"": 2.984}, {""time"": 1.235, ""score"": 1.945, ""rms_ratio"": 1.462, ""diff_ratio"": 2.587}, {""time"": 2.885, ""score"": 1.911, ""rms_ratio"": 2.011, ""diff_ratio"": 1.816}, {""time"": 2.465, ""score"": 1.808, ""rms_ratio"": 1.883, ""diff_ratio"": 1.736}, {""time"": 1.615, ""score"": 1.787, ""rms_ratio"": 1.835, ""diff_ratio"": 1.741}, {""time"": 6.535, ""score"": 1.772, ""rms_ratio"": 0.779, ""diff_ratio"": 3.14}, {""time"": 2.255, ""score"": 1.756, ""rms_ratio"": 1.784, ""diff_ratio"": 1.728}]",7.007,ffprobe,7.019,2.025,4.982,line_drive,pending,medium,,,,"Freddie Freeman's game-tying double Freddie Freeman's game-tying double Freddie Freeman's game-tying double Freddie Freeman doubles on a line drive to right field and Will Smith scores, tying the game at 5-5 in the 9th",https://mlb-cuts-diamond.mlb.com/FORGE/2024/2024-07/02/d2c2ca61-08ae027c-42c3746a-csvm-diamondx64-asset_1280x720_59_4000K.mp4,MLB_746133_freddie-freeman-doubles-25-on-a-line-drive-to-right-fielder-corbin-ca,raw_sources\MLB_746133_freddie-freeman-doubles-25-on-a-line-drive-to-right-fielder-corbin-ca_Freddie_Freeman_s_game-tying_double_Freddie_Freeman_s_game-tying_double_Freddie_Freeman_s.mp4,1.900,8.900,,no,audit_checkpoint_001,96
1111,Codex_Workstation,F_1222,dataset/fly_ball/Codex_Workstation/F_1222,4,needs_edit,clip_too_short,insufficient_post_contact_context,recover_source_and_recut_longer,annotated_contact_audio_confirmed,1.150,1.250,1.225,1.225,4.665,3.576,6.087,1.225,0.025,1.225,4.665,"[{""time"": 1.225, ""score"": 4.665, ""rms_ratio"": 3.576, ""diff_ratio"": 6.087}, {""time"": 5.935, ""score"": 2.278, ""rms_ratio"": 1.332, ""diff_ratio"": 3.896}, {""time"": 3.855, ""score"": 2.184, ""rms_ratio"": 1.39, ""diff_ratio"": 3.431}, {""time"": 6.735, ""score"": 1.872, ""rms_ratio"": 1.11, ""diff_ratio"": 3.157}, {""time"": 4.745, ""score"": 1.709, ""rms_ratio"": 1.239, ""diff_ratio"": 2.355}, {""time"": 3.975, ""score"": 1.699, ""rms_ratio"": 1.505, ""diff_ratio"": 1.919}, {""time"": 3.085, ""score"": 1.671, ""rms_ratio"": 1.804, ""diff_ratio"": 1.548}]",7.014,ffprobe,7.014,1.225,5.789,fly,pending,medium,,,,McCarthy nabs Freeman at home for the double play McCarthy nabs Freeman at home for the double play McCarthy nabs Freeman at home for the double play Jake McCarthy catches a fly ball and fires to home in time to throw out Freddie Freeman attempting to tag up in the 4th,https://mlb-cuts-diamond.mlb.com/FORGE/2024/2024-07/03/19b16973-18ea5fbb-777f210f-csvm-diamondx64-asset_1280x720_59_4000K.mp4,MLB_746128_cristian-mena-in-play-out-s-to-miguel-rojas-hrftxl,raw_sources\MLB_746128_cristian-mena-in-play-out-s-to-miguel-rojas-hrftxl_McCarthy_nabs_Freeman_at_home_for_the_double_play_McCarthy_nabs_Freeman_at_home_for_the_double_play_McCarthy.mp4,0.000,7.000,,no,audit_checkpoint_001,97
1110,Codex_Workstation,F_1221,dataset/fly_ball/Codex_Workstation/F_1221,4,needs_edit,clip_too_short,insufficient_post_contact_context,recover_source_and_recut_longer,annotated_contact_audio_confirmed,1.210,1.310,1.285,1.285,10.823,6.518,17.969,1.285,0.025,1.285,10.823,"[{""time"": 1.285, ""score"": 10.823, ""rms_ratio"": 6.518, ""diff_ratio"": 17.969}, {""time"": 5.515, ""score"": 5.147, ""rms_ratio"": 2.711, ""diff_ratio"": 9.772}, {""time"": 5.885, ""score"": 5.107, ""rms_ratio"": 2.616, ""diff_ratio"": 9.969}, {""time"": 5.255, ""score"": 4.954, ""rms_ratio"": 3.448, ""diff_ratio"": 7.118}, {""time"": 6.885, ""score"": 4.214, ""rms_ratio"": 4.26, ""diff_ratio"": 4.169}, {""time"": 6.025, ""score"": 4.033, ""rms_ratio"": 4.245, ""diff_ratio"": 3.831}, {""time"": 6.595, ""score"": 4.016, ""rms_ratio"": 2.263, ""diff_ratio"": 7.129}, {""time"": 4.515, ""score"": 3.999, ""rms_ratio"": 4.088, ""diff_ratio"": 3.913}, {""time"": 6.455, ""score"": 3.651, ""rms_ratio"": 3.561, ""diff_ratio"": 3.744}, {""time"": 3.955, ""score"": 3.62, ""rms_ratio"": 3.843, ""diff_ratio"": 3.41}, {""time"": 3.665, ""score"": 3.505, ""rms_ratio"": 3.696, ""diff_ratio"": 3.325}, {""time"": 5.745, ""score"": 3.433, ""rms_ratio"": 3.863, ""diff_ratio"": 3.051}, {""time"": 6.335, ""score"": 3.357, ""rms_ratio"": 3.122, ""diff_ratio"": 3.61}, {""time"": 4.255, ""score"": 3.207, ""rms_ratio"": 3.299, ""diff_ratio"": 3.117}, {""time"": 6.995, ""score"": 3.075, ""rms_ratio"": 2.774, ""diff_ratio"": 3.41}, {""time"": 4.895, ""score"": 3.073, ""rms_ratio"": 3.591, ""diff_ratio"": 2.63}]",7.014,ffprobe,7.014,1.285,5.729,fly,pending,medium,,,,"Xavier Edwards' double Xavier Edwards' double Xavier Edwards' double Xavier Edwards doubles on a fly ball to left field, starting the Marlins' fight back in the bottom of the 9th inning",https://mlb-cuts-diamond.mlb.com/FORGE/2024/2024-07/03/20545af6-1edd6402-21b4b33f-csvm-diamondx64-asset_1280x720_59_4000K.mp4,MLB_746045_xavier-edwards-triples-1-on-a-fly-ball-to-left-fielder-rob-refsnyder,raw_sources\MLB_746045_xavier-edwards-triples-1-on-a-fly-ball-to-left-fielder-rob-refsnyder_Xavier_Edwards_double_Xavier_Edwards_double_Xavier_Edwards_double_Xavier_Edwards_doubles_o.mp4,0.000,7.000,,no,audit_checkpoint_001,98
1109,Codex_Workstation,F_1220,dataset/fly_ball/Codex_Workstation/F_1220,4,needs_edit,clip_too_short,insufficient_post_contact_context,recover_source_and_recut_longer,annotated_contact_audio_confirmed,3.860,3.960,3.915,3.915,3.380,2.731,4.184,3.915,0.005,3.915,3.380,"[{""time"": 3.915, ""score"": 3.38, ""rms_ratio"": 2.731, ""diff_ratio"": 4.184}, {""time"": 5.335, ""score"": 2.909, ""rms_ratio"": 1.563, ""diff_ratio"": 5.414}, {""time"": 4.355, ""score"": 2.762, ""rms_ratio"": 2.475, ""diff_ratio"": 3.082}, {""time"": 6.915, ""score"": 2.74, ""rms_ratio"": 1.372, ""diff_ratio"": 5.472}, {""time"": 3.375, ""score"": 2.516, ""rms_ratio"": 1.879, ""diff_ratio"": 3.369}, {""time"": 3.075, ""score"": 2.143, ""rms_ratio"": 1.212, ""diff_ratio"": 3.788}, {""time"": 5.175, ""score"": 2.115, ""rms_ratio"": 2.136, ""diff_ratio"": 2.094}, {""time"": 1.515, ""score"": 2.08, ""rms_ratio"": 1.735, ""diff_ratio"": 2.493}, {""time"": 6.625, ""score"": 1.968, ""rms_ratio"": 2.131, ""diff_ratio"": 1.816}, {""time"": 6.315, ""score"": 1.957, ""rms_ratio"": 2.38, ""diff_ratio"": 1.61}, {""time"": 5.565, ""score"": 1.955, ""rms_ratio"": 1.067, ""diff_ratio"": 3.582}, {""time"": 3.595, ""score"": 1.91, ""rms_ratio"": 1.578, ""diff_ratio"": 2.312}, {""time"": 5.795, ""score"": 1.857, ""rms_ratio"": 1.569, ""diff_ratio"": 2.197}, {""time"": 1.145, ""score"": 1.789, ""rms_ratio"": 1.967, ""diff_ratio"": 1.627}, {""time"": 2.265, ""score"": 1.682, ""rms_ratio"": 2.16, ""diff_ratio"": 1.309}, {""time"": 0.355, ""score"": 1.67, ""rms_ratio"": 1.614, ""diff_ratio"": 1.728}]",7.000,ffprobe,7.019,3.915,3.085,fly,pending,medium,,,,"Tyler O'Neill seals a Red Sox win Tyler O'Neill seals a Red Sox win Tyler O'Neill seals a Red Sox win Tyler O'Neill snags Nick Fortes' fly ball, sealing the Red Sox's 7-2 win over the Marlins",https://mlb-cuts-diamond.mlb.com/FORGE/2024/2024-07/03/34b5a9e9-81f3d3b9-1348d5b5-csvm-diamondx64-asset-4000K.mp4,MLB_746045_nick-fortes-flies-out-to-right-fielder-tyler-o-neill,raw_sources\MLB_746045_nick-fortes-flies-out-to-right-fielder-tyler-o-neill_Tyler_O_Neill_seals_a_Red_Sox_win_Tyler_O_Neill_seals_a_Red_Sox_win_Tyler_O_Neill_seals_a_Red_Sox_win_Tyle.mp4,4.390,11.390,,no,audit_checkpoint_001,99
1108,Codex_Workstation,F_1219,dataset/fly_ball/Codex_Workstation/F_1219,4,needs_edit,clip_too_short,insufficient_post_contact_context,recover_source_and_recut_longer,annotated_contact_audio_confirmed,3.456,3.556,3.515,3.515,2.913,3.621,2.344,3.515,0.009,4.185,3.424,"[{""time"": 4.185, ""score"": 3.424, ""rms_ratio"": 2.76, ""diff_ratio"": 4.247}, {""time"": 0.495, ""score"": 3.049, ""rms_ratio"": 2.862, ""diff_ratio"": 3.249}, {""time"": 4.525, ""score"": 3.008, ""rms_ratio"": 1.571, ""diff_ratio"": 5.762}, {""time"": 0.925, ""score"": 2.917, ""rms_ratio"": 2.19, ""diff_ratio"": 3.887}, {""time"": 3.515, ""score"": 2.913, ""rms_ratio"": 3.621, ""diff_ratio"": 2.344}, {""time"": 1.665, ""score"": 2.907, ""rms_ratio"": 3.082, ""diff_ratio"": 2.741}, {""time"": 1.885, ""score"": 2.883, ""rms_ratio"": 2.374, ""diff_ratio"": 3.502}, {""time"": 0.215, ""score"": 2.49, ""rms_ratio"": 2.177, ""diff_ratio"": 2.849}, {""time"": 4.375, ""score"": 2.454, ""rms_ratio"": 2.366, ""diff_ratio"": 2.546}, {""time"": 2.205, ""score"": 2.43, ""rms_ratio"": 2.24, ""diff_ratio"": 2.635}, {""time"": 1.375, ""score"": 2.402, ""rms_ratio"": 2.344, ""diff_ratio"": 2.461}, {""time"": 1.035, ""score"": 2.315, ""rms_ratio"": 1.784, ""diff_ratio"": 3.005}, {""time"": 0.025, ""score"": 2.262, ""rms_ratio"": 2.263, ""diff_ratio"": 2.26}, {""time"": 2.525, ""score"": 2.158, ""rms_ratio"": 1.898, ""diff_ratio"": 2.454}, {""time"": 1.995, ""score"": 2.139, ""rms_ratio"": 1.717, ""diff_ratio"": 2.665}, {""time"": 1.175, ""score"": 2.072, ""rms_ratio"": 1.65, ""diff_ratio"": 2.602}]",7.006,ffprobe,7.019,3.515,3.491,fly,pending,medium,,,,Jarren Duran's running catch Jarren Duran's running catch Jarren Duran's running catch Jarren Duran makes a strong running catch on Josh Bell's fly ball to bring in the first out of the bottom of the 6th inning,https://mlb-cuts-diamond.mlb.com/FORGE/2024/2024-07/03/c8396827-8b5fa6a0-5c9aa7bd-csvm-diamondx64-asset-4000K.mp4,MLB_746045_josh-bell-flies-out-to-center-fielder-jarren-duran,raw_sources\MLB_746045_josh-bell-flies-out-to-center-fielder-jarren-duran_Jarren_Duran_s_running_catch_Jarren_Duran_s_running_catch_Jarren_Duran_s_running_catch_Jarren_Duran_makes_a_.mp4,7.014,14.014,,no,audit_checkpoint_001,100
1107,Codex_Workstation,F_1218,dataset/fly_ball/Codex_Workstation/F_1218,4,needs_edit,clip_too_short,insufficient_post_contact_context,recover_source_and_recut_longer,annotated_contact_audio_confirmed,4.096,4.196,4.195,4.195,3.621,2.967,4.418,4.195,0.049,4.195,3.621,"[{""time"": 4.195, ""score"": 3.621, ""rms_ratio"": 2.967, ""diff_ratio"": 4.418}, {""time"": 4.365, ""score"": 3.27, ""rms_ratio"": 1.564, ""diff_ratio"": 6.835}, {""time"": 2.755, ""score"": 3.248, ""rms_ratio"": 1.972, ""diff_ratio"": 5.351}, {""time"": 2.375, ""score"": 3.072, ""rms_ratio"": 2.322, ""diff_ratio"": 4.065}, {""time"": 5.245, ""score"": 2.906, ""rms_ratio"": 1.515, ""diff_ratio"": 5.575}, {""time"": 0.905, ""score"": 2.904, ""rms_ratio"": 3.155, ""diff_ratio"": 2.674}, {""time"": 5.565, ""score"": 2.896, ""rms_ratio"": 1.426, ""diff_ratio"": 5.883}, {""time"": 5.875, ""score"": 2.864, ""rms_ratio"": 3.228, ""diff_ratio"": 2.54}, {""time"": 0.455, ""score"": 2.809, ""rms_ratio"": 2.594, ""diff_ratio"": 3.041}, {""time"": 0.045, ""score"": 2.668, ""rms_ratio"": 2.221, ""diff_ratio"": 3.206}, {""time"": 6.655, ""score"": 2.619, ""rms_ratio"": 1.874, ""diff_ratio"": 3.661}, {""time"": 6.815, ""score"": 2.572, ""rms_ratio"": 1.131, ""diff_ratio"": 5.847}, {""time"": 0.245, ""score"": 2.362, ""rms_ratio"": 1.16, ""diff_ratio"": 4.808}, {""time"": 4.015, ""score"": 2.276, ""rms_ratio"": 2.038, ""diff_ratio"": 2.541}, {""time"": 5.385, ""score"": 2.275, ""rms_ratio"": 2.067, ""diff_ratio"": 2.504}, {""time"": 3.725, ""score"": 2.266, ""rms_ratio"": 1.593, ""diff_ratio"": 3.223}]",7.006,ffprobe,6.976,4.195,2.811,fly,pending,medium,,,,Ceddanne Rafaela's triple Ceddanne Rafaela's triple Ceddanne Rafaela's triple Ceddanne Rafaela launches a sharp fly ball to center field and strides all the way to third in the top of the 6th inning,https://mlb-cuts-diamond.mlb.com/FORGE/2024/2024-07/03/3236bd05-99854bd3-8beda75b-csvm-diamondx64-asset_1280x720_59_4000K.mp4,MLB_746045_ceddanne-rafaela-triples-3-on-a-sharp-fly-ball-to-center-fielder-jazz,raw_sources\MLB_746045_ceddanne-rafaela-triples-3-on-a-sharp-fly-ball-to-center-fielder-jazz_Ceddanne_Rafaela_s_triple_Ceddanne_Rafaela_s_triple_Ceddanne_Rafaela_s_triple_Ceddanne_Ra.mp4,19.894,26.894,,no,audit_checkpoint_001,101
1106,Codex_Workstation,F_1217,dataset/fly_ball/Codex_Workstation/F_1217,4,direct_use_candidate,audio_and_context_pass,,qwen_spot_check,annotated_contact_audio_confirmed,1.950,2.050,2.025,2.025,2.258,2.214,2.302,2.025,0.025,0.125,5.823,"[{""time"": 0.125, ""score"": 5.823, ""rms_ratio"": 2.885, ""diff_ratio"": 11.752}, {""time"": 0.385, ""score"": 2.32, ""rms_ratio"": 1.282, ""diff_ratio"": 4.2}, {""time"": 0.735, ""score"": 2.309, ""rms_ratio"": 1.299, ""diff_ratio"": 4.104}, {""time"": 2.025, ""score"": 2.258, ""rms_ratio"": 2.214, ""diff_ratio"": 2.302}, {""time"": 0.505, ""score"": 2.245, ""rms_ratio"": 1.207, ""diff_ratio"": 4.176}, {""time"": 6.165, ""score"": 2.051, ""rms_ratio"": 2.069, ""diff_ratio"": 2.033}, {""time"": 2.275, ""score"": 2.024, ""rms_ratio"": 2.014, ""diff_ratio"": 2.034}, {""time"": 3.125, ""score"": 1.936, ""rms_ratio"": 1.97, ""diff_ratio"": 1.902}, {""time"": 2.775, ""score"": 1.929, ""rms_ratio"": 1.897, ""diff_ratio"": 1.962}, {""time"": 3.545, ""score"": 1.924, ""rms_ratio"": 1.924, ""diff_ratio"": 1.924}, {""time"": 4.855, ""score"": 1.886, ""rms_ratio"": 1.937, ""diff_ratio"": 1.836}, {""time"": 1.865, ""score"": 1.818, ""rms_ratio"": 1.77, ""diff_ratio"": 1.867}, {""time"": 5.265, ""score"": 1.808, ""rms_ratio"": 1.884, ""diff_ratio"": 1.735}, {""time"": 1.435, ""score"": 1.737, ""rms_ratio"": 1.938, ""diff_ratio"": 1.557}, {""time"": 5.465, ""score"": 1.709, ""rms_ratio"": 1.006, ""diff_ratio"": 2.905}, {""time"": 6.025, ""score"": 1.681, ""rms_ratio"": 1.445, ""diff_ratio"": 1.955}]",7.007,ffprobe,7.019,2.025,4.982,line_drive,pending,medium,,,,"Jesús Sánchez's RBI single Jesús Sánchez's RBI single Jesús Sánchez's RBI single Jesús Sánchez sends a sharp line drive to right field, putting the Marlins on the board with a 1-0 lead in the bottom of the 1st inning",https://mlb-cuts-diamond.mlb.com/FORGE/2024/2024-07/03/2e052977-ea2732a7-74ff289b-csvm-diamondx64-asset_1280x720_59_4000K.mp4,MLB_746045_brayan-bello-in-play-run-s-to-jesus-sanchez,raw_sources\MLB_746045_brayan-bello-in-play-run-s-to-jesus-sanchez_Jes_s_S_nchez_s_RBI_single_Jes_s_S_nchez_s_RBI_single_Jes_s_S_nchez_s_RBI_single_Jes_s_S_nchez_sends_a_sharp_line_d.mp4,1.080,8.080,,no,audit_checkpoint_001,102
1105,Codex_Workstation,F_1216,dataset/fly_ball/Codex_Workstation/F_1216,4,direct_use_candidate,audio_and_context_pass,,qwen_spot_check,annotated_contact_audio_confirmed,1.950,2.050,2.025,2.025,12.626,7.146,22.309,2.025,0.025,2.025,12.626,"[{""time"": 2.025, ""score"": 12.626, ""rms_ratio"": 7.146, ""diff_ratio"": 22.309}, {""time"": 5.535, ""score"": 4.36, ""rms_ratio"": 2.702, ""diff_ratio"": 7.034}, {""time"": 5.645, ""score"": 3.604, ""rms_ratio"": 3.241, ""diff_ratio"": 4.006}, {""time"": 4.525, ""score"": 3.544, ""rms_ratio"": 3.868, ""diff_ratio"": 3.247}, {""time"": 5.915, ""score"": 3.354, ""rms_ratio"": 2.979, ""diff_ratio"": 3.777}, {""time"": 4.235, ""score"": 3.222, ""rms_ratio"": 3.411, ""diff_ratio"": 3.043}, {""time"": 5.785, ""score"": 3.101, ""rms_ratio"": 3.094, ""diff_ratio"": 3.108}, {""time"": 4.115, ""score"": 3.095, ""rms_ratio"": 3.162, ""diff_ratio"": 3.03}, {""time"": 5.375, ""score"": 2.932, ""rms_ratio"": 3.725, ""diff_ratio"": 2.308}, {""time"": 3.875, ""score"": 2.613, ""rms_ratio"": 2.992, ""diff_ratio"": 2.281}, {""time"": 3.425, ""score"": 2.453, ""rms_ratio"": 3.14, ""diff_ratio"": 1.916}, {""time"": 3.755, ""score"": 2.094, ""rms_ratio"": 2.769, ""diff_ratio"": 1.583}, {""time"": 6.325, ""score"": 2.068, ""rms_ratio"": 2.01, ""diff_ratio"": 2.128}, {""time"": 3.155, ""score"": 2.001, ""rms_ratio"": 1.895, ""diff_ratio"": 2.113}, {""time"": 6.045, ""score"": 2.0, ""rms_ratio"": 2.131, ""diff_ratio"": 1.878}, {""time"": 3.535, ""score"": 1.939, ""rms_ratio"": 1.837, ""diff_ratio"": 2.047}]",7.006,ffprobe,7.019,2.025,4.981,line_drive,pending,medium,,,,Marlins escape trouble with quick double play Marlins escape trouble with quick double play Marlins escape trouble with quick double play Jake Burger makes a quick catch on a line drive and throws to second to complete the double play to end the top of the 5th inning,https://mlb-cuts-diamond.mlb.com/FORGE/2024/2024-07/20/75927a1a-dae125af-f9fc600e-csvm-diamondx64-asset_1280x720_59_4000K.mp4,MLB_746041_roddery-munoz-in-play-out-s-to-j-d-martinez-0ggim1,raw_sources\MLB_746041_roddery-munoz-in-play-out-s-to-j-d-martinez-0ggim1_Marlins_escape_trouble_with_quick_double_play_Marlins_escape_trouble_with_quick_double_play_Marlins_escape_t.mp4,0.040,7.040,,no,audit_checkpoint_001,103
1104,Codex_Workstation,F_1214,dataset/fly_ball/Codex_Workstation/F_1214,4,direct_use_candidate,audio_and_context_pass,,qwen_spot_check,annotated_contact_audio_confirmed,1.950,2.050,2.025,2.025,2.121,2.847,1.580,2.025,0.025,0.825,2.680,"[{""time"": 0.825, ""score"": 2.68, ""rms_ratio"": 1.971, ""diff_ratio"": 3.643}, {""time"": 2.025, ""score"": 2.121, ""rms_ratio"": 2.847, ""diff_ratio"": 1.58}, {""time"": 1.125, ""score"": 2.097, ""rms_ratio"": 1.147, ""diff_ratio"": 3.832}, {""time"": 5.865, ""score"": 1.965, ""rms_ratio"": 2.119, ""diff_ratio"": 1.822}, {""time"": 2.785, ""score"": 1.913, ""rms_ratio"": 2.156, ""diff_ratio"": 1.697}, {""time"": 1.445, ""score"": 1.836, ""rms_ratio"": 1.843, ""diff_ratio"": 1.83}, {""time"": 6.535, ""score"": 1.83, ""rms_ratio"": 2.019, ""diff_ratio"": 1.659}, {""time"": 3.665, ""score"": 1.825, ""rms_ratio"": 2.272, ""diff_ratio"": 1.466}, {""time"": 1.325, ""score"": 1.788, ""rms_ratio"": 1.967, ""diff_ratio"": 1.624}, {""time"": 5.445, ""score"": 1.787, ""rms_ratio"": 2.766, ""diff_ratio"": 1.154}, {""time"": 4.235, ""score"": 1.783, ""rms_ratio"": 1.898, ""diff_ratio"": 1.675}, {""time"": 0.015, ""score"": 1.771, ""rms_ratio"": 2.328, ""diff_ratio"": 1.347}, {""time"": 5.595, ""score"": 1.663, ""rms_ratio"": 1.616, ""diff_ratio"": 1.711}]",7.007,ffprobe,7.019,2.025,4.982,line_drive,pending,medium,,,,Mets relay nabs Vidal Bruján at third Mets relay nabs Vidal Bruján at third Mets relay nabs Vidal Bruján at third DJ Stewart fields Vidal Bruján's line drive in the right-field corner and starts a relay to third to nab Bruján and end the 2nd inning,https://mlb-cuts-diamond.mlb.com/FORGE/2024/2024-07/22/c0e0e9f7-c40c2bf6-585ebb1b-csvm-diamondx64-asset_1280x720_59_4000K.mp4,MLB_746034_david-peterson-in-play-run-s-to-vidal-brujan-x3616,raw_sources\MLB_746034_david-peterson-in-play-run-s-to-vidal-brujan-x3616_Mets_relay_nabs_Vidal_Bruj_n_at_third_Mets_relay_nabs_Vidal_Bruj_n_at_third_Mets_relay_nabs_Vidal_Bruj_n_at_.mp4,15.280,22.280,,no,audit_checkpoint_001,104
1103,Codex_Workstation,F_1213,dataset/fly_ball/Codex_Workstation/F_1213,4,needs_edit,clip_too_short,insufficient_post_contact_context,recover_source_and_recut_longer,annotated_contact_audio_confirmed,2.973,3.073,3.035,3.035,3.982,4.815,3.293,3.035,0.012,1.915,9.939,"[{""time"": 1.915, ""score"": 9.939, ""rms_ratio"": 4.909, ""diff_ratio"": 20.123}, {""time"": 3.035, ""score"": 3.982, ""rms_ratio"": 4.815, ""diff_ratio"": 3.293}, {""time"": 3.195, ""score"": 3.456, ""rms_ratio"": 2.546, ""diff_ratio"": 4.691}, {""time"": 3.645, ""score"": 3.207, ""rms_ratio"": 2.864, ""diff_ratio"": 3.59}, {""time"": 4.105, ""score"": 3.151, ""rms_ratio"": 3.338, ""diff_ratio"": 2.974}, {""time"": 3.825, ""score"": 3.099, ""rms_ratio"": 1.65, ""diff_ratio"": 5.822}, {""time"": 3.995, ""score"": 3.007, ""rms_ratio"": 3.366, ""diff_ratio"": 2.686}, {""time"": 2.775, ""score"": 2.947, ""rms_ratio"": 1.972, ""diff_ratio"": 4.402}, {""time"": 5.015, ""score"": 2.769, ""rms_ratio"": 2.216, ""diff_ratio"": 3.461}, {""time"": 6.905, ""score"": 2.707, ""rms_ratio"": 2.373, ""diff_ratio"": 3.087}, {""time"": 3.365, ""score"": 2.682, ""rms_ratio"": 2.946, ""diff_ratio"": 2.441}, {""time"": 2.435, ""score"": 2.5, ""rms_ratio"": 2.136, ""diff_ratio"": 2.926}, {""time"": 4.335, ""score"": 2.403, ""rms_ratio"": 2.772, ""diff_ratio"": 2.083}, {""time"": 2.675, ""score"": 2.368, ""rms_ratio"": 2.713, ""diff_ratio"": 2.067}, {""time"": 1.065, ""score"": 2.255, ""rms_ratio"": 2.303, ""diff_ratio"": 2.209}, {""time"": 6.305, ""score"": 2.254, ""rms_ratio"": 2.222, ""diff_ratio"": 2.286}]",7.000,ffprobe,6.997,3.035,3.965,line_drive,pending,medium,,,,Pete Alonso's double play Pete Alonso's double play Pete Alonso's double play Pete Alonso snags Bryan De La Cruz's line drive and steps on first base to double off Jazz Chisholm Jr. in the bottom of the 1st inning,https://mlb-cuts-diamond.mlb.com/FORGE/2024/2024-07/22/fced4519-1f39addf-c4a774dc-csvm-diamondx64-asset-4000K.mp4,MLB_746034_david-peterson-in-play-out-s-to-bryan-de-la-cruz-jwjob1,raw_sources\MLB_746034_david-peterson-in-play-out-s-to-bryan-de-la-cruz-jwjob1_Pete_Alonso_s_double_play_Pete_Alonso_s_double_play_Pete_Alonso_s_double_play_Pete_Alonso_snags_Bryan_D.mp4,1.377,8.377,,no,audit_checkpoint_001,105
1102,Codex_Workstation,F_1212,dataset/fly_ball/Codex_Workstation/F_1212,4,direct_use_candidate,audio_and_context_pass,,qwen_spot_check,annotated_contact_audio_confirmed,1.690,1.790,1.765,1.765,6.920,4.652,10.294,1.765,0.025,1.765,6.920,"[{""time"": 1.765, ""score"": 6.92, ""rms_ratio"": 4.652, ""diff_ratio"": 10.294}, {""time"": 3.755, ""score"": 3.464, ""rms_ratio"": 1.855, ""diff_ratio"": 6.466}, {""time"": 6.235, ""score"": 3.436, ""rms_ratio"": 1.573, ""diff_ratio"": 7.505}, {""time"": 6.705, ""score"": 2.821, ""rms_ratio"": 1.412, ""diff_ratio"": 5.635}, {""time"": 3.365, ""score"": 2.782, ""rms_ratio"": 2.869, ""diff_ratio"": 2.698}, {""time"": 6.995, ""score"": 2.699, ""rms_ratio"": 1.291, ""diff_ratio"": 5.643}, {""time"": 3.065, ""score"": 2.605, ""rms_ratio"": 2.886, ""diff_ratio"": 2.352}, {""time"": 6.075, ""score"": 2.459, ""rms_ratio"": 2.14, ""diff_ratio"": 2.827}, {""time"": 3.605, ""score"": 2.415, ""rms_ratio"": 2.171, ""diff_ratio"": 2.686}, {""time"": 2.835, ""score"": 2.381, ""rms_ratio"": 3.004, ""diff_ratio"": 1.887}, {""time"": 3.915, ""score"": 2.196, ""rms_ratio"": 2.448, ""diff_ratio"": 1.969}, {""time"": 4.145, ""score"": 2.126, ""rms_ratio"": 1.981, ""diff_ratio"": 2.281}, {""time"": 4.445, ""score"": 2.125, ""rms_ratio"": 2.312, ""diff_ratio"": 1.953}, {""time"": 5.805, ""score"": 2.049, ""rms_ratio"": 1.942, ""diff_ratio"": 2.163}, {""time"": 6.495, ""score"": 1.886, ""rms_ratio"": 2.019, ""diff_ratio"": 1.763}, {""time"": 5.525, ""score"": 1.839, ""rms_ratio"": 1.878, ""diff_ratio"": 1.802}]",7.014,ffprobe,7.014,1.765,5.249,line_drive,pending,medium,,,,Willy Adames catches Vladimir Guerrero Jr.'s liner Willy Adames catches Vladimir Guerrero Jr.'s liner Willy Adames catches Vladimir Guerrero Jr.'s liner Willy Adames and Vladimir Guerrero Jr. banter after Adames catches Guerrero's scorched line drive,https://mlb-cuts-diamond.mlb.com/FORGE/2024/2024-06/11/00cc9917-fd200e31-49e874cf-csvm-diamondx64-asset_1280x720_59_4000K.mp4,MLB_745981_vladimir-guerrero-jr-lines-out-sharply-to-shortstop-willy-adames,raw_sources\MLB_745981_vladimir-guerrero-jr-lines-out-sharply-to-shortstop-willy-adames_Willy_Adames_catches_Vladimir_Guerrero_Jr._s_liner_Willy_Adames_catches_Vladimir.mp4,0.000,7.000,,no,audit_checkpoint_001,106
1101,Codex_Workstation,F_1211,dataset/fly_ball/Codex_Workstation/F_1211,4,direct_use_candidate,audio_and_context_pass,,qwen_spot_check,annotated_contact_audio_confirmed,1.950,2.050,2.015,2.015,2.255,2.580,1.971,2.015,0.015,2.475,2.559,"[{""time"": 2.475, ""score"": 2.559, ""rms_ratio"": 3.072, ""diff_ratio"": 2.131}, {""time"": 2.015, ""score"": 2.255, ""rms_ratio"": 2.58, ""diff_ratio"": 1.971}, {""time"": 1.865, ""score"": 2.156, ""rms_ratio"": 2.368, ""diff_ratio"": 1.962}, {""time"": 3.015, ""score"": 2.153, ""rms_ratio"": 1.487, ""diff_ratio"": 3.116}, {""time"": 1.675, ""score"": 2.131, ""rms_ratio"": 2.391, ""diff_ratio"": 1.899}, {""time"": 2.275, ""score"": 2.13, ""rms_ratio"": 2.277, ""diff_ratio"": 1.992}, {""time"": 1.565, ""score"": 2.107, ""rms_ratio"": 2.345, ""diff_ratio"": 1.892}, {""time"": 2.635, ""score"": 1.907, ""rms_ratio"": 1.825, ""diff_ratio"": 1.992}, {""time"": 2.155, ""score"": 1.736, ""rms_ratio"": 1.553, ""diff_ratio"": 1.941}, {""time"": 2.875, ""score"": 1.691, ""rms_ratio"": 1.602, ""diff_ratio"": 1.785}]",7.006,ffprobe,7.019,2.015,4.991,line_drive,pending,medium,,,,Willy Adames' leaping catch Willy Adames' leaping catch Willy Adames' leaping catch Willy Adames makes an impressive leaping grab off Stuart Fairchild's liner for the second out of the top of the 7th,https://mlb-cuts-diamond.mlb.com/FORGE/2024/2024-06/15/a578a335-6c18dcd1-dd4ed69e-csvm-diamondx64-asset_1280x720_59_4000K.mp4,MLB_745976_stuart-fairchild-lines-out-to-shortstop-willy-adames-gvuesq,raw_sources\MLB_745976_stuart-fairchild-lines-out-to-shortstop-willy-adames-gvuesq_Willy_Adames_leaping_catch_Willy_Adames_leaping_catch_Willy_Adames_leaping_catch.mp4,2.520,9.520,,no,audit_checkpoint_001,107
1100,Codex_Workstation,F_1210,dataset/fly_ball/Codex_Workstation/F_1210,4,needs_edit,clip_too_short,insufficient_post_contact_context,recover_source_and_recut_longer,annotated_contact_audio_confirmed,1.950,2.050,2.045,2.045,2.181,2.407,1.977,2.045,0.045,2.275,2.435,"[{""time"": 2.275, ""score"": 2.435, ""rms_ratio"": 1.769, ""diff_ratio"": 3.35}, {""time"": 1.625, ""score"": 2.293, ""rms_ratio"": 2.53, ""diff_ratio"": 2.079}, {""time"": 1.835, ""score"": 2.182, ""rms_ratio"": 1.559, ""diff_ratio"": 3.053}, {""time"": 2.045, ""score"": 2.181, ""rms_ratio"": 2.407, ""diff_ratio"": 1.977}, {""time"": 3.055, ""score"": 2.024, ""rms_ratio"": 1.305, ""diff_ratio"": 3.139}, {""time"": 2.515, ""score"": 2.017, ""rms_ratio"": 2.031, ""diff_ratio"": 2.003}, {""time"": 2.175, ""score"": 1.9, ""rms_ratio"": 1.885, ""diff_ratio"": 1.915}, {""time"": 1.735, ""score"": 1.853, ""rms_ratio"": 1.944, ""diff_ratio"": 1.766}, {""time"": 2.395, ""score"": 1.85, ""rms_ratio"": 1.863, ""diff_ratio"": 1.837}, {""time"": 3.355, ""score"": 1.792, ""rms_ratio"": 1.61, ""diff_ratio"": 1.996}, {""time"": 2.825, ""score"": 1.746, ""rms_ratio"": 1.996, ""diff_ratio"": 1.528}, {""time"": 3.515, ""score"": 1.679, ""rms_ratio"": 1.568, ""diff_ratio"": 1.798}, {""time"": 3.955, ""score"": 1.658, ""rms_ratio"": 1.737, ""diff_ratio"": 1.583}]",7.007,ffprobe,7.019,2.045,4.962,fly,pending,medium,,,,"Brewers turn double play, ending inning  Brewers turn double play, ending inning  Brewers turn double play, ending inning  Blake Perkins catches a fly ball and then throws to first base, nabbing Cody Bellinger trying to steal on the play",https://mlb-cuts-diamond.mlb.com/FORGE/2024/2024-06/28/f13f7db1-f174938c-29edcc47-csvm-diamondx64-asset_1280x720_59_4000K.mp4,MLB_745970_elvis-peguero-in-play-out-s-to-ian-happ,raw_sources\MLB_745970_elvis-peguero-in-play-out-s-to-ian-happ_Brewers_turn_double_play_ending_inning_Brewers_turn_double_play_ending_inning_Brewers_turn_double_play_ending_inning_Bl.mp4,9.140,16.140,,no,audit_checkpoint_001,108
1099,Codex_Workstation,F_1209,dataset/fly_ball/Codex_Workstation/F_1209,4,direct_use_candidate,audio_and_context_pass,,qwen_spot_check,annotated_contact_audio_confirmed,1.950,2.050,2.025,2.025,4.176,4.285,4.069,2.025,0.025,5.075,4.336,"[{""time"": 5.075, ""score"": 4.336, ""rms_ratio"": 3.55, ""diff_ratio"": 5.294}, {""time"": 5.535, ""score"": 4.306, ""rms_ratio"": 3.728, ""diff_ratio"": 4.973}, {""time"": 2.025, ""score"": 4.176, ""rms_ratio"": 4.285, ""diff_ratio"": 4.069}, {""time"": 0.185, ""score"": 3.85, ""rms_ratio"": 3.278, ""diff_ratio"": 4.521}, {""time"": 2.825, ""score"": 3.436, ""rms_ratio"": 3.131, ""diff_ratio"": 3.772}, {""time"": 4.925, ""score"": 3.421, ""rms_ratio"": 2.9, ""diff_ratio"": 4.037}, {""time"": 2.245, ""score"": 3.386, ""rms_ratio"": 3.075, ""diff_ratio"": 3.728}, {""time"": 3.115, ""score"": 3.065, ""rms_ratio"": 2.795, ""diff_ratio"": 3.361}, {""time"": 3.525, ""score"": 3.041, ""rms_ratio"": 3.404, ""diff_ratio"": 2.717}, {""time"": 2.685, ""score"": 2.893, ""rms_ratio"": 2.567, ""diff_ratio"": 3.259}, {""time"": 2.565, ""score"": 2.824, ""rms_ratio"": 2.356, ""diff_ratio"": 3.385}, {""time"": 2.375, ""score"": 2.791, ""rms_ratio"": 2.897, ""diff_ratio"": 2.689}, {""time"": 5.325, ""score"": 2.597, ""rms_ratio"": 2.486, ""diff_ratio"": 2.713}, {""time"": 0.865, ""score"": 2.534, ""rms_ratio"": 3.386, ""diff_ratio"": 1.896}, {""time"": 0.005, ""score"": 2.499, ""rms_ratio"": 2.316, ""diff_ratio"": 2.696}, {""time"": 2.975, ""score"": 2.356, ""rms_ratio"": 2.386, ""diff_ratio"": 2.326}]",7.007,ffprobe,7.019,2.025,4.982,line_drive,pending,medium,,,,CJ Abrams' incredible leaping catch CJ Abrams' incredible leaping catch CJ Abrams' incredible leaping catch CJ Abrams makes an incredible diving catch off of Jackson Chourio's liner for the first out of the bottom of the 7th,https://mlb-cuts-diamond.mlb.com/FORGE/2024/2024-07/12/226ea9a8-7596291e-380e4a0a-csvm-diamondx64-asset_1280x720_59_4000K.mp4,MLB_745965_jackson-chourio-lines-out-to-shortstop-cj-abrams,raw_sources\MLB_745965_jackson-chourio-lines-out-to-shortstop-cj-abrams_CJ_Abrams_incredible_leaping_catch_CJ_Abrams_incredible_leaping_catch_CJ_Abrams_incredible_leaping_catch_CJ_Ab.mp4,2.580,9.580,,no,audit_checkpoint_001,109
1098,Codex_Workstation,F_1208,dataset/fly_ball/Codex_Workstation/F_1208,4,needs_edit,clip_too_short,insufficient_post_contact_context,recover_source_and_recut_longer,annotated_contact_audio_confirmed,1.950,2.050,2.015,2.015,7.639,6.032,9.674,2.015,0.015,2.015,7.639,"[{""time"": 2.015, ""score"": 7.639, ""rms_ratio"": 6.032, ""diff_ratio"": 9.674}, {""time"": 2.895, ""score"": 2.007, ""rms_ratio"": 2.32, ""diff_ratio"": 1.736}, {""time"": 0.235, ""score"": 1.968, ""rms_ratio"": 2.033, ""diff_ratio"": 1.905}, {""time"": 1.855, ""score"": 1.954, ""rms_ratio"": 1.917, ""diff_ratio"": 1.991}, {""time"": 1.275, ""score"": 1.931, ""rms_ratio"": 1.912, ""diff_ratio"": 1.951}, {""time"": 0.875, ""score"": 1.825, ""rms_ratio"": 2.271, ""diff_ratio"": 1.467}, {""time"": 0.405, ""score"": 1.785, ""rms_ratio"": 2.044, ""diff_ratio"": 1.559}, {""time"": 0.045, ""score"": 1.775, ""rms_ratio"": 2.26, ""diff_ratio"": 1.395}, {""time"": 3.245, ""score"": 1.763, ""rms_ratio"": 2.403, ""diff_ratio"": 1.293}, {""time"": 2.135, ""score"": 1.751, ""rms_ratio"": 2.187, ""diff_ratio"": 1.401}, {""time"": 2.455, ""score"": 1.733, ""rms_ratio"": 2.124, ""diff_ratio"": 1.413}, {""time"": 6.475, ""score"": 1.719, ""rms_ratio"": 1.629, ""diff_ratio"": 1.814}, {""time"": 3.415, ""score"": 1.713, ""rms_ratio"": 1.901, ""diff_ratio"": 1.543}, {""time"": 6.135, ""score"": 1.705, ""rms_ratio"": 1.88, ""diff_ratio"": 1.546}, {""time"": 1.615, ""score"": 1.653, ""rms_ratio"": 1.923, ""diff_ratio"": 1.422}]",7.007,ffprobe,7.019,2.015,4.992,fly,pending,medium,,,,Blake Perkins' running catch Blake Perkins' running catch Blake Perkins' running catch Blake Perkins tracks down a fly ball in center field and makes a terrific running catch in the 4th,https://mlb-cuts-diamond.mlb.com/FORGE/2024/2024-07/26/109fa4e0-4730c850-d14de889-csvm-diamondx64-asset_1280x720_59_4000K.mp4,MLB_745964_freddy-peralta-in-play-out-s-to-xavier-edwards,raw_sources\MLB_745964_freddy-peralta-in-play-out-s-to-xavier-edwards_Blake_Perkins_running_catch_Blake_Perkins_running_catch_Blake_Perkins_running_catch_Blake_Perkins_tracks_down_a_.mp4,16.760,23.760,,no,audit_checkpoint_001,110
1097,Codex_Workstation,F_1207,dataset/fly_ball/Codex_Workstation/F_1207,4,direct_use_candidate,audio_and_context_pass,,qwen_spot_check,annotated_contact_audio_confirmed,1.750,1.850,1.835,1.835,7.274,5.779,9.156,1.835,0.035,1.835,7.274,"[{""time"": 1.835, ""score"": 7.274, ""rms_ratio"": 5.779, ""diff_ratio"": 9.156}, {""time"": 3.905, ""score"": 2.654, ""rms_ratio"": 3.154, ""diff_ratio"": 2.233}, {""time"": 4.385, ""score"": 2.478, ""rms_ratio"": 1.667, ""diff_ratio"": 3.685}, {""time"": 3.735, ""score"": 2.383, ""rms_ratio"": 1.796, ""diff_ratio"": 3.161}, {""time"": 3.115, ""score"": 2.345, ""rms_ratio"": 2.317, ""diff_ratio"": 2.373}, {""time"": 4.645, ""score"": 2.227, ""rms_ratio"": 2.308, ""diff_ratio"": 2.148}, {""time"": 5.005, ""score"": 2.212, ""rms_ratio"": 1.519, ""diff_ratio"": 3.22}, {""time"": 4.125, ""score"": 2.172, ""rms_ratio"": 1.527, ""diff_ratio"": 3.091}, {""time"": 4.815, ""score"": 2.16, ""rms_ratio"": 2.409, ""diff_ratio"": 1.937}, {""time"": 5.145, ""score"": 2.152, ""rms_ratio"": 2.265, ""diff_ratio"": 2.044}, {""time"": 2.885, ""score"": 2.1, ""rms_ratio"": 2.673, ""diff_ratio"": 1.65}, {""time"": 2.405, ""score"": 2.052, ""rms_ratio"": 1.983, ""diff_ratio"": 2.123}, {""time"": 5.485, ""score"": 2.02, ""rms_ratio"": 2.295, ""diff_ratio"": 1.778}, {""time"": 3.275, ""score"": 1.991, ""rms_ratio"": 2.44, ""diff_ratio"": 1.625}, {""time"": 4.505, ""score"": 1.899, ""rms_ratio"": 1.857, ""diff_ratio"": 1.942}, {""time"": 4.235, ""score"": 1.866, ""rms_ratio"": 2.104, ""diff_ratio"": 1.655}]",7.014,ffprobe,7.014,1.835,5.179,line_drive,pending,medium,,,,"Eddie Rosario's two-run single Eddie Rosario's two-run single Eddie Rosario's two-run single Eddie Rosario singles on a line drive to right field and two runs score, giving the Braves a 4-0 advantage in the third inning",https://mlb-cuts-diamond.mlb.com/FORGE/2024/2024-07/30/0d2dbd13-6db40789-22962c39-csvm-diamondx64-asset_1280x720_59_4000K.mp4,MLB_745958_joe-ross-in-play-run-s-to-eddie-rosario,raw_sources\MLB_745958_joe-ross-in-play-run-s-to-eddie-rosario_Eddie_Rosario_s_two-run_single_Eddie_Rosario_s_two-run_single_Eddie_Rosario_s_two-run_single_Eddie_Rosario_singles_on_a.mp4,0.000,7.000,,no,audit_checkpoint_001,111
1096,Codex_Workstation,F_1206,dataset/fly_ball/Codex_Workstation/F_1206,4,direct_use_candidate,audio_and_context_pass,,qwen_spot_check,annotated_contact_audio_confirmed,1.950,2.050,2.025,2.025,9.823,5.206,18.534,2.025,0.025,2.025,9.823,"[{""time"": 2.025, ""score"": 9.823, ""rms_ratio"": 5.206, ""diff_ratio"": 18.534}, {""time"": 5.665, ""score"": 2.429, ""rms_ratio"": 2.415, ""diff_ratio"": 2.443}, {""time"": 5.915, ""score"": 2.208, ""rms_ratio"": 2.333, ""diff_ratio"": 2.089}, {""time"": 4.235, ""score"": 2.114, ""rms_ratio"": 1.233, ""diff_ratio"": 3.624}, {""time"": 6.905, ""score"": 2.063, ""rms_ratio"": 1.15, ""diff_ratio"": 3.7}, {""time"": 6.095, ""score"": 2.044, ""rms_ratio"": 1.847, ""diff_ratio"": 2.261}, {""time"": 6.365, ""score"": 2.015, ""rms_ratio"": 2.394, ""diff_ratio"": 1.697}, {""time"": 6.685, ""score"": 1.985, ""rms_ratio"": 2.378, ""diff_ratio"": 1.656}, {""time"": 3.945, ""score"": 1.984, ""rms_ratio"": 1.91, ""diff_ratio"": 2.06}, {""time"": 3.595, ""score"": 1.936, ""rms_ratio"": 1.815, ""diff_ratio"": 2.064}, {""time"": 3.395, ""score"": 1.893, ""rms_ratio"": 1.136, ""diff_ratio"": 3.155}, {""time"": 6.255, ""score"": 1.876, ""rms_ratio"": 1.039, ""diff_ratio"": 3.385}, {""time"": 3.715, ""score"": 1.855, ""rms_ratio"": 1.531, ""diff_ratio"": 2.246}, {""time"": 3.205, ""score"": 1.846, ""rms_ratio"": 1.812, ""diff_ratio"": 1.881}, {""time"": 3.015, ""score"": 1.844, ""rms_ratio"": 1.765, ""diff_ratio"": 1.926}, {""time"": 2.245, ""score"": 1.819, ""rms_ratio"": 0.782, ""diff_ratio"": 3.31}]",7.007,ffprobe,7.019,2.025,4.982,line_drive,pending,medium,,,,"Manuel Margot's RBI double Manuel Margot's RBI double Manuel Margot's RBI double Manuel Margot doubles on a sharp line drive to left-center field, scoring Christian Vázquez and extending the Twins' lead to 3-0 in the 4th",https://mlb-cuts-diamond.mlb.com/FORGE/2024/2024-05/28/a4512055-0666e959-b77e20b5-csvm-diamondx64-asset_1280x720_59_4000K.mp4,MLB_745903_manuel-margot-doubles-3-on-a-sharp-line-drive-to-center-fielder-kyle-,raw_sources\MLB_745903_manuel-margot-doubles-3-on-a-sharp-line-drive-to-center-fielder-kyle-_Manuel_Margot_s_RBI_double_Manuel_Margot_s_RBI_double_Manuel_Margot_s_RBI_double.mp4,0.180,7.180,,no,audit_checkpoint_001,112
1095,Codex_Workstation,F_1205,dataset/fly_ball/Codex_Workstation/F_1205,4,needs_edit,clip_too_short,insufficient_post_contact_context,recover_source_and_recut_longer,annotated_contact_audio_confirmed,1.950,2.050,2.025,2.025,10.083,6.495,15.652,2.025,0.025,2.025,10.083,"[{""time"": 2.025, ""score"": 10.083, ""rms_ratio"": 6.495, ""diff_ratio"": 15.652}, {""time"": 2.995, ""score"": 3.583, ""rms_ratio"": 3.245, ""diff_ratio"": 3.956}, {""time"": 4.255, ""score"": 3.572, ""rms_ratio"": 2.835, ""diff_ratio"": 4.502}, {""time"": 3.945, ""score"": 2.847, ""rms_ratio"": 2.503, ""diff_ratio"": 3.239}, {""time"": 3.615, ""score"": 2.701, ""rms_ratio"": 2.138, ""diff_ratio"": 3.413}, {""time"": 6.955, ""score"": 2.676, ""rms_ratio"": 2.015, ""diff_ratio"": 3.553}, {""time"": 6.705, ""score"": 2.605, ""rms_ratio"": 1.885, ""diff_ratio"": 3.6}, {""time"": 3.135, ""score"": 2.587, ""rms_ratio"": 2.215, ""diff_ratio"": 3.021}, {""time"": 4.505, ""score"": 2.531, ""rms_ratio"": 2.029, ""diff_ratio"": 3.158}, {""time"": 3.345, ""score"": 2.499, ""rms_ratio"": 2.657, ""diff_ratio"": 2.351}, {""time"": 3.805, ""score"": 2.419, ""rms_ratio"": 1.702, ""diff_ratio"": 3.438}, {""time"": 3.465, ""score"": 2.233, ""rms_ratio"": 2.365, ""diff_ratio"": 2.108}, {""time"": 6.335, ""score"": 2.104, ""rms_ratio"": 2.097, ""diff_ratio"": 2.111}, {""time"": 6.055, ""score"": 2.086, ""rms_ratio"": 1.782, ""diff_ratio"": 2.44}, {""time"": 6.585, ""score"": 1.982, ""rms_ratio"": 1.154, ""diff_ratio"": 3.405}, {""time"": 4.615, ""score"": 1.929, ""rms_ratio"": 1.727, ""diff_ratio"": 2.156}]",7.006,ffprobe,7.019,2.025,4.981,fly,pending,medium,,,,Carlos Santana's great diving catch Carlos Santana's great diving catch Carlos Santana's great diving catch Carlos Santana makes a fantastic diving catch on a hot liner to first,https://mlb-cuts-diamond.mlb.com/FORGE/2024/2024-05/30/2ff6980a-78cfa586-7fe3c1ae-csvm-diamondx64-asset_1280x720_59_4000K.mp4,MLB_745898_chris-paddack-in-play-out-s-to-mj-melendez,raw_sources\MLB_745898_chris-paddack-in-play-out-s-to-mj-melendez_Carlos_Santana_s_great_diving_catch_Carlos_Santana_s_great_diving_catch_Carlos_S.mp4,0.120,7.120,,no,audit_checkpoint_001,113
1094,Codex_Workstation,F_1204,dataset/fly_ball/Codex_Workstation/F_1204,4,direct_use_candidate,audio_and_context_pass,,qwen_spot_check,annotated_contact_audio_confirmed,1.070,1.170,1.135,1.135,10.342,5.299,20.182,1.135,0.015,1.135,10.342,"[{""time"": 1.135, ""score"": 10.342, ""rms_ratio"": 5.299, ""diff_ratio"": 20.182}, {""time"": 2.995, ""score"": 3.894, ""rms_ratio"": 2.77, ""diff_ratio"": 5.472}, {""time"": 4.225, ""score"": 3.243, ""rms_ratio"": 2.427, ""diff_ratio"": 4.333}, {""time"": 2.085, ""score"": 3.188, ""rms_ratio"": 1.41, ""diff_ratio"": 7.205}, {""time"": 6.835, ""score"": 3.083, ""rms_ratio"": 3.085, ""diff_ratio"": 3.082}, {""time"": 2.645, ""score"": 2.907, ""rms_ratio"": 1.361, ""diff_ratio"": 6.209}, {""time"": 2.325, ""score"": 2.741, ""rms_ratio"": 1.733, ""diff_ratio"": 4.336}, {""time"": 3.855, ""score"": 2.634, ""rms_ratio"": 2.308, ""diff_ratio"": 3.005}, {""time"": 2.855, ""score"": 2.583, ""rms_ratio"": 2.64, ""diff_ratio"": 2.528}, {""time"": 3.615, ""score"": 2.555, ""rms_ratio"": 2.33, ""diff_ratio"": 2.801}, {""time"": 5.595, ""score"": 2.396, ""rms_ratio"": 1.991, ""diff_ratio"": 2.884}, {""time"": 4.435, ""score"": 2.315, ""rms_ratio"": 2.653, ""diff_ratio"": 2.02}, {""time"": 4.025, ""score"": 2.304, ""rms_ratio"": 2.258, ""diff_ratio"": 2.352}, {""time"": 6.015, ""score"": 2.296, ""rms_ratio"": 1.926, ""diff_ratio"": 2.736}, {""time"": 6.415, ""score"": 2.269, ""rms_ratio"": 2.024, ""diff_ratio"": 2.544}, {""time"": 3.375, ""score"": 2.245, ""rms_ratio"": 2.798, ""diff_ratio"": 1.801}]",7.014,ffprobe,7.014,1.135,5.879,line_drive,pending,medium,,,,Carlos Correa catches knuckling line drive Carlos Correa catches knuckling line drive Carlos Correa catches knuckling line drive Carlos Correa jumps and reacts quickly to snag a knuckling line drive in the 2nd inning,https://mlb-cuts-diamond.mlb.com/FORGE/2024/2024-06/10/3f69d556-a826912f-697d98f2-csvm-diamondx64-asset_1280x720_59_4000K.mp4,MLB_745897_chris-paddack-in-play-out-s-to-michael-toglia,raw_sources\MLB_745897_chris-paddack-in-play-out-s-to-michael-toglia_Carlos_Correa_catches_knuckling_line_drive_Carlos_Correa_catches_knuckling_line_.mp4,0.000,7.000,,no,audit_checkpoint_001,114
1093,Codex_Workstation,F_1203,dataset/fly_ball/Codex_Workstation/F_1203,4,needs_edit,contact_timestamp_wrong,contact_timestamp_wrong;insufficient_post_contact_context,retime_from_local_audio_candidate;qwen_confirm_visual_contact_near_candidate;recover_source_and_recut_longer,likely_contact_timestamp_wrong,1.950,2.050,2.105,2.085,2.510,1.179,5.345,2.105,0.105,4.935,4.647,"[{""time"": 4.935, ""score"": 4.647, ""rms_ratio"": 1.67, ""diff_ratio"": 12.933}, {""time"": 2.105, ""score"": 4.557, ""rms_ratio"": 1.694, ""diff_ratio"": 12.258}, {""time"": 5.855, ""score"": 4.156, ""rms_ratio"": 1.474, ""diff_ratio"": 11.719}, {""time"": 4.145, ""score"": 3.631, ""rms_ratio"": 1.437, ""diff_ratio"": 9.175}, {""time"": 0.955, ""score"": 3.378, ""rms_ratio"": 1.299, ""diff_ratio"": 8.789}, {""time"": 0.015, ""score"": 2.475, ""rms_ratio"": 2.366, ""diff_ratio"": 2.588}, {""time"": 6.075, ""score"": 2.459, ""rms_ratio"": 1.605, ""diff_ratio"": 3.768}, {""time"": 3.925, ""score"": 2.422, ""rms_ratio"": 2.089, ""diff_ratio"": 2.809}, {""time"": 1.805, ""score"": 2.413, ""rms_ratio"": 1.756, ""diff_ratio"": 3.316}, {""time"": 6.175, ""score"": 2.337, ""rms_ratio"": 2.442, ""diff_ratio"": 2.238}, {""time"": 6.555, ""score"": 2.27, ""rms_ratio"": 2.612, ""diff_ratio"": 1.973}, {""time"": 4.555, ""score"": 2.243, ""rms_ratio"": 2.581, ""diff_ratio"": 1.95}, {""time"": 5.165, ""score"": 2.167, ""rms_ratio"": 2.516, ""diff_ratio"": 1.866}, {""time"": 0.425, ""score"": 2.163, ""rms_ratio"": 1.777, ""diff_ratio"": 2.631}, {""time"": 1.215, ""score"": 2.158, ""rms_ratio"": 2.304, ""diff_ratio"": 2.02}, {""time"": 6.695, ""score"": 2.157, ""rms_ratio"": 2.528, ""diff_ratio"": 1.841}]",7.007,ffprobe,7.019,2.105,4.902,fly,pending,medium,,,,"Brandon Lowe's solo home run (5) Brandon Lowe's solo home run (5) Brandon Lowe's solo home run (5) Brandon Lowe homers on a fly ball to center field, putting the Rays ahead, 5-4, in the 5th inning",https://mlb-cuts-diamond.mlb.com/FORGE/2024/2024-06/18/a647b161-aaa3f877-6e949d31-csvm-diamondx64-asset_1280x720_59_4000K.mp4,MLB_745893_brandon-lowe-homers-5-on-a-fly-ball-to-center-field,sources\MLB_745893_brandon-lowe-homers-5-on-a-fly-ball-to-center-field_Brandon_Lowe_s_solo_home_run_5_Brandon_Lowe_s_solo_home_run_5_Brandon_Lowe_s_sol.mp4,21.320,28.320,,no,audit_checkpoint_001,115
1092,Codex_Workstation,F_1202,dataset/fly_ball/Codex_Workstation/F_1202,4,needs_edit,clip_too_short,insufficient_post_contact_context,recover_source_and_recut_longer,annotated_contact_audio_confirmed,6.316,6.416,6.395,6.395,2.717,2.473,2.984,6.395,0.029,6.395,2.717,"[{""time"": 6.395, ""score"": 2.717, ""rms_ratio"": 2.473, ""diff_ratio"": 2.984}, {""time"": 6.255, ""score"": 2.635, ""rms_ratio"": 2.142, ""diff_ratio"": 3.241}, {""time"": 2.585, ""score"": 2.565, ""rms_ratio"": 1.273, ""diff_ratio"": 5.166}, {""time"": 0.735, ""score"": 2.378, ""rms_ratio"": 1.226, ""diff_ratio"": 4.613}, {""time"": 4.395, ""score"": 2.376, ""rms_ratio"": 1.737, ""diff_ratio"": 3.25}, {""time"": 0.475, ""score"": 2.326, ""rms_ratio"": 1.738, ""diff_ratio"": 3.113}, {""time"": 5.815, ""score"": 2.227, ""rms_ratio"": 1.439, ""diff_ratio"": 3.445}, {""time"": 3.925, ""score"": 2.221, ""rms_ratio"": 1.942, ""diff_ratio"": 2.54}, {""time"": 2.935, ""score"": 2.207, ""rms_ratio"": 1.451, ""diff_ratio"": 3.358}, {""time"": 6.565, ""score"": 2.186, ""rms_ratio"": 1.951, ""diff_ratio"": 2.449}, {""time"": 5.175, ""score"": 2.135, ""rms_ratio"": 1.355, ""diff_ratio"": 3.363}, {""time"": 5.045, ""score"": 2.106, ""rms_ratio"": 1.535, ""diff_ratio"": 2.889}, {""time"": 0.005, ""score"": 2.037, ""rms_ratio"": 1.63, ""diff_ratio"": 2.545}, {""time"": 6.065, ""score"": 2.033, ""rms_ratio"": 1.625, ""diff_ratio"": 2.543}, {""time"": 6.725, ""score"": 2.008, ""rms_ratio"": 2.009, ""diff_ratio"": 2.007}, {""time"": 3.755, ""score"": 1.993, ""rms_ratio"": 1.694, ""diff_ratio"": 2.346}]",7.006,ffprobe,7.019,6.395,0.611,fly,pending,medium,,,,Rays nearly collide making a catch in the outfield Rays nearly collide making a catch in the outfield Rays nearly collide making a catch in the outfield Josh Lowe makes the catch after nearly colliding with Brandon Lowe on a shallow fly ball,https://mlb-cuts-diamond.mlb.com/FORGE/2024/2024-06/20/415ae517-2bb031fc-d4c6daf2-csvm-diamondx64-asset_1280x720_59_4000K.mp4,MLB_745889_rays-nearly-collide-making-a-catch-in-the-outfield,raw_sources\MLB_745889_rays-nearly-collide-making-a-catch-in-the-outfield_Rays_nearly_collide_making_a_catch_in_the_outfield_Rays_nearly_collide_making_a_catch_in_the_outfield_Rays_n.mp4,13.754,20.754,,no,audit_checkpoint_001,116
1091,Codex_Workstation,F_1201,dataset/fly_ball/Codex_Workstation/F_1201,4,needs_edit,clip_too_short,contact_audio_ambiguous;insufficient_post_contact_context,review_local_audio_candidates;qwen_confirm_visual_contact_near_candidate;recover_source_and_recut_longer,annotated_audio_ambiguous,1.950,2.050,2.025,2.025,1.795,1.878,1.716,2.025,0.025,2.025,1.795,"[{""time"": 2.025, ""score"": 1.795, ""rms_ratio"": 1.878, ""diff_ratio"": 1.716}, {""time"": 0.995, ""score"": 1.726, ""rms_ratio"": 1.605, ""diff_ratio"": 1.855}, {""time"": 2.515, ""score"": 1.671, ""rms_ratio"": 0.974, ""diff_ratio"": 2.793}, {""time"": 0.655, ""score"": 1.671, ""rms_ratio"": 1.222, ""diff_ratio"": 2.283}, {""time"": 4.585, ""score"": 1.666, ""rms_ratio"": 0.971, ""diff_ratio"": 2.775}]",7.007,ffprobe,7.019,2.025,4.982,fly,pending,medium,,,,Jose Siri's ridiculous throw completes double play Jose Siri's ridiculous throw completes double play Jose Siri's ridiculous throw completes double play Jose Siri snags a fly ball and makes a perfect throw to third in time for José Caballero to tag out Royce Lewis,https://mlb-cuts-diamond.mlb.com/FORGE/2024/2024-06/20/d5ff0ff0-35a82f35-c1449aa2-csvm-diamondx64-asset_1280x720_59_4000K.mp4,MLB_745889_pete-fairbanks-in-play-out-s-to-carlos-correa,raw_sources\MLB_745889_pete-fairbanks-in-play-out-s-to-carlos-correa_Jose_Siri_s_ridiculous_throw_completes_double_play_Jose_Siri_s_ridiculous_throw_completes_double_play_Jose_Siri_s.mp4,9.220,16.220,,no,audit_checkpoint_001,117
1090,Codex_Workstation,F_1200,dataset/fly_ball/Codex_Workstation/F_1200,4,needs_edit,clip_too_short,insufficient_post_contact_context,recover_source_and_recut_longer,annotated_contact_audio_confirmed,5.717,5.817,5.825,5.825,3.307,2.294,4.767,5.825,0.058,5.825,3.307,"[{""time"": 5.825, ""score"": 3.307, ""rms_ratio"": 2.294, ""diff_ratio"": 4.767}, {""time"": 2.945, ""score"": 2.99, ""rms_ratio"": 1.329, ""diff_ratio"": 6.728}, {""time"": 5.385, ""score"": 2.749, ""rms_ratio"": 2.128, ""diff_ratio"": 3.552}, {""time"": 1.755, ""score"": 2.622, ""rms_ratio"": 1.568, ""diff_ratio"": 4.385}, {""time"": 5.595, ""score"": 2.575, ""rms_ratio"": 2.011, ""diff_ratio"": 3.297}, {""time"": 2.115, ""score"": 2.424, ""rms_ratio"": 1.249, ""diff_ratio"": 4.702}, {""time"": 2.385, ""score"": 2.407, ""rms_ratio"": 1.25, ""diff_ratio"": 4.635}, {""time"": 1.945, ""score"": 2.4, ""rms_ratio"": 1.775, ""diff_ratio"": 3.245}, {""time"": 5.935, ""score"": 2.336, ""rms_ratio"": 1.653, ""diff_ratio"": 3.301}, {""time"": 0.675, ""score"": 2.31, ""rms_ratio"": 1.551, ""diff_ratio"": 3.441}, {""time"": 0.935, ""score"": 2.293, ""rms_ratio"": 1.928, ""diff_ratio"": 2.727}, {""time"": 5.275, ""score"": 2.249, ""rms_ratio"": 1.933, ""diff_ratio"": 2.616}, {""time"": 1.455, ""score"": 2.246, ""rms_ratio"": 1.865, ""diff_ratio"": 2.705}, {""time"": 1.045, ""score"": 2.162, ""rms_ratio"": 1.759, ""diff_ratio"": 2.657}, {""time"": 0.815, ""score"": 2.16, ""rms_ratio"": 1.898, ""diff_ratio"": 2.458}, {""time"": 6.685, ""score"": 2.03, ""rms_ratio"": 2.186, ""diff_ratio"": 1.885}]",7.000,ffprobe,7.019,5.825,1.175,fly,pending,medium,,,,Brandon Lowe's sacrifice fly Brandon Lowe's sacrifice fly Brandon Lowe's sacrifice fly Brandon Lowe hits a fly ball to right field deep enough for Alex Jackson to tag up and score in the top of the 3rd,https://mlb-cuts-diamond.mlb.com/FORGE/2024/2024-06/20/ecaa25ca-c84b3a60-95f1aa81-csvm-diamondx64-asset-4000K.mp4,MLB_745889_brandon-lowe-out-on-a-sacrifice-fly-to-right-fielder-trevor-larnach-a,raw_sources\MLB_745889_brandon-lowe-out-on-a-sacrifice-fly-to-right-fielder-trevor-larnach-a_Brandon_Lowe_s_sacrifice_fly_Brandon_Lowe_s_sacrifice_fly_Brandon_Lowe_s_sacrifice_fly_Br.mp4,19.713,26.713,,no,audit_checkpoint_001,118
1089,Codex_Workstation,F_1199,dataset/fly_ball/Codex_Workstation/F_1199,4,needs_edit,clip_too_short,insufficient_post_contact_context,recover_source_and_recut_longer,annotated_contact_audio_confirmed,1.950,2.050,2.055,2.055,3.993,4.550,3.505,2.055,0.055,2.055,3.993,"[{""time"": 2.055, ""score"": 3.993, ""rms_ratio"": 4.55, ""diff_ratio"": 3.505}, {""time"": 2.295, ""score"": 3.816, ""rms_ratio"": 3.612, ""diff_ratio"": 4.031}, {""time"": 2.485, ""score"": 3.446, ""rms_ratio"": 3.837, ""diff_ratio"": 3.094}, {""time"": 1.175, ""score"": 2.808, ""rms_ratio"": 2.181, ""diff_ratio"": 3.615}, {""time"": 0.315, ""score"": 2.738, ""rms_ratio"": 1.623, ""diff_ratio"": 4.62}, {""time"": 1.635, ""score"": 2.572, ""rms_ratio"": 2.43, ""diff_ratio"": 2.724}, {""time"": 2.635, ""score"": 2.549, ""rms_ratio"": 1.982, ""diff_ratio"": 3.278}, {""time"": 1.335, ""score"": 2.429, ""rms_ratio"": 3.189, ""diff_ratio"": 1.849}, {""time"": 0.655, ""score"": 2.267, ""rms_ratio"": 3.517, ""diff_ratio"": 1.462}, {""time"": 2.915, ""score"": 2.262, ""rms_ratio"": 2.519, ""diff_ratio"": 2.031}, {""time"": 0.425, ""score"": 2.188, ""rms_ratio"": 3.124, ""diff_ratio"": 1.532}, {""time"": 3.125, ""score"": 2.18, ""rms_ratio"": 1.584, ""diff_ratio"": 3.002}, {""time"": 3.765, ""score"": 2.165, ""rms_ratio"": 2.662, ""diff_ratio"": 1.76}, {""time"": 1.005, ""score"": 2.036, ""rms_ratio"": 3.031, ""diff_ratio"": 1.368}, {""time"": 3.415, ""score"": 1.922, ""rms_ratio"": 2.002, ""diff_ratio"": 1.845}, {""time"": 1.455, ""score"": 1.88, ""rms_ratio"": 2.029, ""diff_ratio"": 1.742}]",7.007,ffprobe,7.019,2.055,4.952,fly,pending,medium,,,,Byron Buxton's leaping catch Byron Buxton's leaping catch Byron Buxton's leaping catch Byron Buxton tracks Brice Turang's fly ball to the right-center-field warning track and leaps into the wall to make a nice catch,https://mlb-cuts-diamond.mlb.com/FORGE/2024/2024-07/20/cb866417-dd506bfc-7116f723-csvm-diamondx64-asset-4000K.mp4,MLB_745880_pablo-lopez-in-play-out-s-to-brice-turang,raw_sources\MLB_745880_pablo-lopez-in-play-out-s-to-brice-turang_Byron_Buxton_s_leaping_catch_Byron_Buxton_s_leaping_catch_Byron_Buxton_s_leaping_catch_Byron_Buxton_tracks_Brice_Tura.mp4,7.120,14.120,,no,audit_checkpoint_001,119
1088,Codex_Workstation,F_1198,dataset/fly_ball/Codex_Workstation/F_1198,4,needs_edit,clip_too_short,insufficient_post_contact_context,recover_source_and_recut_longer,annotated_contact_audio_confirmed,1.130,1.230,1.205,1.205,16.880,8.767,32.500,1.205,0.025,1.205,16.880,"[{""time"": 1.205, ""score"": 16.88, ""rms_ratio"": 8.767, ""diff_ratio"": 32.5}, {""time"": 2.895, ""score"": 4.41, ""rms_ratio"": 2.432, ""diff_ratio"": 7.995}, {""time"": 3.335, ""score"": 3.576, ""rms_ratio"": 4.234, ""diff_ratio"": 3.02}, {""time"": 3.575, ""score"": 3.45, ""rms_ratio"": 4.861, ""diff_ratio"": 2.448}, {""time"": 3.695, ""score"": 3.278, ""rms_ratio"": 2.534, ""diff_ratio"": 4.242}, {""time"": 3.065, ""score"": 3.07, ""rms_ratio"": 4.269, ""diff_ratio"": 2.208}, {""time"": 6.835, ""score"": 2.368, ""rms_ratio"": 2.314, ""diff_ratio"": 2.423}, {""time"": 6.665, ""score"": 2.191, ""rms_ratio"": 2.236, ""diff_ratio"": 2.147}, {""time"": 6.945, ""score"": 2.173, ""rms_ratio"": 2.126, ""diff_ratio"": 2.222}, {""time"": 3.465, ""score"": 1.945, ""rms_ratio"": 2.715, ""diff_ratio"": 1.393}, {""time"": 6.415, ""score"": 1.818, ""rms_ratio"": 1.64, ""diff_ratio"": 2.016}, {""time"": 0.485, ""score"": 1.797, ""rms_ratio"": 1.039, ""diff_ratio"": 3.109}, {""time"": 6.545, ""score"": 1.745, ""rms_ratio"": 1.547, ""diff_ratio"": 1.967}, {""time"": 6.165, ""score"": 1.658, ""rms_ratio"": 1.442, ""diff_ratio"": 1.906}]",7.014,ffprobe,7.014,1.205,5.809,fly,pending,medium,,,,"Sal Frelick makes catch, call confirmed Sal Frelick makes catch, call confirmed Sal Frelick makes catch, call confirmed Sal Frelick catches a fly ball then drops it on the transfer, and the call is confirmed after a Twins' challenge in the bottom of the 12th",https://mlb-cuts-diamond.mlb.com/FORGE/2024/2024-07/20/3005a914-8ea74423-775f80a1-csvm-diamondx64-asset_1280x720_59_4000K.mp4,MLB_745880_jakob-junis-in-play-out-s-to-austin-martin,raw_sources\MLB_745880_jakob-junis-in-play-out-s-to-austin-martin_Sal_Frelick_makes_catch_call_confirmed_Sal_Frelick_makes_catch_call_confirmed_Sal_Frelick_makes_catch_call_confirmed.mp4,0.000,7.000,,no,audit_checkpoint_001,120
1087,Codex_Workstation,F_1197,dataset/fly_ball/Codex_Workstation/F_1197,4,needs_edit,contact_timestamp_wrong,contact_timestamp_wrong;insufficient_post_contact_context,retime_from_local_audio_candidate;qwen_confirm_visual_contact_near_candidate;recover_source_and_recut_longer,likely_contact_timestamp_wrong,3.877,3.977,3.695,3.945,3.268,3.070,3.479,3.945,0.018,0.725,10.070,"[{""time"": 0.725, ""score"": 10.07, ""rms_ratio"": 4.502, ""diff_ratio"": 22.525}, {""time"": 3.695, ""score"": 3.95, ""rms_ratio"": 3.117, ""diff_ratio"": 5.007}, {""time"": 5.465, ""score"": 3.622, ""rms_ratio"": 1.727, ""diff_ratio"": 7.598}, {""time"": 3.515, ""score"": 3.571, ""rms_ratio"": 3.625, ""diff_ratio"": 3.518}, {""time"": 3.945, ""score"": 3.268, ""rms_ratio"": 3.07, ""diff_ratio"": 3.479}, {""time"": 4.675, ""score"": 3.2, ""rms_ratio"": 1.437, ""diff_ratio"": 7.125}, {""time"": 4.135, ""score"": 3.191, ""rms_ratio"": 2.481, ""diff_ratio"": 4.103}, {""time"": 5.175, ""score"": 2.896, ""rms_ratio"": 1.316, ""diff_ratio"": 6.377}, {""time"": 3.185, ""score"": 2.866, ""rms_ratio"": 2.946, ""diff_ratio"": 2.789}, {""time"": 5.335, ""score"": 2.718, ""rms_ratio"": 2.715, ""diff_ratio"": 2.72}, {""time"": 4.335, ""score"": 2.664, ""rms_ratio"": 2.192, ""diff_ratio"": 3.236}, {""time"": 4.845, ""score"": 2.362, ""rms_ratio"": 2.349, ""diff_ratio"": 2.376}, {""time"": 4.445, ""score"": 2.333, ""rms_ratio"": 1.867, ""diff_ratio"": 2.916}, {""time"": 2.955, ""score"": 2.223, ""rms_ratio"": 2.36, ""diff_ratio"": 2.093}, {""time"": 4.955, ""score"": 2.207, ""rms_ratio"": 1.817, ""diff_ratio"": 2.68}, {""time"": 5.775, ""score"": 2.181, ""rms_ratio"": 2.139, ""diff_ratio"": 2.224}]",7.000,ffprobe,7.019,3.695,3.305,line_drive,pending,medium,,,,Matt Wallner's sliding catch Matt Wallner's sliding catch Matt Wallner's sliding catch Matt Wallner makes a nice sliding catch on Christian Yelich's line drive in the top of the 4th inning,https://mlb-cuts-diamond.mlb.com/FORGE/2024/2024-07/20/57e0bd7d-1a759060-5d340c40-csvm-diamondx64-asset-4000K.mp4,MLB_745880_christian-yelich-lines-out-to-left-fielder-matt-wallner,raw_sources\MLB_745880_christian-yelich-lines-out-to-left-fielder-matt-wallner_Matt_Wallner_s_sliding_catch_Matt_Wallner_s_sliding_catch_Matt_Wallner_s_sliding_catch_Matt_Wallner_mak.mp4,2.813,9.813,,no,audit_checkpoint_001,121
1086,Codex_Workstation,F_1196,dataset/fly_ball/Codex_Workstation/F_1196,4,direct_use_candidate,audio_and_context_pass,,qwen_spot_check,annotated_contact_audio_confirmed,1.710,1.810,1.795,1.795,13.292,7.133,24.768,1.795,0.035,1.795,13.292,"[{""time"": 1.795, ""score"": 13.292, ""rms_ratio"": 7.133, ""diff_ratio"": 24.768}, {""time"": 5.245, ""score"": 4.099, ""rms_ratio"": 3.245, ""diff_ratio"": 5.179}, {""time"": 5.445, ""score"": 3.366, ""rms_ratio"": 2.653, ""diff_ratio"": 4.271}, {""time"": 2.845, ""score"": 3.364, ""rms_ratio"": 1.766, ""diff_ratio"": 6.408}, {""time"": 2.505, ""score"": 3.086, ""rms_ratio"": 1.6, ""diff_ratio"": 5.951}, {""time"": 5.015, ""score"": 2.587, ""rms_ratio"": 3.121, ""diff_ratio"": 2.144}, {""time"": 4.255, ""score"": 2.578, ""rms_ratio"": 3.003, ""diff_ratio"": 2.214}, {""time"": 3.735, ""score"": 2.572, ""rms_ratio"": 3.447, ""diff_ratio"": 1.919}, {""time"": 6.735, ""score"": 2.533, ""rms_ratio"": 2.927, ""diff_ratio"": 2.192}, {""time"": 3.345, ""score"": 2.502, ""rms_ratio"": 2.625, ""diff_ratio"": 2.385}, {""time"": 4.005, ""score"": 2.497, ""rms_ratio"": 1.275, ""diff_ratio"": 4.888}, {""time"": 5.575, ""score"": 2.464, ""rms_ratio"": 1.381, ""diff_ratio"": 4.396}, {""time"": 5.705, ""score"": 2.435, ""rms_ratio"": 3.128, ""diff_ratio"": 1.896}, {""time"": 6.905, ""score"": 2.421, ""rms_ratio"": 3.12, ""diff_ratio"": 1.878}, {""time"": 6.535, ""score"": 2.302, ""rms_ratio"": 2.762, ""diff_ratio"": 1.919}, {""time"": 3.515, ""score"": 2.258, ""rms_ratio"": 2.596, ""diff_ratio"": 1.964}]",7.014,ffprobe,7.014,1.795,5.219,line_drive,pending,medium,,,,"Royce Lewis' two-run double Royce Lewis' two-run double Royce Lewis' two-run double Royce Lewis doubles on a line drive to center field and scores two, giving the Twins a 4-2 lead in the bottom of the 3rd inning",https://mlb-cuts-diamond.mlb.com/FORGE/2024/2024-08/02/69284df7-b3ad619e-825780cf-csvm-diamondx64-asset_1280x720_59_4000K.mp4,MLB_745875_davis-martin-in-play-run-s-to-royce-lewis,raw_sources\MLB_745875_davis-martin-in-play-run-s-to-royce-lewis_Royce_Lewis_two-run_double_Royce_Lewis_two-run_double_Royce_Lewis_two-run_double_Royce_Lewis_doubles_on_a_line_drive_.mp4,0.000,7.000,,no,audit_checkpoint_001,122
1085,Codex_Workstation,F_1195,dataset/fly_ball/Codex_Workstation/F_1195,4,needs_edit,clip_too_short,insufficient_post_contact_context,recover_source_and_recut_longer,annotated_contact_audio_confirmed,1.950,2.050,2.025,2.025,3.020,3.210,2.842,2.025,0.025,2.025,3.020,"[{""time"": 2.025, ""score"": 3.02, ""rms_ratio"": 3.21, ""diff_ratio"": 2.842}, {""time"": 2.385, ""score"": 3.02, ""rms_ratio"": 1.778, ""diff_ratio"": 5.13}, {""time"": 6.555, ""score"": 2.701, ""rms_ratio"": 1.793, ""diff_ratio"": 4.069}, {""time"": 6.675, ""score"": 2.279, ""rms_ratio"": 2.461, ""diff_ratio"": 2.111}, {""time"": 1.675, ""score"": 2.239, ""rms_ratio"": 1.683, ""diff_ratio"": 2.98}, {""time"": 1.235, ""score"": 2.197, ""rms_ratio"": 2.46, ""diff_ratio"": 1.961}, {""time"": 0.905, ""score"": 2.092, ""rms_ratio"": 2.52, ""diff_ratio"": 1.736}, {""time"": 2.885, ""score"": 2.073, ""rms_ratio"": 2.794, ""diff_ratio"": 1.537}, {""time"": 2.275, ""score"": 1.999, ""rms_ratio"": 2.503, ""diff_ratio"": 1.596}, {""time"": 6.925, ""score"": 1.938, ""rms_ratio"": 2.165, ""diff_ratio"": 1.735}, {""time"": 3.585, ""score"": 1.895, ""rms_ratio"": 2.795, ""diff_ratio"": 1.285}, {""time"": 6.365, ""score"": 1.835, ""rms_ratio"": 2.118, ""diff_ratio"": 1.591}, {""time"": 3.755, ""score"": 1.828, ""rms_ratio"": 1.574, ""diff_ratio"": 2.123}, {""time"": 0.145, ""score"": 1.812, ""rms_ratio"": 2.009, ""diff_ratio"": 1.635}, {""time"": 1.435, ""score"": 1.806, ""rms_ratio"": 2.644, ""diff_ratio"": 1.234}, {""time"": 3.885, ""score"": 1.749, ""rms_ratio"": 1.92, ""diff_ratio"": 1.593}]",7.006,ffprobe,7.019,2.025,4.981,pop_fly,pending,medium,,,,"Brett Baty's superb catch Brett Baty's superb catch Brett Baty's superb catch Brett Baty tracks a fly ball into foul territory and leans over the tarp to make a superb catch, ending the top of the 9th inning",https://mlb-cuts-diamond.mlb.com/FORGE/2024/2024-05/26/c4d05d9d-e0f5ad2d-870c2166-csvm-diamondx64-asset_1280x720_59_4000K.mp4,MLB_745824_mike-yastrzemski-pops-out-to-third-baseman-brett-baty-in-foul-territo,raw_sources\MLB_745824_mike-yastrzemski-pops-out-to-third-baseman-brett-baty-in-foul-territo_Brett_Baty_s_superb_catch_Brett_Baty_s_superb_catch_Brett_Baty_s_superb_catch_Br.mp4,8.900,15.900,,no,audit_checkpoint_001,123
1084,Codex_Workstation,F_1194,dataset/fly_ball/Codex_Workstation/F_1194,4,needs_edit,contact_timestamp_wrong,contact_timestamp_wrong,retime_from_local_audio_candidate;qwen_confirm_visual_contact_near_candidate,likely_contact_timestamp_wrong,1.950,2.050,1.565,2.025,2.428,3.086,1.910,2.025,0.025,1.565,2.969,"[{""time"": 1.565, ""score"": 2.969, ""rms_ratio"": 1.187, ""diff_ratio"": 7.427}, {""time"": 3.125, ""score"": 2.702, ""rms_ratio"": 1.043, ""diff_ratio"": 6.998}, {""time"": 2.755, ""score"": 2.541, ""rms_ratio"": 2.415, ""diff_ratio"": 2.675}, {""time"": 5.085, ""score"": 2.505, ""rms_ratio"": 1.993, ""diff_ratio"": 3.148}, {""time"": 1.695, ""score"": 2.493, ""rms_ratio"": 2.411, ""diff_ratio"": 2.578}, {""time"": 2.025, ""score"": 2.428, ""rms_ratio"": 3.086, ""diff_ratio"": 1.91}, {""time"": 3.495, ""score"": 2.413, ""rms_ratio"": 2.47, ""diff_ratio"": 2.357}, {""time"": 5.575, ""score"": 2.316, ""rms_ratio"": 1.728, ""diff_ratio"": 3.105}, {""time"": 4.445, ""score"": 2.292, ""rms_ratio"": 2.081, ""diff_ratio"": 2.526}, {""time"": 4.105, ""score"": 2.266, ""rms_ratio"": 2.349, ""diff_ratio"": 2.185}, {""time"": 4.645, ""score"": 2.102, ""rms_ratio"": 1.945, ""diff_ratio"": 2.272}, {""time"": 1.195, ""score"": 2.048, ""rms_ratio"": 0.919, ""diff_ratio"": 4.194}, {""time"": 0.695, ""score"": 2.021, ""rms_ratio"": 0.725, ""diff_ratio"": 4.085}, {""time"": 4.265, ""score"": 1.946, ""rms_ratio"": 1.987, ""diff_ratio"": 1.905}, {""time"": 3.325, ""score"": 1.819, ""rms_ratio"": 2.048, ""diff_ratio"": 1.616}, {""time"": 0.805, ""score"": 1.809, ""rms_ratio"": 1.658, ""diff_ratio"": 1.975}]",7.006,ffprobe,7.019,1.565,5.441,line_drive,pending,medium,,,,Jon Singleton's diving play Jon Singleton's diving play Jon Singleton's diving play Jon Singleton makes a smooth grab off a line drive from Brandon Nimmo before stepping on first for the out in the bottom of the 4th inning,https://mlb-cuts-diamond.mlb.com/FORGE/2024/2024-06/29/a305e90f-fea1f425-e9b66923-csvm-diamondx64-asset_1280x720_59_4000K.mp4,MLB_745801_framber-valdez-in-play-out-s-to-brandon-nimmo-daeh5e,raw_sources\MLB_745801_framber-valdez-in-play-out-s-to-brandon-nimmo-daeh5e_Jon_Singleton_s_diving_play_Jon_Singleton_s_diving_play_Jon_Singleton_s_diving_play_Jon_Singleton_makes_a_.mp4,2.340,9.340,,no,audit_checkpoint_001,124
1083,Codex_Workstation,F_1193,dataset/fly_ball/Codex_Workstation/F_1193,4,needs_edit,contact_timestamp_wrong,contact_timestamp_wrong;insufficient_post_contact_context,retime_from_local_audio_candidate;qwen_confirm_visual_contact_near_candidate;recover_source_and_recut_longer,likely_contact_timestamp_wrong,3.341,3.441,3.525,3.425,1.986,3.027,1.302,3.425,0.034,1.225,3.652,"[{""time"": 1.225, ""score"": 3.652, ""rms_ratio"": 1.604, ""diff_ratio"": 8.314}, {""time"": 5.735, ""score"": 3.614, ""rms_ratio"": 1.626, ""diff_ratio"": 8.031}, {""time"": 0.105, ""score"": 3.533, ""rms_ratio"": 1.934, ""diff_ratio"": 6.455}, {""time"": 4.385, ""score"": 2.91, ""rms_ratio"": 2.531, ""diff_ratio"": 3.345}, {""time"": 3.525, ""score"": 2.619, ""rms_ratio"": 1.184, ""diff_ratio"": 5.793}, {""time"": 4.215, ""score"": 2.205, ""rms_ratio"": 1.905, ""diff_ratio"": 2.553}, {""time"": 2.515, ""score"": 2.197, ""rms_ratio"": 2.265, ""diff_ratio"": 2.132}, {""time"": 3.845, ""score"": 2.171, ""rms_ratio"": 1.041, ""diff_ratio"": 4.528}, {""time"": 4.715, ""score"": 2.143, ""rms_ratio"": 2.629, ""diff_ratio"": 1.747}, {""time"": 1.735, ""score"": 2.114, ""rms_ratio"": 1.552, ""diff_ratio"": 2.879}, {""time"": 6.085, ""score"": 2.02, ""rms_ratio"": 2.176, ""diff_ratio"": 1.875}, {""time"": 3.425, ""score"": 1.986, ""rms_ratio"": 3.027, ""diff_ratio"": 1.302}, {""time"": 2.225, ""score"": 1.91, ""rms_ratio"": 2.203, ""diff_ratio"": 1.656}, {""time"": 1.375, ""score"": 1.894, ""rms_ratio"": 1.531, ""diff_ratio"": 2.343}, {""time"": 6.375, ""score"": 1.868, ""rms_ratio"": 1.942, ""diff_ratio"": 1.796}, {""time"": 5.585, ""score"": 1.761, ""rms_ratio"": 0.82, ""diff_ratio"": 3.103}]",7.006,ffprobe,6.997,3.525,3.481,line_drive,pending,medium,,,,Oswaldo Cabrera's leaping catch Oswaldo Cabrera's leaping catch Oswaldo Cabrera's leaping catch Oswaldo Cabrera makes a nice leaping catch off Ryan O'Hearn's liner for the second out of the top of the 5th,https://mlb-cuts-diamond.mlb.com/FORGE/2024/2024-06/20/cd83c517-d6fb9e8a-7b1d1c9a-csvm-diamondx64-asset_1280x720_59_4000K.mp4,MLB_745734_ryan-o-hearn-lines-out-to-third-baseman-oswaldo-cabrera,raw_sources\MLB_745734_ryan-o-hearn-lines-out-to-third-baseman-oswaldo-cabrera_Oswaldo_Cabrera_s_leaping_catch_Oswaldo_Cabrera_s_leaping_catch_Oswaldo_Cabrera_s_leaping_catch_Oswaldo.mp4,5.629,12.629,,no,audit_checkpoint_001,125
1082,Codex_Workstation,F_1192,dataset/fly_ball/Codex_Workstation/F_1192,4,needs_edit,contact_timestamp_wrong,contact_timestamp_wrong,retime_from_local_audio_candidate;qwen_confirm_visual_contact_near_candidate,likely_contact_timestamp_wrong,1.950,2.050,2.275,2.025,2.430,2.962,1.993,2.025,0.025,2.275,3.793,"[{""time"": 2.275, ""score"": 3.793, ""rms_ratio"": 1.805, ""diff_ratio"": 7.971}, {""time"": 4.895, ""score"": 3.136, ""rms_ratio"": 1.514, ""diff_ratio"": 6.495}, {""time"": 1.615, ""score"": 3.11, ""rms_ratio"": 2.04, ""diff_ratio"": 4.742}, {""time"": 2.705, ""score"": 2.909, ""rms_ratio"": 1.486, ""diff_ratio"": 5.694}, {""time"": 2.545, ""score"": 2.666, ""rms_ratio"": 2.136, ""diff_ratio"": 3.328}, {""time"": 6.025, ""score"": 2.431, ""rms_ratio"": 1.951, ""diff_ratio"": 3.028}, {""time"": 2.025, ""score"": 2.43, ""rms_ratio"": 2.962, ""diff_ratio"": 1.993}, {""time"": 6.885, ""score"": 2.379, ""rms_ratio"": 2.04, ""diff_ratio"": 2.773}, {""time"": 5.455, ""score"": 2.37, ""rms_ratio"": 2.006, ""diff_ratio"": 2.8}, {""time"": 4.665, ""score"": 2.33, ""rms_ratio"": 1.945, ""diff_ratio"": 2.791}, {""time"": 5.025, ""score"": 2.321, ""rms_ratio"": 2.079, ""diff_ratio"": 2.592}, {""time"": 6.415, ""score"": 2.283, ""rms_ratio"": 1.952, ""diff_ratio"": 2.67}, {""time"": 2.855, ""score"": 2.26, ""rms_ratio"": 1.222, ""diff_ratio"": 4.181}, {""time"": 3.425, ""score"": 2.248, ""rms_ratio"": 2.571, ""diff_ratio"": 1.965}, {""time"": 4.505, ""score"": 2.208, ""rms_ratio"": 1.847, ""diff_ratio"": 2.639}, {""time"": 5.615, ""score"": 2.159, ""rms_ratio"": 2.285, ""diff_ratio"": 2.04}]",7.007,ffprobe,7.019,2.275,4.732,line_drive,pending,medium,,,,J.D. Davis turns two to end 10th J.D. Davis turns two to end 10th J.D. Davis turns two to end 10th J.D. Davis snags a hard-hit line drive and steps on first base to turn a double play and end the top of the 10th inning,https://mlb-cuts-diamond.mlb.com/FORGE/2024/2024-05/23/8a402f4d-a665c839-4e7440e4-csvm-diamondx64-asset_1280x720_59_4000K.mp4,MLB_745660_mason-miller-in-play-out-s-to-elias-diaz,raw_sources\MLB_745660_mason-miller-in-play-out-s-to-elias-diaz_J.D._Davis_turns_two_to_end_10th_J.D._Davis_turns_two_to_end_10th_J.D._Davis_tur.mp4,1.280,8.280,,no,audit_checkpoint_001,126
1081,Codex_Workstation,F_1191,dataset/fly_ball/Codex_Workstation/F_1191,4,needs_edit,contact_timestamp_wrong,contact_timestamp_wrong,retime_from_local_audio_candidate;qwen_confirm_visual_contact_near_candidate,likely_contact_timestamp_wrong,1.950,2.050,1.835,2.015,1.760,2.318,1.336,1.835,0.165,3.025,3.391,"[{""time"": 3.025, ""score"": 3.391, ""rms_ratio"": 1.574, ""diff_ratio"": 7.306}, {""time"": 4.295, ""score"": 3.236, ""rms_ratio"": 1.568, ""diff_ratio"": 6.678}, {""time"": 4.015, ""score"": 3.039, ""rms_ratio"": 1.358, ""diff_ratio"": 6.801}, {""time"": 6.065, ""score"": 2.909, ""rms_ratio"": 1.604, ""diff_ratio"": 5.278}, {""time"": 3.195, ""score"": 2.901, ""rms_ratio"": 1.35, ""diff_ratio"": 6.234}, {""time"": 1.835, ""score"": 2.8, ""rms_ratio"": 1.613, ""diff_ratio"": 4.863}, {""time"": 2.205, ""score"": 2.758, ""rms_ratio"": 1.247, ""diff_ratio"": 6.103}, {""time"": 0.205, ""score"": 2.581, ""rms_ratio"": 1.302, ""diff_ratio"": 5.115}, {""time"": 1.265, ""score"": 2.529, ""rms_ratio"": 1.313, ""diff_ratio"": 4.87}, {""time"": 5.945, ""score"": 2.486, ""rms_ratio"": 1.171, ""diff_ratio"": 5.278}, {""time"": 6.845, ""score"": 2.453, ""rms_ratio"": 1.434, ""diff_ratio"": 4.198}, {""time"": 0.465, ""score"": 2.429, ""rms_ratio"": 1.305, ""diff_ratio"": 4.521}, {""time"": 1.665, ""score"": 2.091, ""rms_ratio"": 1.38, ""diff_ratio"": 3.166}, {""time"": 4.725, ""score"": 2.053, ""rms_ratio"": 1.954, ""diff_ratio"": 2.156}, {""time"": 1.405, ""score"": 1.967, ""rms_ratio"": 2.132, ""diff_ratio"": 1.815}, {""time"": 2.905, ""score"": 1.89, ""rms_ratio"": 1.624, ""diff_ratio"": 2.199}]",7.006,ffprobe,7.019,1.835,5.171,line_drive,pending,medium,,,,Tyler Soderstrom's nice catch Tyler Soderstrom's nice catch Tyler Soderstrom's nice catch Tyler Soderstrom makes a nice catch on a line drive in the top of the 7th inning,https://mlb-cuts-diamond.mlb.com/FORGE/2024/2024-06/09/573122bd-97092e2d-509c748d-csvm-diamondx64-asset_1280x720_59_4000K.mp4,MLB_745651_justin-turner-lines-out-to-first-baseman-tyler-soderstrom,raw_sources\MLB_745651_justin-turner-lines-out-to-first-baseman-tyler-soderstrom_Tyler_Soderstrom_s_nice_catch_Tyler_Soderstrom_s_nice_catch_Tyler_Soderstrom_s_n.mp4,21.140,28.140,,no,audit_checkpoint_001,127
1080,Codex_Workstation,F_1190,dataset/fly_ball/Codex_Workstation/F_1190,4,direct_use_candidate,audio_and_context_pass,,qwen_spot_check,annotated_contact_audio_confirmed,1.950,2.050,2.015,2.015,7.761,4.545,13.255,2.015,0.015,2.015,7.761,"[{""time"": 2.015, ""score"": 7.761, ""rms_ratio"": 4.545, ""diff_ratio"": 13.255}, {""time"": 1.855, ""score"": 2.934, ""rms_ratio"": 2.067, ""diff_ratio"": 4.166}, {""time"": 5.195, ""score"": 2.29, ""rms_ratio"": 2.166, ""diff_ratio"": 2.421}, {""time"": 2.445, ""score"": 2.271, ""rms_ratio"": 2.503, ""diff_ratio"": 2.059}, {""time"": 1.755, ""score"": 2.155, ""rms_ratio"": 2.423, ""diff_ratio"": 1.917}, {""time"": 0.705, ""score"": 2.081, ""rms_ratio"": 1.903, ""diff_ratio"": 2.275}, {""time"": 0.355, ""score"": 2.068, ""rms_ratio"": 2.555, ""diff_ratio"": 1.674}, {""time"": 2.625, ""score"": 2.064, ""rms_ratio"": 1.646, ""diff_ratio"": 2.588}, {""time"": 1.555, ""score"": 2.039, ""rms_ratio"": 1.775, ""diff_ratio"": 2.341}, {""time"": 2.925, ""score"": 1.917, ""rms_ratio"": 1.976, ""diff_ratio"": 1.859}, {""time"": 3.605, ""score"": 1.898, ""rms_ratio"": 1.804, ""diff_ratio"": 1.998}, {""time"": 4.935, ""score"": 1.833, ""rms_ratio"": 1.95, ""diff_ratio"": 1.722}, {""time"": 5.055, ""score"": 1.798, ""rms_ratio"": 1.753, ""diff_ratio"": 1.845}, {""time"": 6.855, ""score"": 1.763, ""rms_ratio"": 2.057, ""diff_ratio"": 1.512}, {""time"": 6.725, ""score"": 1.73, ""rms_ratio"": 1.942, ""diff_ratio"": 1.54}, {""time"": 3.495, ""score"": 1.727, ""rms_ratio"": 1.973, ""diff_ratio"": 1.512}]",7.007,ffprobe,7.019,2.015,4.992,line_drive,pending,medium,,,,"Phillies turn double play Phillies turn double play Phillies turn double play Ali Sánchez sends a line drive to Bryson Stott, initiating a double play to Kody Clemens in the top of the 3rd inning",https://mlb-cuts-diamond.mlb.com/FORGE/2024/2024-06/28/45740ecf-00e49296-6b87868c-csvm-diamondx64-asset_1280x720_59_4000K.mp4,MLB_745560_cristopher-sanchez-in-play-out-s-to-ali-sanchez,raw_sources\MLB_745560_cristopher-sanchez-in-play-out-s-to-ali-sanchez_Phillies_turn_double_play_Phillies_turn_double_play_Phillies_turn_double_play_Ali_S_nchez_sends_a_line_drive_to.mp4,13.380,20.380,,no,audit_checkpoint_001,128
1079,Codex_Workstation,F_1189,dataset/fly_ball/Codex_Workstation/F_1189,4,needs_edit,clip_too_short,insufficient_post_contact_context,recover_source_and_recut_longer,annotated_contact_audio_confirmed,6.429,6.529,6.485,6.485,4.304,6.639,2.790,6.485,0.006,6.485,4.304,"[{""time"": 6.485, ""score"": 4.304, ""rms_ratio"": 6.639, ""diff_ratio"": 2.79}, {""time"": 2.245, ""score"": 3.647, ""rms_ratio"": 5.565, ""diff_ratio"": 2.389}, {""time"": 3.705, ""score"": 3.343, ""rms_ratio"": 4.075, ""diff_ratio"": 2.742}, {""time"": 1.255, ""score"": 3.176, ""rms_ratio"": 3.94, ""diff_ratio"": 2.56}, {""time"": 1.905, ""score"": 2.86, ""rms_ratio"": 4.01, ""diff_ratio"": 2.039}, {""time"": 0.705, ""score"": 2.578, ""rms_ratio"": 2.734, ""diff_ratio"": 2.431}, {""time"": 3.945, ""score"": 2.557, ""rms_ratio"": 2.128, ""diff_ratio"": 3.073}, {""time"": 5.125, ""score"": 2.544, ""rms_ratio"": 2.634, ""diff_ratio"": 2.458}, {""time"": 0.555, ""score"": 2.506, ""rms_ratio"": 1.341, ""diff_ratio"": 4.683}, {""time"": 4.945, ""score"": 2.486, ""rms_ratio"": 3.677, ""diff_ratio"": 1.681}, {""time"": 4.505, ""score"": 2.43, ""rms_ratio"": 2.792, ""diff_ratio"": 2.114}, {""time"": 2.415, ""score"": 2.421, ""rms_ratio"": 2.823, ""diff_ratio"": 2.077}, {""time"": 0.225, ""score"": 2.302, ""rms_ratio"": 2.175, ""diff_ratio"": 2.436}, {""time"": 3.255, ""score"": 2.248, ""rms_ratio"": 3.661, ""diff_ratio"": 1.381}, {""time"": 6.745, ""score"": 2.177, ""rms_ratio"": 2.932, ""diff_ratio"": 1.616}, {""time"": 6.345, ""score"": 2.099, ""rms_ratio"": 1.154, ""diff_ratio"": 3.817}]",7.006,ffprobe,6.997,6.485,0.521,line_drive,pending,medium,,,,"Otto Lopez's outstanding diving catch Otto Lopez's outstanding diving catch Otto Lopez's outstanding diving catch Otto Lopez dives forward to catch a hard-hit line drive at second base, ending the Phillies' scoring threat in the 4th inning",https://mlb-cuts-diamond.mlb.com/FORGE/2024/2024-06/29/77a802af-2f78c3cb-0863ecc4-csvm-diamondx64-asset_1280x720_59_4000K.mp4,MLB_745559_roddery-munoz-in-play-out-s-to-garrett-stubbs,raw_sources\MLB_745559_roddery-munoz-in-play-out-s-to-garrett-stubbs_Otto_Lopez_s_outstanding_diving_catch_Otto_Lopez_s_outstanding_diving_catch_Otto_Lopez_s_outstanding_diving_catch.mp4,14.421,21.421,,no,audit_checkpoint_001,129
1078,Codex_Workstation,F_1188,dataset/fly_ball/Codex_Workstation/F_1188,4,direct_use_candidate,audio_and_context_pass,,qwen_spot_check,annotated_contact_audio_confirmed,1.950,2.050,2.015,2.015,6.091,4.429,8.376,2.015,0.015,2.015,6.091,"[{""time"": 2.015, ""score"": 6.091, ""rms_ratio"": 4.429, ""diff_ratio"": 8.376}, {""time"": 2.145, ""score"": 2.664, ""rms_ratio"": 1.424, ""diff_ratio"": 4.985}, {""time"": 3.785, ""score"": 2.413, ""rms_ratio"": 1.238, ""diff_ratio"": 4.703}, {""time"": 1.335, ""score"": 2.346, ""rms_ratio"": 1.263, ""diff_ratio"": 4.357}, {""time"": 0.905, ""score"": 2.173, ""rms_ratio"": 1.396, ""diff_ratio"": 3.384}, {""time"": 5.615, ""score"": 2.162, ""rms_ratio"": 1.18, ""diff_ratio"": 3.962}, {""time"": 4.305, ""score"": 2.142, ""rms_ratio"": 1.259, ""diff_ratio"": 3.644}, {""time"": 4.725, ""score"": 2.141, ""rms_ratio"": 1.202, ""diff_ratio"": 3.815}, {""time"": 1.765, ""score"": 1.948, ""rms_ratio"": 1.71, ""diff_ratio"": 2.219}, {""time"": 1.515, ""score"": 1.946, ""rms_ratio"": 1.69, ""diff_ratio"": 2.241}, {""time"": 1.015, ""score"": 1.9, ""rms_ratio"": 1.824, ""diff_ratio"": 1.978}, {""time"": 2.605, ""score"": 1.823, ""rms_ratio"": 1.507, ""diff_ratio"": 2.206}, {""time"": 3.685, ""score"": 1.818, ""rms_ratio"": 1.646, ""diff_ratio"": 2.008}, {""time"": 1.635, ""score"": 1.817, ""rms_ratio"": 1.818, ""diff_ratio"": 1.816}, {""time"": 2.385, ""score"": 1.811, ""rms_ratio"": 1.697, ""diff_ratio"": 1.932}, {""time"": 0.575, ""score"": 1.798, ""rms_ratio"": 1.976, ""diff_ratio"": 1.636}]",7.006,ffprobe,7.019,2.015,4.991,line_drive,pending,medium,,,,Jazz Chisholm Jr.'s diving catch Jazz Chisholm Jr.'s diving catch Jazz Chisholm Jr.'s diving catch Jazz Chisholm Jr. lays out in center field to catch a line drive from Bryson Stott in the bottom of the 4th inning,https://mlb-cuts-diamond.mlb.com/FORGE/2024/2024-06/30/f94c4e4c-3731b611-d9270303-csvm-diamondx64-asset_1280x720_59_4000K.mp4,MLB_745555_yonny-chirinos-in-play-out-s-to-bryson-stott,raw_sources\MLB_745555_yonny-chirinos-in-play-out-s-to-bryson-stott_Jazz_Chisholm_Jr._s_diving_catch_Jazz_Chisholm_Jr._s_diving_catch_Jazz_Chisholm_Jr._s_diving_catch_Jazz_Chisholm_J.mp4,7.160,14.160,,no,audit_checkpoint_001,130
1077,Codex_Workstation,F_1187,dataset/fly_ball/Codex_Workstation/F_1187,4,needs_edit,contact_timestamp_wrong,contact_timestamp_wrong,retime_from_local_audio_candidate;qwen_confirm_visual_contact_near_candidate,likely_contact_timestamp_wrong,1.950,2.050,1.755,2.025,6.689,7.988,5.601,2.025,0.025,0.445,9.699,"[{""time"": 0.445, ""score"": 9.699, ""rms_ratio"": 4.047, ""diff_ratio"": 23.244}, {""time"": 1.305, ""score"": 8.654, ""rms_ratio"": 7.136, ""diff_ratio"": 10.494}, {""time"": 1.755, ""score"": 8.509, ""rms_ratio"": 6.471, ""diff_ratio"": 11.189}, {""time"": 0.555, ""score"": 7.441, ""rms_ratio"": 6.767, ""diff_ratio"": 8.182}, {""time"": 2.335, ""score"": 7.398, ""rms_ratio"": 5.478, ""diff_ratio"": 9.991}, {""time"": 0.025, ""score"": 6.904, ""rms_ratio"": 6.928, ""diff_ratio"": 6.879}, {""time"": 0.775, ""score"": 6.829, ""rms_ratio"": 6.29, ""diff_ratio"": 7.414}, {""time"": 2.025, ""score"": 6.689, ""rms_ratio"": 7.988, ""diff_ratio"": 5.601}, {""time"": 0.985, ""score"": 6.455, ""rms_ratio"": 6.673, ""diff_ratio"": 6.244}, {""time"": 1.455, ""score"": 5.949, ""rms_ratio"": 5.356, ""diff_ratio"": 6.607}, {""time"": 1.155, ""score"": 5.608, ""rms_ratio"": 7.183, ""diff_ratio"": 4.379}, {""time"": 1.575, ""score"": 5.216, ""rms_ratio"": 3.983, ""diff_ratio"": 6.83}, {""time"": 0.235, ""score"": 4.956, ""rms_ratio"": 5.293, ""diff_ratio"": 4.64}, {""time"": 2.495, ""score"": 2.866, ""rms_ratio"": 2.365, ""diff_ratio"": 3.473}, {""time"": 1.905, ""score"": 1.713, ""rms_ratio"": 2.934, ""diff_ratio"": 0.793}, {""time"": 6.755, ""score"": 1.706, ""rms_ratio"": 1.399, ""diff_ratio"": 2.081}]",7.002,ffprobe,7.019,1.755,5.247,line_drive,pending,medium,,,,Seth Brown lines an RBI double to right field Seth Brown lines an RBI double to right field Seth Brown lines an RBI double to right field Seth Brown sends a line drive to right field to give the A's an early 1-0 lead over the Phillies in the top of the 2nd inning,https://bdata-producedclips.mlb.com/88e7aa31-fdaf-4ba6-8c99-bc6bd28ba82f.mp4,MLB_745549_seth-brown-doubles-7-on-a-sharp-line-drive-to-right-fielder-nick-cast,raw_sources\MLB_745549_seth-brown-doubles-7-on-a-sharp-line-drive-to-right-fielder-nick-cast_Seth_Brown_lines_an_RBI_double_to_right_field_Seth_Brown_lines_an_RBI_double_to_right_fie.mp4,10.620,17.620,,no,audit_checkpoint_001,131
1076,Codex_Workstation,F_1186,dataset/fly_ball/Codex_Workstation/F_1186,4,needs_edit,contact_timestamp_wrong,contact_timestamp_wrong,retime_from_local_audio_candidate;qwen_confirm_visual_contact_near_candidate,likely_contact_timestamp_wrong,1.950,2.050,1.825,1.985,5.245,2.403,11.449,1.985,0.015,1.825,7.002,"[{""time"": 1.825, ""score"": 7.002, ""rms_ratio"": 3.285, ""diff_ratio"": 14.926}, {""time"": 1.355, ""score"": 6.666, ""rms_ratio"": 3.069, ""diff_ratio"": 14.479}, {""time"": 5.485, ""score"": 6.366, ""rms_ratio"": 4.28, ""diff_ratio"": 9.467}, {""time"": 2.655, ""score"": 6.252, ""rms_ratio"": 3.69, ""diff_ratio"": 10.594}, {""time"": 5.815, ""score"": 6.041, ""rms_ratio"": 4.025, ""diff_ratio"": 9.067}, {""time"": 2.185, ""score"": 5.944, ""rms_ratio"": 3.939, ""diff_ratio"": 8.968}, {""time"": 4.955, ""score"": 5.26, ""rms_ratio"": 1.968, ""diff_ratio"": 14.056}, {""time"": 1.985, ""score"": 5.245, ""rms_ratio"": 2.403, ""diff_ratio"": 11.449}, {""time"": 6.035, ""score"": 5.025, ""rms_ratio"": 4.54, ""diff_ratio"": 5.562}, {""time"": 2.495, ""score"": 5.019, ""rms_ratio"": 3.553, ""diff_ratio"": 7.09}, {""time"": 4.655, ""score"": 4.786, ""rms_ratio"": 3.791, ""diff_ratio"": 6.041}, {""time"": 4.765, ""score"": 4.55, ""rms_ratio"": 3.198, ""diff_ratio"": 6.473}, {""time"": 1.595, ""score"": 4.251, ""rms_ratio"": 3.686, ""diff_ratio"": 4.904}, {""time"": 4.335, ""score"": 3.787, ""rms_ratio"": 3.298, ""diff_ratio"": 4.348}, {""time"": 2.385, ""score"": 3.632, ""rms_ratio"": 3.137, ""diff_ratio"": 4.205}, {""time"": 6.255, ""score"": 3.609, ""rms_ratio"": 3.121, ""diff_ratio"": 4.172}]",7.006,ffprobe,7.019,1.825,5.181,line_drive,pending,medium,,,,"Miguel Andujar hits an RBI double Miguel Andujar hits an RBI double Miguel Andujar hits an RBI double Miguel Andujar doubles on a line drive to right field, driving in a run in the top of the 9th inning",https://bdata-producedclips.mlb.com/6bf45c44-7be7-4980-9bde-d960839bf22b.mp4,MLB_745549_miguel-andujar-doubles-9-on-a-line-drive-to-right-fielder-nick-castel,raw_sources\MLB_745549_miguel-andujar-doubles-9-on-a-line-drive-to-right-fielder-nick-castel_Miguel_Andujar_hits_an_RBI_double_Miguel_Andujar_hits_an_RBI_double_Miguel_Andujar_hits_a.mp4,4.640,11.640,,no,audit_checkpoint_001,132
1075,Codex_Workstation,F_1185,dataset/fly_ball/Codex_Workstation/F_1185,4,direct_use_candidate,audio_and_context_pass,,qwen_spot_check,annotated_contact_audio_confirmed,1.950,2.050,2.045,2.045,2.831,2.724,2.943,2.045,0.045,2.045,2.831,"[{""time"": 2.045, ""score"": 2.831, ""rms_ratio"": 2.724, ""diff_ratio"": 2.943}, {""time"": 3.205, ""score"": 2.235, ""rms_ratio"": 2.151, ""diff_ratio"": 2.322}, {""time"": 2.455, ""score"": 2.051, ""rms_ratio"": 2.473, ""diff_ratio"": 1.701}, {""time"": 3.795, ""score"": 2.021, ""rms_ratio"": 1.992, ""diff_ratio"": 2.05}, {""time"": 3.505, ""score"": 1.976, ""rms_ratio"": 1.564, ""diff_ratio"": 2.497}, {""time"": 5.555, ""score"": 1.854, ""rms_ratio"": 2.036, ""diff_ratio"": 1.688}, {""time"": 6.655, ""score"": 1.839, ""rms_ratio"": 2.156, ""diff_ratio"": 1.569}, {""time"": 6.225, ""score"": 1.776, ""rms_ratio"": 2.139, ""diff_ratio"": 1.475}, {""time"": 2.925, ""score"": 1.675, ""rms_ratio"": 1.696, ""diff_ratio"": 1.654}, {""time"": 2.585, ""score"": 1.656, ""rms_ratio"": 1.603, ""diff_ratio"": 1.711}]",7.006,ffprobe,7.019,2.045,4.961,line_drive,pending,medium,,,,"Bryce Harper's two-run double Bryce Harper's two-run double Bryce Harper's two-run double Bryce Harper doubles on a line drive to left field and scores two, putting the Phillies ahead by 5 over the A's in the 8th",https://mlb-cuts-diamond.mlb.com/FORGE/2024/2024-07/13/a8faf43b-ce2362b6-dc887b77-csvm-diamondx64-asset_1280x720_59_4000K.mp4,MLB_745549_bryce-harper-doubles-21-on-a-line-drive-to-left-fielder-miguel-anduja,raw_sources\MLB_745549_bryce-harper-doubles-21-on-a-line-drive-to-left-fielder-miguel-anduja_Bryce_Harper_s_two-run_double_Bryce_Harper_s_two-run_double_Bryce_Harper_s_two-run_double.mp4,5.440,12.440,,no,audit_checkpoint_001,133
1074,Codex_Workstation,F_1184,dataset/fly_ball/Codex_Workstation/F_1184,4,direct_use_candidate,audio_and_context_pass,,qwen_spot_check,annotated_contact_audio_confirmed,1.950,2.050,2.025,2.025,4.952,3.306,7.417,2.025,0.025,2.025,4.952,"[{""time"": 2.025, ""score"": 4.952, ""rms_ratio"": 3.306, ""diff_ratio"": 7.417}, {""time"": 1.275, ""score"": 3.604, ""rms_ratio"": 2.302, ""diff_ratio"": 5.641}, {""time"": 5.415, ""score"": 3.419, ""rms_ratio"": 1.783, ""diff_ratio"": 6.555}, {""time"": 4.095, ""score"": 2.511, ""rms_ratio"": 1.311, ""diff_ratio"": 4.809}, {""time"": 3.355, ""score"": 2.508, ""rms_ratio"": 2.391, ""diff_ratio"": 2.631}, {""time"": 6.425, ""score"": 2.504, ""rms_ratio"": 1.716, ""diff_ratio"": 3.655}, {""time"": 4.985, ""score"": 2.497, ""rms_ratio"": 2.139, ""diff_ratio"": 2.914}, {""time"": 4.825, ""score"": 2.489, ""rms_ratio"": 1.961, ""diff_ratio"": 3.16}, {""time"": 5.945, ""score"": 2.415, ""rms_ratio"": 2.546, ""diff_ratio"": 2.291}, {""time"": 3.665, ""score"": 2.345, ""rms_ratio"": 2.432, ""diff_ratio"": 2.261}, {""time"": 2.965, ""score"": 2.131, ""rms_ratio"": 1.437, ""diff_ratio"": 3.161}, {""time"": 0.915, ""score"": 2.062, ""rms_ratio"": 1.417, ""diff_ratio"": 3.0}, {""time"": 6.145, ""score"": 2.007, ""rms_ratio"": 1.626, ""diff_ratio"": 2.478}, {""time"": 2.675, ""score"": 1.952, ""rms_ratio"": 2.181, ""diff_ratio"": 1.747}, {""time"": 4.345, ""score"": 1.93, ""rms_ratio"": 1.982, ""diff_ratio"": 1.879}, {""time"": 5.205, ""score"": 1.842, ""rms_ratio"": 1.485, ""diff_ratio"": 2.286}]",7.006,ffprobe,7.019,2.025,4.981,line_drive,pending,medium,,,,"Juan Soto's two-run double Juan Soto's two-run double Juan Soto's two-run double Juan Soto doubles on a sharp line drive to right field and two runs score, increasing the Yankees' lead to 5-2 in the top of the 5th",https://mlb-cuts-diamond.mlb.com/FORGE/2024/2024-07/29/bf5d12c4-14469a47-b89eed60-csvm-diamondx64-asset_1280x720_59_4000K.mp4,MLB_745547_juan-soto-doubles-21-on-a-sharp-line-drive-to-right-fielder-nick-cast,raw_sources\MLB_745547_juan-soto-doubles-21-on-a-sharp-line-drive-to-right-fielder-nick-cast_Juan_Soto_s_two-run_double_Juan_Soto_s_two-run_double_Juan_Soto_s_two-run_double_Juan_Sot.mp4,0.240,7.240,,no,audit_checkpoint_001,134
1073,Codex_Workstation,F_1183,dataset/fly_ball/Codex_Workstation/F_1183,4,needs_edit,clip_too_short,insufficient_post_contact_context,recover_source_and_recut_longer,annotated_contact_audio_confirmed,1.950,2.050,2.005,2.005,2.715,2.801,2.632,2.005,0.005,2.005,2.715,"[{""time"": 2.005, ""score"": 2.715, ""rms_ratio"": 2.801, ""diff_ratio"": 2.632}, {""time"": 2.435, ""score"": 2.674, ""rms_ratio"": 2.623, ""diff_ratio"": 2.727}, {""time"": 1.625, ""score"": 2.668, ""rms_ratio"": 2.272, ""diff_ratio"": 3.132}, {""time"": 1.335, ""score"": 2.406, ""rms_ratio"": 2.311, ""diff_ratio"": 2.506}, {""time"": 5.125, ""score"": 2.316, ""rms_ratio"": 3.067, ""diff_ratio"": 1.749}, {""time"": 4.185, ""score"": 2.312, ""rms_ratio"": 2.601, ""diff_ratio"": 2.055}, {""time"": 4.565, ""score"": 2.164, ""rms_ratio"": 1.682, ""diff_ratio"": 2.785}, {""time"": 2.775, ""score"": 2.053, ""rms_ratio"": 2.317, ""diff_ratio"": 1.82}, {""time"": 6.115, ""score"": 2.045, ""rms_ratio"": 2.087, ""diff_ratio"": 2.003}, {""time"": 4.935, ""score"": 1.999, ""rms_ratio"": 1.848, ""diff_ratio"": 2.163}, {""time"": 2.325, ""score"": 1.969, ""rms_ratio"": 1.15, ""diff_ratio"": 3.371}, {""time"": 6.655, ""score"": 1.968, ""rms_ratio"": 2.202, ""diff_ratio"": 1.758}, {""time"": 4.295, ""score"": 1.962, ""rms_ratio"": 2.021, ""diff_ratio"": 1.905}, {""time"": 2.145, ""score"": 1.89, ""rms_ratio"": 1.701, ""diff_ratio"": 2.1}, {""time"": 1.845, ""score"": 1.89, ""rms_ratio"": 1.688, ""diff_ratio"": 2.115}, {""time"": 0.905, ""score"": 1.886, ""rms_ratio"": 1.991, ""diff_ratio"": 1.788}]",7.007,ffprobe,7.019,2.005,5.002,fly,pending,medium,,,,Nick Castellanos' nice catch in foul territory Nick Castellanos' nice catch in foul territory Nick Castellanos' nice catch in foul territory Nick Castellanos runs down Trent Grisham's fly ball and reaches out to make a nice catch in front of the wall in foul territory,https://mlb-cuts-diamond.mlb.com/FORGE/2024/2024-07/30/7d2be239-4e148fb3-434bb567-csvm-diamondx64-asset-4000K.mp4,MLB_745546_trent-grisham-flies-out-to-right-fielder-nick-castellanos-in-foul-ter,raw_sources\MLB_745546_trent-grisham-flies-out-to-right-fielder-nick-castellanos-in-foul-ter_Nick_Castellanos_nice_catch_in_foul_territory_Nick_Castellanos_nice_catch_in_foul_territo.mp4,9.040,16.040,,no,audit_checkpoint_001,135
1072,Codex_Workstation,F_1182,dataset/fly_ball/Codex_Workstation/F_1182,4,needs_edit,clip_too_short,insufficient_post_contact_context,recover_source_and_recut_longer,annotated_contact_audio_confirmed,1.950,2.050,1.925,1.925,2.094,1.892,2.319,1.925,0.075,2.195,2.242,"[{""time"": 2.195, ""score"": 2.242, ""rms_ratio"": 1.929, ""diff_ratio"": 2.605}, {""time"": 5.065, ""score"": 2.191, ""rms_ratio"": 1.756, ""diff_ratio"": 2.735}, {""time"": 6.045, ""score"": 2.131, ""rms_ratio"": 2.004, ""diff_ratio"": 2.267}, {""time"": 0.245, ""score"": 2.124, ""rms_ratio"": 0.91, ""diff_ratio"": 4.509}, {""time"": 5.345, ""score"": 2.12, ""rms_ratio"": 1.733, ""diff_ratio"": 2.593}, {""time"": 5.795, ""score"": 2.11, ""rms_ratio"": 1.61, ""diff_ratio"": 2.765}, {""time"": 1.785, ""score"": 2.104, ""rms_ratio"": 0.973, ""diff_ratio"": 4.425}, {""time"": 2.415, ""score"": 2.099, ""rms_ratio"": 0.968, ""diff_ratio"": 4.404}, {""time"": 1.925, ""score"": 2.094, ""rms_ratio"": 1.892, ""diff_ratio"": 2.319}, {""time"": 6.245, ""score"": 2.014, ""rms_ratio"": 0.9, ""diff_ratio"": 4.057}, {""time"": 0.395, ""score"": 1.992, ""rms_ratio"": 1.646, ""diff_ratio"": 2.41}, {""time"": 0.725, ""score"": 1.939, ""rms_ratio"": 1.553, ""diff_ratio"": 2.421}, {""time"": 0.075, ""score"": 1.905, ""rms_ratio"": 0.803, ""diff_ratio"": 3.63}, {""time"": 5.445, ""score"": 1.828, ""rms_ratio"": 1.92, ""diff_ratio"": 1.74}, {""time"": 0.595, ""score"": 1.817, ""rms_ratio"": 1.751, ""diff_ratio"": 1.886}, {""time"": 4.955, ""score"": 1.804, ""rms_ratio"": 1.261, ""diff_ratio"": 2.58}]",7.006,ffprobe,7.019,1.925,5.081,fly,pending,medium,,,,Matt Olson's two-run double Matt Olson's two-run double Matt Olson's two-run double Matt Olson hits a fly ball off the right-field wall for a two-run double to extend the Braves' lead to 4-1,https://mlb-cuts-diamond.mlb.com/FORGE/2024/2024-05/26/4a5d1ab4-00e59563-4442fa03-csvm-diamondx64-asset_1280x720_59_4000K.mp4,MLB_745498_carmen-mlodzinski-in-play-no-out-to-matt-olson,raw_sources\MLB_745498_carmen-mlodzinski-in-play-no-out-to-matt-olson_Matt_Olson_s_two-run_double_Matt_Olson_s_two-run_double_Matt_Olson_s_two-run_dou.mp4,9.180,16.180,,no,audit_checkpoint_001,136
1071,Codex_Workstation,F_1181,dataset/fly_ball/Codex_Workstation/F_1181,4,needs_edit,clip_too_short,insufficient_post_contact_context,recover_source_and_recut_longer,annotated_contact_audio_confirmed,1.950,2.050,2.035,2.035,2.495,2.725,2.285,2.035,0.035,1.455,2.711,"[{""time"": 1.455, ""score"": 2.711, ""rms_ratio"": 2.434, ""diff_ratio"": 3.019}, {""time"": 2.035, ""score"": 2.495, ""rms_ratio"": 2.725, ""diff_ratio"": 2.285}, {""time"": 1.165, ""score"": 2.393, ""rms_ratio"": 2.149, ""diff_ratio"": 2.665}, {""time"": 2.155, ""score"": 2.252, ""rms_ratio"": 2.147, ""diff_ratio"": 2.362}, {""time"": 0.895, ""score"": 2.238, ""rms_ratio"": 2.557, ""diff_ratio"": 1.959}, {""time"": 1.355, ""score"": 2.236, ""rms_ratio"": 2.007, ""diff_ratio"": 2.491}, {""time"": 0.595, ""score"": 2.235, ""rms_ratio"": 2.056, ""diff_ratio"": 2.429}, {""time"": 1.605, ""score"": 2.114, ""rms_ratio"": 1.378, ""diff_ratio"": 3.244}, {""time"": 3.055, ""score"": 2.108, ""rms_ratio"": 1.706, ""diff_ratio"": 2.604}, {""time"": 1.765, ""score"": 1.998, ""rms_ratio"": 2.472, ""diff_ratio"": 1.615}, {""time"": 3.425, ""score"": 1.953, ""rms_ratio"": 1.243, ""diff_ratio"": 3.07}, {""time"": 3.285, ""score"": 1.897, ""rms_ratio"": 1.878, ""diff_ratio"": 1.916}, {""time"": 0.755, ""score"": 1.884, ""rms_ratio"": 2.061, ""diff_ratio"": 1.722}, {""time"": 3.795, ""score"": 1.82, ""rms_ratio"": 1.576, ""diff_ratio"": 2.103}, {""time"": 4.385, ""score"": 1.776, ""rms_ratio"": 1.779, ""diff_ratio"": 1.773}, {""time"": 4.535, ""score"": 1.768, ""rms_ratio"": 1.783, ""diff_ratio"": 1.753}]",7.006,ffprobe,7.019,2.035,4.971,fly,pending,medium,,,,"Johan Rojas' great diving catch Johan Rojas' great diving catch Johan Rojas' great diving catch Johan Rojas charges a soft liner and lays out to dive and make the grab, robbing Nick Gonzales of an RBI base hit",https://mlb-cuts-diamond.mlb.com/FORGE/2024/2024-07/20/aaa18f8f-1738be6e-e5d3f61b-csvm-diamondx64-asset_1280x720_59_4000K.mp4,MLB_745478_cristopher-sanchez-in-play-out-s-to-nick-gonzales-nnn5ut,raw_sources\MLB_745478_cristopher-sanchez-in-play-out-s-to-nick-gonzales-nnn5ut_Johan_Rojas_great_diving_catch_Johan_Rojas_great_diving_catch_Johan_Rojas_great_diving_catch_Johan_Roj.mp4,5.540,12.540,,no,audit_checkpoint_001,137
1070,Codex_Workstation,F_1180,dataset/fly_ball/Codex_Workstation/F_1180,4,needs_edit,clip_too_short,insufficient_post_contact_context,recover_source_and_recut_longer,annotated_contact_audio_confirmed,1.950,2.050,2.015,2.015,2.476,2.823,2.171,2.015,0.015,2.425,2.737,"[{""time"": 2.425, ""score"": 2.737, ""rms_ratio"": 1.518, ""diff_ratio"": 4.934}, {""time"": 2.755, ""score"": 2.659, ""rms_ratio"": 1.551, ""diff_ratio"": 4.558}, {""time"": 5.265, ""score"": 2.657, ""rms_ratio"": 2.039, ""diff_ratio"": 3.463}, {""time"": 2.015, ""score"": 2.476, ""rms_ratio"": 2.823, ""diff_ratio"": 2.171}, {""time"": 3.225, ""score"": 2.266, ""rms_ratio"": 1.843, ""diff_ratio"": 2.786}, {""time"": 6.485, ""score"": 2.228, ""rms_ratio"": 1.272, ""diff_ratio"": 3.905}, {""time"": 2.915, ""score"": 2.198, ""rms_ratio"": 1.739, ""diff_ratio"": 2.778}, {""time"": 5.115, ""score"": 2.139, ""rms_ratio"": 1.626, ""diff_ratio"": 2.813}, {""time"": 6.685, ""score"": 2.079, ""rms_ratio"": 1.951, ""diff_ratio"": 2.215}, {""time"": 5.375, ""score"": 2.058, ""rms_ratio"": 1.623, ""diff_ratio"": 2.609}, {""time"": 1.275, ""score"": 2.012, ""rms_ratio"": 1.675, ""diff_ratio"": 2.416}, {""time"": 4.955, ""score"": 2.009, ""rms_ratio"": 1.555, ""diff_ratio"": 2.595}, {""time"": 6.875, ""score"": 2.003, ""rms_ratio"": 1.732, ""diff_ratio"": 2.316}, {""time"": 2.145, ""score"": 1.987, ""rms_ratio"": 1.908, ""diff_ratio"": 2.07}, {""time"": 1.515, ""score"": 1.986, ""rms_ratio"": 1.223, ""diff_ratio"": 3.226}, {""time"": 0.765, ""score"": 1.983, ""rms_ratio"": 1.983, ""diff_ratio"": 1.983}]",7.007,ffprobe,7.019,2.015,4.992,fly,pending,medium,,,,Bryce Harper's solo home run (22) Bryce Harper's solo home run (22) Bryce Harper's solo home run (22) Bryce Harper hits a deep fly ball that bounces into the Allegheny River in right-center field for a solo homer to get the Phillies on the board,https://mlb-cuts-diamond.mlb.com/FORGE/2024/2024-07/20/527edabb-c0400837-118ae389-csvm-diamondx64-asset_1280x720_59_4000K.mp4,MLB_745478_bryce-harper-homers-22-on-a-fly-ball-to-right-center-field-glgyhr,raw_sources\MLB_745478_bryce-harper-homers-22-on-a-fly-ball-to-right-center-field-glgyhr_Bryce_Harper_s_solo_home_run_22_Bryce_Harper_s_solo_home_run_22_Bryce_Harper_s_solo_home_run_.mp4,10.720,17.720,,no,audit_checkpoint_001,138
1069,Codex_Workstation,F_1179,dataset/fly_ball/Codex_Workstation/F_1179,4,direct_use_candidate,audio_and_context_pass,,qwen_spot_check,annotated_contact_audio_confirmed,1.950,2.050,2.025,2.025,3.090,3.735,2.555,2.025,0.025,2.025,3.090,"[{""time"": 2.025, ""score"": 3.09, ""rms_ratio"": 3.735, ""diff_ratio"": 2.555}, {""time"": 2.865, ""score"": 2.977, ""rms_ratio"": 2.729, ""diff_ratio"": 3.247}, {""time"": 3.665, ""score"": 2.78, ""rms_ratio"": 3.062, ""diff_ratio"": 2.524}, {""time"": 5.205, ""score"": 2.683, ""rms_ratio"": 2.682, ""diff_ratio"": 2.684}, {""time"": 2.255, ""score"": 2.574, ""rms_ratio"": 3.074, ""diff_ratio"": 2.155}, {""time"": 3.005, ""score"": 2.299, ""rms_ratio"": 2.876, ""diff_ratio"": 1.838}, {""time"": 3.335, ""score"": 2.178, ""rms_ratio"": 2.131, ""diff_ratio"": 2.226}, {""time"": 6.325, ""score"": 2.119, ""rms_ratio"": 0.958, ""diff_ratio"": 4.488}, {""time"": 6.105, ""score"": 2.078, ""rms_ratio"": 2.009, ""diff_ratio"": 2.15}, {""time"": 3.915, ""score"": 2.062, ""rms_ratio"": 2.594, ""diff_ratio"": 1.64}, {""time"": 5.325, ""score"": 2.008, ""rms_ratio"": 2.653, ""diff_ratio"": 1.519}, {""time"": 2.545, ""score"": 2.003, ""rms_ratio"": 2.119, ""diff_ratio"": 1.893}, {""time"": 1.685, ""score"": 1.996, ""rms_ratio"": 2.322, ""diff_ratio"": 1.716}, {""time"": 5.845, ""score"": 1.973, ""rms_ratio"": 0.753, ""diff_ratio"": 3.893}, {""time"": 3.475, ""score"": 1.947, ""rms_ratio"": 1.021, ""diff_ratio"": 3.712}, {""time"": 4.745, ""score"": 1.928, ""rms_ratio"": 1.703, ""diff_ratio"": 2.182}]",7.006,ffprobe,7.019,2.025,4.981,line_drive,pending,medium,,,,Brandon Nimmo's outstanding catch Brandon Nimmo's outstanding catch Brandon Nimmo's outstanding catch Brandon Nimmo tracks a fly ball and lays out to make a fantastic catch in the bottom of the 6th,https://mlb-cuts-diamond.mlb.com/FORGE/2024/2024-07/07/5d4430d4-29e7a6eb-73b1c6ce-csvm-diamondx64-asset_1280x720_59_4000K.mp4,MLB_745477_bryan-reynolds-lines-out-sharply-to-center-fielder-brandon-nimmo,raw_sources\MLB_745477_bryan-reynolds-lines-out-sharply-to-center-fielder-brandon-nimmo_Brandon_Nimmo_s_outstanding_catch_Brandon_Nimmo_s_outstanding_catch_Brandon_Nimmo_s_outstandin.mp4,4.540,11.540,,no,audit_checkpoint_001,139
1068,Codex_Workstation,F_1178,dataset/fly_ball/Codex_Workstation/F_1178,4,direct_use_candidate,audio_and_context_pass,,qwen_spot_check,annotated_contact_audio_confirmed,1.950,2.050,2.025,2.025,3.745,3.440,4.077,2.025,0.025,2.025,3.745,"[{""time"": 2.025, ""score"": 3.745, ""rms_ratio"": 3.44, ""diff_ratio"": 4.077}, {""time"": 0.085, ""score"": 3.659, ""rms_ratio"": 2.018, ""diff_ratio"": 6.634}, {""time"": 3.275, ""score"": 3.051, ""rms_ratio"": 3.352, ""diff_ratio"": 2.777}, {""time"": 3.465, ""score"": 2.846, ""rms_ratio"": 1.354, ""diff_ratio"": 5.984}, {""time"": 4.495, ""score"": 2.488, ""rms_ratio"": 1.19, ""diff_ratio"": 5.202}, {""time"": 2.395, ""score"": 2.436, ""rms_ratio"": 3.063, ""diff_ratio"": 1.938}, {""time"": 2.595, ""score"": 2.407, ""rms_ratio"": 3.013, ""diff_ratio"": 1.922}, {""time"": 3.695, ""score"": 2.39, ""rms_ratio"": 1.147, ""diff_ratio"": 4.979}, {""time"": 1.445, ""score"": 2.301, ""rms_ratio"": 3.304, ""diff_ratio"": 1.603}, {""time"": 4.095, ""score"": 2.235, ""rms_ratio"": 2.642, ""diff_ratio"": 1.891}, {""time"": 3.055, ""score"": 2.224, ""rms_ratio"": 2.742, ""diff_ratio"": 1.803}, {""time"": 2.915, ""score"": 2.129, ""rms_ratio"": 2.729, ""diff_ratio"": 1.66}, {""time"": 2.135, ""score"": 2.096, ""rms_ratio"": 1.855, ""diff_ratio"": 2.368}, {""time"": 3.925, ""score"": 2.093, ""rms_ratio"": 2.302, ""diff_ratio"": 1.903}, {""time"": 1.895, ""score"": 2.004, ""rms_ratio"": 1.079, ""diff_ratio"": 3.722}, {""time"": 3.575, ""score"": 1.934, ""rms_ratio"": 0.948, ""diff_ratio"": 3.739}]",7.006,ffprobe,7.019,2.025,4.981,line_drive,pending,medium,,,,"Francisco Lindor's outstanding lunging catch Francisco Lindor's outstanding lunging catch Francisco Lindor's outstanding lunging catch Francisco Lindor stretches out to snag a hard-hit line drive, robbing Ke'Bryan Hayes of a run-scoring hit in the bottom of the 7th inning",https://mlb-cuts-diamond.mlb.com/FORGE/2024/2024-07/06/2bee08c9-58f9fbe2-f3515b55-csvm-diamondx64-asset_1280x720_59_4000K.mp4,MLB_745476_ke-bryan-hayes-lines-out-to-shortstop-francisco-lindor,raw_sources\MLB_745476_ke-bryan-hayes-lines-out-to-shortstop-francisco-lindor_Francisco_Lindor_s_outstanding_lunging_catch_Francisco_Lindor_s_outstanding_lunging_catch_Francisco_Lind.mp4,1.920,8.920,,no,audit_checkpoint_001,140
1067,Codex_Workstation,F_1177,dataset/fly_ball/Codex_Workstation/F_1177,4,direct_use_candidate,audio_and_context_pass,,qwen_spot_check,annotated_contact_audio_confirmed,1.950,2.050,2.025,2.025,3.096,2.585,3.708,2.025,0.025,2.025,3.096,"[{""time"": 2.025, ""score"": 3.096, ""rms_ratio"": 2.585, ""diff_ratio"": 3.708}, {""time"": 3.015, ""score"": 2.368, ""rms_ratio"": 1.988, ""diff_ratio"": 2.821}, {""time"": 1.175, ""score"": 2.366, ""rms_ratio"": 2.339, ""diff_ratio"": 2.392}, {""time"": 1.315, ""score"": 2.183, ""rms_ratio"": 2.291, ""diff_ratio"": 2.079}, {""time"": 2.155, ""score"": 2.176, ""rms_ratio"": 1.827, ""diff_ratio"": 2.592}, {""time"": 1.585, ""score"": 2.169, ""rms_ratio"": 2.263, ""diff_ratio"": 2.078}, {""time"": 1.895, ""score"": 2.137, ""rms_ratio"": 1.815, ""diff_ratio"": 2.515}, {""time"": 2.645, ""score"": 2.095, ""rms_ratio"": 2.183, ""diff_ratio"": 2.01}, {""time"": 1.475, ""score"": 2.052, ""rms_ratio"": 2.079, ""diff_ratio"": 2.025}, {""time"": 3.705, ""score"": 2.004, ""rms_ratio"": 1.887, ""diff_ratio"": 2.128}, {""time"": 2.505, ""score"": 1.909, ""rms_ratio"": 1.913, ""diff_ratio"": 1.906}, {""time"": 3.135, ""score"": 1.904, ""rms_ratio"": 1.901, ""diff_ratio"": 1.906}, {""time"": 0.745, ""score"": 1.854, ""rms_ratio"": 1.8, ""diff_ratio"": 1.909}, {""time"": 1.785, ""score"": 1.759, ""rms_ratio"": 0.948, ""diff_ratio"": 3.093}]",7.007,ffprobe,7.019,2.025,4.982,line_drive,pending,medium,,,,Corbin Carroll's sliding catch Corbin Carroll's sliding catch Corbin Carroll's sliding catch Corbin Carroll ranges in and slides to catch a low line drive in right field,https://mlb-cuts-diamond.mlb.com/FORGE/2024/2024-08/03/3b7793e0-e17a16a4-a6941cc8-csvm-diamondx64-asset_1280x720_59_4000K.mp4,MLB_745474_bryan-reynolds-lines-out-to-right-fielder-corbin-carroll,raw_sources\MLB_745474_bryan-reynolds-lines-out-to-right-fielder-corbin-carroll_Corbin_Carroll_s_sliding_catch_Corbin_Carroll_s_sliding_catch_Corbin_Carroll_s_sliding_catch_Corbin_Ca.mp4,2.500,9.500,,no,audit_checkpoint_001,141
1066,Codex_Workstation,F_1175,dataset/fly_ball/Codex_Workstation/F_1175,4,needs_edit,contact_timestamp_wrong,contact_timestamp_wrong,retime_from_local_audio_candidate;qwen_confirm_visual_contact_near_candidate,likely_contact_timestamp_wrong,1.950,2.050,2.905,2.025,1.567,2.317,1.059,1.695,0.305,3.185,2.380,"[{""time"": 3.185, ""score"": 2.38, ""rms_ratio"": 1.32, ""diff_ratio"": 4.292}, {""time"": 0.675, ""score"": 2.376, ""rms_ratio"": 1.421, ""diff_ratio"": 3.974}, {""time"": 0.035, ""score"": 2.255, ""rms_ratio"": 1.899, ""diff_ratio"": 2.676}, {""time"": 6.085, ""score"": 2.2, ""rms_ratio"": 1.099, ""diff_ratio"": 4.404}, {""time"": 0.235, ""score"": 2.139, ""rms_ratio"": 2.166, ""diff_ratio"": 2.112}, {""time"": 0.365, ""score"": 2.115, ""rms_ratio"": 2.252, ""diff_ratio"": 1.986}, {""time"": 2.905, ""score"": 2.091, ""rms_ratio"": 1.308, ""diff_ratio"": 3.34}, {""time"": 2.445, ""score"": 2.041, ""rms_ratio"": 1.756, ""diff_ratio"": 2.372}, {""time"": 2.665, ""score"": 1.992, ""rms_ratio"": 0.926, ""diff_ratio"": 3.969}, {""time"": 4.265, ""score"": 1.964, ""rms_ratio"": 1.575, ""diff_ratio"": 2.449}, {""time"": 5.585, ""score"": 1.859, ""rms_ratio"": 2.028, ""diff_ratio"": 1.704}, {""time"": 1.695, ""score"": 1.762, ""rms_ratio"": 2.088, ""diff_ratio"": 1.486}]",7.006,ffprobe,7.019,2.905,4.101,line_drive,pending,medium,,,,"Jurickson Profar's lunging catch Jurickson Profar's lunging catch Jurickson Profar's lunging catch Jurickson Profar tracks down a fly ball and reaches out to make a superb catch, recording the last out in the top of the 9th inning",https://mlb-cuts-diamond.mlb.com/FORGE/2024/2024-05/29/afe2dca6-ea77521e-10ba95da-csvm-diamondx64-asset_1280x720_59_4000K.mp4,MLB_745414_jazz-chisholm-jr-lines-out-sharply-to-left-fielder-jurickson-profar,raw_sources\MLB_745414_jazz-chisholm-jr-lines-out-sharply-to-left-fielder-jurickson-profar_Jurickson_Profar_s_lunging_catch_Jurickson_Profar_s_lunging_catch_Jurickson_Prof.mp4,8.600,15.600,,no,audit_checkpoint_001,142
1065,Codex_Workstation,F_1174,dataset/fly_ball/Codex_Workstation/F_1174,4,direct_use_candidate,audio_and_context_pass,,qwen_spot_check,annotated_contact_audio_confirmed,1.950,2.050,2.045,2.045,5.561,3.683,8.398,2.045,0.045,2.045,5.561,"[{""time"": 2.045, ""score"": 5.561, ""rms_ratio"": 3.683, ""diff_ratio"": 8.398}, {""time"": 6.575, ""score"": 5.552, ""rms_ratio"": 2.901, ""diff_ratio"": 10.627}, {""time"": 3.175, ""score"": 4.499, ""rms_ratio"": 2.343, ""diff_ratio"": 8.64}, {""time"": 3.785, ""score"": 4.08, ""rms_ratio"": 2.885, ""diff_ratio"": 5.768}, {""time"": 4.105, ""score"": 3.911, ""rms_ratio"": 3.612, ""diff_ratio"": 4.236}, {""time"": 4.615, ""score"": 3.852, ""rms_ratio"": 2.647, ""diff_ratio"": 5.606}, {""time"": 1.835, ""score"": 3.669, ""rms_ratio"": 2.249, ""diff_ratio"": 5.984}, {""time"": 4.435, ""score"": 3.623, ""rms_ratio"": 2.919, ""diff_ratio"": 4.496}, {""time"": 3.455, ""score"": 3.617, ""rms_ratio"": 3.034, ""diff_ratio"": 4.311}, {""time"": 0.155, ""score"": 3.608, ""rms_ratio"": 1.811, ""diff_ratio"": 7.188}, {""time"": 0.785, ""score"": 3.596, ""rms_ratio"": 1.955, ""diff_ratio"": 6.615}, {""time"": 6.455, ""score"": 3.534, ""rms_ratio"": 1.744, ""diff_ratio"": 7.159}, {""time"": 5.495, ""score"": 3.409, ""rms_ratio"": 1.747, ""diff_ratio"": 6.654}, {""time"": 2.175, ""score"": 3.212, ""rms_ratio"": 2.728, ""diff_ratio"": 3.783}, {""time"": 3.575, ""score"": 3.176, ""rms_ratio"": 2.474, ""diff_ratio"": 4.076}, {""time"": 3.925, ""score"": 3.013, ""rms_ratio"": 3.707, ""diff_ratio"": 2.449}]",7.007,ffprobe,7.019,2.045,4.962,line_drive,pending,medium,,,,Miguel Andujar's diving catch Miguel Andujar's diving catch Miguel Andujar's diving catch Miguel Andujar makes a diving catch on a sinking line drive to left field in the bottom of the 4th inning,https://mlb-cuts-diamond.mlb.com/FORGE/2024/2024-06/11/b47fb73c-ea1d90e7-625ebc0e-csvm-diamondx64-asset_1280x720_59_4000K.mp4,MLB_745404_manny-machado-lines-out-sharply-to-left-fielder-miguel-andujar,raw_sources\MLB_745404_manny-machado-lines-out-sharply-to-left-fielder-miguel-andujar_Miguel_Andujar_s_diving_catch_Miguel_Andujar_s_diving_catch_Miguel_Andujar_s_div.mp4,21.180,28.180,,no,audit_checkpoint_001,143
1064,Codex_Workstation,F_1172,dataset/fly_ball/Codex_Workstation/F_1172,4,needs_edit,clip_too_short,insufficient_pre_contact_context;insufficient_post_contact_context,recover_source_and_recut_longer,annotated_contact_audio_confirmed,0.750,0.850,0.825,0.825,5.466,3.704,8.067,0.825,0.025,0.825,5.466,"[{""time"": 0.825, ""score"": 5.466, ""rms_ratio"": 3.704, ""diff_ratio"": 8.067}, {""time"": 1.795, ""score"": 3.309, ""rms_ratio"": 1.306, ""diff_ratio"": 8.382}, {""time"": 1.615, ""score"": 3.287, ""rms_ratio"": 1.405, ""diff_ratio"": 7.691}, {""time"": 6.305, ""score"": 3.11, ""rms_ratio"": 1.279, ""diff_ratio"": 7.56}, {""time"": 4.625, ""score"": 2.981, ""rms_ratio"": 1.307, ""diff_ratio"": 6.801}, {""time"": 1.125, ""score"": 2.961, ""rms_ratio"": 1.241, ""diff_ratio"": 7.061}, {""time"": 2.655, ""score"": 2.771, ""rms_ratio"": 1.271, ""diff_ratio"": 6.041}, {""time"": 6.475, ""score"": 2.395, ""rms_ratio"": 2.515, ""diff_ratio"": 2.282}, {""time"": 5.515, ""score"": 2.285, ""rms_ratio"": 1.157, ""diff_ratio"": 4.513}, {""time"": 6.865, ""score"": 2.115, ""rms_ratio"": 2.206, ""diff_ratio"": 2.028}, {""time"": 3.795, ""score"": 2.112, ""rms_ratio"": 0.959, ""diff_ratio"": 4.459}, {""time"": 2.105, ""score"": 2.006, ""rms_ratio"": 0.705, ""diff_ratio"": 4.023}, {""time"": 6.605, ""score"": 1.965, ""rms_ratio"": 1.546, ""diff_ratio"": 2.497}, {""time"": 4.985, ""score"": 1.854, ""rms_ratio"": 1.915, ""diff_ratio"": 1.795}, {""time"": 5.965, ""score"": 1.826, ""rms_ratio"": 1.898, ""diff_ratio"": 1.757}, {""time"": 4.765, ""score"": 1.713, ""rms_ratio"": 1.925, ""diff_ratio"": 1.525}]",7.014,ffprobe,7.014,0.825,6.189,fly,pending,medium,,,,Braves record double play on Luis Arraez's miscue Braves record double play on Luis Arraez's miscue Braves record double play on Luis Arraez's miscue Eddie Rosario and Matt Olson record a double play after Luis Arraez appears to not see a fly ball in the bottom of the 1st inning,https://mlb-cuts-diamond.mlb.com/FORGE/2024/2024-07/13/d0fcbd26-1e453d2e-646b787b-csvm-diamondx64-asset_1280x720_59_4000K.mp4,MLB_745392_reynaldo-lopez-in-play-out-s-to-jurickson-profar,raw_sources\MLB_745392_reynaldo-lopez-in-play-out-s-to-jurickson-profar_Braves_record_double_play_on_Luis_Arraez_s_miscue_Braves_record_double_play_on_Luis_Arraez_s_miscue_Braves_rec.mp4,0.000,7.000,,no,audit_checkpoint_001,144
1063,Codex_Workstation,F_1171,dataset/fly_ball/Codex_Workstation/F_1171,4,direct_use_candidate,audio_and_context_pass,,qwen_spot_check,annotated_contact_audio_confirmed,1.950,2.050,2.015,2.015,3.944,5.555,2.800,2.015,0.015,0.405,8.037,"[{""time"": 0.405, ""score"": 8.037, ""rms_ratio"": 4.332, ""diff_ratio"": 14.909}, {""time"": 1.735, ""score"": 4.098, ""rms_ratio"": 2.661, ""diff_ratio"": 6.312}, {""time"": 2.555, ""score"": 4.016, ""rms_ratio"": 4.453, ""diff_ratio"": 3.623}, {""time"": 2.015, ""score"": 3.944, ""rms_ratio"": 5.555, ""diff_ratio"": 2.8}, {""time"": 2.415, ""score"": 3.833, ""rms_ratio"": 4.899, ""diff_ratio"": 2.998}, {""time"": 1.625, ""score"": 3.661, ""rms_ratio"": 3.0, ""diff_ratio"": 4.467}, {""time"": 2.775, ""score"": 3.614, ""rms_ratio"": 4.331, ""diff_ratio"": 3.016}, {""time"": 3.055, ""score"": 3.596, ""rms_ratio"": 3.756, ""diff_ratio"": 3.443}, {""time"": 3.465, ""score"": 3.516, ""rms_ratio"": 3.353, ""diff_ratio"": 3.686}, {""time"": 2.675, ""score"": 3.431, ""rms_ratio"": 5.048, ""diff_ratio"": 2.333}, {""time"": 2.955, ""score"": 3.406, ""rms_ratio"": 4.852, ""diff_ratio"": 2.391}, {""time"": 5.485, ""score"": 3.349, ""rms_ratio"": 3.834, ""diff_ratio"": 2.924}, {""time"": 6.155, ""score"": 3.281, ""rms_ratio"": 4.479, ""diff_ratio"": 2.403}, {""time"": 3.655, ""score"": 3.264, ""rms_ratio"": 2.829, ""diff_ratio"": 3.766}, {""time"": 3.205, ""score"": 3.252, ""rms_ratio"": 3.29, ""diff_ratio"": 3.213}, {""time"": 2.155, ""score"": 3.073, ""rms_ratio"": 3.842, ""diff_ratio"": 2.459}]",7.007,ffprobe,7.019,2.015,4.992,line_drive,pending,medium,,,,Ryan McMahon's impressive grab Ryan McMahon's impressive grab Ryan McMahon's impressive grab Ryan McMahon reacts quickly and reaches to his left to make a great catch on a line drive from David Peralta in the bottom of the 4th,https://mlb-cuts-diamond.mlb.com/FORGE/2024/2024-08/04/903a39aa-06db7fb8-3d1872c4-csvm-diamondx64-asset_1280x720_59_4000K.mp4,MLB_745384_david-peralta-lines-out-to-third-baseman-ryan-mcmahon,raw_sources\MLB_745384_david-peralta-lines-out-to-third-baseman-ryan-mcmahon_Ryan_McMahon_s_impressive_grab_Ryan_McMahon_s_impressive_grab_Ryan_McMahon_s_impressive_grab_Ryan_McMahon.mp4,1.460,8.460,,no,audit_checkpoint_001,145
1062,Codex_Workstation,F_1170,dataset/fly_ball/Codex_Workstation/F_1170,4,needs_edit,contact_timestamp_wrong,contact_timestamp_wrong;insufficient_post_contact_context,retime_from_local_audio_candidate;qwen_confirm_visual_contact_near_candidate;recover_source_and_recut_longer,likely_contact_timestamp_wrong,5.102,5.202,2.425,5.235,1.783,1.283,2.479,5.285,0.133,2.425,2.181,"[{""time"": 2.425, ""score"": 2.181, ""rms_ratio"": 1.96, ""diff_ratio"": 2.428}, {""time"": 4.395, ""score"": 1.857, ""rms_ratio"": 2.062, ""diff_ratio"": 1.673}, {""time"": 5.285, ""score"": 1.851, ""rms_ratio"": 2.246, ""diff_ratio"": 1.525}, {""time"": 4.915, ""score"": 1.754, ""rms_ratio"": 2.008, ""diff_ratio"": 1.531}, {""time"": 5.415, ""score"": 1.714, ""rms_ratio"": 1.807, ""diff_ratio"": 1.626}]",7.006,ffprobe,6.976,2.425,4.581,fly,pending,medium,,,,Heliot Ramos' running catch Heliot Ramos' running catch Heliot Ramos' running catch Heliot Ramos chases down a deep fly ball to right-center field to record the final out of the top of the 7th,https://mlb-cuts-diamond.mlb.com/FORGE/2024/2024-06/24/7229d991-4db97805-59378909-csvm-diamondx64-asset_1280x720_59_4000K.mp4,MLB_745323_heliot-ramos-running-catch,raw_sources\MLB_745323_heliot-ramos-running-catch_Heliot_Ramos_running_catch_Heliot_Ramos_running_catch_Heliot_Ramos_running_catch_Heliot_Ramos_chases_down_a_deep_fly_ball_to_right-c.mp4,17.308,24.308,,no,audit_checkpoint_001,146
1061,Codex_Workstation,F_1169,dataset/fly_ball/Codex_Workstation/F_1169,4,direct_use_candidate,audio_and_context_pass,,qwen_spot_check,annotated_contact_audio_confirmed,1.950,2.050,2.025,2.025,3.513,2.848,4.333,2.025,0.025,2.025,3.513,"[{""time"": 2.025, ""score"": 3.513, ""rms_ratio"": 2.848, ""diff_ratio"": 4.333}, {""time"": 3.695, ""score"": 3.033, ""rms_ratio"": 1.381, ""diff_ratio"": 6.662}, {""time"": 0.175, ""score"": 2.949, ""rms_ratio"": 1.578, ""diff_ratio"": 5.509}, {""time"": 5.585, ""score"": 2.933, ""rms_ratio"": 1.61, ""diff_ratio"": 5.342}, {""time"": 6.565, ""score"": 2.789, ""rms_ratio"": 1.429, ""diff_ratio"": 5.446}, {""time"": 3.285, ""score"": 2.427, ""rms_ratio"": 1.407, ""diff_ratio"": 4.185}, {""time"": 4.285, ""score"": 2.285, ""rms_ratio"": 1.964, ""diff_ratio"": 2.658}, {""time"": 4.105, ""score"": 2.254, ""rms_ratio"": 2.273, ""diff_ratio"": 2.235}, {""time"": 0.345, ""score"": 2.24, ""rms_ratio"": 1.242, ""diff_ratio"": 4.041}, {""time"": 4.575, ""score"": 2.007, ""rms_ratio"": 2.438, ""diff_ratio"": 1.652}, {""time"": 3.995, ""score"": 2.003, ""rms_ratio"": 1.9, ""diff_ratio"": 2.111}, {""time"": 5.695, ""score"": 1.97, ""rms_ratio"": 1.067, ""diff_ratio"": 3.636}, {""time"": 1.915, ""score"": 1.961, ""rms_ratio"": 1.426, ""diff_ratio"": 2.698}, {""time"": 5.805, ""score"": 1.782, ""rms_ratio"": 1.017, ""diff_ratio"": 3.123}, {""time"": 4.815, ""score"": 1.77, ""rms_ratio"": 1.663, ""diff_ratio"": 1.885}, {""time"": 3.565, ""score"": 1.755, ""rms_ratio"": 2.127, ""diff_ratio"": 1.448}]",7.006,ffprobe,7.019,2.025,4.981,line_drive,pending,medium,,,,"Gavin Lux's jumping grab secures a Dodgers win Gavin Lux's jumping grab secures a Dodgers win Gavin Lux's jumping grab secures a Dodgers win Gavin Lux jumps to catch a line drive, securing a 14-7 Dodgers win in extra innings over the Giants",https://mlb-cuts-diamond.mlb.com/FORGE/2024/2024-06/29/f2abd47b-77b200bf-1b341705-csvm-diamondx64-asset_1280x720_59_4000K.mp4,MLB_745317_ryan-yarbrough-in-play-out-s-to-brett-wisely,raw_sources\MLB_745317_ryan-yarbrough-in-play-out-s-to-brett-wisely_Gavin_Lux_s_jumping_grab_secures_a_Dodgers_win_Gavin_Lux_s_jumping_grab_secures_a_Dodgers_win_Gavin_Lux_s_jumping_.mp4,3.440,10.440,,no,audit_checkpoint_001,147
1060,Codex_Workstation,F_1168,dataset/fly_ball/Codex_Workstation/F_1168,4,needs_edit,contact_timestamp_wrong,contact_timestamp_wrong;insufficient_post_contact_context,retime_from_local_audio_candidate;qwen_confirm_visual_contact_near_candidate;recover_source_and_recut_longer,likely_contact_timestamp_wrong,6.022,6.122,6.385,6.125,3.422,4.429,2.644,6.125,0.053,6.385,5.029,"[{""time"": 6.385, ""score"": 5.029, ""rms_ratio"": 3.345, ""diff_ratio"": 7.561}, {""time"": 1.885, ""score"": 4.575, ""rms_ratio"": 4.228, ""diff_ratio"": 4.952}, {""time"": 1.615, ""score"": 4.529, ""rms_ratio"": 4.619, ""diff_ratio"": 4.44}, {""time"": 6.735, ""score"": 3.878, ""rms_ratio"": 4.562, ""diff_ratio"": 3.297}, {""time"": 5.285, ""score"": 3.756, ""rms_ratio"": 4.755, ""diff_ratio"": 2.966}, {""time"": 5.135, ""score"": 3.49, ""rms_ratio"": 3.739, ""diff_ratio"": 3.257}, {""time"": 6.125, ""score"": 3.422, ""rms_ratio"": 4.429, ""diff_ratio"": 2.644}, {""time"": 1.415, ""score"": 3.27, ""rms_ratio"": 3.776, ""diff_ratio"": 2.832}, {""time"": 5.475, ""score"": 3.235, ""rms_ratio"": 3.668, ""diff_ratio"": 2.854}, {""time"": 6.275, ""score"": 3.078, ""rms_ratio"": 3.239, ""diff_ratio"": 2.924}, {""time"": 5.955, ""score"": 3.006, ""rms_ratio"": 3.755, ""diff_ratio"": 2.406}, {""time"": 5.815, ""score"": 2.828, ""rms_ratio"": 4.213, ""diff_ratio"": 1.898}, {""time"": 6.845, ""score"": 2.613, ""rms_ratio"": 3.393, ""diff_ratio"": 2.012}, {""time"": 4.345, ""score"": 2.06, ""rms_ratio"": 1.297, ""diff_ratio"": 3.274}, {""time"": 0.425, ""score"": 1.913, ""rms_ratio"": 2.136, ""diff_ratio"": 1.714}, {""time"": 0.125, ""score"": 1.888, ""rms_ratio"": 1.411, ""diff_ratio"": 2.526}]",7.000,ffprobe,7.019,6.385,0.615,fly,pending,medium,,,,Mike Yastrzemski's sacrifice fly Mike Yastrzemski's sacrifice fly Mike Yastrzemski's sacrifice fly Mike Yastrzemski hits a towering fly ball to right field for a sacrifice fly to increase the Giants' lead to 3-0,https://mlb-cuts-diamond.mlb.com/FORGE/2024/2024-07/27/4f423428-2560fc43-d8fafa6c-csvm-diamondx64-asset-4000K.mp4,MLB_745310_mike-yastrzemski-out-on-a-sacrifice-fly-to-right-fielder-jake-cave-cu,raw_sources\MLB_745310_mike-yastrzemski-out-on-a-sacrifice-fly-to-right-fielder-jake-cave-cu_Mike_Yastrzemski_s_sacrifice_fly_Mike_Yastrzemski_s_sacrifice_fly_Mike_Yastrzemski_s_sacr.mp4,17.628,24.628,,no,audit_checkpoint_001,148
1059,Codex_Workstation,F_1167,dataset/fly_ball/Codex_Workstation/F_1167,4,direct_use_candidate,audio_and_context_pass,,qwen_spot_check,annotated_contact_audio_confirmed,1.950,2.050,2.025,2.025,2.853,2.886,2.819,2.025,0.025,2.025,2.853,"[{""time"": 2.025, ""score"": 2.853, ""rms_ratio"": 2.886, ""diff_ratio"": 2.819}, {""time"": 2.245, ""score"": 2.541, ""rms_ratio"": 2.457, ""diff_ratio"": 2.628}, {""time"": 2.895, ""score"": 2.536, ""rms_ratio"": 2.125, ""diff_ratio"": 3.026}, {""time"": 2.505, ""score"": 2.441, ""rms_ratio"": 2.319, ""diff_ratio"": 2.569}, {""time"": 3.425, ""score"": 2.213, ""rms_ratio"": 2.117, ""diff_ratio"": 2.314}, {""time"": 2.405, ""score"": 2.086, ""rms_ratio"": 1.53, ""diff_ratio"": 2.844}, {""time"": 4.555, ""score"": 1.982, ""rms_ratio"": 2.028, ""diff_ratio"": 1.936}, {""time"": 3.205, ""score"": 1.773, ""rms_ratio"": 1.714, ""diff_ratio"": 1.833}]",7.006,ffprobe,7.019,2.025,4.981,line_drive,pending,medium,,,,Matt Chapman's sweet snag Matt Chapman's sweet snag Matt Chapman's sweet snag Matt Chapman leans to catch a hard-hit line drive off the bat of Brent Rooker for the first out of the 9th inning,https://mlb-cuts-diamond.mlb.com/FORGE/2024/2024-07/31/9cfb1a7d-e35332ff-fafe6bab-csvm-diamondx64-asset_1280x720_59_4000K.mp4,MLB_745306_brent-rooker-lines-out-to-third-baseman-matt-chapman,raw_sources\MLB_745306_brent-rooker-lines-out-to-third-baseman-matt-chapman_Matt_Chapman_s_sweet_snag_Matt_Chapman_s_sweet_snag_Matt_Chapman_s_sweet_snag_Matt_Chapman_leans_to_catch_.mp4,1.240,8.240,,no,audit_checkpoint_001,149
1058,Codex_Workstation,F_1166,dataset/fly_ball/Codex_Workstation/F_1166,4,direct_use_candidate,audio_and_context_pass,,qwen_spot_check,annotated_contact_audio_confirmed,1.950,2.050,2.025,2.025,8.410,5.655,12.506,2.025,0.025,2.025,8.410,"[{""time"": 2.025, ""score"": 8.41, ""rms_ratio"": 5.655, ""diff_ratio"": 12.506}, {""time"": 4.985, ""score"": 4.267, ""rms_ratio"": 3.642, ""diff_ratio"": 4.999}, {""time"": 4.275, ""score"": 3.86, ""rms_ratio"": 3.364, ""diff_ratio"": 4.43}, {""time"": 6.285, ""score"": 3.459, ""rms_ratio"": 3.22, ""diff_ratio"": 3.716}, {""time"": 6.635, ""score"": 2.892, ""rms_ratio"": 3.125, ""diff_ratio"": 2.676}, {""time"": 4.075, ""score"": 2.779, ""rms_ratio"": 1.443, ""diff_ratio"": 5.349}, {""time"": 6.895, ""score"": 2.537, ""rms_ratio"": 1.504, ""diff_ratio"": 4.279}, {""time"": 3.775, ""score"": 2.495, ""rms_ratio"": 2.888, ""diff_ratio"": 2.154}, {""time"": 5.565, ""score"": 2.444, ""rms_ratio"": 2.796, ""diff_ratio"": 2.137}, {""time"": 1.625, ""score"": 2.167, ""rms_ratio"": 1.099, ""diff_ratio"": 4.275}, {""time"": 4.635, ""score"": 1.862, ""rms_ratio"": 1.661, ""diff_ratio"": 2.087}, {""time"": 5.855, ""score"": 1.771, ""rms_ratio"": 2.174, ""diff_ratio"": 1.442}, {""time"": 2.205, ""score"": 1.698, ""rms_ratio"": 1.893, ""diff_ratio"": 1.522}, {""time"": 4.765, ""score"": 1.691, ""rms_ratio"": 1.489, ""diff_ratio"": 1.921}]",7.007,ffprobe,7.019,2.025,4.982,line_drive,pending,medium,,,,Jorge Polanco's nice snag Jorge Polanco's nice snag Jorge Polanco's nice snag Jorge Polanco makes a sprawling snag on a sharp line drive to take a hit away from Carlos Santana,https://mlb-cuts-diamond.mlb.com/FORGE/2024/2024-06/28/99878a77-2b6f94a8-39c477da-csvm-diamondx64-asset_1280x720_59_4000K.mp4,MLB_745238_carlos-santana-lines-out-sharply-to-second-baseman-jorge-polanco,raw_sources\MLB_745238_carlos-santana-lines-out-sharply-to-second-baseman-jorge-polanco_Jorge_Polanco_s_nice_snag_Jorge_Polanco_s_nice_snag_Jorge_Polanco_s_nice_snag_Jorge_Polanco_ma.mp4,0.160,7.160,,no,audit_checkpoint_001,150
1057,Codex_Workstation,F_1165,dataset/fly_ball/Codex_Workstation/F_1165,4,needs_edit,clip_too_short,insufficient_post_contact_context,recover_source_and_recut_longer,annotated_contact_audio_confirmed,2.905,3.005,2.975,2.975,3.289,4.432,2.441,2.975,0.020,2.285,3.383,"[{""time"": 2.285, ""score"": 3.383, ""rms_ratio"": 1.793, ""diff_ratio"": 6.386}, {""time"": 2.975, ""score"": 3.289, ""rms_ratio"": 4.432, ""diff_ratio"": 2.441}, {""time"": 5.455, ""score"": 2.997, ""rms_ratio"": 2.406, ""diff_ratio"": 3.733}, {""time"": 2.015, ""score"": 2.81, ""rms_ratio"": 1.66, ""diff_ratio"": 4.757}, {""time"": 6.405, ""score"": 2.755, ""rms_ratio"": 3.261, ""diff_ratio"": 2.327}, {""time"": 5.635, ""score"": 2.712, ""rms_ratio"": 1.533, ""diff_ratio"": 4.796}, {""time"": 0.265, ""score"": 2.709, ""rms_ratio"": 3.004, ""diff_ratio"": 2.444}, {""time"": 1.315, ""score"": 2.64, ""rms_ratio"": 2.072, ""diff_ratio"": 3.364}, {""time"": 0.815, ""score"": 2.629, ""rms_ratio"": 2.135, ""diff_ratio"": 3.237}, {""time"": 2.525, ""score"": 2.626, ""rms_ratio"": 2.136, ""diff_ratio"": 3.229}, {""time"": 3.715, ""score"": 2.587, ""rms_ratio"": 2.201, ""diff_ratio"": 3.04}, {""time"": 0.975, ""score"": 2.582, ""rms_ratio"": 1.516, ""diff_ratio"": 4.4}, {""time"": 0.505, ""score"": 2.501, ""rms_ratio"": 2.601, ""diff_ratio"": 2.404}, {""time"": 1.765, ""score"": 2.428, ""rms_ratio"": 2.183, ""diff_ratio"": 2.7}, {""time"": 2.695, ""score"": 2.197, ""rms_ratio"": 1.814, ""diff_ratio"": 2.662}, {""time"": 0.645, ""score"": 2.082, ""rms_ratio"": 1.1, ""diff_ratio"": 3.94}]",7.006,ffprobe,6.976,2.975,4.031,fly,pending,medium,,,,"Daulton Varsho's jaw-dropping catch Daulton Varsho's jaw-dropping catch Daulton Varsho's jaw-dropping catch Daulton Varsho tracks a fly ball hit to left-center field and makes the catch as he crashes into the wall, taking a big hit away from Luke Raley",https://mlb-cuts-diamond.mlb.com/FORGE/2024/2024-07/05/1d45e7e7-9caf817d-56e67ce0-csvm-diamondx64-asset_1280x720_59_4000K.mp4,MLB_745237_luke-raley-flies-out-sharply-to-left-fielder-daulton-varsho,raw_sources\MLB_745237_luke-raley-flies-out-sharply-to-left-fielder-daulton-varsho_Daulton_Varsho_s_jaw-dropping_catch_Daulton_Varsho_s_jaw-dropping_catch_Daulton_Varsho_s_jaw-droppi.mp4,21.745,28.745,,no,audit_checkpoint_001,151
1056,Codex_Workstation,F_1164,dataset/fly_ball/Codex_Workstation/F_1164,4,needs_edit,clip_too_short,insufficient_post_contact_context,recover_source_and_recut_longer,annotated_contact_audio_confirmed,1.950,2.050,2.025,2.025,3.126,3.413,2.864,2.025,0.025,2.025,3.126,"[{""time"": 2.025, ""score"": 3.126, ""rms_ratio"": 3.413, ""diff_ratio"": 2.864}, {""time"": 1.475, ""score"": 3.089, ""rms_ratio"": 3.523, ""diff_ratio"": 2.709}, {""time"": 1.345, ""score"": 2.731, ""rms_ratio"": 2.915, ""diff_ratio"": 2.557}, {""time"": 1.925, ""score"": 2.546, ""rms_ratio"": 1.169, ""diff_ratio"": 5.544}, {""time"": 1.785, ""score"": 2.473, ""rms_ratio"": 2.855, ""diff_ratio"": 2.142}, {""time"": 3.045, ""score"": 2.405, ""rms_ratio"": 2.627, ""diff_ratio"": 2.203}, {""time"": 3.255, ""score"": 2.332, ""rms_ratio"": 1.162, ""diff_ratio"": 4.682}, {""time"": 6.675, ""score"": 2.321, ""rms_ratio"": 1.077, ""diff_ratio"": 5.002}, {""time"": 2.665, ""score"": 2.217, ""rms_ratio"": 2.489, ""diff_ratio"": 1.975}, {""time"": 2.395, ""score"": 2.198, ""rms_ratio"": 2.414, ""diff_ratio"": 2.001}, {""time"": 4.025, ""score"": 2.177, ""rms_ratio"": 1.224, ""diff_ratio"": 3.873}, {""time"": 1.605, ""score"": 2.161, ""rms_ratio"": 1.745, ""diff_ratio"": 2.676}, {""time"": 3.505, ""score"": 2.12, ""rms_ratio"": 2.526, ""diff_ratio"": 1.778}, {""time"": 1.045, ""score"": 2.032, ""rms_ratio"": 2.214, ""diff_ratio"": 1.865}, {""time"": 5.545, ""score"": 2.024, ""rms_ratio"": 2.026, ""diff_ratio"": 2.021}, {""time"": 3.385, ""score"": 2.023, ""rms_ratio"": 2.772, ""diff_ratio"": 1.477}]",7.007,ffprobe,7.019,2.025,4.982,fly,pending,medium,,,,Joey Loperfido's great diving catch Joey Loperfido's great diving catch Joey Loperfido's great diving catch Joey Loperfido chases down a hooking fly ball and makes great diving catch to rob Mitch Garver of extra bases,https://mlb-cuts-diamond.mlb.com/FORGE/2024/2024-07/20/a2206501-7471c868-a2ec454d-csvm-diamondx64-asset_1280x720_59_4000K.mp4,MLB_745229_ryan-pressly-in-play-out-s-to-mitch-garver-f2fh6l,raw_sources\MLB_745229_ryan-pressly-in-play-out-s-to-mitch-garver-f2fh6l_Joey_Loperfido_s_great_diving_catch_Joey_Loperfido_s_great_diving_catch_Joey_Loperfido_s_great_diving_catch_J.mp4,4.720,11.720,,no,audit_checkpoint_001,152
1055,Codex_Workstation,F_1163,dataset/fly_ball/Codex_Workstation/F_1163,4,needs_edit,clip_too_short,insufficient_post_contact_context,recover_source_and_recut_longer,annotated_contact_audio_confirmed,1.950,2.050,2.025,2.025,2.994,3.333,2.690,2.025,0.025,2.025,2.994,"[{""time"": 2.025, ""score"": 2.994, ""rms_ratio"": 3.333, ""diff_ratio"": 2.69}, {""time"": 3.185, ""score"": 2.693, ""rms_ratio"": 2.507, ""diff_ratio"": 2.891}, {""time"": 2.315, ""score"": 2.513, ""rms_ratio"": 2.457, ""diff_ratio"": 2.57}, {""time"": 3.915, ""score"": 2.484, ""rms_ratio"": 2.013, ""diff_ratio"": 3.066}, {""time"": 1.625, ""score"": 2.483, ""rms_ratio"": 2.013, ""diff_ratio"": 3.062}, {""time"": 2.765, ""score"": 2.364, ""rms_ratio"": 1.33, ""diff_ratio"": 4.201}, {""time"": 1.755, ""score"": 2.301, ""rms_ratio"": 1.828, ""diff_ratio"": 2.896}, {""time"": 1.515, ""score"": 2.28, ""rms_ratio"": 1.967, ""diff_ratio"": 2.642}, {""time"": 2.615, ""score"": 2.275, ""rms_ratio"": 1.755, ""diff_ratio"": 2.95}, {""time"": 3.295, ""score"": 2.273, ""rms_ratio"": 1.679, ""diff_ratio"": 3.076}, {""time"": 4.265, ""score"": 2.196, ""rms_ratio"": 1.874, ""diff_ratio"": 2.574}, {""time"": 4.645, ""score"": 2.031, ""rms_ratio"": 1.994, ""diff_ratio"": 2.069}, {""time"": 3.755, ""score"": 1.815, ""rms_ratio"": 1.759, ""diff_ratio"": 1.872}, {""time"": 2.165, ""score"": 1.808, ""rms_ratio"": 1.912, ""diff_ratio"": 1.71}, {""time"": 1.305, ""score"": 1.797, ""rms_ratio"": 1.372, ""diff_ratio"": 2.355}, {""time"": 6.465, ""score"": 1.78, ""rms_ratio"": 2.177, ""diff_ratio"": 1.455}]",7.006,ffprobe,7.019,2.025,4.981,fly,pending,medium,,,,Johan Rojas' inning-ending diving catch Johan Rojas' inning-ending diving catch Johan Rojas makes inning-ending diving catch in 1st Johan Rojas charges a fly ball and lays out to make an inning-ending diving catch in the 1st frame,https://mlb-cuts-diamond.mlb.com/FORGE/2024/2024-04/08/0c5d5a9f-198a9cf2-84d62e30-csvm-diamondx64-asset_1280x720_59_4000K.mp4,MLB_745194_nolan-gorman-flies-out-to-center-fielder-johan-rojas,raw_sources\MLB_745194_nolan-gorman-flies-out-to-center-fielder-johan-rojas_Johan_Rojas_inning-ending_diving_catch_Johan_Rojas_inning-ending_diving_catch_Jo.mp4,5.660,12.660,,no,audit_checkpoint_001,153
1054,Codex_Workstation,F_1162,dataset/fly_ball/Codex_Workstation/F_1162,4,direct_use_candidate,audio_and_context_pass,,qwen_spot_check,annotated_contact_audio_confirmed,1.010,1.110,1.075,1.075,10.907,6.680,17.808,1.075,0.015,1.075,10.907,"[{""time"": 1.075, ""score"": 10.907, ""rms_ratio"": 6.68, ""diff_ratio"": 17.808}, {""time"": 1.935, ""score"": 4.078, ""rms_ratio"": 2.054, ""diff_ratio"": 8.097}, {""time"": 3.985, ""score"": 3.822, ""rms_ratio"": 1.826, ""diff_ratio"": 8.001}, {""time"": 2.565, ""score"": 3.287, ""rms_ratio"": 1.782, ""diff_ratio"": 6.065}, {""time"": 6.195, ""score"": 3.222, ""rms_ratio"": 2.302, ""diff_ratio"": 4.511}, {""time"": 5.175, ""score"": 3.137, ""rms_ratio"": 1.729, ""diff_ratio"": 5.69}, {""time"": 2.035, ""score"": 3.127, ""rms_ratio"": 1.629, ""diff_ratio"": 6.002}, {""time"": 5.755, ""score"": 2.769, ""rms_ratio"": 2.329, ""diff_ratio"": 3.292}, {""time"": 3.105, ""score"": 2.596, ""rms_ratio"": 1.262, ""diff_ratio"": 5.339}, {""time"": 5.295, ""score"": 2.527, ""rms_ratio"": 1.998, ""diff_ratio"": 3.196}, {""time"": 4.785, ""score"": 2.519, ""rms_ratio"": 3.16, ""diff_ratio"": 2.007}, {""time"": 4.565, ""score"": 2.445, ""rms_ratio"": 2.365, ""diff_ratio"": 2.528}, {""time"": 6.095, ""score"": 2.415, ""rms_ratio"": 2.286, ""diff_ratio"": 2.552}, {""time"": 6.945, ""score"": 2.221, ""rms_ratio"": 2.717, ""diff_ratio"": 1.815}, {""time"": 5.565, ""score"": 2.214, ""rms_ratio"": 1.981, ""diff_ratio"": 2.474}, {""time"": 4.995, ""score"": 2.139, ""rms_ratio"": 2.11, ""diff_ratio"": 2.168}]",7.014,ffprobe,7.014,1.075,5.939,line_drive,pending,medium,,,,Michael Siani's sliding catch Michael Siani's sliding catch Michael Siani's sliding catch Michael Siani races into right-center field and slides to catch a hard-hit Marcell Ozuna line drive in the top of the 1st inning,https://mlb-cuts-diamond.mlb.com/FORGE/2024/2024-06/26/565c83e2-04b16c44-5495175b-csvm-diamondx64-asset_1280x720_59_4000K.mp4,MLB_745158_marcell-ozuna-lines-out-sharply-to-center-fielder-michael-siani,raw_sources\MLB_745158_marcell-ozuna-lines-out-sharply-to-center-fielder-michael-siani_Michael_Siani_s_sliding_catch_Michael_Siani_s_sliding_catch_Michael_Siani_s_sliding_catch_Micha.mp4,0.000,7.000,,no,audit_checkpoint_001,154
1053,Codex_Workstation,F_1161,dataset/fly_ball/Codex_Workstation/F_1161,4,needs_edit,contact_timestamp_wrong,contact_timestamp_wrong,retime_from_local_audio_candidate;qwen_confirm_visual_contact_near_candidate,likely_contact_timestamp_wrong,1.950,2.050,2.245,2.015,2.213,2.617,1.872,2.015,0.015,2.245,3.745,"[{""time"": 2.245, ""score"": 3.745, ""rms_ratio"": 2.637, ""diff_ratio"": 5.316}, {""time"": 1.035, ""score"": 2.478, ""rms_ratio"": 1.239, ""diff_ratio"": 4.956}, {""time"": 6.795, ""score"": 2.343, ""rms_ratio"": 1.296, ""diff_ratio"": 4.237}, {""time"": 3.065, ""score"": 2.337, ""rms_ratio"": 1.132, ""diff_ratio"": 4.825}, {""time"": 2.015, ""score"": 2.213, ""rms_ratio"": 2.617, ""diff_ratio"": 1.872}, {""time"": 5.365, ""score"": 2.13, ""rms_ratio"": 1.092, ""diff_ratio"": 4.154}, {""time"": 3.425, ""score"": 2.111, ""rms_ratio"": 1.24, ""diff_ratio"": 3.592}, {""time"": 2.365, ""score"": 1.987, ""rms_ratio"": 2.308, ""diff_ratio"": 1.711}, {""time"": 4.525, ""score"": 1.974, ""rms_ratio"": 0.881, ""diff_ratio"": 3.898}, {""time"": 0.635, ""score"": 1.966, ""rms_ratio"": 1.037, ""diff_ratio"": 3.727}, {""time"": 1.905, ""score"": 1.83, ""rms_ratio"": 2.413, ""diff_ratio"": 1.388}, {""time"": 1.585, ""score"": 1.714, ""rms_ratio"": 1.527, ""diff_ratio"": 1.924}]",7.007,ffprobe,7.019,2.245,4.762,line_drive,pending,medium,,,,"Zack Short's two-run single Zack Short's two-run single Zack Short's two-run single Zack Short sends a line drive to center field to bring in two runs, extending the Braves' lead to 3-0 in the top of the 2nd",https://mlb-cuts-diamond.mlb.com/FORGE/2024/2024-06/26/4ddc43fb-3f0f85f1-02114512-csvm-diamondx64-asset_1280x720_59_4000K.mp4,MLB_745157_kyle-gibson-in-play-run-s-to-zack-short,raw_sources\MLB_745157_kyle-gibson-in-play-run-s-to-zack-short_Zack_Short_s_two-run_single_Zack_Short_s_two-run_single_Zack_Short_s_two-run_single_Zack_Short_sends_a_line_drive_to_ce.mp4,13.760,20.760,,no,audit_checkpoint_001,155
1052,Codex_Workstation,F_1160,dataset/fly_ball/Codex_Workstation/F_1160,4,direct_use_candidate,audio_and_context_pass,,qwen_spot_check,annotated_contact_audio_confirmed,1.950,2.050,2.025,2.025,2.219,2.896,1.700,2.025,0.025,4.735,2.740,"[{""time"": 4.735, ""score"": 2.74, ""rms_ratio"": 1.312, ""diff_ratio"": 5.721}, {""time"": 5.975, ""score"": 2.618, ""rms_ratio"": 1.185, ""diff_ratio"": 5.786}, {""time"": 6.175, ""score"": 2.47, ""rms_ratio"": 1.286, ""diff_ratio"": 4.744}, {""time"": 2.495, ""score"": 2.38, ""rms_ratio"": 1.285, ""diff_ratio"": 4.407}, {""time"": 4.925, ""score"": 2.373, ""rms_ratio"": 1.869, ""diff_ratio"": 3.014}, {""time"": 5.395, ""score"": 2.276, ""rms_ratio"": 1.225, ""diff_ratio"": 4.227}, {""time"": 6.845, ""score"": 2.255, ""rms_ratio"": 1.292, ""diff_ratio"": 3.937}, {""time"": 2.025, ""score"": 2.219, ""rms_ratio"": 2.896, ""diff_ratio"": 1.7}, {""time"": 0.535, ""score"": 2.166, ""rms_ratio"": 1.09, ""diff_ratio"": 4.304}, {""time"": 5.585, ""score"": 2.149, ""rms_ratio"": 1.265, ""diff_ratio"": 3.65}, {""time"": 2.315, ""score"": 2.057, ""rms_ratio"": 3.016, ""diff_ratio"": 1.403}, {""time"": 4.545, ""score"": 1.799, ""rms_ratio"": 1.733, ""diff_ratio"": 1.867}, {""time"": 1.475, ""score"": 1.707, ""rms_ratio"": 1.013, ""diff_ratio"": 2.874}, {""time"": 3.965, ""score"": 1.659, ""rms_ratio"": 1.479, ""diff_ratio"": 1.86}]",7.007,ffprobe,7.019,2.025,4.982,line_drive,pending,medium,,,,"Jarred Kelenic's RBI single Jarred Kelenic's RBI single Jarred Kelenic's RBI single Jarred Kelenic launches a line drive to right field, increasing the Braves' lead to 4-0 against the Cardinals in the top of the 2nd",https://mlb-cuts-diamond.mlb.com/FORGE/2024/2024-06/26/efb7715b-5280617f-6de1c194-csvm-diamondx64-asset_1280x720_59_4000K.mp4,MLB_745157_kyle-gibson-in-play-run-s-to-jarred-kelenic,raw_sources\MLB_745157_kyle-gibson-in-play-run-s-to-jarred-kelenic_Jarred_Kelenic_s_RBI_single_Jarred_Kelenic_s_RBI_single_Jarred_Kelenic_s_RBI_single_Jarred_Kelenic_launches_a_line_.mp4,11.060,18.060,,no,audit_checkpoint_001,156
1051,Codex_Workstation,F_1159,dataset/fly_ball/Codex_Workstation/F_1159,4,direct_use_candidate,audio_and_context_pass,,qwen_spot_check,annotated_contact_audio_confirmed,1.650,1.750,1.725,1.725,11.163,6.700,18.598,1.725,0.025,1.725,11.163,"[{""time"": 1.725, ""score"": 11.163, ""rms_ratio"": 6.7, ""diff_ratio"": 18.598}, {""time"": 5.735, ""score"": 6.76, ""rms_ratio"": 3.472, ""diff_ratio"": 13.162}, {""time"": 3.615, ""score"": 4.999, ""rms_ratio"": 3.791, ""diff_ratio"": 6.593}, {""time"": 4.135, ""score"": 4.882, ""rms_ratio"": 3.906, ""diff_ratio"": 6.104}, {""time"": 5.625, ""score"": 4.793, ""rms_ratio"": 3.289, ""diff_ratio"": 6.984}, {""time"": 6.025, ""score"": 4.561, ""rms_ratio"": 3.735, ""diff_ratio"": 5.57}, {""time"": 4.285, ""score"": 4.423, ""rms_ratio"": 3.287, ""diff_ratio"": 5.953}, {""time"": 3.345, ""score"": 4.344, ""rms_ratio"": 3.071, ""diff_ratio"": 6.145}, {""time"": 5.505, ""score"": 4.321, ""rms_ratio"": 2.915, ""diff_ratio"": 6.405}, {""time"": 3.175, ""score"": 4.034, ""rms_ratio"": 2.894, ""diff_ratio"": 5.623}, {""time"": 4.765, ""score"": 3.984, ""rms_ratio"": 2.963, ""diff_ratio"": 5.357}, {""time"": 3.955, ""score"": 3.601, ""rms_ratio"": 2.973, ""diff_ratio"": 4.362}, {""time"": 4.625, ""score"": 3.585, ""rms_ratio"": 2.088, ""diff_ratio"": 6.156}, {""time"": 4.915, ""score"": 3.429, ""rms_ratio"": 3.027, ""diff_ratio"": 3.884}, {""time"": 2.885, ""score"": 3.301, ""rms_ratio"": 2.367, ""diff_ratio"": 4.604}, {""time"": 5.075, ""score"": 3.163, ""rms_ratio"": 3.093, ""diff_ratio"": 3.234}]",7.014,ffprobe,7.014,1.725,5.289,line_drive,pending,medium,,,,Vaughn Grissom's snag at second Vaughn Grissom's snag at second Vaughn Grissom's snag at second Vaughn Grissom drops to his left to snag a line drive off the bat of Yandy Díaz before firing to first for the out,https://mlb-cuts-diamond.mlb.com/FORGE/2024/2024-05/22/139574d6-d5bc5f06-0324adbb-csvm-diamondx64-asset_1280x720_59_4000K.mp4,MLB_745089_brayan-bello-in-play-out-s-to-yandy-diaz-qjhbwh,raw_sources\MLB_745089_brayan-bello-in-play-out-s-to-yandy-diaz-qjhbwh_Vaughn_Grissom_s_snag_at_second_Vaughn_Grissom_s_snag_at_second_Vaughn_Grissom_s.mp4,0.000,7.000,,no,audit_checkpoint_001,157
1050,Codex_Workstation,F_1158,dataset/fly_ball/Codex_Workstation/F_1158,4,direct_use_candidate,audio_and_context_pass,,qwen_spot_check,annotated_contact_audio_confirmed,1.650,1.750,1.725,1.725,11.237,6.448,19.581,1.725,0.025,1.725,11.237,"[{""time"": 1.725, ""score"": 11.237, ""rms_ratio"": 6.448, ""diff_ratio"": 19.581}, {""time"": 5.785, ""score"": 4.567, ""rms_ratio"": 2.411, ""diff_ratio"": 8.652}, {""time"": 5.595, ""score"": 3.846, ""rms_ratio"": 1.833, ""diff_ratio"": 8.069}, {""time"": 6.825, ""score"": 3.692, ""rms_ratio"": 1.633, ""diff_ratio"": 8.347}, {""time"": 6.555, ""score"": 3.362, ""rms_ratio"": 2.26, ""diff_ratio"": 5.001}, {""time"": 5.355, ""score"": 3.103, ""rms_ratio"": 2.407, ""diff_ratio"": 4.0}, {""time"": 6.085, ""score"": 2.86, ""rms_ratio"": 2.423, ""diff_ratio"": 3.375}, {""time"": 6.415, ""score"": 2.795, ""rms_ratio"": 1.685, ""diff_ratio"": 4.635}, {""time"": 6.225, ""score"": 2.77, ""rms_ratio"": 2.347, ""diff_ratio"": 3.269}, {""time"": 5.945, ""score"": 2.669, ""rms_ratio"": 1.693, ""diff_ratio"": 4.209}, {""time"": 3.525, ""score"": 2.437, ""rms_ratio"": 2.192, ""diff_ratio"": 2.708}, {""time"": 3.395, ""score"": 2.36, ""rms_ratio"": 1.848, ""diff_ratio"": 3.014}, {""time"": 6.995, ""score"": 2.238, ""rms_ratio"": 1.572, ""diff_ratio"": 3.187}, {""time"": 5.475, ""score"": 2.196, ""rms_ratio"": 1.563, ""diff_ratio"": 3.086}, {""time"": 6.655, ""score"": 2.181, ""rms_ratio"": 1.623, ""diff_ratio"": 2.93}, {""time"": 0.155, ""score"": 2.096, ""rms_ratio"": 1.157, ""diff_ratio"": 3.795}]",7.014,ffprobe,7.014,1.725,5.289,line_drive,pending,medium,,,,Michael Massey makes a great barehanded play Michael Massey makes a great barehanded play Michael Massey makes a great barehanded play Michael Massey barehands a line drive that bounces off Seth Lugo's glove and throws a strike to first to record the out,https://mlb-cuts-diamond.mlb.com/FORGE/2024/2024-05/24/13d4f108-f3eec0c8-0f215289-csvm-diamondx64-asset_1280x720_59_4000K.mp4,MLB_745087_michael-massey-makes-a-great-barehanded-play,raw_sources\MLB_745087_michael-massey-makes-a-great-barehanded-play_Michael_Massey_makes_a_great_barehanded_play_Michael_Massey_makes_a_great_bareha.mp4,0.000,7.000,,no,audit_checkpoint_001,158
1049,Codex_Workstation,F_1157,dataset/fly_ball/Codex_Workstation/F_1157,4,direct_use_candidate,audio_and_context_pass,,qwen_spot_check,annotated_contact_audio_confirmed,1.950,2.050,2.035,2.035,2.537,2.255,2.854,2.035,0.035,1.185,3.558,"[{""time"": 1.185, ""score"": 3.558, ""rms_ratio"": 1.918, ""diff_ratio"": 6.601}, {""time"": 2.245, ""score"": 2.541, ""rms_ratio"": 1.498, ""diff_ratio"": 4.311}, {""time"": 2.035, ""score"": 2.537, ""rms_ratio"": 2.255, ""diff_ratio"": 2.854}, {""time"": 4.185, ""score"": 2.419, ""rms_ratio"": 1.237, ""diff_ratio"": 4.73}, {""time"": 3.885, ""score"": 2.33, ""rms_ratio"": 1.357, ""diff_ratio"": 3.999}, {""time"": 3.715, ""score"": 2.216, ""rms_ratio"": 1.148, ""diff_ratio"": 4.276}, {""time"": 2.485, ""score"": 2.176, ""rms_ratio"": 1.558, ""diff_ratio"": 3.038}, {""time"": 3.305, ""score"": 2.05, ""rms_ratio"": 2.262, ""diff_ratio"": 1.858}, {""time"": 0.735, ""score"": 2.032, ""rms_ratio"": 0.906, ""diff_ratio"": 4.128}, {""time"": 6.555, ""score"": 1.987, ""rms_ratio"": 1.995, ""diff_ratio"": 1.979}, {""time"": 2.925, ""score"": 1.968, ""rms_ratio"": 1.863, ""diff_ratio"": 2.078}, {""time"": 2.615, ""score"": 1.96, ""rms_ratio"": 1.642, ""diff_ratio"": 2.341}, {""time"": 4.035, ""score"": 1.887, ""rms_ratio"": 1.833, ""diff_ratio"": 1.943}, {""time"": 4.315, ""score"": 1.843, ""rms_ratio"": 2.104, ""diff_ratio"": 1.614}, {""time"": 3.075, ""score"": 1.791, ""rms_ratio"": 2.02, ""diff_ratio"": 1.588}, {""time"": 1.775, ""score"": 1.778, ""rms_ratio"": 1.726, ""diff_ratio"": 1.833}]",7.007,ffprobe,7.019,2.035,4.972,line_drive,pending,medium,,,,Joey Meneses makes a sweet snag Joey Meneses makes a sweet snag Joey Meneses makes a sweet snag Joey Meneses makes a nice grab on a line drive from Yandy Díaz in the bottom of the 8th inning,https://mlb-cuts-diamond.mlb.com/FORGE/2024/2024-06/29/b45ab6d4-4483dc8f-4f37acb9-csvm-diamondx64-asset_1280x720_59_4000K.mp4,MLB_745071_hunter-harvey-in-play-out-s-to-yandy-diaz,raw_sources\MLB_745071_hunter-harvey-in-play-out-s-to-yandy-diaz_Joey_Meneses_makes_a_sweet_snag_Joey_Meneses_makes_a_sweet_snag_Joey_Meneses_makes_a_sweet_snag_Joey_Meneses_makes_a_.mp4,0.400,7.400,,no,audit_checkpoint_001,159
1048,Codex_Workstation,F_1156,dataset/fly_ball/Codex_Workstation/F_1156,4,direct_use_candidate,audio_and_context_pass,,qwen_spot_check,annotated_contact_audio_confirmed,1.810,1.910,1.875,1.875,9.393,5.475,16.117,1.875,0.015,1.875,9.393,"[{""time"": 1.875, ""score"": 9.393, ""rms_ratio"": 5.475, ""diff_ratio"": 16.117}, {""time"": 4.885, ""score"": 2.711, ""rms_ratio"": 2.453, ""diff_ratio"": 2.996}, {""time"": 6.865, ""score"": 2.602, ""rms_ratio"": 2.399, ""diff_ratio"": 2.822}, {""time"": 4.165, ""score"": 2.517, ""rms_ratio"": 2.149, ""diff_ratio"": 2.947}, {""time"": 5.245, ""score"": 2.394, ""rms_ratio"": 2.381, ""diff_ratio"": 2.407}, {""time"": 3.585, ""score"": 2.294, ""rms_ratio"": 2.37, ""diff_ratio"": 2.22}, {""time"": 4.605, ""score"": 2.182, ""rms_ratio"": 1.783, ""diff_ratio"": 2.669}, {""time"": 3.815, ""score"": 1.946, ""rms_ratio"": 1.833, ""diff_ratio"": 2.067}, {""time"": 3.455, ""score"": 1.821, ""rms_ratio"": 1.778, ""diff_ratio"": 1.865}, {""time"": 2.805, ""score"": 1.79, ""rms_ratio"": 1.674, ""diff_ratio"": 1.914}, {""time"": 6.685, ""score"": 1.728, ""rms_ratio"": 1.829, ""diff_ratio"": 1.633}, {""time"": 6.555, ""score"": 1.682, ""rms_ratio"": 1.758, ""diff_ratio"": 1.609}, {""time"": 2.925, ""score"": 1.664, ""rms_ratio"": 1.721, ""diff_ratio"": 1.608}]",7.014,ffprobe,7.014,1.875,5.139,line_drive,pending,medium,,,,"Jonny DeLuca's RBI triple Jonny DeLuca's RBI triple Jonny DeLuca's RBI triple Jonny DeLuca triples on a line drive to left, scoring Richie Palacios and extending the Rays' lead to 2-1 in the bottom of the 2nd inning",https://mlb-cuts-diamond.mlb.com/FORGE/2024/2024-07/31/a9120ee5-e2ae5c9f-0cee9064-csvm-diamondx64-asset_1280x720_59_4000K.mp4,MLB_745061_roddery-munoz-in-play-run-s-to-jonny-deluca,raw_sources\MLB_745061_roddery-munoz-in-play-run-s-to-jonny-deluca_Jonny_DeLuca_s_RBI_triple_Jonny_DeLuca_s_RBI_triple_Jonny_DeLuca_s_RBI_triple_Jonny_DeLuca_triples_on_a_line_drive_.mp4,0.000,7.000,,no,audit_checkpoint_001,160
1047,Codex_Workstation,F_1155,dataset/fly_ball/Codex_Workstation/F_1155,4,needs_edit,contact_timestamp_wrong,contact_timestamp_wrong;insufficient_post_contact_context,retime_from_local_audio_candidate;qwen_confirm_visual_contact_near_candidate;recover_source_and_recut_longer,likely_contact_timestamp_wrong,1.950,2.050,1.595,2.025,2.720,3.797,1.948,2.025,0.025,1.595,3.271,"[{""time"": 1.595, ""score"": 3.271, ""rms_ratio"": 1.688, ""diff_ratio"": 6.342}, {""time"": 1.345, ""score"": 3.199, ""rms_ratio"": 3.439, ""diff_ratio"": 2.976}, {""time"": 0.575, ""score"": 3.149, ""rms_ratio"": 3.333, ""diff_ratio"": 2.975}, {""time"": 1.895, ""score"": 3.024, ""rms_ratio"": 3.812, ""diff_ratio"": 2.399}, {""time"": 2.485, ""score"": 2.89, ""rms_ratio"": 1.648, ""diff_ratio"": 5.069}, {""time"": 2.025, ""score"": 2.72, ""rms_ratio"": 3.797, ""diff_ratio"": 1.948}, {""time"": 1.705, ""score"": 2.616, ""rms_ratio"": 1.326, ""diff_ratio"": 5.161}, {""time"": 5.165, ""score"": 2.542, ""rms_ratio"": 2.731, ""diff_ratio"": 2.365}, {""time"": 4.105, ""score"": 2.537, ""rms_ratio"": 2.467, ""diff_ratio"": 2.609}, {""time"": 3.965, ""score"": 2.511, ""rms_ratio"": 2.479, ""diff_ratio"": 2.543}, {""time"": 0.055, ""score"": 2.477, ""rms_ratio"": 2.937, ""diff_ratio"": 2.089}, {""time"": 5.055, ""score"": 2.458, ""rms_ratio"": 2.909, ""diff_ratio"": 2.078}, {""time"": 4.885, ""score"": 2.201, ""rms_ratio"": 1.061, ""diff_ratio"": 4.565}, {""time"": 4.275, ""score"": 2.081, ""rms_ratio"": 1.275, ""diff_ratio"": 3.398}, {""time"": 4.645, ""score"": 2.019, ""rms_ratio"": 1.881, ""diff_ratio"": 2.166}, {""time"": 6.015, ""score"": 1.928, ""rms_ratio"": 1.374, ""diff_ratio"": 2.706}]",7.006,ffprobe,7.019,1.595,5.411,fly,pending,medium,,,,DJ Stewart's sliding catch DJ Stewart's sliding catch DJ Stewart's sliding catch DJ Stewart charges in on a soft liner and makes a nice sliding grab to rob Sam Huff of a base hit,https://mlb-cuts-diamond.mlb.com/FORGE/2024/2024-06/17/95420ed8-dfd34b36-8742241b-csvm-diamondx64-asset_1280x720_59_4000K.mp4,MLB_745005_sam-huff-flies-out-to-right-fielder-dj-stewart,sources\MLB_745005_sam-huff-flies-out-to-right-fielder-dj-stewart_DJ_Stewart_s_sliding_catch_DJ_Stewart_s_sliding_catch_DJ_Stewart_s_sliding_catch.mp4,18.640,25.640,,no,audit_checkpoint_001,161
1046,Codex_Workstation,F_1153,dataset/fly_ball/Codex_Workstation/F_1153,4,needs_edit,contact_timestamp_wrong,contact_timestamp_wrong;insufficient_post_contact_context,retime_from_local_audio_candidate;qwen_confirm_visual_contact_near_candidate;recover_source_and_recut_longer,likely_contact_timestamp_wrong,2.954,3.054,2.595,3.025,2.893,2.984,2.804,3.025,0.021,5.495,3.672,"[{""time"": 5.495, ""score"": 3.672, ""rms_ratio"": 1.711, ""diff_ratio"": 7.878}, {""time"": 0.195, ""score"": 3.661, ""rms_ratio"": 2.345, ""diff_ratio"": 5.714}, {""time"": 2.595, ""score"": 3.61, ""rms_ratio"": 1.774, ""diff_ratio"": 7.35}, {""time"": 4.015, ""score"": 3.399, ""rms_ratio"": 1.711, ""diff_ratio"": 6.752}, {""time"": 4.265, ""score"": 3.345, ""rms_ratio"": 1.536, ""diff_ratio"": 7.283}, {""time"": 3.025, ""score"": 2.893, ""rms_ratio"": 2.984, ""diff_ratio"": 2.804}, {""time"": 1.435, ""score"": 2.756, ""rms_ratio"": 1.271, ""diff_ratio"": 5.977}, {""time"": 4.385, ""score"": 2.416, ""rms_ratio"": 1.123, ""diff_ratio"": 5.199}, {""time"": 3.845, ""score"": 2.187, ""rms_ratio"": 2.524, ""diff_ratio"": 1.896}, {""time"": 5.895, ""score"": 2.009, ""rms_ratio"": 1.001, ""diff_ratio"": 4.032}, {""time"": 1.285, ""score"": 1.98, ""rms_ratio"": 2.001, ""diff_ratio"": 1.96}, {""time"": 4.675, ""score"": 1.937, ""rms_ratio"": 2.015, ""diff_ratio"": 1.862}, {""time"": 4.155, ""score"": 1.887, ""rms_ratio"": 2.376, ""diff_ratio"": 1.499}, {""time"": 5.635, ""score"": 1.852, ""rms_ratio"": 2.227, ""diff_ratio"": 1.54}, {""time"": 3.535, ""score"": 1.813, ""rms_ratio"": 1.852, ""diff_ratio"": 1.774}, {""time"": 1.965, ""score"": 1.8, ""rms_ratio"": 1.864, ""diff_ratio"": 1.738}]",7.006,ffprobe,6.997,2.595,4.411,fly,pending,medium,,,,"Tommy Pham's inning-ending sliding catch Tommy Pham's inning-ending sliding catch Tommy Pham's inning-ending sliding catch Tommy Pham charges a fly ball and makes a sliding catch, nabbing Jonah Heim for the third out of the 5th inning",https://mlb-cuts-diamond.mlb.com/FORGE/2024/2024-07/24/bc83db67-c97e090b-91cf3cf6-csvm-diamondx64-asset_1280x720_59_4000K.mp4,MLB_744989_sammy-peralta-in-play-out-s-to-jonah-heim,raw_sources\MLB_744989_sammy-peralta-in-play-out-s-to-jonah-heim_Tommy_Pham_s_inning-ending_sliding_catch_Tommy_Pham_s_inning-ending_sliding_catch_Tommy_Pham_s_inning-ending_sliding_.mp4,2.176,9.176,,no,audit_checkpoint_001,162
1045,Codex_Workstation,F_1152,dataset/fly_ball/Codex_Workstation/F_1152,4,direct_use_candidate,audio_and_context_pass,,qwen_spot_check,annotated_contact_audio_confirmed,1.950,2.050,1.925,1.925,3.447,1.148,10.354,2.015,0.015,1.895,3.846,"[{""time"": 1.895, ""score"": 3.846, ""rms_ratio"": 1.309, ""diff_ratio"": 11.3}, {""time"": 0.545, ""score"": 3.418, ""rms_ratio"": 1.105, ""diff_ratio"": 10.57}, {""time"": 0.005, ""score"": 2.729, ""rms_ratio"": 1.752, ""diff_ratio"": 4.252}, {""time"": 1.145, ""score"": 2.556, ""rms_ratio"": 2.249, ""diff_ratio"": 2.905}, {""time"": 2.515, ""score"": 2.482, ""rms_ratio"": 0.621, ""diff_ratio"": 6.159}, {""time"": 6.315, ""score"": 2.296, ""rms_ratio"": 2.244, ""diff_ratio"": 2.35}, {""time"": 0.935, ""score"": 2.228, ""rms_ratio"": 2.237, ""diff_ratio"": 2.22}, {""time"": 1.585, ""score"": 2.22, ""rms_ratio"": 1.04, ""diff_ratio"": 4.741}, {""time"": 2.625, ""score"": 2.188, ""rms_ratio"": 1.829, ""diff_ratio"": 2.617}, {""time"": 1.255, ""score"": 2.11, ""rms_ratio"": 1.748, ""diff_ratio"": 2.547}, {""time"": 2.845, ""score"": 2.037, ""rms_ratio"": 2.208, ""diff_ratio"": 1.879}, {""time"": 2.125, ""score"": 1.984, ""rms_ratio"": 1.757, ""diff_ratio"": 2.239}, {""time"": 6.785, ""score"": 1.978, ""rms_ratio"": 0.459, ""diff_ratio"": 3.914}, {""time"": 2.015, ""score"": 1.974, ""rms_ratio"": 2.16, ""diff_ratio"": 1.804}, {""time"": 5.965, ""score"": 1.973, ""rms_ratio"": 0.498, ""diff_ratio"": 3.893}, {""time"": 6.595, ""score"": 1.963, ""rms_ratio"": 0.703, ""diff_ratio"": 3.855}]",7.007,ffprobe,7.019,1.925,5.082,line_drive,pending,medium,,,,"Luis Robert Jr. goes deep (12) Luis Robert Jr. goes deep (12) Luis Robert Jr. goes deep (12) Luis Robert Jr. homers on a line drive to left field, giving the White Sox a 2-1 advantage in the 3rd inning",https://mlb-cuts-diamond.mlb.com/FORGE/2024/2024-07/24/dddef9d9-b2b8b873-2b9fb428-csvm-diamondx64-asset_1280x720_59_4000K.mp4,MLB_744989_luis-robert-jr-homers-12-on-a-line-drive-to-left-field,raw_sources\MLB_744989_luis-robert-jr-homers-12-on-a-line-drive-to-left-field_Luis_Robert_Jr._goes_deep_12_Luis_Robert_Jr._goes_deep_12_Luis_Robert_Jr._goes_deep_12_Luis_Robert_Jr._h.mp4,14.660,21.660,,no,audit_checkpoint_001,163
1044,Codex_Workstation,F_1151,dataset/fly_ball/Codex_Workstation/F_1151,4,needs_edit,clip_too_short,insufficient_post_contact_context,recover_source_and_recut_longer,annotated_contact_audio_confirmed,1.950,2.050,2.025,2.025,2.076,2.033,2.119,2.025,0.025,1.475,4.248,"[{""time"": 1.475, ""score"": 4.248, ""rms_ratio"": 1.58, ""diff_ratio"": 11.425}, {""time"": 2.915, ""score"": 3.219, ""rms_ratio"": 1.468, ""diff_ratio"": 7.058}, {""time"": 0.655, ""score"": 2.502, ""rms_ratio"": 2.001, ""diff_ratio"": 3.129}, {""time"": 2.025, ""score"": 2.076, ""rms_ratio"": 2.033, ""diff_ratio"": 2.119}, {""time"": 4.025, ""score"": 1.958, ""rms_ratio"": 0.963, ""diff_ratio"": 3.834}, {""time"": 5.695, ""score"": 1.935, ""rms_ratio"": 0.794, ""diff_ratio"": 3.744}, {""time"": 0.005, ""score"": 1.85, ""rms_ratio"": 1.3, ""diff_ratio"": 2.634}, {""time"": 3.265, ""score"": 1.849, ""rms_ratio"": 0.732, ""diff_ratio"": 3.417}, {""time"": 6.735, ""score"": 1.819, ""rms_ratio"": 1.711, ""diff_ratio"": 1.934}, {""time"": 5.885, ""score"": 1.791, ""rms_ratio"": 1.179, ""diff_ratio"": 2.722}, {""time"": 4.345, ""score"": 1.747, ""rms_ratio"": 1.567, ""diff_ratio"": 1.947}, {""time"": 5.025, ""score"": 1.728, ""rms_ratio"": 1.876, ""diff_ratio"": 1.591}, {""time"": 5.335, ""score"": 1.724, ""rms_ratio"": 1.872, ""diff_ratio"": 1.588}, {""time"": 5.175, ""score"": 1.697, ""rms_ratio"": 1.81, ""diff_ratio"": 1.591}, {""time"": 4.905, ""score"": 1.684, ""rms_ratio"": 1.408, ""diff_ratio"": 2.014}, {""time"": 3.045, ""score"": 1.662, ""rms_ratio"": 1.79, ""diff_ratio"": 1.543}]",7.007,ffprobe,7.019,2.025,4.982,fly,pending,medium,,,,"Tommy Pham's solo home run (5) Tommy Pham's solo home run (5) Tommy Pham's solo home run (5) Tommy Pham homers on a fly ball to center field, giving the White Sox an early 1-0 lead in the 1st",https://mlb-cuts-diamond.mlb.com/FORGE/2024/2024-07/22/2457c583-2abb206b-4cd0ae19-csvm-diamondx64-asset_1280x720_59_4000K.mp4,MLB_744988_tommy-pham-homers-5-on-a-fly-ball-to-center-field-7gsnzx,raw_sources\MLB_744988_tommy-pham-homers-5-on-a-fly-ball-to-center-field-7gsnzx_Tommy_Pham_s_solo_home_run_5_Tommy_Pham_s_solo_home_run_5_Tommy_Pham_s_solo_home_run_5_Tommy_Pham_home.mp4,7.700,14.700,,no,audit_checkpoint_001,164
1043,Codex_Workstation,F_1150,dataset/fly_ball/Codex_Workstation/F_1150,4,direct_use_candidate,audio_and_context_pass,,qwen_spot_check,annotated_contact_audio_confirmed,1.950,2.050,2.015,2.015,3.292,2.822,3.840,2.015,0.015,2.015,3.292,"[{""time"": 2.015, ""score"": 3.292, ""rms_ratio"": 2.822, ""diff_ratio"": 3.84}, {""time"": 4.385, ""score"": 2.032, ""rms_ratio"": 1.284, ""diff_ratio"": 3.214}, {""time"": 0.315, ""score"": 1.834, ""rms_ratio"": 1.536, ""diff_ratio"": 2.19}, {""time"": 6.295, ""score"": 1.819, ""rms_ratio"": 1.898, ""diff_ratio"": 1.744}, {""time"": 1.135, ""score"": 1.769, ""rms_ratio"": 1.751, ""diff_ratio"": 1.787}, {""time"": 6.135, ""score"": 1.722, ""rms_ratio"": 1.229, ""diff_ratio"": 2.414}, {""time"": 0.625, ""score"": 1.709, ""rms_ratio"": 1.42, ""diff_ratio"": 2.056}, {""time"": 1.905, ""score"": 1.66, ""rms_ratio"": 1.373, ""diff_ratio"": 2.006}]",7.007,ffprobe,7.019,2.015,4.992,line_drive,pending,medium,,,,"Marcus Semien's solo home run (14) Marcus Semien's solo home run (14) Marcus Semien's solo home run (14) Marcus Semien homers on a line drive to left field, tying the game at 1 in the bottom of the 3rd",https://mlb-cuts-diamond.mlb.com/FORGE/2024/2024-07/22/157a85d4-83cbb710-6feada85-csvm-diamondx64-asset_1280x720_59_4000K.mp4,MLB_744988_marcus-semien-homers-14-on-a-line-drive-to-left-field,raw_sources\MLB_744988_marcus-semien-homers-14-on-a-line-drive-to-left-field_Marcus_Semien_s_solo_home_run_14_Marcus_Semien_s_solo_home_run_14_Marcus_Semien_s_solo_home_run_14_Marcus.mp4,19.400,26.400,,no,audit_checkpoint_001,165
1042,Codex_Workstation,F_1149,dataset/fly_ball/Codex_Workstation/F_1149,4,needs_edit,clip_too_short,insufficient_post_contact_context,recover_source_and_recut_longer,annotated_contact_audio_confirmed,1.950,2.050,2.015,2.015,2.111,2.052,2.171,2.015,0.015,0.605,2.854,"[{""time"": 0.605, ""score"": 2.854, ""rms_ratio"": 1.637, ""diff_ratio"": 4.977}, {""time"": 1.355, ""score"": 2.799, ""rms_ratio"": 1.523, ""diff_ratio"": 5.143}, {""time"": 0.995, ""score"": 2.145, ""rms_ratio"": 1.658, ""diff_ratio"": 2.777}, {""time"": 2.265, ""score"": 2.137, ""rms_ratio"": 1.479, ""diff_ratio"": 3.087}, {""time"": 2.015, ""score"": 2.111, ""rms_ratio"": 2.052, ""diff_ratio"": 2.171}, {""time"": 0.865, ""score"": 1.829, ""rms_ratio"": 1.788, ""diff_ratio"": 1.872}, {""time"": 0.495, ""score"": 1.774, ""rms_ratio"": 1.053, ""diff_ratio"": 2.989}, {""time"": 0.295, ""score"": 1.691, ""rms_ratio"": 1.568, ""diff_ratio"": 1.824}, {""time"": 4.885, ""score"": 1.677, ""rms_ratio"": 1.396, ""diff_ratio"": 2.014}, {""time"": 1.175, ""score"": 1.662, ""rms_ratio"": 1.905, ""diff_ratio"": 1.451}]",7.006,ffprobe,7.019,2.015,4.991,fly,pending,medium,,,,"Leody Taveras goes yard (7) Leody Taveras goes yard (7) Leody Taveras goes yard (7) Leody Taveras homers on a fly ball to right-center field, tying the game at 2 in the 5th inning",https://mlb-cuts-diamond.mlb.com/FORGE/2024/2024-07/22/bff8704b-5e3f9068-2f571d95-csvm-diamondx64-asset_1280x720_59_4000K.mp4,MLB_744988_leody-taveras-homers-7-on-a-fly-ball-to-right-center-field,raw_sources\MLB_744988_leody-taveras-homers-7-on-a-fly-ball-to-right-center-field_Leody_Taveras_goes_yard_7_Leody_Taveras_goes_yard_7_Leody_Taveras_goes_yard_7_Leody_Taveras_homers_o.mp4,9.360,16.360,,no,audit_checkpoint_001,166
1041,Codex_Workstation,F_1148,dataset/fly_ball/Codex_Workstation/F_1148,4,needs_edit,clip_too_short,insufficient_post_contact_context,recover_source_and_recut_longer,annotated_contact_audio_confirmed,1.950,2.050,2.025,2.025,2.064,2.151,1.981,2.025,0.025,2.465,2.426,"[{""time"": 2.465, ""score"": 2.426, ""rms_ratio"": 1.675, ""diff_ratio"": 3.514}, {""time"": 1.305, ""score"": 2.414, ""rms_ratio"": 2.189, ""diff_ratio"": 2.663}, {""time"": 1.435, ""score"": 2.387, ""rms_ratio"": 2.21, ""diff_ratio"": 2.579}, {""time"": 3.285, ""score"": 2.275, ""rms_ratio"": 1.432, ""diff_ratio"": 3.615}, {""time"": 1.825, ""score"": 2.088, ""rms_ratio"": 2.031, ""diff_ratio"": 2.147}, {""time"": 2.025, ""score"": 2.064, ""rms_ratio"": 2.151, ""diff_ratio"": 1.981}, {""time"": 1.695, ""score"": 2.06, ""rms_ratio"": 2.148, ""diff_ratio"": 1.975}, {""time"": 2.315, ""score"": 2.039, ""rms_ratio"": 1.903, ""diff_ratio"": 2.184}, {""time"": 2.215, ""score"": 2.016, ""rms_ratio"": 1.829, ""diff_ratio"": 2.223}, {""time"": 3.475, ""score"": 1.904, ""rms_ratio"": 1.487, ""diff_ratio"": 2.439}, {""time"": 1.555, ""score"": 1.777, ""rms_ratio"": 1.824, ""diff_ratio"": 1.731}, {""time"": 2.805, ""score"": 1.722, ""rms_ratio"": 1.658, ""diff_ratio"": 1.789}, {""time"": 2.625, ""score"": 1.713, ""rms_ratio"": 1.518, ""diff_ratio"": 1.933}, {""time"": 3.015, ""score"": 1.656, ""rms_ratio"": 1.59, ""diff_ratio"": 1.724}]",7.007,ffprobe,7.019,2.025,4.982,fly,pending,medium,,,,Kevin Kiermaier's leaping catch at the wall Kevin Kiermaier's leaping catch at the wall Kevin Kiermaier's leaping catch at the wall Kevin Kiermaier tracks down a fly ball in deep center and leaps to make a smooth catch in the 6th,https://mlb-cuts-diamond.mlb.com/FORGE/2024/2024-06/19/37ff8bbf-8df2b547-9ffa96a4-csvm-diamondx64-asset_1280x720_59_4000K.mp4,MLB_744920_kevin-gausman-in-play-out-s-to-dominic-smith-sua8sx,raw_sources\MLB_744920_kevin-gausman-in-play-out-s-to-dominic-smith-sua8sx_Kevin_Kiermaier_s_leaping_catch_at_the_wall_Kevin_Kiermaier_s_leaping_catch_at_the_wall_Kevin_Kiermaier_s_l.mp4,6.100,13.100,,no,audit_checkpoint_001,167
1040,Codex_Workstation,F_1146,dataset/fly_ball/Codex_Workstation/F_1146,4,needs_edit,clip_too_short,insufficient_post_contact_context,recover_source_and_recut_longer,annotated_contact_audio_confirmed,1.310,1.410,1.385,1.385,8.713,4.941,15.364,1.385,0.025,1.385,8.713,"[{""time"": 1.385, ""score"": 8.713, ""rms_ratio"": 4.941, ""diff_ratio"": 15.364}, {""time"": 3.475, ""score"": 3.513, ""rms_ratio"": 1.689, ""diff_ratio"": 7.31}, {""time"": 4.535, ""score"": 3.119, ""rms_ratio"": 1.771, ""diff_ratio"": 5.493}, {""time"": 6.515, ""score"": 3.04, ""rms_ratio"": 1.506, ""diff_ratio"": 6.136}, {""time"": 2.075, ""score"": 2.61, ""rms_ratio"": 1.304, ""diff_ratio"": 5.227}, {""time"": 2.745, ""score"": 2.329, ""rms_ratio"": 2.306, ""diff_ratio"": 2.351}, {""time"": 6.995, ""score"": 2.318, ""rms_ratio"": 1.953, ""diff_ratio"": 2.752}, {""time"": 3.885, ""score"": 2.256, ""rms_ratio"": 2.228, ""diff_ratio"": 2.285}, {""time"": 5.935, ""score"": 2.247, ""rms_ratio"": 2.125, ""diff_ratio"": 2.376}, {""time"": 6.295, ""score"": 2.219, ""rms_ratio"": 2.262, ""diff_ratio"": 2.176}, {""time"": 3.245, ""score"": 2.138, ""rms_ratio"": 2.019, ""diff_ratio"": 2.264}, {""time"": 5.135, ""score"": 2.134, ""rms_ratio"": 1.949, ""diff_ratio"": 2.337}, {""time"": 6.065, ""score"": 2.12, ""rms_ratio"": 1.928, ""diff_ratio"": 2.331}, {""time"": 6.695, ""score"": 2.11, ""rms_ratio"": 2.126, ""diff_ratio"": 2.094}, {""time"": 3.005, ""score"": 2.071, ""rms_ratio"": 2.11, ""diff_ratio"": 2.034}, {""time"": 4.665, ""score"": 2.022, ""rms_ratio"": 2.195, ""diff_ratio"": 1.864}]",7.014,ffprobe,7.014,1.385,5.629,fly,pending,medium,,,,"Richie Palacios catches the final out Richie Palacios catches the final out Richie Palacios catches the final out of the game Richie Palacios fields a fly ball in left field, catching the final out of the game as the Rays defeat the Blue Jays, 13-0",https://mlb-cuts-diamond.mlb.com/FORGE/2024/2024-07/25/c1bc107f-86a7f98b-4fb56809-csvm-diamondx64-asset_1280x720_59_4000K.mp4,MLB_744907_colin-poche-in-play-out-s-to-daulton-varsho,raw_sources\MLB_744907_colin-poche-in-play-out-s-to-daulton-varsho_Richie_Palacios_catches_the_final_out_Richie_Palacios_catches_the_final_out_Richie_Palacios_catches_the_final_out_o.mp4,0.000,7.000,,no,audit_checkpoint_001,168
1039,Codex_Workstation,F_1145,dataset/fly_ball/Codex_Workstation/F_1145,4,direct_use_candidate,audio_and_context_pass,,qwen_spot_check,annotated_contact_audio_confirmed,1.950,2.050,2.025,2.025,2.056,2.554,1.655,2.025,0.025,0.685,2.598,"[{""time"": 0.685, ""score"": 2.598, ""rms_ratio"": 1.212, ""diff_ratio"": 5.567}, {""time"": 5.825, ""score"": 2.468, ""rms_ratio"": 1.253, ""diff_ratio"": 4.862}, {""time"": 6.745, ""score"": 2.459, ""rms_ratio"": 1.102, ""diff_ratio"": 5.487}, {""time"": 2.465, ""score"": 2.401, ""rms_ratio"": 2.202, ""diff_ratio"": 2.618}, {""time"": 2.635, ""score"": 2.109, ""rms_ratio"": 2.354, ""diff_ratio"": 1.89}, {""time"": 1.035, ""score"": 2.092, ""rms_ratio"": 1.734, ""diff_ratio"": 2.522}, {""time"": 2.025, ""score"": 2.056, ""rms_ratio"": 2.554, ""diff_ratio"": 1.655}, {""time"": 2.175, ""score"": 2.014, ""rms_ratio"": 2.283, ""diff_ratio"": 1.776}, {""time"": 2.285, ""score"": 1.991, ""rms_ratio"": 2.276, ""diff_ratio"": 1.741}, {""time"": 2.925, ""score"": 1.989, ""rms_ratio"": 2.18, ""diff_ratio"": 1.815}, {""time"": 5.605, ""score"": 1.823, ""rms_ratio"": 2.237, ""diff_ratio"": 1.486}, {""time"": 2.815, ""score"": 1.696, ""rms_ratio"": 1.913, ""diff_ratio"": 1.503}, {""time"": 0.815, ""score"": 1.672, ""rms_ratio"": 2.103, ""diff_ratio"": 1.329}, {""time"": 3.025, ""score"": 1.67, ""rms_ratio"": 1.62, ""diff_ratio"": 1.721}]",7.006,ffprobe,7.019,2.025,4.981,line_drive,pending,medium,,,,Nolan Gorman starts a double play to end the 10th Nolan Gorman starts a double play to end the 10th Nolan Gorman starts a double play to end the 10th Nolan Gorman snags a line drive and then throws on to Nolan Arenado to complete an inning-ending double play,https://mlb-cuts-diamond.mlb.com/FORGE/2024/2024-07/05/a4b11f34-105d9b67-e058b948-csvm-diamondx64-asset_1280x720_59_4000K.mp4,MLB_744836_ryan-helsley-in-play-out-s-to-juan-yepez,raw_sources\MLB_744836_ryan-helsley-in-play-out-s-to-juan-yepez_Nolan_Gorman_starts_a_double_play_to_end_the_10th_Nolan_Gorman_starts_a_double_play_to_end_the_10th_Nolan_Gorman_start.mp4,2.220,9.220,,no,audit_checkpoint_001,169
1038,Codex_Workstation,F_1144,dataset/fly_ball/Codex_Workstation/F_1144,4,needs_edit,contact_timestamp_wrong,contact_timestamp_wrong,retime_from_local_audio_candidate;qwen_confirm_visual_contact_near_candidate,likely_contact_timestamp_wrong,1.950,2.050,1.605,2.025,3.864,4.141,3.605,2.025,0.025,5.265,5.400,"[{""time"": 5.265, ""score"": 5.4, ""rms_ratio"": 2.382, ""diff_ratio"": 12.24}, {""time"": 1.605, ""score"": 4.492, ""rms_ratio"": 3.766, ""diff_ratio"": 5.358}, {""time"": 6.925, ""score"": 4.188, ""rms_ratio"": 2.882, ""diff_ratio"": 6.085}, {""time"": 0.055, ""score"": 4.07, ""rms_ratio"": 3.886, ""diff_ratio"": 4.263}, {""time"": 0.425, ""score"": 3.976, ""rms_ratio"": 3.39, ""diff_ratio"": 4.664}, {""time"": 2.025, ""score"": 3.864, ""rms_ratio"": 4.141, ""diff_ratio"": 3.605}, {""time"": 2.625, ""score"": 3.789, ""rms_ratio"": 2.864, ""diff_ratio"": 5.013}, {""time"": 2.735, ""score"": 3.712, ""rms_ratio"": 3.123, ""diff_ratio"": 4.411}, {""time"": 0.215, ""score"": 3.538, ""rms_ratio"": 2.95, ""diff_ratio"": 4.244}, {""time"": 3.145, ""score"": 3.454, ""rms_ratio"": 3.616, ""diff_ratio"": 3.3}, {""time"": 3.815, ""score"": 3.365, ""rms_ratio"": 2.937, ""diff_ratio"": 3.855}, {""time"": 6.545, ""score"": 3.204, ""rms_ratio"": 3.199, ""diff_ratio"": 3.21}, {""time"": 6.405, ""score"": 3.189, ""rms_ratio"": 2.784, ""diff_ratio"": 3.652}, {""time"": 1.505, ""score"": 2.925, ""rms_ratio"": 2.906, ""diff_ratio"": 2.944}, {""time"": 5.975, ""score"": 2.808, ""rms_ratio"": 2.205, ""diff_ratio"": 3.577}, {""time"": 1.375, ""score"": 2.762, ""rms_ratio"": 2.61, ""diff_ratio"": 2.923}]",7.007,ffprobe,7.019,1.605,5.402,line_drive,pending,medium,,,,Mark Vientos' backhanded grab Mark Vientos' backhanded grab Mark Vientos' backhanded grab Mark Vientos makes a slick backhanded catch off Joey Meneses' liner for the final out of the bottom of the 1st,https://mlb-cuts-diamond.mlb.com/FORGE/2024/2024-07/04/0fbf1002-a28f72bc-c18168ba-csvm-diamondx64-asset_1280x720_59_4000K.mp4,MLB_744834_joey-meneses-lines-out-to-third-baseman-mark-vientos,raw_sources\MLB_744834_joey-meneses-lines-out-to-third-baseman-mark-vientos_Mark_Vientos_backhanded_grab_Mark_Vientos_backhanded_grab_Mark_Vientos_backhanded_grab_Mark_Vientos_makes_.mp4,0.760,7.760,,no,audit_checkpoint_001,170
1037,Codex_Workstation,F_1143,dataset/fly_ball/Codex_Workstation/F_1143,4,direct_use_candidate,audio_and_context_pass,,qwen_spot_check,annotated_contact_audio_confirmed,1.950,2.050,1.975,1.975,3.072,1.585,5.954,1.975,0.025,1.975,3.072,"[{""time"": 1.975, ""score"": 3.072, ""rms_ratio"": 1.585, ""diff_ratio"": 5.954}, {""time"": 2.625, ""score"": 3.036, ""rms_ratio"": 1.56, ""diff_ratio"": 5.909}, {""time"": 3.805, ""score"": 2.823, ""rms_ratio"": 1.533, ""diff_ratio"": 5.199}, {""time"": 4.505, ""score"": 2.606, ""rms_ratio"": 1.452, ""diff_ratio"": 4.676}, {""time"": 1.595, ""score"": 2.363, ""rms_ratio"": 2.407, ""diff_ratio"": 2.319}, {""time"": 2.345, ""score"": 2.297, ""rms_ratio"": 1.309, ""diff_ratio"": 4.031}, {""time"": 1.745, ""score"": 2.295, ""rms_ratio"": 2.454, ""diff_ratio"": 2.147}, {""time"": 3.465, ""score"": 2.167, ""rms_ratio"": 2.642, ""diff_ratio"": 1.777}, {""time"": 1.495, ""score"": 2.165, ""rms_ratio"": 2.505, ""diff_ratio"": 1.872}, {""time"": 5.655, ""score"": 2.16, ""rms_ratio"": 2.469, ""diff_ratio"": 1.89}, {""time"": 3.915, ""score"": 2.122, ""rms_ratio"": 2.349, ""diff_ratio"": 1.916}, {""time"": 2.205, ""score"": 2.104, ""rms_ratio"": 2.504, ""diff_ratio"": 1.769}, {""time"": 6.115, ""score"": 2.103, ""rms_ratio"": 2.485, ""diff_ratio"": 1.779}, {""time"": 6.825, ""score"": 2.062, ""rms_ratio"": 2.316, ""diff_ratio"": 1.836}, {""time"": 3.655, ""score"": 2.027, ""rms_ratio"": 2.321, ""diff_ratio"": 1.769}, {""time"": 3.295, ""score"": 1.99, ""rms_ratio"": 2.323, ""diff_ratio"": 1.704}]",7.006,ffprobe,7.019,1.975,5.031,line_drive,pending,medium,,,,"Jackson Merrill's RBI single Jackson Merrill's RBI single Jackson Merrill's RBI single Jackson Merrill singles on a line drive to right field, scoring Manny Machado and increasing the Padres' lead to 3-0 in the top of the 6th",https://mlb-cuts-diamond.mlb.com/FORGE/2024/2024-07/23/0f2ccc88-d56e860b-eea19812-csvm-diamondx64-asset_1280x720_59_4000K.mp4,MLB_744828_jackson-merrill-singles-on-a-line-drive-to-right-fielder-lane-thomas-,raw_sources\MLB_744828_jackson-merrill-singles-on-a-line-drive-to-right-fielder-lane-thomas-_Jackson_Merrill_s_RBI_single_Jackson_Merrill_s_RBI_single_Jackson_Merrill_s_RBI_single_Ja.mp4,1.140,8.140,,no,audit_checkpoint_001,171
1036,Codex_Workstation,F_1142,dataset/fly_ball/Codex_Workstation/F_1142,4,needs_edit,clip_too_short,insufficient_post_contact_context,recover_source_and_recut_longer,annotated_contact_audio_confirmed,1.970,2.070,2.025,2.025,4.973,4.481,5.519,2.025,0.005,2.025,4.973,"[{""time"": 2.025, ""score"": 4.973, ""rms_ratio"": 4.481, ""diff_ratio"": 5.519}, {""time"": 6.605, ""score"": 3.812, ""rms_ratio"": 4.07, ""diff_ratio"": 3.571}, {""time"": 1.295, ""score"": 3.294, ""rms_ratio"": 1.491, ""diff_ratio"": 7.279}, {""time"": 0.085, ""score"": 2.825, ""rms_ratio"": 1.297, ""diff_ratio"": 6.15}, {""time"": 0.435, ""score"": 2.529, ""rms_ratio"": 1.181, ""diff_ratio"": 5.416}, {""time"": 5.845, ""score"": 2.216, ""rms_ratio"": 2.13, ""diff_ratio"": 2.306}, {""time"": 0.725, ""score"": 2.199, ""rms_ratio"": 2.565, ""diff_ratio"": 1.886}, {""time"": 5.435, ""score"": 2.15, ""rms_ratio"": 1.18, ""diff_ratio"": 3.915}, {""time"": 3.345, ""score"": 2.105, ""rms_ratio"": 1.843, ""diff_ratio"": 2.403}, {""time"": 4.085, ""score"": 2.099, ""rms_ratio"": 1.991, ""diff_ratio"": 2.214}, {""time"": 5.085, ""score"": 2.099, ""rms_ratio"": 1.194, ""diff_ratio"": 3.691}, {""time"": 5.565, ""score"": 2.07, ""rms_ratio"": 1.979, ""diff_ratio"": 2.165}, {""time"": 3.595, ""score"": 2.052, ""rms_ratio"": 1.771, ""diff_ratio"": 2.378}, {""time"": 1.465, ""score"": 1.926, ""rms_ratio"": 2.401, ""diff_ratio"": 1.545}, {""time"": 6.905, ""score"": 1.915, ""rms_ratio"": 1.849, ""diff_ratio"": 1.983}, {""time"": 3.115, ""score"": 1.898, ""rms_ratio"": 1.677, ""diff_ratio"": 2.149}]",7.007,ffprobe,7.019,2.025,4.982,fly,pending,high,,,,Seiya Suzuki's basket catch Seiya Suzuki's basket catch Seiya Suzuki's basket catch Seiya Suzuki runs down a short fly ball and makes a basket catch to retire Zach Neto,https://mlb-cuts-diamond.mlb.com/FORGE/2024/2024-07/06/0584e956-8eb9d664-a99355cf-csvm-diamondx64-asset_1280x720_59_4000K.mp4,MLB_746856_zach-neto-flies-out-to-right-fielder-seiya-suzuki-yw4fr0,raw_sources\MLB_746856_zach-neto-flies-out-to-right-fielder-seiya-suzuki-yw4fr0_Seiya_Suzuki_s_basket_catch_Seiya_Suzuki_s_basket_catch_Seiya_Suzuki_s_basket_catch_Seiya_Suzuki_runs_.mp4,10.760,17.760,,no,audit_checkpoint_001,172
1035,Codex_Workstation,F_1141,dataset/fly_ball/Codex_Workstation/F_1141,4,needs_edit,contact_timestamp_wrong,contact_timestamp_wrong;insufficient_post_contact_context,retime_from_local_audio_candidate;qwen_confirm_visual_contact_near_candidate;recover_source_and_recut_longer,likely_contact_timestamp_wrong,1.950,2.050,2.235,2.085,1.976,2.056,1.899,1.915,0.085,2.235,3.062,"[{""time"": 2.235, ""score"": 3.062, ""rms_ratio"": 1.738, ""diff_ratio"": 5.394}, {""time"": 2.335, ""score"": 2.392, ""rms_ratio"": 1.418, ""diff_ratio"": 4.037}, {""time"": 4.335, ""score"": 2.119, ""rms_ratio"": 1.09, ""diff_ratio"": 4.118}, {""time"": 2.085, ""score"": 1.976, ""rms_ratio"": 2.056, ""diff_ratio"": 1.899}, {""time"": 6.455, ""score"": 1.947, ""rms_ratio"": 1.874, ""diff_ratio"": 2.024}, {""time"": 5.735, ""score"": 1.808, ""rms_ratio"": 1.395, ""diff_ratio"": 2.343}, {""time"": 4.125, ""score"": 1.773, ""rms_ratio"": 1.537, ""diff_ratio"": 2.046}, {""time"": 4.605, ""score"": 1.753, ""rms_ratio"": 0.916, ""diff_ratio"": 3.073}, {""time"": 1.055, ""score"": 1.742, ""rms_ratio"": 1.664, ""diff_ratio"": 1.823}, {""time"": 6.265, ""score"": 1.7, ""rms_ratio"": 1.286, ""diff_ratio"": 2.248}, {""time"": 6.155, ""score"": 1.671, ""rms_ratio"": 1.371, ""diff_ratio"": 2.036}, {""time"": 1.915, ""score"": 1.652, ""rms_ratio"": 2.005, ""diff_ratio"": 1.362}]",7.006,ffprobe,7.019,2.235,4.771,fly,pending,medium,,,,"Koenig works out of a bases-loaded jam Koenig works out of a bases-loaded jam Koenig works out of a bases-loaded jam Garrett Mitchell catches a fly ball from David Bote, stranding three Cubs on base and preserving the Brewers' 1-0 lead in the 8th inning",https://bdata-producedclips.mlb.com/6c24fcfd-7fb1-4f57-9e7b-cd3ccefdd8a0.mp4,MLB_746848_jared-koenig-in-play-out-s-to-david-bote,raw_sources\MLB_746848_jared-koenig-in-play-out-s-to-david-bote_Koenig_works_out_of_a_bases-loaded_jam_Koenig_works_out_of_a_bases-loaded_jam_Koenig_works_out_of_a_bases-loaded_jam_G.mp4,2.420,9.420,,no,audit_checkpoint_001,173
1034,Codex_Workstation,F_1140,dataset/fly_ball/Codex_Workstation/F_1140,4,needs_edit,clip_too_short,insufficient_post_contact_context,recover_source_and_recut_longer,annotated_contact_audio_confirmed,1.970,2.070,2.025,2.025,3.157,3.801,2.622,2.025,0.005,1.385,4.699,"[{""time"": 1.385, ""score"": 4.699, ""rms_ratio"": 3.495, ""diff_ratio"": 6.318}, {""time"": 2.025, ""score"": 3.157, ""rms_ratio"": 3.801, ""diff_ratio"": 2.622}, {""time"": 2.155, ""score"": 2.35, ""rms_ratio"": 2.615, ""diff_ratio"": 2.112}, {""time"": 3.325, ""score"": 2.298, ""rms_ratio"": 1.539, ""diff_ratio"": 3.433}, {""time"": 2.735, ""score"": 2.277, ""rms_ratio"": 2.708, ""diff_ratio"": 1.914}, {""time"": 2.585, ""score"": 2.139, ""rms_ratio"": 2.611, ""diff_ratio"": 1.752}, {""time"": 5.405, ""score"": 2.049, ""rms_ratio"": 1.237, ""diff_ratio"": 3.394}, {""time"": 2.315, ""score"": 1.918, ""rms_ratio"": 2.235, ""diff_ratio"": 1.647}, {""time"": 2.455, ""score"": 1.903, ""rms_ratio"": 2.243, ""diff_ratio"": 1.615}, {""time"": 2.925, ""score"": 1.866, ""rms_ratio"": 2.191, ""diff_ratio"": 1.59}, {""time"": 5.255, ""score"": 1.828, ""rms_ratio"": 1.885, ""diff_ratio"": 1.773}, {""time"": 6.485, ""score"": 1.828, ""rms_ratio"": 0.891, ""diff_ratio"": 3.34}, {""time"": 6.875, ""score"": 1.828, ""rms_ratio"": 1.027, ""diff_ratio"": 3.253}, {""time"": 3.215, ""score"": 1.735, ""rms_ratio"": 2.035, ""diff_ratio"": 1.479}, {""time"": 5.825, ""score"": 1.706, ""rms_ratio"": 1.045, ""diff_ratio"": 2.785}, {""time"": 4.145, ""score"": 1.703, ""rms_ratio"": 0.965, ""diff_ratio"": 2.899}]",7.006,ffprobe,7.019,2.025,4.981,fly,pending,medium,,,,Daulton Varsho chases down the final out Daulton Varsho chases down the final out Daulton Varsho chases down the final out Daulton Varsho chases down a line drive to grab the final out of the Blue Jays' win over the White Sox,https://mlb-cuts-diamond.mlb.com/FORGE/2024/2024-05/29/bd4a04bf-ccfcf6a8-2ee7e323-csvm-diamondx64-asset_1280x720_59_4000K.mp4,MLB_746790_paul-dejong-lines-out-sharply-to-left-fielder-daulton-varsho,raw_sources\MLB_746790_paul-dejong-lines-out-sharply-to-left-fielder-daulton-varsho_Daulton_Varsho_chases_down_the_final_out_Daulton_Varsho_chases_down_the_final_ou.mp4,0.640,7.640,,no,audit_checkpoint_001,174
1033,Codex_Workstation,F_1139,dataset/fly_ball/Codex_Workstation/F_1139,4,needs_edit,clip_too_short,insufficient_post_contact_context,recover_source_and_recut_longer,annotated_contact_audio_confirmed,1.950,2.050,2.005,2.005,5.511,3.956,7.675,2.005,0.005,2.005,5.511,"[{""time"": 2.005, ""score"": 5.511, ""rms_ratio"": 3.956, ""diff_ratio"": 7.675}, {""time"": 5.145, ""score"": 2.337, ""rms_ratio"": 2.0, ""diff_ratio"": 2.731}, {""time"": 4.185, ""score"": 2.334, ""rms_ratio"": 2.224, ""diff_ratio"": 2.449}, {""time"": 6.465, ""score"": 2.313, ""rms_ratio"": 2.081, ""diff_ratio"": 2.572}, {""time"": 4.755, ""score"": 2.149, ""rms_ratio"": 2.46, ""diff_ratio"": 1.877}, {""time"": 3.285, ""score"": 1.987, ""rms_ratio"": 1.847, ""diff_ratio"": 2.137}, {""time"": 2.585, ""score"": 1.969, ""rms_ratio"": 1.974, ""diff_ratio"": 1.965}, {""time"": 1.755, ""score"": 1.948, ""rms_ratio"": 1.543, ""diff_ratio"": 2.459}, {""time"": 5.975, ""score"": 1.941, ""rms_ratio"": 0.881, ""diff_ratio"": 3.768}, {""time"": 6.225, ""score"": 1.922, ""rms_ratio"": 1.743, ""diff_ratio"": 2.119}, {""time"": 3.895, ""score"": 1.902, ""rms_ratio"": 2.013, ""diff_ratio"": 1.798}, {""time"": 6.625, ""score"": 1.898, ""rms_ratio"": 1.713, ""diff_ratio"": 2.103}, {""time"": 1.405, ""score"": 1.877, ""rms_ratio"": 1.546, ""diff_ratio"": 2.279}, {""time"": 5.395, ""score"": 1.874, ""rms_ratio"": 1.984, ""diff_ratio"": 1.77}, {""time"": 6.345, ""score"": 1.855, ""rms_ratio"": 1.531, ""diff_ratio"": 2.247}, {""time"": 6.775, ""score"": 1.816, ""rms_ratio"": 1.707, ""diff_ratio"": 1.931}]",7.007,ffprobe,7.019,2.005,5.002,fly,pending,medium,,,,Aaron Schunk's first MLB at-bat Aaron Schunk's first MLB at-bat Aaron Schunk's first MLB at-bat Aaron Schunk flies out to deep right field in the first at-bat of his MLB career,https://mlb-cuts-diamond.mlb.com/FORGE/2024/2024-06/29/4ceebf8f-f9cc0754-4d98243e-csvm-diamondx64-asset-4000K.mp4,MLB_746778_aaron-schunk-flies-out-to-right-fielder-tommy-pham,raw_sources\MLB_746778_aaron-schunk-flies-out-to-right-fielder-tommy-pham_Aaron_Schunk_s_first_MLB_at-bat_Aaron_Schunk_s_first_MLB_at-bat_Aaron_Schunk_s_first_MLB_at-bat_Aaron_Schunk.mp4,1.400,8.400,,no,audit_checkpoint_001,175
1032,Codex_Workstation,F_1138,dataset/fly_ball/Codex_Workstation/F_1138,4,needs_edit,clip_too_short,contact_audio_ambiguous;insufficient_post_contact_context,review_local_audio_candidates;qwen_confirm_visual_contact_near_candidate;recover_source_and_recut_longer,annotated_audio_ambiguous,1.970,2.070,2.015,2.015,2.023,1.832,2.234,2.015,0.005,2.205,2.087,"[{""time"": 2.205, ""score"": 2.087, ""rms_ratio"": 1.81, ""diff_ratio"": 2.407}, {""time"": 0.355, ""score"": 2.08, ""rms_ratio"": 1.22, ""diff_ratio"": 3.547}, {""time"": 2.015, ""score"": 2.023, ""rms_ratio"": 1.832, ""diff_ratio"": 2.234}, {""time"": 4.195, ""score"": 2.003, ""rms_ratio"": 1.729, ""diff_ratio"": 2.321}, {""time"": 2.895, ""score"": 1.824, ""rms_ratio"": 1.583, ""diff_ratio"": 2.101}, {""time"": 2.355, ""score"": 1.723, ""rms_ratio"": 1.54, ""diff_ratio"": 1.927}, {""time"": 3.735, ""score"": 1.683, ""rms_ratio"": 1.711, ""diff_ratio"": 1.656}, {""time"": 2.775, ""score"": 1.666, ""rms_ratio"": 1.072, ""diff_ratio"": 2.591}, {""time"": 4.535, ""score"": 1.659, ""rms_ratio"": 0.929, ""diff_ratio"": 2.752}]",7.006,ffprobe,7.019,2.015,4.991,fly,pending,high,,,,"Bryce Harper's solo home run (20) Bryce Harper's solo home run (20) Bryce Harper's solo home run (20) Bryce Harper launches a fly ball to left field, putting the Phillies on the board in the top of the 9th",https://mlb-cuts-diamond.mlb.com/FORGE/2024/2024-06/25/fd20323d-dc3310b7-0372194d-csvm-diamondx64-asset_1280x720_59_4000K.mp4,MLB_746454_jason-foley-in-play-run-s-to-bryce-harper,raw_sources\MLB_746454_jason-foley-in-play-run-s-to-bryce-harper_Bryce_Harper_s_solo_home_run_20_Bryce_Harper_s_solo_home_run_20_Bryce_Harper_s_solo_home_run_20_Bryce_Harper_launches.mp4,7.180,14.180,,no,audit_checkpoint_001,176
1031,Codex_Workstation,F_1137,dataset/fly_ball/Codex_Workstation/F_1137,4,needs_edit,clip_too_short,insufficient_post_contact_context,recover_source_and_recut_longer,annotated_contact_audio_confirmed,1.970,2.070,2.025,2.025,2.260,2.735,1.867,2.025,0.005,4.215,2.726,"[{""time"": 4.215, ""score"": 2.726, ""rms_ratio"": 1.406, ""diff_ratio"": 5.284}, {""time"": 2.515, ""score"": 2.362, ""rms_ratio"": 2.324, ""diff_ratio"": 2.401}, {""time"": 3.495, ""score"": 2.302, ""rms_ratio"": 2.283, ""diff_ratio"": 2.322}, {""time"": 2.155, ""score"": 2.279, ""rms_ratio"": 1.859, ""diff_ratio"": 2.794}, {""time"": 2.025, ""score"": 2.26, ""rms_ratio"": 2.735, ""diff_ratio"": 1.867}, {""time"": 2.695, ""score"": 2.23, ""rms_ratio"": 1.935, ""diff_ratio"": 2.569}, {""time"": 3.155, ""score"": 2.13, ""rms_ratio"": 1.105, ""diff_ratio"": 4.104}, {""time"": 1.545, ""score"": 2.114, ""rms_ratio"": 2.475, ""diff_ratio"": 1.805}, {""time"": 6.765, ""score"": 2.064, ""rms_ratio"": 1.968, ""diff_ratio"": 2.165}, {""time"": 3.045, ""score"": 1.98, ""rms_ratio"": 2.002, ""diff_ratio"": 1.959}, {""time"": 3.935, ""score"": 1.963, ""rms_ratio"": 2.532, ""diff_ratio"": 1.521}, {""time"": 0.625, ""score"": 1.889, ""rms_ratio"": 1.57, ""diff_ratio"": 2.272}, {""time"": 0.105, ""score"": 1.883, ""rms_ratio"": 1.743, ""diff_ratio"": 2.036}, {""time"": 5.945, ""score"": 1.874, ""rms_ratio"": 1.893, ""diff_ratio"": 1.855}, {""time"": 0.475, ""score"": 1.817, ""rms_ratio"": 2.183, ""diff_ratio"": 1.513}, {""time"": 1.835, ""score"": 1.765, ""rms_ratio"": 2.168, ""diff_ratio"": 1.437}]",7.006,ffprobe,7.019,2.025,4.981,fly,pending,high,,,,"Jake Meyers' amazing jumping catch Jake Meyers' amazing jumping catch Jake Meyers' amazing jumping catch Jake Meyers tracks a deep fly ball in center field and leaps to make the grab at the wall, robbing Riley Greene of extra bases",https://mlb-cuts-diamond.mlb.com/FORGE/2024/2024-06/14/52d7610f-7baf196c-e6250540-csvm-diamondx64-asset_1280x720_59_4000K.mp4,MLB_746378_riley-greene-flies-out-sharply-to-center-fielder-jake-meyers,raw_sources\MLB_746378_riley-greene-flies-out-sharply-to-center-fielder-jake-meyers_Jake_Meyers_amazing_jumping_catch_Jake_Meyers_amazing_jumping_catch_Jake_Meyers_.mp4,15.640,22.640,,no,audit_checkpoint_001,177
1030,Codex_Workstation,F_1136,dataset/fly_ball/Codex_Workstation/F_1136,4,needs_edit,clip_too_short,insufficient_post_contact_context,recover_source_and_recut_longer,annotated_contact_audio_confirmed,1.530,1.630,1.585,1.585,3.634,3.098,4.263,1.585,0.005,1.585,3.634,"[{""time"": 1.585, ""score"": 3.634, ""rms_ratio"": 3.098, ""diff_ratio"": 4.263}, {""time"": 3.805, ""score"": 2.221, ""rms_ratio"": 1.908, ""diff_ratio"": 2.585}, {""time"": 4.565, ""score"": 2.085, ""rms_ratio"": 2.233, ""diff_ratio"": 1.946}, {""time"": 6.335, ""score"": 2.045, ""rms_ratio"": 2.346, ""diff_ratio"": 1.783}, {""time"": 6.445, ""score"": 2.031, ""rms_ratio"": 2.275, ""diff_ratio"": 1.814}, {""time"": 6.945, ""score"": 1.892, ""rms_ratio"": 2.312, ""diff_ratio"": 1.548}, {""time"": 3.925, ""score"": 1.842, ""rms_ratio"": 1.493, ""diff_ratio"": 2.274}, {""time"": 6.105, ""score"": 1.835, ""rms_ratio"": 1.867, ""diff_ratio"": 1.805}, {""time"": 1.435, ""score"": 1.823, ""rms_ratio"": 1.413, ""diff_ratio"": 2.352}, {""time"": 2.865, ""score"": 1.811, ""rms_ratio"": 1.911, ""diff_ratio"": 1.715}, {""time"": 4.065, ""score"": 1.756, ""rms_ratio"": 1.568, ""diff_ratio"": 1.966}, {""time"": 2.555, ""score"": 1.747, ""rms_ratio"": 2.138, ""diff_ratio"": 1.427}, {""time"": 5.645, ""score"": 1.702, ""rms_ratio"": 1.715, ""diff_ratio"": 1.689}]",7.014,ffprobe,7.014,1.585,5.429,fly,pending,high,,,,"Hunter Renfroe's solo home run (7) Hunter Renfroe's solo home run (7) Hunter Renfroe's solo home run (7) Hunter Renfroe homers on a fly ball to left field, extending the Royals' lead to 4-1 in the 6th inning",https://mlb-cuts-diamond.mlb.com/FORGE/2024/2024-06/24/dd64a3b5-bb5ed9a5-f54fcb24-csvm-diamondx64-asset_1280x720_59_4000K.mp4,MLB_746298_hunter-renfroe-homers-7-on-a-fly-ball-to-left-field,raw_sources\MLB_746298_hunter-renfroe-homers-7-on-a-fly-ball-to-left-field_Hunter_Renfroe_s_solo_home_run_7_Hunter_Renfroe_s_solo_home_run_7_Hunter_Renfroe_s_solo_home_run_7_Hunter_R.mp4,0.000,7.000,,no,audit_checkpoint_001,178
1029,Codex_Workstation,F_1135,dataset/fly_ball/Codex_Workstation/F_1135,4,needs_edit,clip_too_short,insufficient_post_contact_context,recover_source_and_recut_longer,annotated_contact_audio_confirmed,1.790,1.890,1.845,1.845,9.317,6.132,14.157,1.845,0.005,1.845,9.317,"[{""time"": 1.845, ""score"": 9.317, ""rms_ratio"": 6.132, ""diff_ratio"": 14.157}, {""time"": 1.425, ""score"": 4.326, ""rms_ratio"": 1.748, ""diff_ratio"": 10.704}, {""time"": 1.645, ""score"": 4.15, ""rms_ratio"": 1.715, ""diff_ratio"": 10.038}, {""time"": 2.845, ""score"": 2.961, ""rms_ratio"": 1.231, ""diff_ratio"": 7.121}, {""time"": 4.955, ""score"": 2.551, ""rms_ratio"": 2.599, ""diff_ratio"": 2.505}, {""time"": 6.955, ""score"": 2.302, ""rms_ratio"": 2.661, ""diff_ratio"": 1.991}, {""time"": 5.395, ""score"": 2.184, ""rms_ratio"": 2.397, ""diff_ratio"": 1.989}, {""time"": 5.565, ""score"": 2.157, ""rms_ratio"": 1.291, ""diff_ratio"": 3.605}, {""time"": 5.725, ""score"": 2.128, ""rms_ratio"": 2.574, ""diff_ratio"": 1.76}, {""time"": 3.895, ""score"": 2.082, ""rms_ratio"": 1.963, ""diff_ratio"": 2.209}, {""time"": 6.825, ""score"": 1.988, ""rms_ratio"": 2.357, ""diff_ratio"": 1.677}, {""time"": 4.715, ""score"": 1.917, ""rms_ratio"": 2.035, ""diff_ratio"": 1.805}, {""time"": 5.075, ""score"": 1.895, ""rms_ratio"": 1.977, ""diff_ratio"": 1.817}, {""time"": 2.965, ""score"": 1.812, ""rms_ratio"": 0.683, ""diff_ratio"": 3.284}, {""time"": 3.375, ""score"": 1.797, ""rms_ratio"": 2.131, ""diff_ratio"": 1.515}, {""time"": 6.345, ""score"": 1.769, ""rms_ratio"": 2.085, ""diff_ratio"": 1.5}]",7.014,ffprobe,7.014,1.845,5.169,fly,pending,medium,,,,Taylor Ward robs a home run Taylor Ward robs a home run Taylor Ward robs a home run Taylor Ward tracks a fly ball into deep left field and reaches over the wall to snatch a potential home run from Tyler Soderstrom,https://mlb-cuts-diamond.mlb.com/FORGE/2024/2024-06/24/447bb446-e2df711a-df5b9117-csvm-diamondx64-asset_1280x720_59_4000K.mp4,MLB_746218_hans-crouse-in-play-out-s-to-tyler-soderstrom,raw_sources\MLB_746218_hans-crouse-in-play-out-s-to-tyler-soderstrom_Taylor_Ward_robs_a_home_run_Taylor_Ward_robs_a_home_run_Taylor_Ward_robs_a_home_run_Taylor_Ward_tracks_a_fly_ball.mp4,0.000,7.000,,no,audit_checkpoint_001,179
1028,Codex_Workstation,F_1134,dataset/fly_ball/Codex_Workstation/F_1134,4,needs_edit,clip_too_short,insufficient_post_contact_context,recover_source_and_recut_longer,annotated_contact_audio_confirmed,1.870,1.970,1.935,1.935,8.332,6.019,11.535,1.935,0.015,1.935,8.332,"[{""time"": 1.935, ""score"": 8.332, ""rms_ratio"": 6.019, ""diff_ratio"": 11.535}, {""time"": 6.835, ""score"": 4.875, ""rms_ratio"": 3.579, ""diff_ratio"": 6.639}, {""time"": 6.955, ""score"": 4.791, ""rms_ratio"": 2.98, ""diff_ratio"": 7.701}, {""time"": 6.425, ""score"": 3.8, ""rms_ratio"": 2.746, ""diff_ratio"": 5.259}, {""time"": 6.635, ""score"": 3.761, ""rms_ratio"": 3.748, ""diff_ratio"": 3.775}, {""time"": 6.235, ""score"": 3.716, ""rms_ratio"": 2.974, ""diff_ratio"": 4.642}, {""time"": 4.555, ""score"": 2.812, ""rms_ratio"": 1.701, ""diff_ratio"": 4.648}, {""time"": 4.955, ""score"": 2.342, ""rms_ratio"": 2.693, ""diff_ratio"": 2.037}, {""time"": 5.155, ""score"": 2.339, ""rms_ratio"": 2.907, ""diff_ratio"": 1.883}, {""time"": 3.295, ""score"": 2.317, ""rms_ratio"": 2.064, ""diff_ratio"": 2.6}, {""time"": 5.565, ""score"": 2.242, ""rms_ratio"": 2.219, ""diff_ratio"": 2.264}, {""time"": 6.085, ""score"": 2.137, ""rms_ratio"": 1.733, ""diff_ratio"": 2.635}, {""time"": 5.685, ""score"": 2.107, ""rms_ratio"": 1.805, ""diff_ratio"": 2.46}, {""time"": 3.675, ""score"": 2.053, ""rms_ratio"": 2.181, ""diff_ratio"": 1.932}, {""time"": 3.965, ""score"": 2.0, ""rms_ratio"": 2.531, ""diff_ratio"": 1.58}, {""time"": 4.085, ""score"": 1.98, ""rms_ratio"": 1.858, ""diff_ratio"": 2.111}]",7.014,ffprobe,7.014,1.935,5.079,fly,pending,medium,,,,"Jarred Kelenic's solo home run (12) Jarred Kelenic's solo home run (12) Jarred Kelenic's solo home run (12) Jarred Kelenic homers on a fly ball to left field, putting the Braves ahead, 5-0, in the 4th frame",https://mlb-cuts-diamond.mlb.com/FORGE/2024/2024-07/30/7b4bc536-19c049bb-8cd759eb-csvm-diamondx64-asset_1280x720_59_4000K.mp4,MLB_745958_jarred-kelenic-homers-12-on-a-fly-ball-to-left-field,raw_sources\MLB_745958_jarred-kelenic-homers-12-on-a-fly-ball-to-left-field_Jarred_Kelenic_s_solo_home_run_12_Jarred_Kelenic_s_solo_home_run_12_Jarred_Kelenic_s_solo_home_run_12_Jarr.mp4,0.000,7.000,,no,audit_checkpoint_001,180
1027,Codex_Workstation,F_1133,dataset/fly_ball/Codex_Workstation/F_1133,4,needs_edit,clip_too_short,insufficient_post_contact_context,recover_source_and_recut_longer,annotated_contact_audio_confirmed,1.970,2.070,2.035,2.035,5.672,3.004,10.711,2.035,0.015,2.035,5.672,"[{""time"": 2.035, ""score"": 5.672, ""rms_ratio"": 3.004, ""diff_ratio"": 10.711}, {""time"": 2.965, ""score"": 2.101, ""rms_ratio"": 1.043, ""diff_ratio"": 4.235}, {""time"": 1.475, ""score"": 2.049, ""rms_ratio"": 1.506, ""diff_ratio"": 2.787}, {""time"": 0.335, ""score"": 1.986, ""rms_ratio"": 1.104, ""diff_ratio"": 3.575}, {""time"": 0.665, ""score"": 1.964, ""rms_ratio"": 2.018, ""diff_ratio"": 1.911}, {""time"": 6.875, ""score"": 1.808, ""rms_ratio"": 2.269, ""diff_ratio"": 1.44}, {""time"": 0.975, ""score"": 1.795, ""rms_ratio"": 0.827, ""diff_ratio"": 3.221}, {""time"": 1.885, ""score"": 1.748, ""rms_ratio"": 1.862, ""diff_ratio"": 1.641}, {""time"": 2.345, ""score"": 1.72, ""rms_ratio"": 1.627, ""diff_ratio"": 1.818}, {""time"": 6.205, ""score"": 1.704, ""rms_ratio"": 1.661, ""diff_ratio"": 1.749}, {""time"": 0.845, ""score"": 1.688, ""rms_ratio"": 1.705, ""diff_ratio"": 1.671}, {""time"": 3.075, ""score"": 1.687, ""rms_ratio"": 1.74, ""diff_ratio"": 1.636}, {""time"": 3.305, ""score"": 1.674, ""rms_ratio"": 1.309, ""diff_ratio"": 2.141}, {""time"": 0.125, ""score"": 1.662, ""rms_ratio"": 1.862, ""diff_ratio"": 1.483}]",7.007,ffprobe,7.019,2.035,4.972,fly,pending,high,,,,"Byron Buxton's RBI triple  Byron Buxton's RBI triple  Byron Buxton's RBI triple  Byron Buxton hits an RBI triple on a sharp line drive to center field, cutting the Twins' deficit to 4-1",https://mlb-cuts-diamond.mlb.com/FORGE/2024/2024-06/13/3c62ab9d-411b0212-c31aba8b-csvm-diamondx64-asset_1280x720_59_4000K.mp4,MLB_745892_mitch-spence-in-play-run-s-to-byron-buxton,raw_sources\MLB_745892_mitch-spence-in-play-run-s-to-byron-buxton_Byron_Buxton_s_RBI_triple_Byron_Buxton_s_RBI_triple_Byron_Buxton_s_RBI_triple_By.mp4,15.360,22.360,,no,audit_checkpoint_001,181
1026,Codex_Workstation,F_1132,dataset/fly_ball/Codex_Workstation/F_1132,4,needs_edit,clip_too_short,insufficient_post_contact_context,recover_source_and_recut_longer,annotated_contact_audio_confirmed,1.970,2.070,2.035,2.035,6.258,4.461,8.777,2.035,0.015,2.035,6.258,"[{""time"": 2.035, ""score"": 6.258, ""rms_ratio"": 4.461, ""diff_ratio"": 8.777}, {""time"": 1.335, ""score"": 3.798, ""rms_ratio"": 1.87, ""diff_ratio"": 7.713}, {""time"": 5.675, ""score"": 3.524, ""rms_ratio"": 1.705, ""diff_ratio"": 7.284}, {""time"": 4.055, ""score"": 3.274, ""rms_ratio"": 2.225, ""diff_ratio"": 4.816}, {""time"": 6.085, ""score"": 3.268, ""rms_ratio"": 1.618, ""diff_ratio"": 6.599}, {""time"": 5.845, ""score"": 3.228, ""rms_ratio"": 1.507, ""diff_ratio"": 6.917}, {""time"": 3.785, ""score"": 2.937, ""rms_ratio"": 1.582, ""diff_ratio"": 5.454}, {""time"": 5.965, ""score"": 2.778, ""rms_ratio"": 1.35, ""diff_ratio"": 5.718}, {""time"": 3.265, ""score"": 1.953, ""rms_ratio"": 1.717, ""diff_ratio"": 2.221}, {""time"": 5.165, ""score"": 1.85, ""rms_ratio"": 1.455, ""diff_ratio"": 2.351}, {""time"": 0.265, ""score"": 1.831, ""rms_ratio"": 1.422, ""diff_ratio"": 2.357}, {""time"": 4.345, ""score"": 1.778, ""rms_ratio"": 1.502, ""diff_ratio"": 2.104}, {""time"": 5.555, ""score"": 1.777, ""rms_ratio"": 1.5, ""diff_ratio"": 2.106}, {""time"": 6.225, ""score"": 1.775, ""rms_ratio"": 1.317, ""diff_ratio"": 2.391}, {""time"": 6.335, ""score"": 1.701, ""rms_ratio"": 1.251, ""diff_ratio"": 2.314}]",7.007,ffprobe,7.019,2.035,4.972,fly,pending,high,,,,"Ben Rice's solo home run (7) Ben Rice's solo home run (7) Ben Rice's solo home run (7) Ben Rice homers on a fly ball to right-center field, giving the Yankees a 3-0 advantage in the top of the 2nd",https://mlb-cuts-diamond.mlb.com/FORGE/2024/2024-07/29/9da97d17-7e3aa293-23ba4af8-csvm-diamondx64-asset_1280x720_59_4000K.mp4,MLB_745547_zack-wheeler-in-play-run-s-to-ben-rice,raw_sources\MLB_745547_zack-wheeler-in-play-run-s-to-ben-rice_Ben_Rice_s_solo_home_run_7_Ben_Rice_s_solo_home_run_7_Ben_Rice_s_solo_home_run_7_Ben_Rice_homers_on_a_fly_ball_to_right-.mp4,1.300,8.300,,no,audit_checkpoint_001,182
1025,Codex_Workstation,F_1131,dataset/fly_ball/Codex_Workstation/F_1131,4,needs_edit,clip_too_short,insufficient_post_contact_context,recover_source_and_recut_longer,annotated_contact_audio_confirmed,1.970,2.070,2.025,2.025,11.008,7.847,15.441,2.025,0.005,2.025,11.008,"[{""time"": 2.025, ""score"": 11.008, ""rms_ratio"": 7.847, ""diff_ratio"": 15.441}, {""time"": 0.165, ""score"": 7.368, ""rms_ratio"": 4.85, ""diff_ratio"": 11.193}, {""time"": 6.005, ""score"": 6.731, ""rms_ratio"": 4.107, ""diff_ratio"": 11.03}, {""time"": 4.235, ""score"": 6.478, ""rms_ratio"": 3.501, ""diff_ratio"": 11.985}, {""time"": 6.395, ""score"": 5.711, ""rms_ratio"": 4.328, ""diff_ratio"": 7.536}, {""time"": 5.345, ""score"": 5.317, ""rms_ratio"": 4.488, ""diff_ratio"": 6.299}, {""time"": 4.505, ""score"": 5.217, ""rms_ratio"": 4.25, ""diff_ratio"": 6.404}, {""time"": 2.965, ""score"": 4.966, ""rms_ratio"": 5.446, ""diff_ratio"": 4.529}, {""time"": 5.655, ""score"": 4.457, ""rms_ratio"": 2.582, ""diff_ratio"": 7.693}, {""time"": 0.385, ""score"": 4.391, ""rms_ratio"": 2.398, ""diff_ratio"": 8.039}, {""time"": 0.055, ""score"": 4.307, ""rms_ratio"": 2.35, ""diff_ratio"": 7.893}, {""time"": 6.595, ""score"": 3.938, ""rms_ratio"": 3.834, ""diff_ratio"": 4.045}, {""time"": 5.065, ""score"": 3.743, ""rms_ratio"": 3.921, ""diff_ratio"": 3.574}, {""time"": 6.865, ""score"": 3.735, ""rms_ratio"": 3.954, ""diff_ratio"": 3.529}, {""time"": 4.825, ""score"": 3.489, ""rms_ratio"": 4.254, ""diff_ratio"": 2.862}, {""time"": 6.155, ""score"": 3.191, ""rms_ratio"": 3.207, ""diff_ratio"": 3.175}]",7.006,ffprobe,7.019,2.025,4.981,fly,pending,medium,,,,"Jazz Chisholm Jr.'s first Yankee home run (14) Jazz Chisholm Jr.'s first Yankee home run (14) Jazz Chisholm Jr.'s first Yankee home run (14) Jazz Chisholm Jr. homers on a fly ball to left field, extending the Yankees' lead to 2-0 in the top of the 2nd",https://mlb-cuts-diamond.mlb.com/FORGE/2024/2024-07/29/a3a2de7b-04076dd1-596cf481-csvm-diamondx64-asset_1280x720_59_4000K.mp4,MLB_745547_jazz-chisholm-jr-homers-14-on-a-fly-ball-to-left-field,raw_sources\MLB_745547_jazz-chisholm-jr-homers-14-on-a-fly-ball-to-left-field_Jazz_Chisholm_Jr._s_first_Yankee_home_run_14_Jazz_Chisholm_Jr._s_first_Yankee_home_run_14_Jazz_Chisholm_.mp4,0.540,7.540,,no,audit_checkpoint_001,183
1024,Codex_Workstation,F_1130,dataset/fly_ball/Codex_Workstation/F_1130,4,needs_edit,clip_too_short,insufficient_post_contact_context,recover_source_and_recut_longer,annotated_contact_audio_confirmed,1.970,2.070,2.025,2.025,4.536,4.201,4.898,2.025,0.005,2.025,4.536,"[{""time"": 2.025, ""score"": 4.536, ""rms_ratio"": 4.201, ""diff_ratio"": 4.898}, {""time"": 6.565, ""score"": 3.054, ""rms_ratio"": 2.474, ""diff_ratio"": 3.77}, {""time"": 4.375, ""score"": 2.577, ""rms_ratio"": 2.425, ""diff_ratio"": 2.738}, {""time"": 4.485, ""score"": 2.404, ""rms_ratio"": 1.916, ""diff_ratio"": 3.017}, {""time"": 3.705, ""score"": 2.374, ""rms_ratio"": 2.512, ""diff_ratio"": 2.244}, {""time"": 4.865, ""score"": 2.332, ""rms_ratio"": 2.241, ""diff_ratio"": 2.427}, {""time"": 3.365, ""score"": 2.254, ""rms_ratio"": 2.469, ""diff_ratio"": 2.058}, {""time"": 5.225, ""score"": 2.252, ""rms_ratio"": 1.947, ""diff_ratio"": 2.605}, {""time"": 6.945, ""score"": 2.171, ""rms_ratio"": 2.597, ""diff_ratio"": 1.816}, {""time"": 6.125, ""score"": 2.168, ""rms_ratio"": 1.747, ""diff_ratio"": 2.689}, {""time"": 2.565, ""score"": 2.143, ""rms_ratio"": 2.444, ""diff_ratio"": 1.879}, {""time"": 3.495, ""score"": 2.1, ""rms_ratio"": 2.133, ""diff_ratio"": 2.068}, {""time"": 2.925, ""score"": 2.073, ""rms_ratio"": 1.918, ""diff_ratio"": 2.241}, {""time"": 5.755, ""score"": 2.045, ""rms_ratio"": 2.071, ""diff_ratio"": 2.02}, {""time"": 5.395, ""score"": 2.006, ""rms_ratio"": 2.002, ""diff_ratio"": 2.01}, {""time"": 5.895, ""score"": 1.965, ""rms_ratio"": 1.891, ""diff_ratio"": 2.043}]",7.007,ffprobe,7.019,2.025,4.982,fly,pending,high,,,,"Brandon Marsh's solo home run (11) Brandon Marsh's solo home run (11) Brandon Marsh's solo home run (11) Brandon Marsh homers on a fly ball to right field, trimming the Phillies' deficit to 3-2 in the bottom of the 4th",https://mlb-cuts-diamond.mlb.com/FORGE/2024/2024-07/29/8d6145d4-9303a01b-d649ae01-csvm-diamondx64-asset_1280x720_59_4000K.mp4,MLB_745547_brandon-marsh-homers-11-on-a-fly-ball-to-right-field,raw_sources\MLB_745547_brandon-marsh-homers-11-on-a-fly-ball-to-right-field_Brandon_Marsh_s_solo_home_run_11_Brandon_Marsh_s_solo_home_run_11_Brandon_Marsh_s_solo_home_run_11_Brandon.mp4,0.900,7.900,,no,audit_checkpoint_001,184
1023,Codex_Workstation,F_1129,dataset/fly_ball/Codex_Workstation/F_1129,4,needs_edit,clip_too_short,insufficient_post_contact_context,recover_source_and_recut_longer,annotated_contact_audio_confirmed,1.610,1.710,1.675,1.675,8.044,5.957,10.862,1.675,0.015,1.675,8.044,"[{""time"": 1.675, ""score"": 8.044, ""rms_ratio"": 5.957, ""diff_ratio"": 10.862}, {""time"": 3.425, ""score"": 4.667, ""rms_ratio"": 2.51, ""diff_ratio"": 8.678}, {""time"": 5.295, ""score"": 4.433, ""rms_ratio"": 2.804, ""diff_ratio"": 7.007}, {""time"": 3.085, ""score"": 4.008, ""rms_ratio"": 2.31, ""diff_ratio"": 6.956}, {""time"": 4.475, ""score"": 3.818, ""rms_ratio"": 3.475, ""diff_ratio"": 4.193}, {""time"": 6.235, ""score"": 3.496, ""rms_ratio"": 3.143, ""diff_ratio"": 3.888}, {""time"": 2.665, ""score"": 3.379, ""rms_ratio"": 2.365, ""diff_ratio"": 4.83}, {""time"": 2.815, ""score"": 2.957, ""rms_ratio"": 2.906, ""diff_ratio"": 3.01}, {""time"": 6.745, ""score"": 2.917, ""rms_ratio"": 3.453, ""diff_ratio"": 2.465}, {""time"": 2.925, ""score"": 2.799, ""rms_ratio"": 2.0, ""diff_ratio"": 3.916}, {""time"": 6.475, ""score"": 2.741, ""rms_ratio"": 2.917, ""diff_ratio"": 2.576}, {""time"": 3.925, ""score"": 2.662, ""rms_ratio"": 2.142, ""diff_ratio"": 3.307}, {""time"": 3.315, ""score"": 2.621, ""rms_ratio"": 2.027, ""diff_ratio"": 3.388}, {""time"": 4.685, ""score"": 2.574, ""rms_ratio"": 1.907, ""diff_ratio"": 3.475}, {""time"": 6.855, ""score"": 2.47, ""rms_ratio"": 2.109, ""diff_ratio"": 2.893}, {""time"": 7.005, ""score"": 2.412, ""rms_ratio"": 2.054, ""diff_ratio"": 2.832}]",7.014,ffprobe,7.014,1.675,5.339,fly,pending,high,,,,"Austin Wells' two-run triple  Austin Wells' two-run triple  Austin Wells' two-run triple  Austin Wells triples on a fly ball to center field, driving in two runs to push the Yankees' lead to 7-2 in the top of the 5th",https://mlb-cuts-diamond.mlb.com/FORGE/2024/2024-07/29/740645e9-d9dbf195-424eb162-csvm-diamondx64-asset_1280x720_59_4000K.mp4,MLB_745547_austin-wells-triples-1-on-a-fly-ball-to-center-fielder-brandon-marsh-,raw_sources\MLB_745547_austin-wells-triples-1-on-a-fly-ball-to-center-fielder-brandon-marsh-_Austin_Wells_two-run_triple_Austin_Wells_two-run_triple_Austin_Wells_two-run_triple_Austi.mp4,0.000,7.000,,no,audit_checkpoint_001,185
1022,Codex_Workstation,F_1128,dataset/fly_ball/Codex_Workstation/F_1128,4,needs_edit,contact_timestamp_wrong,contact_timestamp_wrong;insufficient_post_contact_context,retime_from_local_audio_candidate;qwen_confirm_visual_contact_near_candidate;recover_source_and_recut_longer,likely_contact_timestamp_wrong,5.850,5.950,6.175,5.905,2.559,3.158,2.074,5.905,0.005,5.355,4.404,"[{""time"": 5.355, ""score"": 4.404, ""rms_ratio"": 2.547, ""diff_ratio"": 7.613}, {""time"": 3.115, ""score"": 3.778, ""rms_ratio"": 2.203, ""diff_ratio"": 6.479}, {""time"": 6.175, ""score"": 3.646, ""rms_ratio"": 3.112, ""diff_ratio"": 4.272}, {""time"": 4.275, ""score"": 3.248, ""rms_ratio"": 1.875, ""diff_ratio"": 5.625}, {""time"": 4.005, ""score"": 2.877, ""rms_ratio"": 2.837, ""diff_ratio"": 2.918}, {""time"": 6.685, ""score"": 2.828, ""rms_ratio"": 2.193, ""diff_ratio"": 3.649}, {""time"": 1.295, ""score"": 2.792, ""rms_ratio"": 1.689, ""diff_ratio"": 4.618}, {""time"": 2.015, ""score"": 2.738, ""rms_ratio"": 2.819, ""diff_ratio"": 2.66}, {""time"": 5.215, ""score"": 2.715, ""rms_ratio"": 2.235, ""diff_ratio"": 3.299}, {""time"": 5.905, ""score"": 2.559, ""rms_ratio"": 3.158, ""diff_ratio"": 2.074}, {""time"": 6.815, ""score"": 2.51, ""rms_ratio"": 1.499, ""diff_ratio"": 4.202}, {""time"": 3.455, ""score"": 2.31, ""rms_ratio"": 2.355, ""diff_ratio"": 2.267}, {""time"": 5.015, ""score"": 2.199, ""rms_ratio"": 2.182, ""diff_ratio"": 2.216}, {""time"": 4.395, ""score"": 2.175, ""rms_ratio"": 2.924, ""diff_ratio"": 1.618}, {""time"": 6.385, ""score"": 2.159, ""rms_ratio"": 1.975, ""diff_ratio"": 2.359}, {""time"": 2.675, ""score"": 1.986, ""rms_ratio"": 1.828, ""diff_ratio"": 2.157}]",7.006,ffprobe,7.019,6.175,0.831,fly,pending,high,,,,"Aaron Judge's solo home run (38) Aaron Judge's solo home run (38) Aaron Judge's solo home run (38) Aaron Judge homers on a fly ball to left field, giving the Yankees a 1-0 lead in the top of the 1st",https://mlb-cuts-diamond.mlb.com/FORGE/2024/2024-07/29/179c2bd0-f64a5df1-d8cb8885-csvm-diamondx64-asset_1280x720_59_4000K.mp4,MLB_745547_aaron-judge-homers-38-on-a-fly-ball-to-left-field,raw_sources\MLB_745547_aaron-judge-homers-38-on-a-fly-ball-to-left-field_Aaron_Judge_s_solo_home_run_38_Aaron_Judge_s_solo_home_run_38_Aaron_Judge_s_solo_home_run_38_Aaron_Judge_home.mp4,1.140,8.140,,no,audit_checkpoint_001,186
1021,Codex_Workstation,F_1127,dataset/fly_ball/Codex_Workstation/F_1127,4,needs_edit,clip_too_short,insufficient_post_contact_context,recover_source_and_recut_longer,annotated_contact_audio_confirmed,2.330,2.430,2.335,2.335,3.047,2.149,4.321,2.335,0.045,2.335,3.047,"[{""time"": 2.335, ""score"": 3.047, ""rms_ratio"": 2.149, ""diff_ratio"": 4.321}, {""time"": 3.465, ""score"": 2.723, ""rms_ratio"": 2.126, ""diff_ratio"": 3.487}, {""time"": 2.215, ""score"": 2.658, ""rms_ratio"": 2.121, ""diff_ratio"": 3.332}, {""time"": 2.005, ""score"": 2.547, ""rms_ratio"": 2.329, ""diff_ratio"": 2.786}, {""time"": 3.725, ""score"": 2.53, ""rms_ratio"": 2.45, ""diff_ratio"": 2.613}, {""time"": 4.555, ""score"": 2.372, ""rms_ratio"": 2.503, ""diff_ratio"": 2.248}, {""time"": 2.695, ""score"": 2.322, ""rms_ratio"": 2.201, ""diff_ratio"": 2.449}, {""time"": 3.075, ""score"": 2.248, ""rms_ratio"": 2.118, ""diff_ratio"": 2.386}, {""time"": 4.685, ""score"": 2.217, ""rms_ratio"": 2.325, ""diff_ratio"": 2.115}, {""time"": 4.985, ""score"": 2.205, ""rms_ratio"": 1.855, ""diff_ratio"": 2.62}, {""time"": 2.455, ""score"": 2.17, ""rms_ratio"": 2.214, ""diff_ratio"": 2.126}, {""time"": 2.855, ""score"": 2.072, ""rms_ratio"": 1.953, ""diff_ratio"": 2.198}, {""time"": 5.615, ""score"": 2.037, ""rms_ratio"": 2.111, ""diff_ratio"": 1.965}, {""time"": 5.215, ""score"": 1.958, ""rms_ratio"": 2.15, ""diff_ratio"": 1.784}, {""time"": 3.885, ""score"": 1.897, ""rms_ratio"": 1.973, ""diff_ratio"": 1.825}, {""time"": 2.575, ""score"": 1.865, ""rms_ratio"": 1.696, ""diff_ratio"": 2.05}]",7.007,ffprobe,7.019,2.335,4.672,fly,pending,high,,,,Oneil Cruz's two-run home run (15) Oneil Cruz's two-run home run (15) Oneil Cruz's two-run home run (15) Oneil Cruz crushes a line drive to left-center field for a two-run home run to give the Pirates insurance runs in the 8th inning,https://mlb-cuts-diamond.mlb.com/FORGE/2024/2024-07/20/96f341c3-19093169-810ea971-csvm-diamondx64-asset_1280x720_59_4000K.mp4,MLB_745478_oneil-cruz-homers-15-on-a-fly-ball-to-center-field-bryan-reynolds-sco,raw_sources\MLB_745478_oneil-cruz-homers-15-on-a-fly-ball-to-center-field-bryan-reynolds-sco_Oneil_Cruz_s_two-run_home_run_15_Oneil_Cruz_s_two-run_home_run_15_Oneil_Cruz_s_two-run_ho.mp4,4.900,11.900,,no,audit_checkpoint_001,187
1020,Codex_Workstation,F_1126,dataset/fly_ball/Codex_Workstation/F_1126,4,needs_edit,clip_too_short,insufficient_post_contact_context,recover_source_and_recut_longer,annotated_contact_audio_confirmed,1.970,2.070,2.025,2.025,2.938,3.368,2.563,2.025,0.005,5.045,4.097,"[{""time"": 5.045, ""score"": 4.097, ""rms_ratio"": 2.383, ""diff_ratio"": 7.045}, {""time"": 2.515, ""score"": 3.511, ""rms_ratio"": 2.106, ""diff_ratio"": 5.852}, {""time"": 3.295, ""score"": 3.004, ""rms_ratio"": 1.689, ""diff_ratio"": 5.343}, {""time"": 2.025, ""score"": 2.938, ""rms_ratio"": 3.368, ""diff_ratio"": 2.563}, {""time"": 4.325, ""score"": 2.811, ""rms_ratio"": 2.488, ""diff_ratio"": 3.175}, {""time"": 2.305, ""score"": 2.568, ""rms_ratio"": 2.494, ""diff_ratio"": 2.645}, {""time"": 5.365, ""score"": 2.48, ""rms_ratio"": 2.788, ""diff_ratio"": 2.206}, {""time"": 3.775, ""score"": 2.255, ""rms_ratio"": 1.09, ""diff_ratio"": 4.664}, {""time"": 0.765, ""score"": 2.232, ""rms_ratio"": 1.917, ""diff_ratio"": 2.6}, {""time"": 0.525, ""score"": 1.966, ""rms_ratio"": 2.89, ""diff_ratio"": 1.338}, {""time"": 5.595, ""score"": 1.887, ""rms_ratio"": 2.222, ""diff_ratio"": 1.602}, {""time"": 6.345, ""score"": 1.827, ""rms_ratio"": 2.235, ""diff_ratio"": 1.494}, {""time"": 4.815, ""score"": 1.785, ""rms_ratio"": 1.841, ""diff_ratio"": 1.731}, {""time"": 0.015, ""score"": 1.726, ""rms_ratio"": 0.962, ""diff_ratio"": 2.98}, {""time"": 5.795, ""score"": 1.723, ""rms_ratio"": 2.082, ""diff_ratio"": 1.427}, {""time"": 3.955, ""score"": 1.704, ""rms_ratio"": 1.994, ""diff_ratio"": 1.456}]",7.006,ffprobe,7.019,2.025,4.981,fly,pending,high,,,,Tyler Locklear's first MLB home run (1) Tyler Locklear's first MLB home run (1) Tyler Locklear's first MLB home run (1) Tyler Locklear hits a towering fly ball to left field that bounces off the wall and over for his first MLB home run,https://mlb-cuts-diamond.mlb.com/FORGE/2024/2024-06/13/e4500345-bce0d6e2-92bd1c5a-csvm-diamondx64-asset_1280x720_59_4000K.mp4,MLB_745245_tyler-locklear-homers-1-on-a-fly-ball-to-left-center-field-mdux7v,raw_sources\MLB_745245_tyler-locklear-homers-1-on-a-fly-ball-to-left-center-field-mdux7v_Tyler_Locklear_s_first_MLB_home_run_1_Tyler_Locklear_s_first_MLB_home_run_1_Tyle.mp4,6.040,13.040,,no,audit_checkpoint_001,188
1019,Codex_Workstation,F_1125,dataset/fly_ball/Codex_Workstation/F_1125,4,needs_edit,clip_too_short,insufficient_post_contact_context,recover_source_and_recut_longer,annotated_contact_audio_confirmed,1.970,2.070,2.025,2.025,7.218,4.918,10.594,2.025,0.005,2.025,7.218,"[{""time"": 2.025, ""score"": 7.218, ""rms_ratio"": 4.918, ""diff_ratio"": 10.594}, {""time"": 6.305, ""score"": 2.321, ""rms_ratio"": 1.755, ""diff_ratio"": 3.071}, {""time"": 4.245, ""score"": 2.103, ""rms_ratio"": 1.703, ""diff_ratio"": 2.597}, {""time"": 4.425, ""score"": 2.091, ""rms_ratio"": 1.771, ""diff_ratio"": 2.469}, {""time"": 3.975, ""score"": 2.018, ""rms_ratio"": 1.972, ""diff_ratio"": 2.066}, {""time"": 5.915, ""score"": 1.878, ""rms_ratio"": 0.936, ""diff_ratio"": 3.527}, {""time"": 3.345, ""score"": 1.788, ""rms_ratio"": 1.809, ""diff_ratio"": 1.768}, {""time"": 4.635, ""score"": 1.766, ""rms_ratio"": 1.729, ""diff_ratio"": 1.804}, {""time"": 6.145, ""score"": 1.743, ""rms_ratio"": 1.392, ""diff_ratio"": 2.181}]",7.007,ffprobe,7.019,2.025,4.982,fly,pending,medium,,,,Pete Fairbanks closes out Rays' shutout win Pete Fairbanks closes out Rays' shutout win Pete Fairbanks closes out Rays' shutout win Randy Arozarena catches a fly ball from David Fry to secure the Rays' 2-0 shutout win over the Guardians,https://mlb-cuts-diamond.mlb.com/FORGE/2024/2024-07/14/febd3dfe-d7e884f2-a6b29c46-csvm-diamondx64-asset_1280x720_59_4000K.mp4,MLB_745066_david-fry-flies-out-to-left-fielder-randy-arozarena,raw_sources\MLB_745066_david-fry-flies-out-to-left-fielder-randy-arozarena_Pete_Fairbanks_closes_out_Rays_shutout_win_Pete_Fairbanks_closes_out_Rays_shutout_win_Pete_Fairbanks_closes.mp4,1.280,8.280,,no,audit_checkpoint_001,189
1018,Codex_Workstation,F_1124,dataset/fly_ball/Codex_Workstation/F_1124,4,needs_edit,clip_too_short,insufficient_post_contact_context,recover_source_and_recut_longer,annotated_contact_audio_confirmed,1.970,2.070,2.025,2.025,2.105,2.537,1.746,2.025,0.005,2.375,2.139,"[{""time"": 2.375, ""score"": 2.139, ""rms_ratio"": 2.181, ""diff_ratio"": 2.097}, {""time"": 2.025, ""score"": 2.105, ""rms_ratio"": 2.537, ""diff_ratio"": 1.746}, {""time"": 1.645, ""score"": 2.093, ""rms_ratio"": 1.499, ""diff_ratio"": 2.922}, {""time"": 1.815, ""score"": 1.872, ""rms_ratio"": 2.091, ""diff_ratio"": 1.675}, {""time"": 2.555, ""score"": 1.827, ""rms_ratio"": 2.179, ""diff_ratio"": 1.532}]",7.007,ffprobe,7.019,2.025,4.982,fly,pending,high,,,,"Corey Seager's solo home run (19) Corey Seager's solo home run (19) Corey Seager's solo home run (19) Corey Seager homers on a line drive to right field, giving the Rangers an early 1-0 lead in the 1st",https://mlb-cuts-diamond.mlb.com/FORGE/2024/2024-07/24/e655e755-5d899199-076e5157-csvm-diamondx64-asset_1280x720_59_4000K.mp4,MLB_744989_corey-seager-homers-19-on-a-line-drive-to-right-field,raw_sources\MLB_744989_corey-seager-homers-19-on-a-line-drive-to-right-field_Corey_Seager_s_solo_home_run_19_Corey_Seager_s_solo_home_run_19_Corey_Seager_s_solo_home_run_19_Corey_Sea.mp4,15.360,22.360,,no,audit_checkpoint_001,190
1017,Codex_Workstation,F_1123,dataset/fly_ball/Codex_Workstation/F_1123,4,needs_edit,contact_timestamp_wrong,contact_timestamp_wrong;insufficient_post_contact_context,retime_from_local_audio_candidate;qwen_confirm_visual_contact_near_candidate;recover_source_and_recut_longer,likely_contact_timestamp_wrong,1.970,2.070,5.935,2.035,1.872,2.167,1.617,2.115,0.095,5.935,2.151,"[{""time"": 5.935, ""score"": 2.151, ""rms_ratio"": 1.256, ""diff_ratio"": 3.682}, {""time"": 6.525, ""score"": 2.007, ""rms_ratio"": 1.161, ""diff_ratio"": 3.47}, {""time"": 2.115, ""score"": 1.978, ""rms_ratio"": 1.767, ""diff_ratio"": 2.214}, {""time"": 2.505, ""score"": 1.944, ""rms_ratio"": 1.103, ""diff_ratio"": 3.429}, {""time"": 1.655, ""score"": 1.889, ""rms_ratio"": 2.147, ""diff_ratio"": 1.662}, {""time"": 6.655, ""score"": 1.867, ""rms_ratio"": 1.132, ""diff_ratio"": 3.079}, {""time"": 1.215, ""score"": 1.783, ""rms_ratio"": 1.881, ""diff_ratio"": 1.691}, {""time"": 1.895, ""score"": 1.773, ""rms_ratio"": 1.631, ""diff_ratio"": 1.928}, {""time"": 2.235, ""score"": 1.731, ""rms_ratio"": 1.725, ""diff_ratio"": 1.737}, {""time"": 1.785, ""score"": 1.723, ""rms_ratio"": 1.741, ""diff_ratio"": 1.705}]",7.007,ffprobe,7.019,5.935,1.072,fly,pending,high,,,,Kevin Kiermaier robs Alex Verdugo of a home run Kevin Kiermaier robs Alex Verdugo of a home run Kevin Kiermaier robs Alex Verdugo of a home run Kevin Kiermaier tracks a fly ball and leaps to make a great catch to rob Alex Verdugo of a home run,https://mlb-cuts-diamond.mlb.com/FORGE/2024/2024-06/30/e2e78130-b0d3a2d4-ba8547da-csvm-diamondx64-asset_1280x720_59_4000K.mp4,MLB_744916_aaron-judge-singles-on-a-line-drive-to-center-fielder-kevin-kiermaier,raw_sources\MLB_744916_aaron-judge-singles-on-a-line-drive-to-center-fielder-kevin-kiermaier_Kevin_Kiermaier_robs_Alex_Verdugo_of_a_home_run_Kevin_Kiermaier_robs_Alex_Verdugo_of_a_ho.mp4,11.340,18.340,,no,audit_checkpoint_001,191
1016,Codex_Workstation,F_1122,dataset/fly_ball/Codex_Workstation/F_1122,4,needs_edit,contact_timestamp_wrong,contact_timestamp_wrong;insufficient_post_contact_context,retime_from_local_audio_candidate;qwen_confirm_visual_contact_near_candidate;recover_source_and_recut_longer,likely_contact_timestamp_wrong,1.970,2.070,2.475,2.095,1.715,2.221,1.325,2.095,0.075,2.475,2.477,"[{""time"": 2.475, ""score"": 2.477, ""rms_ratio"": 1.724, ""diff_ratio"": 3.56}, {""time"": 0.195, ""score"": 2.023, ""rms_ratio"": 2.161, ""diff_ratio"": 1.894}, {""time"": 3.345, ""score"": 1.992, ""rms_ratio"": 1.108, ""diff_ratio"": 3.58}, {""time"": 0.075, ""score"": 1.906, ""rms_ratio"": 1.622, ""diff_ratio"": 2.24}, {""time"": 2.675, ""score"": 1.815, ""rms_ratio"": 1.985, ""diff_ratio"": 1.659}, {""time"": 0.495, ""score"": 1.763, ""rms_ratio"": 2.015, ""diff_ratio"": 1.543}, {""time"": 0.375, ""score"": 1.744, ""rms_ratio"": 1.971, ""diff_ratio"": 1.543}, {""time"": 2.095, ""score"": 1.715, ""rms_ratio"": 2.221, ""diff_ratio"": 1.325}, {""time"": 5.005, ""score"": 1.7, ""rms_ratio"": 0.865, ""diff_ratio"": 2.891}, {""time"": 3.035, ""score"": 1.694, ""rms_ratio"": 1.726, ""diff_ratio"": 1.663}, {""time"": 1.685, ""score"": 1.676, ""rms_ratio"": 2.013, ""diff_ratio"": 1.395}]",7.006,ffprobe,7.019,2.475,4.531,fly,pending,high,,,,"Spencer Horwitz's solo home run (3) Spencer Horwitz's solo home run (3) Spencer Horwitz's solo home run (3) Spencer Horwitz homers on a fly ball to right field, extending the Blue Jays' lead to 2-0 in the bottom of the 3rd",https://mlb-cuts-diamond.mlb.com/FORGE/2024/2024-07/02/1f271cea-339e120b-34acdcf0-csvm-diamondx64-asset_1280x720_59_4000K.mp4,MLB_744913_spencer-horwitz-homers-3-on-a-fly-ball-to-right-field,raw_sources\MLB_744913_spencer-horwitz-homers-3-on-a-fly-ball-to-right-field_Spencer_Horwitz_s_solo_home_run_3_Spencer_Horwitz_s_solo_home_run_3_Spencer_Horwitz_s_solo_home_run_3_Spe.mp4,5.860,12.860,,no,audit_checkpoint_001,192
1015,Codex_Workstation,F_1121,dataset/fly_ball/Codex_Workstation/F_1121,4,needs_edit,clip_too_short,insufficient_post_contact_context,recover_source_and_recut_longer,annotated_contact_audio_confirmed,1.950,2.050,2.025,2.025,11.256,13.495,9.388,2.025,0.025,2.025,11.256,"[{""time"": 2.025, ""score"": 11.256, ""rms_ratio"": 13.495, ""diff_ratio"": 9.388}, {""time"": 0.465, ""score"": 8.002, ""rms_ratio"": 8.02, ""diff_ratio"": 7.984}, {""time"": 1.185, ""score"": 6.641, ""rms_ratio"": 8.023, ""diff_ratio"": 5.497}, {""time"": 2.355, ""score"": 6.096, ""rms_ratio"": 6.398, ""diff_ratio"": 5.808}, {""time"": 1.015, ""score"": 5.893, ""rms_ratio"": 6.898, ""diff_ratio"": 5.035}, {""time"": 0.855, ""score"": 5.843, ""rms_ratio"": 6.179, ""diff_ratio"": 5.526}, {""time"": 2.985, ""score"": 3.796, ""rms_ratio"": 3.722, ""diff_ratio"": 3.872}, {""time"": 2.185, ""score"": 3.403, ""rms_ratio"": 3.778, ""diff_ratio"": 3.066}, {""time"": 0.615, ""score"": 3.231, ""rms_ratio"": 3.664, ""diff_ratio"": 2.849}, {""time"": 3.635, ""score"": 3.203, ""rms_ratio"": 3.688, ""diff_ratio"": 2.782}, {""time"": 1.305, ""score"": 2.224, ""rms_ratio"": 2.739, ""diff_ratio"": 1.807}, {""time"": 0.335, ""score"": 2.145, ""rms_ratio"": 1.369, ""diff_ratio"": 3.362}, {""time"": 3.135, ""score"": 1.967, ""rms_ratio"": 2.381, ""diff_ratio"": 1.624}, {""time"": 2.535, ""score"": 1.686, ""rms_ratio"": 2.623, ""diff_ratio"": 1.084}]",3.645,ffprobe,3.648,2.025,1.620,fly,pending,medium,,,,"Anthony Volpe on his homer and tonight's loss Anthony Volpe on his homer and tonight's loss Anthony Volpe on his homer and tonight's loss Anthony Volpe discusses his solo home run tonight, facing Garrett Crochet and Aroldis Chapman, and his confidence moving forward after a Game 1 loss",https://mlb-cuts-diamond.mlb.com/FORGE/2025/2025-09/30/1bd69857-be17f120-736a5eb7-csvm-diamondgcp-asset_1280x720_59_4000K.mp4,MLB_813074_anthony-volpe-on-his-homer-and-tonight-s-loss,raw_sources\MLB_813074_anthony-volpe-on-his-homer-and-tonight-s-loss_Anthony_Volpe_on_his_homer_and_tonight_s_loss_Anthony_Volpe_on_his_homer_and_tonight_s_loss_Anthony_Volpe_on_his_.mp4,1.560,8.560,,no,audit_checkpoint_001,193
1014,Codex_Workstation,F_1119,dataset/fly_ball/Codex_Workstation/F_1119,4,needs_edit,clip_too_short,insufficient_post_contact_context,recover_source_and_recut_longer,annotated_contact_audio_confirmed,1.710,1.810,1.805,1.805,8.528,7.782,9.345,1.805,0.045,1.805,8.528,"[{""time"": 1.805, ""score"": 8.528, ""rms_ratio"": 7.782, ""diff_ratio"": 9.345}, {""time"": 1.925, ""score"": 7.162, ""rms_ratio"": 5.992, ""diff_ratio"": 8.56}, {""time"": 2.525, ""score"": 6.321, ""rms_ratio"": 5.301, ""diff_ratio"": 7.537}, {""time"": 2.735, ""score"": 6.014, ""rms_ratio"": 4.614, ""diff_ratio"": 7.838}, {""time"": 0.535, ""score"": 5.491, ""rms_ratio"": 4.747, ""diff_ratio"": 6.352}, {""time"": 4.615, ""score"": 4.859, ""rms_ratio"": 5.72, ""diff_ratio"": 4.128}, {""time"": 1.575, ""score"": 4.249, ""rms_ratio"": 3.693, ""diff_ratio"": 4.888}, {""time"": 0.715, ""score"": 4.03, ""rms_ratio"": 3.289, ""diff_ratio"": 4.937}, {""time"": 2.105, ""score"": 3.505, ""rms_ratio"": 3.508, ""diff_ratio"": 3.502}, {""time"": 3.615, ""score"": 3.459, ""rms_ratio"": 1.88, ""diff_ratio"": 6.365}, {""time"": 3.855, ""score"": 3.122, ""rms_ratio"": 3.797, ""diff_ratio"": 2.566}, {""time"": 4.185, ""score"": 2.778, ""rms_ratio"": 3.92, ""diff_ratio"": 1.97}, {""time"": 2.325, ""score"": 2.744, ""rms_ratio"": 2.973, ""diff_ratio"": 2.533}, {""time"": 5.115, ""score"": 2.548, ""rms_ratio"": 3.146, ""diff_ratio"": 2.064}, {""time"": 3.475, ""score"": 2.291, ""rms_ratio"": 3.405, ""diff_ratio"": 1.542}, {""time"": 6.035, ""score"": 2.268, ""rms_ratio"": 3.556, ""diff_ratio"": 1.447}]",6.037,ffprobe,6.054,1.805,4.232,fly,pending,medium,,,,"Shohei Ohtani shows off exit velocity with two homers Shohei Ohtani shows off exit velocity with two homers Shohei Ohtani shows off exit velocity with two homers Statcast measures the projected distance, exit velocity and bat Shohei Ohtani's two home runs, one of them being hit 117.7 mph",https://mlb-cuts-diamond.mlb.com/FORGE/2025/2025-09/30/ad0dc69e-7df39f7c-c5239b7c-csvm-diamondgcp-asset_1280x720_59_4000K.mp4,MLB_813069_shohei-ohtani-shows-off-exit-velocity-with-two-homers,raw_sources\MLB_813069_shohei-ohtani-shows-off-exit-velocity-with-two-homers_Shohei_Ohtani_shows_off_exit_velocity_with_two_homers_Shohei_Ohtani_shows_off_exit_velocity_with_two_home.mp4,0.000,7.000,,no,audit_checkpoint_001,194
1013,Codex_Workstation,F_1118,dataset/fly_ball/Codex_Workstation/F_1118,4,needs_edit,clip_too_short,insufficient_post_contact_context,recover_source_and_recut_longer,annotated_contact_audio_confirmed,1.950,2.050,2.025,2.025,13.936,14.395,13.493,2.025,0.025,2.025,13.936,"[{""time"": 2.025, ""score"": 13.936, ""rms_ratio"": 14.395, ""diff_ratio"": 13.493}, {""time"": 4.755, ""score"": 9.883, ""rms_ratio"": 4.222, ""diff_ratio"": 23.136}, {""time"": 1.915, ""score"": 9.359, ""rms_ratio"": 10.758, ""diff_ratio"": 8.142}, {""time"": 2.355, ""score"": 6.471, ""rms_ratio"": 2.78, ""diff_ratio"": 15.062}, {""time"": 5.145, ""score"": 5.773, ""rms_ratio"": 2.489, ""diff_ratio"": 13.39}, {""time"": 4.455, ""score"": 3.752, ""rms_ratio"": 3.99, ""diff_ratio"": 3.527}, {""time"": 5.565, ""score"": 3.749, ""rms_ratio"": 3.714, ""diff_ratio"": 3.784}, {""time"": 3.405, ""score"": 3.444, ""rms_ratio"": 3.938, ""diff_ratio"": 3.011}, {""time"": 5.455, ""score"": 3.207, ""rms_ratio"": 1.874, ""diff_ratio"": 5.49}, {""time"": 4.915, ""score"": 3.175, ""rms_ratio"": 3.939, ""diff_ratio"": 2.559}, {""time"": 2.145, ""score"": 3.139, ""rms_ratio"": 3.713, ""diff_ratio"": 2.653}, {""time"": 4.275, ""score"": 2.969, ""rms_ratio"": 1.279, ""diff_ratio"": 6.89}, {""time"": 4.575, ""score"": 2.813, ""rms_ratio"": 3.216, ""diff_ratio"": 2.46}, {""time"": 3.655, ""score"": 2.516, ""rms_ratio"": 2.763, ""diff_ratio"": 2.291}, {""time"": 0.525, ""score"": 2.341, ""rms_ratio"": 2.248, ""diff_ratio"": 2.438}, {""time"": 0.355, ""score"": 2.168, ""rms_ratio"": 2.07, ""diff_ratio"": 2.271}]",6.412,ffprobe,6.421,2.025,4.387,fly,pending,medium,,,,"Shohei Ohtani on his two homers, pitching in 10-5 win Shohei Ohtani on his two homers, pitching in 10-5 win Shohei Ohtani on his two homers, pitching in 10-5 win Shohei Ohtani breaks down his two-home run performance, when he is available to pitch in this series, and more following the win in Game 1",https://mlb-cuts-diamond.mlb.com/FORGE/2025/2025-09/30/f2bcd35e-14b50b58-223c0e82-csvm-diamondgcp-asset_1280x720_59_4000K.mp4,MLB_813069_shohei-ohtani-on-his-two-homers-pitching-in-10-5-win,raw_sources\MLB_813069_shohei-ohtani-on-his-two-homers-pitching-in-10-5-win_Shohei_Ohtani_on_his_two_homers_pitching_in_10-5_win_Shohei_Ohtani_on_his_two_homers_pitching_in_10-5_win_.mp4,0.180,7.180,,no,audit_checkpoint_001,195
1012,Codex_Workstation,F_1116,dataset/fly_ball/Codex_Workstation/F_1116,4,needs_edit,clip_too_short,insufficient_post_contact_context,recover_source_and_recut_longer,annotated_contact_audio_confirmed,1.950,2.050,2.015,2.015,5.214,6.249,4.350,2.015,0.015,2.285,5.792,"[{""time"": 2.285, ""score"": 5.792, ""rms_ratio"": 5.081, ""diff_ratio"": 6.601}, {""time"": 4.555, ""score"": 5.248, ""rms_ratio"": 4.451, ""diff_ratio"": 6.189}, {""time"": 2.015, ""score"": 5.214, ""rms_ratio"": 6.249, ""diff_ratio"": 4.35}, {""time"": 5.915, ""score"": 4.648, ""rms_ratio"": 4.284, ""diff_ratio"": 5.042}, {""time"": 6.415, ""score"": 4.515, ""rms_ratio"": 4.318, ""diff_ratio"": 4.722}, {""time"": 6.255, ""score"": 4.098, ""rms_ratio"": 4.773, ""diff_ratio"": 3.518}, {""time"": 3.455, ""score"": 3.974, ""rms_ratio"": 3.598, ""diff_ratio"": 4.39}, {""time"": 6.055, ""score"": 3.952, ""rms_ratio"": 4.464, ""diff_ratio"": 3.5}, {""time"": 4.875, ""score"": 3.687, ""rms_ratio"": 1.486, ""diff_ratio"": 9.149}, {""time"": 2.135, ""score"": 3.251, ""rms_ratio"": 4.266, ""diff_ratio"": 2.478}, {""time"": 2.635, ""score"": 3.071, ""rms_ratio"": 1.131, ""diff_ratio"": 8.342}, {""time"": 3.605, ""score"": 2.786, ""rms_ratio"": 3.006, ""diff_ratio"": 2.583}, {""time"": 0.525, ""score"": 2.746, ""rms_ratio"": 3.242, ""diff_ratio"": 2.325}, {""time"": 3.085, ""score"": 2.628, ""rms_ratio"": 2.77, ""diff_ratio"": 2.494}, {""time"": 0.355, ""score"": 2.543, ""rms_ratio"": 2.985, ""diff_ratio"": 2.166}, {""time"": 0.665, ""score"": 2.511, ""rms_ratio"": 3.116, ""diff_ratio"": 2.023}]",6.456,ffprobe,6.464,2.015,4.441,fly,pending,medium,,,,"Seiya Suzuki on WC Game 1 homer, playoff atmosphere Seiya Suzuki on WC Game 1 homer, playoff atmosphere Seiya Suzuki on WC Game 1 homer, playoff atmosphere Seiya Suzuki speaks after the Cubs' Game 1 victory, discussing his clutch home run, his recent hot streak, the playoff atmosphere, and more",https://mlb-cuts-diamond.mlb.com/FORGE/2025/2025-09/30/8ee5bbee-856fdd24-7af00d56-csvm-diamondgcp-asset_1280x720_59_4000K.mp4,MLB_813066_seiya-suzuki-on-wc-game-1-homer-playoff-atmosphere,raw_sources\MLB_813066_seiya-suzuki-on-wc-game-1-homer-playoff-atmosphere_Seiya_Suzuki_on_WC_Game_1_homer_playoff_atmosphere_Seiya_Suzuki_on_WC_Game_1_homer_playoff_atmosphere_Seiya_.mp4,0.180,7.180,,no,audit_checkpoint_001,196
1011,Codex_Workstation,F_1115,dataset/fly_ball/Codex_Workstation/F_1115,4,needs_edit,clip_too_short,insufficient_pre_contact_context;insufficient_post_contact_context,recover_source_and_recut_longer,annotated_contact_audio_confirmed,0.690,0.790,0.755,0.755,3.047,3.219,2.884,0.755,0.015,2.345,3.653,"[{""time"": 2.345, ""score"": 3.653, ""rms_ratio"": 2.367, ""diff_ratio"": 5.638}, {""time"": 1.725, ""score"": 3.409, ""rms_ratio"": 3.087, ""diff_ratio"": 3.766}, {""time"": 4.025, ""score"": 3.373, ""rms_ratio"": 3.015, ""diff_ratio"": 3.774}, {""time"": 2.215, ""score"": 3.219, ""rms_ratio"": 2.877, ""diff_ratio"": 3.601}, {""time"": 5.185, ""score"": 3.085, ""rms_ratio"": 1.973, ""diff_ratio"": 4.825}, {""time"": 2.095, ""score"": 3.073, ""rms_ratio"": 2.797, ""diff_ratio"": 3.376}, {""time"": 6.225, ""score"": 3.052, ""rms_ratio"": 3.032, ""diff_ratio"": 3.072}, {""time"": 0.755, ""score"": 3.047, ""rms_ratio"": 3.219, ""diff_ratio"": 2.884}, {""time"": 3.445, ""score"": 2.983, ""rms_ratio"": 2.902, ""diff_ratio"": 3.067}, {""time"": 4.585, ""score"": 2.954, ""rms_ratio"": 1.884, ""diff_ratio"": 4.63}, {""time"": 2.675, ""score"": 2.872, ""rms_ratio"": 1.687, ""diff_ratio"": 4.889}, {""time"": 3.225, ""score"": 2.857, ""rms_ratio"": 2.509, ""diff_ratio"": 3.253}, {""time"": 0.965, ""score"": 2.856, ""rms_ratio"": 2.629, ""diff_ratio"": 3.103}, {""time"": 4.205, ""score"": 2.838, ""rms_ratio"": 2.818, ""diff_ratio"": 2.859}, {""time"": 3.035, ""score"": 2.752, ""rms_ratio"": 2.464, ""diff_ratio"": 3.074}, {""time"": 3.855, ""score"": 2.749, ""rms_ratio"": 1.746, ""diff_ratio"": 4.328}]",7.014,ffprobe,7.014,0.755,6.259,fly,pending,medium,,,,"Nico Hoerner talks Cubs' Game 1 win Nico Hoerner talks Cubs' Game 1 win Nico Hoerner talks Cubs' Game 1 win Nico Hoerner discusses his 8th-inning sacrifice fly, Matthew Boyd's outing and the atmosphere at Wrigley Field following the Cubs' 3-1 win",https://mlb-cuts-diamond.mlb.com/FORGE/2025/2025-09/30/1a67e7de-d1090a7b-088106fc-csvm-diamondgcp-asset_1280x720_59_4000K.mp4,MLB_813066_nico-hoerner-talks-cubs-game-1-win,raw_sources\MLB_813066_nico-hoerner-talks-cubs-game-1-win_Nico_Hoerner_talks_Cubs_Game_1_win_Nico_Hoerner_talks_Cubs_Game_1_win_Nico_Hoerner_talks_Cubs_Game_1_win_Nico_Hoerner_discus.mp4,0.000,7.000,,no,audit_checkpoint_001,197
1010,Codex_Workstation,F_1114,dataset/fly_ball/Codex_Workstation/F_1114,4,needs_edit,clip_too_short,insufficient_post_contact_context,recover_source_and_recut_longer,annotated_contact_audio_confirmed,1.950,2.050,2.035,2.035,4.793,3.748,6.130,2.035,0.035,2.035,4.793,"[{""time"": 2.035, ""score"": 4.793, ""rms_ratio"": 3.748, ""diff_ratio"": 6.13}, {""time"": 3.195, ""score"": 2.816, ""rms_ratio"": 2.412, ""diff_ratio"": 3.286}, {""time"": 2.825, ""score"": 2.545, ""rms_ratio"": 2.638, ""diff_ratio"": 2.456}, {""time"": 2.945, ""score"": 2.394, ""rms_ratio"": 2.592, ""diff_ratio"": 2.212}, {""time"": 3.045, ""score"": 2.223, ""rms_ratio"": 2.152, ""diff_ratio"": 2.297}, {""time"": 2.715, ""score"": 2.08, ""rms_ratio"": 1.997, ""diff_ratio"": 2.167}, {""time"": 6.525, ""score"": 2.015, ""rms_ratio"": 1.215, ""diff_ratio"": 3.342}, {""time"": 3.325, ""score"": 1.87, ""rms_ratio"": 2.0, ""diff_ratio"": 1.749}, {""time"": 3.555, ""score"": 1.846, ""rms_ratio"": 1.947, ""diff_ratio"": 1.751}, {""time"": 1.155, ""score"": 1.823, ""rms_ratio"": 1.041, ""diff_ratio"": 3.191}, {""time"": 6.905, ""score"": 1.757, ""rms_ratio"": 1.646, ""diff_ratio"": 1.876}, {""time"": 6.155, ""score"": 1.755, ""rms_ratio"": 1.196, ""diff_ratio"": 2.573}, {""time"": 5.415, ""score"": 1.747, ""rms_ratio"": 1.108, ""diff_ratio"": 2.756}, {""time"": 5.005, ""score"": 1.722, ""rms_ratio"": 1.736, ""diff_ratio"": 1.708}, {""time"": 4.325, ""score"": 1.66, ""rms_ratio"": 1.576, ""diff_ratio"": 1.748}]",7.007,ffprobe,7.019,2.035,4.972,fly,pending,medium,,,,"Nico Hoerner's sacrifice fly Nico Hoerner's sacrifice fly Nico Hoerner's sacrifice fly Nico Hoerner skies a sacrifice fly to center field, scoring Dansby Swanson to provide a crucial insurance run and put the Cubs ahead 3-1 in the 8th",https://mlb-cuts-diamond.mlb.com/FORGE/2025/2025-09/30/4e412a60-4e902681-c94193f6-csvm-diamondgcp-asset_1280x720_59_4000K.mp4,MLB_813066_nico-hoerner-s-sacrifice-fly-x3210,raw_sources\MLB_813066_nico-hoerner-s-sacrifice-fly-x3210_Nico_Hoerner_s_sacrifice_fly_Nico_Hoerner_s_sacrifice_fly_Nico_Hoerner_s_sacrifice_fly_Nico_Hoerner_skies_a_sacrifice_fly_to.mp4,0.160,7.160,,no,audit_checkpoint_001,198
1009,Codex_Workstation,F_1113,dataset/fly_ball/Codex_Workstation/F_1113,4,needs_edit,clip_too_short,insufficient_post_contact_context,recover_source_and_recut_longer,annotated_contact_audio_confirmed,1.950,2.050,2.005,2.005,2.550,2.874,2.263,2.005,0.005,2.005,2.550,"[{""time"": 2.005, ""score"": 2.55, ""rms_ratio"": 2.874, ""diff_ratio"": 2.263}, {""time"": 0.015, ""score"": 1.765, ""rms_ratio"": 1.75, ""diff_ratio"": 1.781}, {""time"": 1.855, ""score"": 1.763, ""rms_ratio"": 1.687, ""diff_ratio"": 1.842}]",2.025,ffprobe,2.027,2.005,0.020,fly,pending,medium,,,,Field View: Carson Kelly's go-ahead home run Field View: Carson Kelly's go-ahead home run Field View: Carson Kelly's go-ahead home run Check out this unique angle of Carson Kelly's solo home run in the bottom of the 5th inning against the Padres,https://mlb-cuts-diamond.mlb.com/FORGE/2025/2025-09/30/dc1bf80e-9356dac3-cbf0091a-csvm-diamondgcp-asset_1280x720_59_4000K.mp4,MLB_813066_field-view-carson-kelly-s-go-ahead-home-run,raw_sources\MLB_813066_field-view-carson-kelly-s-go-ahead-home-run_Field_View_Carson_Kelly_s_go-ahead_home_run_Field_View_Carson_Kelly_s_go-ahead_home_run_Field_View_Carson_Kelly_s_g.mp4,6.700,13.700,,no,audit_checkpoint_001,199
1008,Codex_Workstation,F_1112,dataset/fly_ball/Codex_Workstation/F_1112,4,needs_edit,clip_too_short,insufficient_post_contact_context,recover_source_and_recut_longer,annotated_contact_audio_confirmed,1.950,2.050,2.025,2.025,5.662,5.361,5.979,2.025,0.025,2.025,5.662,"[{""time"": 2.025, ""score"": 5.662, ""rms_ratio"": 5.361, ""diff_ratio"": 5.979}, {""time"": 1.875, ""score"": 5.483, ""rms_ratio"": 4.556, ""diff_ratio"": 6.598}, {""time"": 2.605, ""score"": 4.625, ""rms_ratio"": 3.928, ""diff_ratio"": 5.446}, {""time"": 2.255, ""score"": 4.338, ""rms_ratio"": 3.872, ""diff_ratio"": 4.86}, {""time"": 1.755, ""score"": 4.313, ""rms_ratio"": 3.84, ""diff_ratio"": 4.844}, {""time"": 3.215, ""score"": 3.772, ""rms_ratio"": 3.005, ""diff_ratio"": 4.735}, {""time"": 2.955, ""score"": 3.619, ""rms_ratio"": 3.598, ""diff_ratio"": 3.64}, {""time"": 2.815, ""score"": 2.643, ""rms_ratio"": 2.514, ""diff_ratio"": 2.777}, {""time"": 3.065, ""score"": 2.469, ""rms_ratio"": 1.366, ""diff_ratio"": 4.461}, {""time"": 1.535, ""score"": 2.415, ""rms_ratio"": 2.03, ""diff_ratio"": 2.873}, {""time"": 0.145, ""score"": 2.387, ""rms_ratio"": 2.552, ""diff_ratio"": 2.232}, {""time"": 0.385, ""score"": 2.273, ""rms_ratio"": 1.99, ""diff_ratio"": 2.597}, {""time"": 0.585, ""score"": 2.251, ""rms_ratio"": 2.582, ""diff_ratio"": 1.963}, {""time"": 0.245, ""score"": 1.9, ""rms_ratio"": 1.999, ""diff_ratio"": 1.806}, {""time"": 2.155, ""score"": 1.685, ""rms_ratio"": 0.58, ""diff_ratio"": 2.838}]",3.237,ffprobe,3.243,2.025,1.212,fly,pending,medium,,,,"Craig Counsell talks Matthew Boyd's start in 3-1 win Craig Counsell talks Matthew Boyd's start in 3-1 win Craig Counsell talks Matthew Boyd's start in 3-1 win Craig Counsell discusses Matthew Boyd's solid start, Seiya Suzuki's solo home run and more after the Cubs' 3-1 win over the Padres",https://mlb-cuts-diamond.mlb.com/FORGE/2025/2025-09/30/bc8f9255-93bc7337-43868e3c-csvm-diamondgcp-asset_1280x720_59_4000K.mp4,MLB_813066_craig-counsell-talks-matthew-boyd-s-start-in-3-1-win,raw_sources\MLB_813066_craig-counsell-talks-matthew-boyd-s-start-in-3-1-win_Craig_Counsell_talks_Matthew_Boyd_s_start_in_3-1_win_Craig_Counsell_talks_Matthew_Boyd_s_start_in_3-1_win_.mp4,2.800,9.800,,no,audit_checkpoint_001,200
1007,Codex_Workstation,F_1110,dataset/fly_ball/Codex_Workstation/F_1110,4,needs_edit,contact_timestamp_wrong,contact_timestamp_wrong;insufficient_post_contact_context,retime_from_local_audio_candidate;qwen_confirm_visual_contact_near_candidate;recover_source_and_recut_longer,likely_contact_timestamp_wrong,1.950,2.050,2.235,2.025,2.427,3.103,1.898,2.025,0.025,1.225,5.420,"[{""time"": 1.225, ""score"": 5.42, ""rms_ratio"": 2.434, ""diff_ratio"": 12.07}, {""time"": 4.695, ""score"": 4.409, ""rms_ratio"": 2.184, ""diff_ratio"": 8.9}, {""time"": 4.175, ""score"": 4.1, ""rms_ratio"": 2.094, ""diff_ratio"": 8.027}, {""time"": 3.935, ""score"": 3.573, ""rms_ratio"": 1.671, ""diff_ratio"": 7.64}, {""time"": 2.235, ""score"": 3.477, ""rms_ratio"": 2.626, ""diff_ratio"": 4.603}, {""time"": 4.805, ""score"": 2.896, ""rms_ratio"": 2.629, ""diff_ratio"": 3.191}, {""time"": 2.635, ""score"": 2.84, ""rms_ratio"": 1.566, ""diff_ratio"": 5.151}, {""time"": 2.445, ""score"": 2.594, ""rms_ratio"": 2.139, ""diff_ratio"": 3.146}, {""time"": 3.015, ""score"": 2.59, ""rms_ratio"": 2.029, ""diff_ratio"": 3.306}, {""time"": 4.565, ""score"": 2.481, ""rms_ratio"": 1.894, ""diff_ratio"": 3.249}, {""time"": 2.025, ""score"": 2.427, ""rms_ratio"": 3.103, ""diff_ratio"": 1.898}, {""time"": 4.355, ""score"": 2.159, ""rms_ratio"": 2.921, ""diff_ratio"": 1.595}, {""time"": 3.795, ""score"": 2.153, ""rms_ratio"": 2.468, ""diff_ratio"": 1.878}, {""time"": 3.555, ""score"": 2.024, ""rms_ratio"": 1.96, ""diff_ratio"": 2.09}, {""time"": 3.415, ""score"": 1.969, ""rms_ratio"": 1.683, ""diff_ratio"": 2.304}, {""time"": 2.805, ""score"": 1.944, ""rms_ratio"": 1.607, ""diff_ratio"": 2.351}]",4.854,ffprobe,4.864,2.235,2.619,fly,pending,medium,,,,"Bo Naylor's two-homer, two-RBI game vs. the Twins Bo Naylor's two-homer, two-RBI game vs. the Twins Bo Naylor's two-homer, two-RBI game vs. the Twins Bo Naylor has a strong day at the dish for the Guardians, lifting two solo home runs against the Twins",https://mlb-cuts-diamond.mlb.com/FORGE/2025/2025-09/20/2d466b59-e92117ce-fbdf032d-csvm-diamondgcp-asset_1280x720_59_4000K.mp4,MLB_777839_bo-naylor-s-two-homer-two-rbi-game-vs-the-twins,raw_sources\MLB_777839_bo-naylor-s-two-homer-two-rbi-game-vs-the-twins_Bo_Naylor_s_two-homer_two-RBI_game_vs._the_Twins_Bo_Naylor_s_two-homer_two-RBI_game_vs._the_Twins_Bo_Naylor_s_t.mp4,0.440,7.440,,no,audit_checkpoint_001,201
1006,Codex_Workstation,F_1109,dataset/fly_ball/Codex_Workstation/F_1109,4,needs_edit,contact_timestamp_wrong,contact_timestamp_wrong;insufficient_post_contact_context,retime_from_local_audio_candidate;qwen_confirm_visual_contact_near_candidate;recover_source_and_recut_longer,likely_contact_timestamp_wrong,1.950,2.050,2.245,2.025,1.745,2.215,1.376,2.025,0.025,2.245,2.319,"[{""time"": 2.245, ""score"": 2.319, ""rms_ratio"": 1.482, ""diff_ratio"": 3.631}, {""time"": 1.735, ""score"": 1.901, ""rms_ratio"": 1.283, ""diff_ratio"": 2.816}, {""time"": 0.175, ""score"": 1.809, ""rms_ratio"": 1.775, ""diff_ratio"": 1.843}, {""time"": 1.155, ""score"": 1.783, ""rms_ratio"": 1.887, ""diff_ratio"": 1.684}, {""time"": 2.425, ""score"": 1.758, ""rms_ratio"": 1.715, ""diff_ratio"": 1.802}, {""time"": 2.025, ""score"": 1.745, ""rms_ratio"": 2.215, ""diff_ratio"": 1.376}]",2.452,ffprobe,2.453,2.245,0.207,fly,pending,medium,,,,"Bo Naylor's second solo home run of the game (14) Bo Naylor's second solo home run of the game (14) Bo Naylor's second solo home run of the game (14) Bo Naylo connects for his second solo home run of the game, extending the Guardians' lead to 6-0 in the 8th inning",https://mlb-cuts-diamond.mlb.com/FORGE/2025/2025-09/20/d125fa87-908981f8-0bb565ec-csvm-diamondgcp-asset_1280x720_59_4000K.mp4,MLB_777839_bo-naylor-s-second-solo-home-run-of-the-game-14,raw_sources\MLB_777839_bo-naylor-s-second-solo-home-run-of-the-game-14_Bo_Naylor_s_second_solo_home_run_of_the_game_14_Bo_Naylor_s_second_solo_home_run_of_the_game_14_Bo_Naylor_s_sec.mp4,3.740,10.740,,no,audit_checkpoint_001,202
1005,Codex_Workstation,F_1108,dataset/fly_ball/Codex_Workstation/F_1108,4,needs_edit,contact_timestamp_wrong,contact_timestamp_wrong;insufficient_post_contact_context,retime_from_local_audio_candidate;qwen_confirm_visual_contact_near_candidate;recover_source_and_recut_longer,likely_contact_timestamp_wrong,1.950,2.050,2.235,2.025,2.460,3.124,1.936,2.025,0.025,1.225,5.493,"[{""time"": 1.225, ""score"": 5.493, ""rms_ratio"": 2.45, ""diff_ratio"": 12.315}, {""time"": 4.695, ""score"": 4.469, ""rms_ratio"": 2.199, ""diff_ratio"": 9.08}, {""time"": 4.175, ""score"": 4.155, ""rms_ratio"": 2.108, ""diff_ratio"": 8.189}, {""time"": 3.935, ""score"": 3.621, ""rms_ratio"": 1.682, ""diff_ratio"": 7.795}, {""time"": 2.235, ""score"": 3.524, ""rms_ratio"": 2.644, ""diff_ratio"": 4.696}, {""time"": 2.635, ""score"": 2.878, ""rms_ratio"": 1.576, ""diff_ratio"": 5.256}, {""time"": 2.445, ""score"": 2.629, ""rms_ratio"": 2.154, ""diff_ratio"": 3.21}, {""time"": 3.015, ""score"": 2.625, ""rms_ratio"": 2.043, ""diff_ratio"": 3.373}, {""time"": 4.565, ""score"": 2.514, ""rms_ratio"": 1.907, ""diff_ratio"": 3.315}, {""time"": 2.025, ""score"": 2.46, ""rms_ratio"": 3.124, ""diff_ratio"": 1.936}, {""time"": 4.355, ""score"": 2.188, ""rms_ratio"": 2.941, ""diff_ratio"": 1.628}, {""time"": 3.795, ""score"": 2.182, ""rms_ratio"": 2.485, ""diff_ratio"": 1.916}, {""time"": 3.555, ""score"": 2.051, ""rms_ratio"": 1.973, ""diff_ratio"": 2.133}, {""time"": 3.415, ""score"": 1.996, ""rms_ratio"": 1.695, ""diff_ratio"": 2.351}, {""time"": 2.805, ""score"": 1.97, ""rms_ratio"": 1.618, ""diff_ratio"": 2.398}, {""time"": 3.255, ""score"": 1.952, ""rms_ratio"": 1.765, ""diff_ratio"": 2.159}]",4.765,ffprobe,4.779,2.235,2.530,fly,pending,medium,,,,"Bo Naylor's solo home run (13) Bo Naylor's solo home run (13) Bo Naylor's solo home run (13) Bo Naylor cranks a solo home run to right field, extending the Guardians' lead to 2-0 in the 2nd inning",https://mlb-cuts-diamond.mlb.com/FORGE/2025/2025-09/20/08ec64fe-c266ce6b-da7d8463-csvm-diamondgcp-asset_1280x720_59_4000K.mp4,MLB_777839_bo-naylor-homers-13-on-a-fly-ball-to-right-center-field,raw_sources\MLB_777839_bo-naylor-homers-13-on-a-fly-ball-to-right-center-field_Bo_Naylor_s_solo_home_run_13_Bo_Naylor_s_solo_home_run_13_Bo_Naylor_s_solo_home_run_13_Bo_Naylor_cranks.mp4,0.440,7.440,,no,audit_checkpoint_001,203
1004,Codex_Workstation,F_1107,dataset/fly_ball/Codex_Workstation/F_1107,4,needs_edit,clip_too_short,insufficient_post_contact_context,recover_source_and_recut_longer,annotated_contact_audio_confirmed,1.950,2.050,2.025,2.025,2.314,2.699,1.984,2.025,0.025,2.025,2.314,"[{""time"": 2.025, ""score"": 2.314, ""rms_ratio"": 2.699, ""diff_ratio"": 1.984}, {""time"": 2.135, ""score"": 2.311, ""rms_ratio"": 2.415, ""diff_ratio"": 2.212}, {""time"": 4.165, ""score"": 2.258, ""rms_ratio"": 2.546, ""diff_ratio"": 2.003}, {""time"": 0.315, ""score"": 2.007, ""rms_ratio"": 2.112, ""diff_ratio"": 1.907}, {""time"": 1.575, ""score"": 1.932, ""rms_ratio"": 1.912, ""diff_ratio"": 1.953}, {""time"": 0.135, ""score"": 1.922, ""rms_ratio"": 2.178, ""diff_ratio"": 1.696}, {""time"": 1.695, ""score"": 1.904, ""rms_ratio"": 1.657, ""diff_ratio"": 2.186}, {""time"": 2.465, ""score"": 1.864, ""rms_ratio"": 1.77, ""diff_ratio"": 1.963}, {""time"": 0.015, ""score"": 1.852, ""rms_ratio"": 1.982, ""diff_ratio"": 1.732}, {""time"": 3.245, ""score"": 1.812, ""rms_ratio"": 1.69, ""diff_ratio"": 1.942}, {""time"": 4.375, ""score"": 1.787, ""rms_ratio"": 0.927, ""diff_ratio"": 3.195}, {""time"": 4.485, ""score"": 1.783, ""rms_ratio"": 0.923, ""diff_ratio"": 3.18}, {""time"": 2.815, ""score"": 1.739, ""rms_ratio"": 1.433, ""diff_ratio"": 2.11}, {""time"": 3.895, ""score"": 1.703, ""rms_ratio"": 2.101, ""diff_ratio"": 1.381}, {""time"": 3.125, ""score"": 1.692, ""rms_ratio"": 1.432, ""diff_ratio"": 1.999}]",4.621,ffprobe,4.629,2.025,2.596,fly,pending,medium,,,,"Michael Busch's leadoff home run (29) Michael Busch's leadoff home run (29) Michael Busch's leadoff home run (29) Michael Busch leads off the game with a home run to right field, giving the Cubs a 1-0 lead over the Pirates in the top of the 1st",https://mlb-cuts-diamond.mlb.com/FORGE/2025/2025-09/17/b0a21d05-0fea876b-e5aa637e-csvm-diamondgcp-asset_1280x720_59_4000K.mp4,MLB_776308_michael-busch-homers-29-on-a-fly-ball-to-right-field,raw_sources\MLB_776308_michael-busch-homers-29-on-a-fly-ball-to-right-field_Michael_Busch_s_leadoff_home_run_29_Michael_Busch_s_leadoff_home_run_29_Michael_Busch_s_leadoff_home_run_2.mp4,8.700,15.700,,no,audit_checkpoint_001,204
1003,Codex_Workstation,F_1106,dataset/fly_ball/Codex_Workstation/F_1106,4,needs_edit,contact_timestamp_wrong,contact_timestamp_wrong;insufficient_post_contact_context,retime_from_local_audio_candidate;qwen_confirm_visual_contact_near_candidate;recover_source_and_recut_longer,likely_contact_timestamp_wrong,1.950,2.050,2.315,2.025,1.944,2.624,1.440,2.025,0.025,2.315,2.219,"[{""time"": 2.315, ""score"": 2.219, ""rms_ratio"": 3.24, ""diff_ratio"": 1.519}, {""time"": 2.025, ""score"": 1.944, ""rms_ratio"": 2.624, ""diff_ratio"": 1.44}]",2.509,ffprobe,2.517,2.315,0.194,fly,pending,medium,,,,Pete Alonso's 437-foot home run Pete Alonso's 437-foot home run Pete Alonso's 437-foot home run Statcast measures the projected distance and exit velocity of Pete Alonso's 437-foot homer at an exit velocity of 113 mph,https://mlb-cuts-diamond.mlb.com/FORGE/2025/2025-09/16/a4e3ed1c-3734ba0f-989178c3-csvm-diamondgcp-asset_1280x720_59_4000K.mp4,MLB_776304_pete-alonso-s-437-foot-home-run,raw_sources\MLB_776304_pete-alonso-s-437-foot-home-run_Pete_Alonso_s_437-foot_home_run_Pete_Alonso_s_437-foot_home_run_Pete_Alonso_s_437-foot_home_run_Statcast_measures_the_projected.mp4,6.600,13.600,,no,audit_checkpoint_001,205
1002,Codex_Workstation,F_1105,dataset/fly_ball/Codex_Workstation/F_1105,4,needs_edit,source_recovery_required,contact_audio_missing_or_masked;insufficient_post_contact_context,recover_source_and_recut;redetect_contact_audio;recover_source_and_recut_longer,contact_audio_missing_or_masked,1.950,2.050,2.925,1.915,1.559,1.354,1.796,2.925,0.925,2.925,1.700,"[{""time"": 2.925, ""score"": 1.7, ""rms_ratio"": 1.222, ""diff_ratio"": 2.365}]",3.090,ffprobe,3.093,2.925,0.165,fly,pending,medium,,,,Kerry Carpenter's game-tying home run (26) Kerry Carpenter's game-tying home run (26) Kerry Carpenter's game-tying home run (26) Kerry Carpenter comes in to pinch hit and ties the game in the bottom of the 9th inning with a solo home run to center field,https://mlb-cuts-diamond.mlb.com/FORGE/2025/2025-09/16/03cced0e-3145187e-d3613b19-csvm-diamondgcp-asset_1280x720_59_4000K.mp4,MLB_776303_kerry-carpenter-homers-26-on-a-fly-ball-to-center-field,raw_sources\MLB_776303_kerry-carpenter-homers-26-on-a-fly-ball-to-center-field_Kerry_Carpenter_s_game-tying_home_run_26_Kerry_Carpenter_s_game-tying_home_run_26_Kerry_Carpenter_s_gam.mp4,6.680,13.680,,no,audit_checkpoint_001,206
1001,Codex_Workstation,F_1104,dataset/fly_ball/Codex_Workstation/F_1104,4,needs_edit,clip_too_short,insufficient_post_contact_context,recover_source_and_recut_longer,annotated_contact_audio_confirmed,1.950,2.050,2.015,2.015,5.171,4.564,5.857,2.015,0.015,1.745,5.718,"[{""time"": 1.745, ""score"": 5.718, ""rms_ratio"": 4.637, ""diff_ratio"": 7.051}, {""time"": 1.365, ""score"": 5.316, ""rms_ratio"": 4.863, ""diff_ratio"": 5.812}, {""time"": 2.015, ""score"": 5.171, ""rms_ratio"": 4.564, ""diff_ratio"": 5.857}, {""time"": 0.485, ""score"": 4.137, ""rms_ratio"": 3.882, ""diff_ratio"": 4.409}, {""time"": 0.135, ""score"": 3.957, ""rms_ratio"": 3.206, ""diff_ratio"": 4.883}, {""time"": 2.565, ""score"": 3.314, ""rms_ratio"": 1.83, ""diff_ratio"": 6.002}, {""time"": 1.465, ""score"": 3.208, ""rms_ratio"": 2.989, ""diff_ratio"": 3.443}, {""time"": 0.265, ""score"": 3.101, ""rms_ratio"": 2.695, ""diff_ratio"": 3.569}, {""time"": 0.695, ""score"": 2.312, ""rms_ratio"": 2.672, ""diff_ratio"": 2.001}, {""time"": 2.145, ""score"": 2.308, ""rms_ratio"": 2.056, ""diff_ratio"": 2.59}, {""time"": 0.965, ""score"": 2.198, ""rms_ratio"": 2.181, ""diff_ratio"": 2.215}, {""time"": 1.585, ""score"": 2.186, ""rms_ratio"": 1.814, ""diff_ratio"": 2.634}, {""time"": 2.325, ""score"": 2.12, ""rms_ratio"": 1.825, ""diff_ratio"": 2.463}, {""time"": 0.795, ""score"": 2.01, ""rms_ratio"": 2.344, ""diff_ratio"": 1.724}, {""time"": 2.695, ""score"": 1.838, ""rms_ratio"": 1.499, ""diff_ratio"": 2.254}]",7.006,ffprobe,7.019,2.015,4.991,fly,pending,medium,,,,"Alejandro Kirk's sacrifice fly Alejandro Kirk's sacrifice fly Alejandro Kirk's sacrifice fly Alejandro Kirk lofts a sacrifice fly to deep center field, while Davis Schneider scores to tie the game at 1 in the top of the 4th",https://mlb-cuts-diamond.mlb.com/FORGE/2025/2025-09/17/123eab85-3989f154-2a755a8c-csvm-diamondgcp-asset-4000K.mp4,MLB_776290_ian-seymour-in-play-run-s-to-alejandro-kirk,raw_sources\MLB_776290_ian-seymour-in-play-run-s-to-alejandro-kirk_Alejandro_Kirk_s_sacrifice_fly_Alejandro_Kirk_s_sacrifice_fly_Alejandro_Kirk_s_sacrifice_fly_Alejandro_Kirk_lofts_a.mp4,8.080,15.080,,no,audit_checkpoint_001,207
1000,Codex_Workstation,F_1103,dataset/fly_ball/Codex_Workstation/F_1103,4,needs_edit,clip_too_short,insufficient_post_contact_context,recover_source_and_recut_longer,annotated_contact_audio_confirmed,1.950,2.050,2.015,2.015,4.267,3.901,4.668,2.015,0.015,2.275,4.428,"[{""time"": 2.275, ""score"": 4.428, ""rms_ratio"": 3.499, ""diff_ratio"": 5.605}, {""time"": 2.015, ""score"": 4.267, ""rms_ratio"": 3.901, ""diff_ratio"": 4.668}, {""time"": 0.245, ""score"": 4.195, ""rms_ratio"": 2.972, ""diff_ratio"": 5.922}, {""time"": 0.605, ""score"": 4.154, ""rms_ratio"": 3.084, ""diff_ratio"": 5.594}, {""time"": 1.195, ""score"": 4.055, ""rms_ratio"": 2.935, ""diff_ratio"": 5.604}, {""time"": 0.995, ""score"": 4.007, ""rms_ratio"": 3.774, ""diff_ratio"": 4.254}, {""time"": 0.095, ""score"": 3.788, ""rms_ratio"": 3.718, ""diff_ratio"": 3.859}, {""time"": 2.605, ""score"": 3.787, ""rms_ratio"": 2.905, ""diff_ratio"": 4.936}, {""time"": 2.395, ""score"": 3.736, ""rms_ratio"": 2.505, ""diff_ratio"": 5.572}, {""time"": 1.785, ""score"": 3.642, ""rms_ratio"": 3.769, ""diff_ratio"": 3.519}, {""time"": 6.025, ""score"": 3.339, ""rms_ratio"": 2.782, ""diff_ratio"": 4.007}, {""time"": 6.165, ""score"": 3.28, ""rms_ratio"": 2.696, ""diff_ratio"": 3.99}, {""time"": 5.475, ""score"": 3.277, ""rms_ratio"": 2.524, ""diff_ratio"": 4.255}, {""time"": 6.595, ""score"": 3.113, ""rms_ratio"": 2.477, ""diff_ratio"": 3.912}, {""time"": 6.775, ""score"": 3.073, ""rms_ratio"": 2.625, ""diff_ratio"": 3.597}, {""time"": 0.495, ""score"": 3.073, ""rms_ratio"": 2.88, ""diff_ratio"": 3.279}]",7.006,ffprobe,7.019,2.015,4.991,fly,pending,medium,,,,"Michael Busch's sacrifice fly Michael Busch's sacrifice fly Michael Busch's sacrifice fly Michael Busch lines a sacrifice fly to right field to plate Dansby Swanson, giving the Cubs a 5-4 lead in the top of the 6th",https://mlb-cuts-diamond.mlb.com/FORGE/2025/2025-09/17/f5b94eac-c2cfa3aa-1406c5b8-csvm-diamondgcp-asset-4000K.mp4,MLB_776287_yohan-ramirez-in-play-run-s-to-michael-busch,raw_sources\MLB_776287_yohan-ramirez-in-play-run-s-to-michael-busch_Michael_Busch_s_sacrifice_fly_Michael_Busch_s_sacrifice_fly_Michael_Busch_s_sacrifice_fly_Michael_Busch_lines_a_sa.mp4,13.700,20.700,,no,audit_checkpoint_001,208
999,Codex_Workstation,F_1102,dataset/fly_ball/Codex_Workstation/F_1102,4,needs_edit,contact_timestamp_wrong,contact_timestamp_wrong;insufficient_post_contact_context,retime_from_local_audio_candidate;qwen_confirm_visual_contact_near_candidate;recover_source_and_recut_longer,likely_contact_timestamp_wrong,1.950,2.050,2.355,2.035,1.736,1.783,1.691,2.035,0.035,3.295,3.046,"[{""time"": 3.295, ""score"": 3.046, ""rms_ratio"": 2.143, ""diff_ratio"": 4.331}, {""time"": 0.105, ""score"": 2.967, ""rms_ratio"": 2.157, ""diff_ratio"": 4.082}, {""time"": 2.355, ""score"": 2.761, ""rms_ratio"": 2.431, ""diff_ratio"": 3.135}, {""time"": 3.585, ""score"": 2.693, ""rms_ratio"": 1.17, ""diff_ratio"": 6.199}, {""time"": 1.155, ""score"": 2.611, ""rms_ratio"": 2.027, ""diff_ratio"": 3.363}, {""time"": 0.405, ""score"": 2.507, ""rms_ratio"": 1.327, ""diff_ratio"": 4.737}, {""time"": 2.905, ""score"": 2.239, ""rms_ratio"": 1.699, ""diff_ratio"": 2.951}, {""time"": 4.185, ""score"": 2.003, ""rms_ratio"": 2.119, ""diff_ratio"": 1.893}, {""time"": 0.555, ""score"": 1.949, ""rms_ratio"": 1.731, ""diff_ratio"": 2.196}, {""time"": 3.695, ""score"": 1.849, ""rms_ratio"": 1.668, ""diff_ratio"": 2.051}, {""time"": 2.535, ""score"": 1.796, ""rms_ratio"": 2.218, ""diff_ratio"": 1.454}, {""time"": 2.035, ""score"": 1.736, ""rms_ratio"": 1.783, ""diff_ratio"": 1.691}, {""time"": 3.995, ""score"": 1.707, ""rms_ratio"": 2.269, ""diff_ratio"": 1.284}, {""time"": 3.115, ""score"": 1.668, ""rms_ratio"": 1.377, ""diff_ratio"": 2.021}, {""time"": 3.805, ""score"": 1.663, ""rms_ratio"": 1.156, ""diff_ratio"": 2.394}, {""time"": 3.455, ""score"": 1.659, ""rms_ratio"": 1.215, ""diff_ratio"": 2.265}]",4.220,ffprobe,4.224,2.355,1.865,fly,pending,medium,,,,"Matt Olson's solo home run (28) Matt Olson's solo home run (28) Matt Olson's solo home run (28) Matt Olson crushes a 422-foot home run to right-center field, putting the Braves ahead 5-3 in the top of the 7th",https://mlb-cuts-diamond.mlb.com/FORGE/2025/2025-09/17/eaa51caf-9f0be9fa-41352fd1-csvm-diamondgcp-asset_1280x720_59_4000K.mp4,MLB_776286_matt-olson-homers-28-on-a-fly-ball-to-right-center-field-sfcf7p,raw_sources\MLB_776286_matt-olson-homers-28-on-a-fly-ball-to-right-center-field-sfcf7p_Matt_Olson_s_solo_home_run_28_Matt_Olson_s_solo_home_run_28_Matt_Olson_s_solo_home_run_28_Matt_.mp4,6.340,13.340,,no,audit_checkpoint_001,209
998,Codex_Workstation,F_1099,dataset/fly_ball/Codex_Workstation/F_1099,4,needs_edit,contact_timestamp_wrong,contact_timestamp_wrong;insufficient_post_contact_context,retime_from_local_audio_candidate;qwen_confirm_visual_contact_near_candidate;recover_source_and_recut_longer,likely_contact_timestamp_wrong,1.950,2.050,4.765,2.025,1.890,2.439,1.464,2.025,0.025,6.665,2.489,"[{""time"": 6.665, ""score"": 2.489, ""rms_ratio"": 1.281, ""diff_ratio"": 4.835}, {""time"": 4.765, ""score"": 2.207, ""rms_ratio"": 1.135, ""diff_ratio"": 4.293}, {""time"": 4.885, ""score"": 2.066, ""rms_ratio"": 1.162, ""diff_ratio"": 3.674}, {""time"": 6.995, ""score"": 2.062, ""rms_ratio"": 1.079, ""diff_ratio"": 3.94}, {""time"": 2.355, ""score"": 2.032, ""rms_ratio"": 1.307, ""diff_ratio"": 3.159}, {""time"": 3.505, ""score"": 1.969, ""rms_ratio"": 1.094, ""diff_ratio"": 3.543}, {""time"": 2.465, ""score"": 1.963, ""rms_ratio"": 1.667, ""diff_ratio"": 2.31}, {""time"": 2.025, ""score"": 1.89, ""rms_ratio"": 2.439, ""diff_ratio"": 1.464}, {""time"": 3.045, ""score"": 1.766, ""rms_ratio"": 1.95, ""diff_ratio"": 1.599}, {""time"": 0.125, ""score"": 1.738, ""rms_ratio"": 1.731, ""diff_ratio"": 1.745}, {""time"": 3.155, ""score"": 1.701, ""rms_ratio"": 2.08, ""diff_ratio"": 1.391}, {""time"": 5.365, ""score"": 1.691, ""rms_ratio"": 1.726, ""diff_ratio"": 1.658}, {""time"": 0.545, ""score"": 1.669, ""rms_ratio"": 1.637, ""diff_ratio"": 1.701}, {""time"": 5.615, ""score"": 1.657, ""rms_ratio"": 0.735, ""diff_ratio"": 2.745}]",7.006,ffprobe,7.019,4.765,2.241,fly,pending,medium,,,,Trevor Story's solo home run (25) Trevor Story's solo home run (25) Trevor Story's solo home run (25) Trevor Story hits a solo home run to join the 25-homer 30-steal club and trims the Red Sox's deficit to 5-3 in the 8th inning,https://mlb-cuts-diamond.mlb.com/FORGE/2025/2025-09/18/e5287a3d-3abc649f-ea884476-csvm-diamondgcp-asset_1280x720_59_4000K.mp4,MLB_776281_trevor-story-homers-25-on-a-fly-ball-to-center-field,raw_sources\MLB_776281_trevor-story-homers-25-on-a-fly-ball-to-center-field_Trevor_Story_s_solo_home_run_25_Trevor_Story_s_solo_home_run_25_Trevor_Story_s_solo_home_run_25_Trevor_Sto.mp4,6.180,13.180,,no,audit_checkpoint_001,210
997,Codex_Workstation,F_1098,dataset/fly_ball/Codex_Workstation/F_1098,4,needs_edit,clip_too_short,insufficient_post_contact_context,recover_source_and_recut_longer,annotated_contact_audio_confirmed,1.950,2.050,2.025,2.025,2.100,2.648,1.666,2.025,0.025,1.225,2.393,"[{""time"": 1.225, ""score"": 2.393, ""rms_ratio"": 1.082, ""diff_ratio"": 5.294}, {""time"": 0.845, ""score"": 2.175, ""rms_ratio"": 1.978, ""diff_ratio"": 2.391}, {""time"": 2.025, ""score"": 2.1, ""rms_ratio"": 2.648, ""diff_ratio"": 1.666}, {""time"": 1.065, ""score"": 1.892, ""rms_ratio"": 1.92, ""diff_ratio"": 1.863}, {""time"": 1.445, ""score"": 1.834, ""rms_ratio"": 1.765, ""diff_ratio"": 1.905}]",2.085,ffprobe,2.069,2.025,0.060,fly,pending,medium,,,,Masataka Yoshida's sac fly Masataka Yoshida's sac fly Masataka Yoshida's sac fly Trevor Story makes an aggressive play and just beats the tag at home to score on a sacrifice fly by Masataka Yoshida,https://mlb-cuts-diamond.mlb.com/FORGE/2025/2025-09/18/252da140-76aeb784-94ce15db-csvm-diamondgcp-asset_1280x720_59_4000K.mp4,MLB_776281_j-t-ginn-in-play-out-s-to-masataka-yoshida,raw_sources\MLB_776281_j-t-ginn-in-play-out-s-to-masataka-yoshida_Masataka_Yoshida_s_sac_fly_Masataka_Yoshida_s_sac_fly_Masataka_Yoshida_s_sac_fly_Trevor_Story_makes_an_aggressive_pl.mp4,7.280,14.280,,no,audit_checkpoint_001,211
996,Codex_Workstation,F_1097,dataset/fly_ball/Codex_Workstation/F_1097,4,needs_edit,clip_too_short,insufficient_post_contact_context,recover_source_and_recut_longer,annotated_contact_audio_confirmed,1.950,2.050,2.035,2.035,3.252,3.963,2.669,2.035,0.035,2.855,3.592,"[{""time"": 2.855, ""score"": 3.592, ""rms_ratio"": 1.676, ""diff_ratio"": 7.702}, {""time"": 6.925, ""score"": 3.359, ""rms_ratio"": 1.477, ""diff_ratio"": 7.641}, {""time"": 2.035, ""score"": 3.252, ""rms_ratio"": 3.963, ""diff_ratio"": 2.669}, {""time"": 3.605, ""score"": 3.005, ""rms_ratio"": 3.235, ""diff_ratio"": 2.792}, {""time"": 1.335, ""score"": 2.955, ""rms_ratio"": 2.669, ""diff_ratio"": 3.272}, {""time"": 2.495, ""score"": 2.585, ""rms_ratio"": 3.6, ""diff_ratio"": 1.857}, {""time"": 2.985, ""score"": 2.423, ""rms_ratio"": 3.024, ""diff_ratio"": 1.942}, {""time"": 6.825, ""score"": 2.16, ""rms_ratio"": 2.473, ""diff_ratio"": 1.886}, {""time"": 0.555, ""score"": 1.997, ""rms_ratio"": 2.77, ""diff_ratio"": 1.44}, {""time"": 5.375, ""score"": 1.935, ""rms_ratio"": 0.969, ""diff_ratio"": 3.743}, {""time"": 1.035, ""score"": 1.933, ""rms_ratio"": 2.427, ""diff_ratio"": 1.539}, {""time"": 4.235, ""score"": 1.888, ""rms_ratio"": 0.982, ""diff_ratio"": 3.565}, {""time"": 5.935, ""score"": 1.856, ""rms_ratio"": 2.877, ""diff_ratio"": 1.197}, {""time"": 0.225, ""score"": 1.833, ""rms_ratio"": 2.134, ""diff_ratio"": 1.574}, {""time"": 1.845, ""score"": 1.806, ""rms_ratio"": 1.45, ""diff_ratio"": 2.249}, {""time"": 3.935, ""score"": 1.791, ""rms_ratio"": 2.389, ""diff_ratio"": 1.342}]",7.006,ffprobe,7.019,2.035,4.971,fly,pending,medium,,,,"Pete Alonso's solo home run (37) Pete Alonso's solo home run (37) Pete Alonso's solo home run (37) Pete Alonso sends one over the fence for another home run in his fourth straight game, putting the Mets up 1-0 in the 1st inning",https://mlb-cuts-diamond.mlb.com/FORGE/2025/2025-09/18/57040c83-e6bf0560-a4ab5741-csvm-diamondgcp-asset_1280x720_59_4000K.mp4,MLB_776276_pete-alonso-homers-37-on-a-fly-ball-to-center-field,raw_sources\MLB_776276_pete-alonso-homers-37-on-a-fly-ball-to-center-field_Pete_Alonso_s_solo_home_run_37_Pete_Alonso_s_solo_home_run_37_Pete_Alonso_s_solo_home_run_37_Pete_Alonso_se.mp4,6.560,13.560,,no,audit_checkpoint_001,212
995,Codex_Workstation,F_1096,dataset/fly_ball/Codex_Workstation/F_1096,4,needs_edit,clip_too_short,insufficient_post_contact_context,recover_source_and_recut_longer,annotated_contact_audio_confirmed,1.950,2.050,2.005,2.005,3.006,3.409,2.651,2.005,0.005,5.775,4.483,"[{""time"": 5.775, ""score"": 4.483, ""rms_ratio"": 1.912, ""diff_ratio"": 10.512}, {""time"": 3.795, ""score"": 3.118, ""rms_ratio"": 1.395, ""diff_ratio"": 6.966}, {""time"": 2.185, ""score"": 3.011, ""rms_ratio"": 3.083, ""diff_ratio"": 2.94}, {""time"": 2.005, ""score"": 3.006, ""rms_ratio"": 3.409, ""diff_ratio"": 2.651}, {""time"": 2.915, ""score"": 2.908, ""rms_ratio"": 2.786, ""diff_ratio"": 3.035}, {""time"": 3.085, ""score"": 2.637, ""rms_ratio"": 2.391, ""diff_ratio"": 2.907}, {""time"": 2.665, ""score"": 2.633, ""rms_ratio"": 2.618, ""diff_ratio"": 2.648}, {""time"": 6.075, ""score"": 2.517, ""rms_ratio"": 2.494, ""diff_ratio"": 2.54}, {""time"": 5.165, ""score"": 2.482, ""rms_ratio"": 2.277, ""diff_ratio"": 2.706}, {""time"": 0.835, ""score"": 2.411, ""rms_ratio"": 2.365, ""diff_ratio"": 2.458}, {""time"": 2.375, ""score"": 2.344, ""rms_ratio"": 0.873, ""diff_ratio"": 5.493}, {""time"": 2.495, ""score"": 2.321, ""rms_ratio"": 2.273, ""diff_ratio"": 2.369}, {""time"": 0.105, ""score"": 2.252, ""rms_ratio"": 2.054, ""diff_ratio"": 2.47}, {""time"": 3.635, ""score"": 2.218, ""rms_ratio"": 1.694, ""diff_ratio"": 2.906}, {""time"": 0.935, ""score"": 2.091, ""rms_ratio"": 2.382, ""diff_ratio"": 1.836}, {""time"": 4.775, ""score"": 2.069, ""rms_ratio"": 1.823, ""diff_ratio"": 2.348}]",6.206,ffprobe,6.208,2.005,4.201,fly,pending,medium,,,,Pete Alonso discusses the Mets' success vs. Padres Pete Alonso discusses the Mets' success vs. Padres Pete Alonso discusses the Mets' success vs. Padres Pete Alonso talks about Jonah Tong's great bounce-back start and his home run following the Mets' 6-1 win,https://mlb-cuts-diamond.mlb.com/FORGE/2025/2025-09/18/e500fe64-157f87c6-66b0b72c-csvm-diamondgcp-asset_1280x720_59_4000K.mp4,MLB_776276_pete-alonso-discusses-the-mets-success-vs-padres,raw_sources\MLB_776276_pete-alonso-discusses-the-mets-success-vs-padres_Pete_Alonso_discusses_the_Mets_success_vs._Padres_Pete_Alonso_discusses_the_Mets_success_vs._Padres_Pete_Alons.mp4,12.400,19.400,,no,audit_checkpoint_001,213
994,Codex_Workstation,F_1095,dataset/fly_ball/Codex_Workstation/F_1095,4,needs_edit,clip_too_short,insufficient_post_contact_context,recover_source_and_recut_longer,annotated_contact_audio_confirmed,1.950,2.050,2.025,2.025,14.580,8.082,26.305,2.025,0.025,2.025,14.580,"[{""time"": 2.025, ""score"": 14.58, ""rms_ratio"": 8.082, ""diff_ratio"": 26.305}, {""time"": 3.675, ""score"": 6.478, ""rms_ratio"": 3.928, ""diff_ratio"": 10.684}, {""time"": 3.215, ""score"": 6.017, ""rms_ratio"": 4.636, ""diff_ratio"": 7.809}, {""time"": 6.945, ""score"": 5.641, ""rms_ratio"": 4.598, ""diff_ratio"": 6.919}, {""time"": 4.785, ""score"": 5.406, ""rms_ratio"": 4.349, ""diff_ratio"": 6.72}, {""time"": 5.385, ""score"": 5.306, ""rms_ratio"": 5.06, ""diff_ratio"": 5.565}, {""time"": 6.505, ""score"": 5.117, ""rms_ratio"": 3.674, ""diff_ratio"": 7.128}, {""time"": 2.965, ""score"": 5.095, ""rms_ratio"": 4.784, ""diff_ratio"": 5.427}, {""time"": 3.995, ""score"": 5.027, ""rms_ratio"": 5.884, ""diff_ratio"": 4.294}, {""time"": 4.565, ""score"": 4.969, ""rms_ratio"": 5.778, ""diff_ratio"": 4.274}, {""time"": 5.595, ""score"": 4.782, ""rms_ratio"": 4.866, ""diff_ratio"": 4.7}, {""time"": 6.115, ""score"": 4.655, ""rms_ratio"": 4.579, ""diff_ratio"": 4.733}, {""time"": 3.065, ""score"": 4.509, ""rms_ratio"": 3.749, ""diff_ratio"": 5.423}, {""time"": 6.305, ""score"": 4.399, ""rms_ratio"": 4.519, ""diff_ratio"": 4.283}, {""time"": 4.935, ""score"": 4.132, ""rms_ratio"": 3.148, ""diff_ratio"": 5.424}, {""time"": 3.805, ""score"": 4.039, ""rms_ratio"": 3.167, ""diff_ratio"": 5.149}]",7.007,ffprobe,7.019,2.025,4.982,fly,pending,medium,,,,"Luis Arraez's sacrifice fly Luis Arraez's sacrifice fly Luis Arraez's sacrifice fly Luis Arraez hits a sacrifice fly to left field, bringing in Fernando Tatis Jr. to tie the game at 1-1 in the 3rd inning",https://mlb-cuts-diamond.mlb.com/FORGE/2025/2025-09/18/7dcfafb4-1472560f-219fa736-csvm-diamondgcp-asset-4000K.mp4,MLB_776276_luis-arraez-out-on-a-sacrifice-fly-to-left-fielder-brandon-nimmo-fern,raw_sources\MLB_776276_luis-arraez-out-on-a-sacrifice-fly-to-left-fielder-brandon-nimmo-fern_Luis_Arraez_s_sacrifice_fly_Luis_Arraez_s_sacrifice_fly_Luis_Arraez_s_sacrifice_fly_Luis_.mp4,1.460,8.460,,no,audit_checkpoint_001,214
993,Codex_Workstation,F_1093,dataset/fly_ball/Codex_Workstation/F_1093,4,needs_edit,clip_too_short,insufficient_post_contact_context,recover_source_and_recut_longer,annotated_contact_audio_confirmed,1.950,2.050,2.025,2.025,2.509,3.769,1.671,2.025,0.025,2.025,2.509,"[{""time"": 2.025, ""score"": 2.509, ""rms_ratio"": 3.769, ""diff_ratio"": 1.671}, {""time"": 4.735, ""score"": 2.199, ""rms_ratio"": 1.408, ""diff_ratio"": 3.436}, {""time"": 2.375, ""score"": 2.033, ""rms_ratio"": 1.864, ""diff_ratio"": 2.217}, {""time"": 0.885, ""score"": 1.983, ""rms_ratio"": 1.996, ""diff_ratio"": 1.971}, {""time"": 2.645, ""score"": 1.981, ""rms_ratio"": 1.749, ""diff_ratio"": 2.244}, {""time"": 5.575, ""score"": 1.972, ""rms_ratio"": 2.608, ""diff_ratio"": 1.491}, {""time"": 6.265, ""score"": 1.922, ""rms_ratio"": 1.297, ""diff_ratio"": 2.848}, {""time"": 6.405, ""score"": 1.888, ""rms_ratio"": 2.523, ""diff_ratio"": 1.413}, {""time"": 5.725, ""score"": 1.854, ""rms_ratio"": 1.866, ""diff_ratio"": 1.843}, {""time"": 6.885, ""score"": 1.807, ""rms_ratio"": 1.039, ""diff_ratio"": 3.144}, {""time"": 5.925, ""score"": 1.799, ""rms_ratio"": 2.035, ""diff_ratio"": 1.591}, {""time"": 6.545, ""score"": 1.799, ""rms_ratio"": 1.223, ""diff_ratio"": 2.648}, {""time"": 2.215, ""score"": 1.776, ""rms_ratio"": 1.086, ""diff_ratio"": 2.905}, {""time"": 3.865, ""score"": 1.775, ""rms_ratio"": 2.198, ""diff_ratio"": 1.434}, {""time"": 4.245, ""score"": 1.768, ""rms_ratio"": 1.721, ""diff_ratio"": 1.816}, {""time"": 6.995, ""score"": 1.702, ""rms_ratio"": 2.843, ""diff_ratio"": 1.019}]",7.006,ffprobe,7.019,2.025,4.981,fly,pending,medium,,,,"Brandon Nimmo's three-run homer (24) Brandon Nimmo's three-run homer (24) Brandon Nimmo's three-run homer (24) Brandon Nimmo belts a three-run home run to right-center field, increasing the Mets' lead to 5-1 in the 3rd",https://mlb-cuts-diamond.mlb.com/FORGE/2025/2025-09/18/dbb66792-c854b61f-e9e477a8-csvm-diamondgcp-asset_1280x720_59_4000K.mp4,MLB_776276_brandon-nimmo-homers-24-on-a-fly-ball-to-right-center-field-francisco,raw_sources\MLB_776276_brandon-nimmo-homers-24-on-a-fly-ball-to-right-center-field-francisco_Brandon_Nimmo_s_three-run_homer_24_Brandon_Nimmo_s_three-run_homer_24_Brandon_Nimmo_s_thr.mp4,15.800,22.800,,no,audit_checkpoint_001,215
992,Codex_Workstation,F_1092,dataset/fly_ball/Codex_Workstation/F_1092,4,needs_edit,clip_too_short,insufficient_post_contact_context,recover_source_and_recut_longer,annotated_contact_audio_confirmed,1.950,2.050,2.085,2.085,3.923,4.054,3.796,2.095,0.095,0.915,4.709,"[{""time"": 0.915, ""score"": 4.709, ""rms_ratio"": 4.645, ""diff_ratio"": 4.775}, {""time"": 1.265, ""score"": 4.612, ""rms_ratio"": 3.654, ""diff_ratio"": 5.822}, {""time"": 1.165, ""score"": 4.582, ""rms_ratio"": 2.997, ""diff_ratio"": 7.006}, {""time"": 1.545, ""score"": 4.288, ""rms_ratio"": 3.262, ""diff_ratio"": 5.638}, {""time"": 2.095, ""score"": 4.108, ""rms_ratio"": 3.975, ""diff_ratio"": 4.245}, {""time"": 2.795, ""score"": 4.02, ""rms_ratio"": 3.298, ""diff_ratio"": 4.9}, {""time"": 3.045, ""score"": 3.944, ""rms_ratio"": 1.655, ""diff_ratio"": 9.401}, {""time"": 2.255, ""score"": 3.911, ""rms_ratio"": 3.501, ""diff_ratio"": 4.368}, {""time"": 1.395, ""score"": 3.896, ""rms_ratio"": 3.212, ""diff_ratio"": 4.726}, {""time"": 2.555, ""score"": 3.817, ""rms_ratio"": 3.091, ""diff_ratio"": 4.713}, {""time"": 3.575, ""score"": 3.777, ""rms_ratio"": 3.904, ""diff_ratio"": 3.655}, {""time"": 1.035, ""score"": 3.774, ""rms_ratio"": 2.946, ""diff_ratio"": 4.836}, {""time"": 3.335, ""score"": 3.653, ""rms_ratio"": 3.327, ""diff_ratio"": 4.012}, {""time"": 4.185, ""score"": 3.54, ""rms_ratio"": 3.364, ""diff_ratio"": 3.725}, {""time"": 6.245, ""score"": 3.447, ""rms_ratio"": 2.631, ""diff_ratio"": 4.515}, {""time"": 1.715, ""score"": 3.404, ""rms_ratio"": 3.33, ""diff_ratio"": 3.479}]",7.007,ffprobe,7.019,2.085,4.922,fly,pending,medium,,,,"José Ramírez on the pitching staff in win José Ramírez on the pitching staff in win José Ramírez on the pitching staff in win José Ramírez discusses how happy he is with the pitching staff in the win over the Tigers, his go-ahead home run, sweeping the Tigers, more",https://mlb-cuts-diamond.mlb.com/FORGE/2025/2025-09/18/297dec3b-8ee6733f-c8a3ec55-csvm-diamondgcp-asset_1280x720_59_4000K.mp4,MLB_776275_jose-ramirez-on-the-pitching-staff-in-win,raw_sources\MLB_776275_jose-ramirez-on-the-pitching-staff-in-win_Jos_Ram_rez_on_the_pitching_staff_in_win_Jos_Ram_rez_on_the_pitching_staff_in_win_Jos_Ram_rez_on_the_pitching_staff_i.mp4,1.360,8.360,,no,audit_checkpoint_001,216
991,Codex_Workstation,F_1090,dataset/fly_ball/Codex_Workstation/F_1090,4,needs_edit,clip_too_short,insufficient_post_contact_context,recover_source_and_recut_longer,annotated_contact_audio_confirmed,1.950,2.050,2.025,2.025,4.283,6.372,2.879,2.025,0.025,0.075,5.898,"[{""time"": 0.075, ""score"": 5.898, ""rms_ratio"": 4.226, ""diff_ratio"": 8.23}, {""time"": 0.875, ""score"": 5.092, ""rms_ratio"": 4.297, ""diff_ratio"": 6.035}, {""time"": 0.185, ""score"": 4.769, ""rms_ratio"": 3.921, ""diff_ratio"": 5.799}, {""time"": 1.475, ""score"": 4.623, ""rms_ratio"": 4.308, ""diff_ratio"": 4.961}, {""time"": 1.125, ""score"": 4.493, ""rms_ratio"": 4.516, ""diff_ratio"": 4.469}, {""time"": 1.645, ""score"": 4.408, ""rms_ratio"": 5.307, ""diff_ratio"": 3.661}, {""time"": 1.015, ""score"": 4.388, ""rms_ratio"": 4.655, ""diff_ratio"": 4.136}, {""time"": 0.305, ""score"": 4.342, ""rms_ratio"": 3.83, ""diff_ratio"": 4.923}, {""time"": 2.025, ""score"": 4.283, ""rms_ratio"": 6.372, ""diff_ratio"": 2.879}, {""time"": 3.935, ""score"": 4.213, ""rms_ratio"": 3.85, ""diff_ratio"": 4.611}, {""time"": 1.275, ""score"": 4.189, ""rms_ratio"": 3.327, ""diff_ratio"": 5.274}, {""time"": 1.895, ""score"": 4.16, ""rms_ratio"": 5.994, ""diff_ratio"": 2.888}, {""time"": 4.665, ""score"": 3.285, ""rms_ratio"": 3.001, ""diff_ratio"": 3.597}, {""time"": 2.135, ""score"": 3.018, ""rms_ratio"": 3.758, ""diff_ratio"": 2.424}, {""time"": 4.125, ""score"": 2.445, ""rms_ratio"": 1.044, ""diff_ratio"": 5.729}, {""time"": 4.835, ""score"": 2.365, ""rms_ratio"": 3.177, ""diff_ratio"": 1.76}]",4.842,ffprobe,4.843,2.025,2.817,fly,pending,medium,,,,Jhonkensy Noel's solo home run (5) Jhonkensy Noel's solo home run (5) Jhonkensy Noel's solo home run (5) Jhonkensy Noel crushes a solo home run to left field in the top of the 4th inning to tie the game 1-1,https://mlb-cuts-diamond.mlb.com/FORGE/2025/2025-09/18/5c95c141-645bcd96-83d03a26-csvm-diamondgcp-asset_1280x720_59_4000K.mp4,MLB_776275_jhonkensy-noel-homers-5-on-a-fly-ball-to-left-center-field,raw_sources\MLB_776275_jhonkensy-noel-homers-5-on-a-fly-ball-to-left-center-field_Jhonkensy_Noel_s_solo_home_run_5_Jhonkensy_Noel_s_solo_home_run_5_Jhonkensy_Noel_s_solo_home_run_5_J.mp4,12.160,19.160,,no,audit_checkpoint_001,217
990,Codex_Workstation,F_1089,dataset/fly_ball/Codex_Workstation/F_1089,4,needs_edit,clip_too_short,insufficient_post_contact_context,recover_source_and_recut_longer,annotated_contact_audio_confirmed,1.950,2.050,2.025,2.025,5.322,4.517,6.272,2.025,0.025,2.025,5.322,"[{""time"": 2.025, ""score"": 5.322, ""rms_ratio"": 4.517, ""diff_ratio"": 6.272}, {""time"": 0.235, ""score"": 2.462, ""rms_ratio"": 1.309, ""diff_ratio"": 4.633}, {""time"": 1.085, ""score"": 1.954, ""rms_ratio"": 1.107, ""diff_ratio"": 3.45}, {""time"": 0.855, ""score"": 1.754, ""rms_ratio"": 1.737, ""diff_ratio"": 1.77}]",2.052,ffprobe,2.048,2.025,0.027,fly,pending,medium,,,,Blaine Crim hits a pair of home runs Blaine Crim hits a pair of home runs Blaine Crim hits a pair of home runs Blaine Crim hits two solo home runs in the Rockies' 9-7 win over the Marlins,https://mlb-cuts-diamond.mlb.com/FORGE/2025/2025-09/18/f5d17926-b2fd4557-1b635e1c-csvm-diamondgcp-asset_1280x720_59_4000K.mp4,MLB_776270_blaine-crim-hits-a-pair-of-home-runs,raw_sources\MLB_776270_blaine-crim-hits-a-pair-of-home-runs_Blaine_Crim_hits_a_pair_of_home_runs_Blaine_Crim_hits_a_pair_of_home_runs_Blaine_Crim_hits_a_pair_of_home_runs_Blaine_Crim.mp4,15.960,22.960,,no,audit_checkpoint_001,218
989,Codex_Workstation,F_1087,dataset/fly_ball/Codex_Workstation/F_1087,4,needs_edit,clip_too_short,insufficient_post_contact_context,recover_source_and_recut_longer,annotated_contact_audio_confirmed,1.950,2.050,2.035,2.035,4.614,3.673,5.795,2.035,0.035,2.035,4.614,"[{""time"": 2.035, ""score"": 4.614, ""rms_ratio"": 3.673, ""diff_ratio"": 5.795}, {""time"": 0.155, ""score"": 2.619, ""rms_ratio"": 1.32, ""diff_ratio"": 5.193}, {""time"": 0.675, ""score"": 2.549, ""rms_ratio"": 2.76, ""diff_ratio"": 2.355}, {""time"": 0.945, ""score"": 2.462, ""rms_ratio"": 2.106, ""diff_ratio"": 2.879}, {""time"": 1.775, ""score"": 2.454, ""rms_ratio"": 1.323, ""diff_ratio"": 4.552}, {""time"": 1.325, ""score"": 2.197, ""rms_ratio"": 2.006, ""diff_ratio"": 2.405}, {""time"": 0.395, ""score"": 2.189, ""rms_ratio"": 2.975, ""diff_ratio"": 1.611}, {""time"": 2.345, ""score"": 2.137, ""rms_ratio"": 2.274, ""diff_ratio"": 2.008}, {""time"": 0.285, ""score"": 1.917, ""rms_ratio"": 1.383, ""diff_ratio"": 2.657}, {""time"": 1.655, ""score"": 1.888, ""rms_ratio"": 1.816, ""diff_ratio"": 1.964}, {""time"": 3.175, ""score"": 1.875, ""rms_ratio"": 2.04, ""diff_ratio"": 1.724}, {""time"": 2.215, ""score"": 1.874, ""rms_ratio"": 0.992, ""diff_ratio"": 3.51}, {""time"": 1.445, ""score"": 1.865, ""rms_ratio"": 2.09, ""diff_ratio"": 1.664}, {""time"": 1.065, ""score"": 1.736, ""rms_ratio"": 1.392, ""diff_ratio"": 2.165}, {""time"": 2.465, ""score"": 1.687, ""rms_ratio"": 1.332, ""diff_ratio"": 2.137}, {""time"": 0.545, ""score"": 1.662, ""rms_ratio"": 1.582, ""diff_ratio"": 1.746}]",3.182,ffprobe,3.200,2.035,1.147,fly,pending,medium,,,,"Drake Baldwin's two-run home run (17) Drake Baldwin's two-run home run (17) Drake Baldwin's two-run home run (17) Drake Baldwin hits a two-run home run to right-center field, increasing the Braves' lead to 10-1 in the 9th inning",https://mlb-cuts-diamond.mlb.com/FORGE/2025/2025-09/19/50bca830-7caa9ecd-086a1fa4-csvm-diamondgcp-asset_1280x720_59_4000K.mp4,MLB_776268_drake-baldwin-homers-17-on-a-fly-ball-to-right-center-field-jurickson,raw_sources\MLB_776268_drake-baldwin-homers-17-on-a-fly-ball-to-right-center-field-jurickson_Drake_Baldwin_s_two-run_home_run_17_Drake_Baldwin_s_two-run_home_run_17_Drake_Baldwin_s_t.mp4,1.020,8.020,,no,audit_checkpoint_001,219
988,Codex_Workstation,F_1086,dataset/fly_ball/Codex_Workstation/F_1086,4,needs_edit,clip_too_short,insufficient_post_contact_context,recover_source_and_recut_longer,annotated_contact_audio_confirmed,1.950,2.050,2.025,2.025,12.469,11.463,13.564,2.025,0.025,1.855,14.227,"[{""time"": 1.855, ""score"": 14.227, ""rms_ratio"": 11.024, ""diff_ratio"": 18.361}, {""time"": 2.025, ""score"": 12.469, ""rms_ratio"": 11.463, ""diff_ratio"": 13.564}, {""time"": 2.325, ""score"": 10.347, ""rms_ratio"": 9.842, ""diff_ratio"": 10.877}, {""time"": 3.965, ""score"": 9.651, ""rms_ratio"": 7.674, ""diff_ratio"": 12.137}, {""time"": 2.505, ""score"": 7.532, ""rms_ratio"": 7.879, ""diff_ratio"": 7.201}, {""time"": 2.155, ""score"": 7.143, ""rms_ratio"": 6.537, ""diff_ratio"": 7.806}, {""time"": 6.835, ""score"": 4.927, ""rms_ratio"": 5.348, ""diff_ratio"": 4.539}, {""time"": 4.275, ""score"": 4.367, ""rms_ratio"": 1.992, ""diff_ratio"": 9.575}, {""time"": 3.445, ""score"": 3.692, ""rms_ratio"": 3.569, ""diff_ratio"": 3.819}, {""time"": 3.565, ""score"": 3.425, ""rms_ratio"": 4.031, ""diff_ratio"": 2.91}, {""time"": 5.055, ""score"": 3.31, ""rms_ratio"": 4.049, ""diff_ratio"": 2.705}, {""time"": 0.105, ""score"": 3.246, ""rms_ratio"": 2.977, ""diff_ratio"": 3.54}, {""time"": 4.925, ""score"": 3.075, ""rms_ratio"": 3.633, ""diff_ratio"": 2.602}, {""time"": 0.355, ""score"": 2.952, ""rms_ratio"": 2.101, ""diff_ratio"": 4.146}, {""time"": 0.245, ""score"": 2.95, ""rms_ratio"": 2.827, ""diff_ratio"": 3.077}, {""time"": 4.395, ""score"": 2.754, ""rms_ratio"": 3.636, ""diff_ratio"": 2.086}]",6.845,ffprobe,6.848,2.025,4.820,fly,pending,medium,,,,"Spencer Steer talks his two home runs, 7-4 victory Spencer Steer talks his two home runs, 7-4 victory Spencer Steer talks his two home runs, 7-4 victory Spencer Steer discusses hitting two home runs, Elly De La Cruz's impact on the team and more following the Reds' 7-4 victory",https://mlb-cuts-diamond.mlb.com/FORGE/2025/2025-09/19/6bfdf20a-3d853695-0bf2bbf1-csvm-diamondgcp-asset_1280x720_59_4000K.mp4,MLB_776267_spencer-steer-talks-his-two-home-runs-7-4-victory,raw_sources\MLB_776267_spencer-steer-talks-his-two-home-runs-7-4-victory_Spencer_Steer_talks_his_two_home_runs_7-4_victory_Spencer_Steer_talks_his_two_home_runs_7-4_victory_Spencer_S.mp4,0.600,7.600,,no,audit_checkpoint_001,220
987,Codex_Workstation,F_1085,dataset/fly_ball/Codex_Workstation/F_1085,4,needs_edit,clip_too_short,contact_audio_ambiguous;insufficient_post_contact_context,review_local_audio_candidates;qwen_confirm_visual_contact_near_candidate;recover_source_and_recut_longer,annotated_audio_ambiguous,1.950,2.050,1.955,1.955,1.955,1.202,3.178,1.955,0.045,1.315,1.996,"[{""time"": 1.315, ""score"": 1.996, ""rms_ratio"": 1.822, ""diff_ratio"": 2.187}, {""time"": 1.955, ""score"": 1.955, ""rms_ratio"": 1.202, ""diff_ratio"": 3.178}, {""time"": 2.335, ""score"": 1.658, ""rms_ratio"": 1.618, ""diff_ratio"": 1.7}]",2.502,ffprobe,2.475,1.955,0.547,fly,pending,medium,,,,Dansby Swanson's solo home run (23) Dansby Swanson's solo home run (23) Dansby Swanson's solo home run (23) Dansby Swanson ties the game for the Cubs with a solo home run to center field in the 2nd inning,https://mlb-cuts-diamond.mlb.com/FORGE/2025/2025-09/19/162eb6a7-64c29cd4-178ca5af-csvm-diamondgcp-asset_1280x720_59_4000K.mp4,MLB_776267_nick-lodolo-in-play-run-s-to-dansby-swanson,raw_sources\MLB_776267_nick-lodolo-in-play-run-s-to-dansby-swanson_Dansby_Swanson_s_solo_home_run_23_Dansby_Swanson_s_solo_home_run_23_Dansby_Swanson_s_solo_home_run_23_Dansby_Swanso.mp4,3.440,10.440,,no,audit_checkpoint_001,221
986,Codex_Workstation,F_1084,dataset/fly_ball/Codex_Workstation/F_1084,4,needs_edit,contact_timestamp_wrong,contact_timestamp_wrong;insufficient_post_contact_context,retime_from_local_audio_candidate;qwen_confirm_visual_contact_near_candidate;recover_source_and_recut_longer,likely_contact_timestamp_wrong,1.950,2.050,2.505,2.025,1.913,2.120,1.727,2.025,0.025,0.725,2.245,"[{""time"": 0.725, ""score"": 2.245, ""rms_ratio"": 1.796, ""diff_ratio"": 2.806}, {""time"": 2.765, ""score"": 2.22, ""rms_ratio"": 1.331, ""diff_ratio"": 3.705}, {""time"": 0.365, ""score"": 2.18, ""rms_ratio"": 1.519, ""diff_ratio"": 3.128}, {""time"": 2.505, ""score"": 2.107, ""rms_ratio"": 1.743, ""diff_ratio"": 2.548}, {""time"": 0.005, ""score"": 1.945, ""rms_ratio"": 1.98, ""diff_ratio"": 1.91}, {""time"": 2.025, ""score"": 1.913, ""rms_ratio"": 2.12, ""diff_ratio"": 1.727}, {""time"": 4.175, ""score"": 1.789, ""rms_ratio"": 1.619, ""diff_ratio"": 1.976}, {""time"": 4.025, ""score"": 1.784, ""rms_ratio"": 1.564, ""diff_ratio"": 2.035}, {""time"": 4.615, ""score"": 1.752, ""rms_ratio"": 1.887, ""diff_ratio"": 1.628}, {""time"": 2.145, ""score"": 1.652, ""rms_ratio"": 1.681, ""diff_ratio"": 1.623}, {""time"": 3.025, ""score"": 1.65, ""rms_ratio"": 1.807, ""diff_ratio"": 1.506}]",7.006,ffprobe,7.019,2.505,4.501,fly,pending,medium,,,,Miguel Andujar's solo homer (10) Miguel Andujar's solo homer (10) Miguel Andujar's solo homer (10) Miguel Andujar hits a 403-foot solo home run to left field to put the Reds up 1-0 in the 1st inning,https://mlb-cuts-diamond.mlb.com/FORGE/2025/2025-09/19/7e042f0a-fb36ba25-5fc0e761-csvm-diamondgcp-asset_1280x720_59_4000K.mp4,MLB_776267_miguel-andujar-homers-10-on-a-fly-ball-to-left-field,raw_sources\MLB_776267_miguel-andujar-homers-10-on-a-fly-ball-to-left-field_Miguel_Andujar_s_solo_homer_10_Miguel_Andujar_s_solo_homer_10_Miguel_Andujar_s_solo_homer_10_Miguel_Anduja.mp4,3.240,10.240,,no,audit_checkpoint_001,222
985,Codex_Workstation,F_1083,dataset/fly_ball/Codex_Workstation/F_1083,4,needs_edit,clip_too_short,insufficient_post_contact_context,recover_source_and_recut_longer,annotated_contact_audio_confirmed,1.950,2.050,2.025,2.025,6.085,6.905,5.363,2.025,0.025,6.595,7.084,"[{""time"": 6.595, ""score"": 7.084, ""rms_ratio"": 6.415, ""diff_ratio"": 7.823}, {""time"": 6.955, ""score"": 7.062, ""rms_ratio"": 4.436, ""diff_ratio"": 11.24}, {""time"": 6.455, ""score"": 6.815, ""rms_ratio"": 5.247, ""diff_ratio"": 8.851}, {""time"": 2.025, ""score"": 6.085, ""rms_ratio"": 6.905, ""diff_ratio"": 5.363}, {""time"": 6.835, ""score"": 4.721, ""rms_ratio"": 5.639, ""diff_ratio"": 3.952}, {""time"": 2.365, ""score"": 4.707, ""rms_ratio"": 1.8, ""diff_ratio"": 12.306}, {""time"": 2.515, ""score"": 4.09, ""rms_ratio"": 4.939, ""diff_ratio"": 3.387}, {""time"": 3.415, ""score"": 3.483, ""rms_ratio"": 4.146, ""diff_ratio"": 2.926}, {""time"": 2.215, ""score"": 3.201, ""rms_ratio"": 2.906, ""diff_ratio"": 3.525}, {""time"": 3.735, ""score"": 3.081, ""rms_ratio"": 3.883, ""diff_ratio"": 2.445}, {""time"": 3.905, ""score"": 2.969, ""rms_ratio"": 3.511, ""diff_ratio"": 2.511}, {""time"": 4.695, ""score"": 2.811, ""rms_ratio"": 2.895, ""diff_ratio"": 2.729}, {""time"": 1.895, ""score"": 2.54, ""rms_ratio"": 1.474, ""diff_ratio"": 4.376}, {""time"": 3.525, ""score"": 2.521, ""rms_ratio"": 3.601, ""diff_ratio"": 1.766}, {""time"": 3.265, ""score"": 2.485, ""rms_ratio"": 2.397, ""diff_ratio"": 2.577}, {""time"": 5.685, ""score"": 2.277, ""rms_ratio"": 1.864, ""diff_ratio"": 2.781}]",7.006,ffprobe,7.019,2.025,4.981,fly,pending,medium,,,,"Elly De La Cruz on his home run, postseason race Elly De La Cruz on his home run, postseason race Elly De La Cruz on his home run, postseason race Elly De La Cruz discusses his back-to-back home run with Spencer Steer and the Reds' standing in the National League Wild Card race",https://mlb-cuts-diamond.mlb.com/FORGE/2025/2025-09/19/9b97a4c3-1a1c32c4-3af275c4-csvm-diamondgcp-asset_1280x720_59_4000K.mp4,MLB_776267_elly-de-la-cruz-on-his-home-run-postseason-race,raw_sources\MLB_776267_elly-de-la-cruz-on-his-home-run-postseason-race_Elly_De_La_Cruz_on_his_home_run_postseason_race_Elly_De_La_Cruz_on_his_home_run_postseason_race_Elly_De_La_Cruz.mp4,0.040,7.040,,no,audit_checkpoint_001,223
984,Codex_Workstation,F_1082,dataset/fly_ball/Codex_Workstation/F_1082,4,needs_edit,clip_too_short,insufficient_post_contact_context,recover_source_and_recut_longer,annotated_contact_audio_confirmed,1.950,2.050,2.035,2.035,3.773,4.173,3.411,2.035,0.035,2.035,3.773,"[{""time"": 2.035, ""score"": 3.773, ""rms_ratio"": 4.173, ""diff_ratio"": 3.411}, {""time"": 1.215, ""score"": 3.621, ""rms_ratio"": 2.398, ""diff_ratio"": 5.469}, {""time"": 1.785, ""score"": 3.303, ""rms_ratio"": 3.625, ""diff_ratio"": 3.01}, {""time"": 1.905, ""score"": 3.128, ""rms_ratio"": 3.337, ""diff_ratio"": 2.932}, {""time"": 0.665, ""score"": 2.388, ""rms_ratio"": 2.34, ""diff_ratio"": 2.437}, {""time"": 1.335, ""score"": 2.315, ""rms_ratio"": 2.215, ""diff_ratio"": 2.421}, {""time"": 0.555, ""score"": 1.927, ""rms_ratio"": 2.25, ""diff_ratio"": 1.65}, {""time"": 0.145, ""score"": 1.924, ""rms_ratio"": 2.296, ""diff_ratio"": 1.613}, {""time"": 0.385, ""score"": 1.739, ""rms_ratio"": 2.226, ""diff_ratio"": 1.359}]",2.135,ffprobe,2.133,2.035,0.100,fly,pending,medium,,,,Spencer Torkelson's two-run homer (31) Spencer Torkelson's two-run homer (31) Spencer Torkelson's two-run homer (31) Spencer Torkelson hits a two-run home run to left field to give the Tigers a 5-3 lead in the 7th inning,https://mlb-cuts-diamond.mlb.com/FORGE/2025/2025-09/20/c402c346-147049c6-e474b4db-csvm-diamondgcp-asset_1280x720_59_4000K.mp4,MLB_776258_spencer-torkelson-homers-31-on-a-fly-ball-to-left-field-jahmai-jones-,raw_sources\MLB_776258_spencer-torkelson-homers-31-on-a-fly-ball-to-left-field-jahmai-jones-_Spencer_Torkelson_s_two-run_homer_31_Spencer_Torkelson_s_two-run_homer_31_Spencer_Torkels.mp4,4.160,11.160,,no,audit_checkpoint_001,224
983,Codex_Workstation,F_1080,dataset/fly_ball/Codex_Workstation/F_1080,4,needs_edit,clip_too_short,insufficient_post_contact_context,recover_source_and_recut_longer,annotated_contact_audio_confirmed,1.950,2.050,1.975,1.975,2.688,2.551,2.832,1.975,0.025,1.335,2.699,"[{""time"": 1.335, ""score"": 2.699, ""rms_ratio"": 2.592, ""diff_ratio"": 2.81}, {""time"": 1.975, ""score"": 2.688, ""rms_ratio"": 2.551, ""diff_ratio"": 2.832}, {""time"": 0.665, ""score"": 2.466, ""rms_ratio"": 2.295, ""diff_ratio"": 2.65}, {""time"": 0.055, ""score"": 2.421, ""rms_ratio"": 2.093, ""diff_ratio"": 2.801}, {""time"": 3.875, ""score"": 2.404, ""rms_ratio"": 2.27, ""diff_ratio"": 2.546}, {""time"": 2.975, ""score"": 2.384, ""rms_ratio"": 1.909, ""diff_ratio"": 2.976}, {""time"": 3.205, ""score"": 2.242, ""rms_ratio"": 2.276, ""diff_ratio"": 2.209}, {""time"": 2.555, ""score"": 2.239, ""rms_ratio"": 2.088, ""diff_ratio"": 2.402}, {""time"": 3.565, ""score"": 2.208, ""rms_ratio"": 2.056, ""diff_ratio"": 2.372}, {""time"": 2.245, ""score"": 2.208, ""rms_ratio"": 1.263, ""diff_ratio"": 3.861}, {""time"": 1.635, ""score"": 2.089, ""rms_ratio"": 2.068, ""diff_ratio"": 2.111}, {""time"": 0.895, ""score"": 2.085, ""rms_ratio"": 2.048, ""diff_ratio"": 2.123}, {""time"": 0.315, ""score"": 2.084, ""rms_ratio"": 1.813, ""diff_ratio"": 2.395}, {""time"": 0.565, ""score"": 1.985, ""rms_ratio"": 1.138, ""diff_ratio"": 3.461}, {""time"": 1.165, ""score"": 1.87, ""rms_ratio"": 2.287, ""diff_ratio"": 1.529}, {""time"": 3.405, ""score"": 1.748, ""rms_ratio"": 1.749, ""diff_ratio"": 1.748}]",3.887,ffprobe,3.904,1.975,1.912,fly,pending,medium,,,,Wenceel Pérez's sacrifice fly Wenceel Pérez's sacrifice fly Wenceel Pérez's sacrifice fly Wenceel Pérez hits a sacrifice fly to center field to cut the Tigers' deficit to 3-2 in the 3rd,https://mlb-cuts-diamond.mlb.com/FORGE/2025/2025-09/20/e2ed995f-3f0da6fe-e537abec-csvm-diamondgcp-asset_1280x720_59_4000K.mp4,MLB_776258_joey-wentz-in-play-run-s-to-wenceel-perez,raw_sources\MLB_776258_joey-wentz-in-play-run-s-to-wenceel-perez_Wenceel_P_rez_s_sacrifice_fly_Wenceel_P_rez_s_sacrifice_fly_Wenceel_P_rez_s_sacrifice_fly_Wenceel_P_rez_hits_a_sacrif.mp4,3.900,10.900,,no,audit_checkpoint_001,225
982,Codex_Workstation,F_1079,dataset/fly_ball/Codex_Workstation/F_1079,4,needs_edit,contact_timestamp_wrong,contact_timestamp_wrong;insufficient_post_contact_context,retime_from_local_audio_candidate;qwen_confirm_visual_contact_near_candidate;recover_source_and_recut_longer,likely_contact_timestamp_wrong,1.950,2.050,2.305,1.925,1.504,1.964,1.151,2.305,0.305,2.305,2.252,"[{""time"": 2.305, ""score"": 2.252, ""rms_ratio"": 1.243, ""diff_ratio"": 4.083}, {""time"": 1.645, ""score"": 1.735, ""rms_ratio"": 1.357, ""diff_ratio"": 2.219}, {""time"": 2.435, ""score"": 1.717, ""rms_ratio"": 1.653, ""diff_ratio"": 1.784}]",2.754,ffprobe,2.773,2.305,0.449,fly,pending,medium,,,,"Michael Busch's TOWERING 30th home run of the year Michael Busch's TOWERING 30th home run of the year Michael Busch's TOWERING 30th home run of the year Michael Busch launches a towering solo home run to deep-right field for his first career 30-homer season, giving the Cubs a 1-0 lead",https://mlb-cuts-diamond.mlb.com/FORGE/2025/2025-09/20/a61b0fec-0868a456-9a715f3e-csvm-diamondgcp-asset_1280x720_59_4000K.mp4,MLB_776254_michael-busch-homers-30-on-a-fly-ball-to-right-center-field,raw_sources\MLB_776254_michael-busch-homers-30-on-a-fly-ball-to-right-center-field_Michael_Busch_s_TOWERING_30th_home_run_of_the_year_Michael_Busch_s_TOWERING_30th_home_run_of_the_ye.mp4,6.760,13.760,,no,audit_checkpoint_001,226
981,Codex_Workstation,F_1078,dataset/fly_ball/Codex_Workstation/F_1078,4,needs_edit,contact_timestamp_wrong,contact_timestamp_wrong;insufficient_post_contact_context,retime_from_local_audio_candidate;qwen_confirm_visual_contact_near_candidate;recover_source_and_recut_longer,likely_contact_timestamp_wrong,1.950,2.050,1.795,2.045,3.344,3.842,2.910,2.045,0.045,1.795,4.793,"[{""time"": 1.795, ""score"": 4.793, ""rms_ratio"": 3.939, ""diff_ratio"": 5.831}, {""time"": 0.875, ""score"": 4.209, ""rms_ratio"": 1.621, ""diff_ratio"": 10.926}, {""time"": 0.995, ""score"": 3.645, ""rms_ratio"": 3.311, ""diff_ratio"": 4.013}, {""time"": 2.425, ""score"": 3.633, ""rms_ratio"": 3.916, ""diff_ratio"": 3.371}, {""time"": 2.045, ""score"": 3.344, ""rms_ratio"": 3.842, ""diff_ratio"": 2.91}, {""time"": 1.595, ""score"": 3.223, ""rms_ratio"": 3.443, ""diff_ratio"": 3.016}, {""time"": 2.865, ""score"": 3.197, ""rms_ratio"": 3.34, ""diff_ratio"": 3.06}, {""time"": 2.535, ""score"": 3.08, ""rms_ratio"": 3.252, ""diff_ratio"": 2.917}, {""time"": 0.655, ""score"": 2.966, ""rms_ratio"": 3.188, ""diff_ratio"": 2.76}, {""time"": 0.755, ""score"": 2.86, ""rms_ratio"": 3.809, ""diff_ratio"": 2.147}, {""time"": 2.645, ""score"": 2.768, ""rms_ratio"": 3.058, ""diff_ratio"": 2.505}, {""time"": 1.295, ""score"": 2.506, ""rms_ratio"": 2.954, ""diff_ratio"": 2.126}, {""time"": 1.115, ""score"": 2.429, ""rms_ratio"": 2.29, ""diff_ratio"": 2.577}, {""time"": 1.395, ""score"": 2.242, ""rms_ratio"": 2.342, ""diff_ratio"": 2.146}, {""time"": 2.755, ""score"": 2.004, ""rms_ratio"": 2.683, ""diff_ratio"": 1.496}]",3.314,ffprobe,3.328,1.795,1.519,fly,pending,medium,,,,Miguel Cairo on Nationals' dramatic win in extras Miguel Cairo on Nationals' dramatic win in extras Miguel Cairo on Nationals' dramatic win in extras Nationals interim manager Miguel Cairo talks about Daylen Lile's dramatic inside-the-park home run and the team's resilience after a 5-3 win,https://mlb-cuts-diamond.mlb.com/FORGE/2025/2025-09/20/50d3dbd1-a58f0186-9fb31c5a-csvm-diamondgcp-asset_1280x720_59_4000K.mp4,MLB_776252_miguel-cairo-on-nationals-dramatic-win-in-extras,raw_sources\MLB_776252_miguel-cairo-on-nationals-dramatic-win-in-extras_Miguel_Cairo_on_Nationals_dramatic_win_in_extras_Miguel_Cairo_on_Nationals_dramatic_win_in_extras_Miguel_Cairo.mp4,10.040,17.040,,no,audit_checkpoint_001,227
980,Codex_Workstation,F_1077,dataset/fly_ball/Codex_Workstation/F_1077,4,needs_edit,clip_too_short,insufficient_pre_contact_context;insufficient_post_contact_context,recover_source_and_recut_longer,annotated_contact_audio_confirmed,0.290,0.390,0.365,0.365,3.915,4.013,3.820,0.365,0.025,4.845,5.376,"[{""time"": 4.845, ""score"": 5.376, ""rms_ratio"": 3.122, ""diff_ratio"": 9.258}, {""time"": 6.505, ""score"": 4.743, ""rms_ratio"": 3.252, ""diff_ratio"": 6.92}, {""time"": 5.345, ""score"": 4.323, ""rms_ratio"": 2.578, ""diff_ratio"": 7.25}, {""time"": 6.935, ""score"": 4.053, ""rms_ratio"": 3.291, ""diff_ratio"": 4.99}, {""time"": 0.365, ""score"": 3.915, ""rms_ratio"": 4.013, ""diff_ratio"": 3.82}, {""time"": 1.245, ""score"": 3.889, ""rms_ratio"": 4.055, ""diff_ratio"": 3.731}, {""time"": 2.965, ""score"": 3.87, ""rms_ratio"": 3.744, ""diff_ratio"": 4.001}, {""time"": 2.385, ""score"": 3.598, ""rms_ratio"": 2.5, ""diff_ratio"": 5.177}, {""time"": 6.095, ""score"": 3.565, ""rms_ratio"": 3.574, ""diff_ratio"": 3.556}, {""time"": 1.855, ""score"": 3.486, ""rms_ratio"": 3.618, ""diff_ratio"": 3.358}, {""time"": 2.655, ""score"": 3.332, ""rms_ratio"": 2.616, ""diff_ratio"": 4.244}, {""time"": 1.405, ""score"": 3.331, ""rms_ratio"": 1.204, ""diff_ratio"": 9.215}, {""time"": 3.905, ""score"": 3.291, ""rms_ratio"": 2.84, ""diff_ratio"": 3.813}, {""time"": 3.245, ""score"": 3.281, ""rms_ratio"": 2.874, ""diff_ratio"": 3.747}, {""time"": 2.065, ""score"": 3.249, ""rms_ratio"": 2.381, ""diff_ratio"": 4.432}, {""time"": 4.975, ""score"": 3.119, ""rms_ratio"": 4.26, ""diff_ratio"": 2.283}]",7.014,ffprobe,7.014,0.365,6.649,fly,pending,medium,,,,"Daylen Lile on his go-ahead inside-the-park home run Daylen Lile on his go-ahead inside-the-park home run Daylen Lile on his go-ahead inside-the-park home run Daylen Lile on his go-ahead inside-the-park home run in the 11th inning, participating in such an exciting game, his teammates reaction",https://mlb-cuts-diamond.mlb.com/FORGE/2025/2025-09/20/6d181b24-606a5f0f-906f4b08-csvm-diamondgcp-asset_1280x720_59_4000K.mp4,MLB_776252_daylen-lile-on-his-go-ahead-inside-the-park-home-run,raw_sources\MLB_776252_daylen-lile-on-his-go-ahead-inside-the-park-home-run_Daylen_Lile_on_his_go-ahead_inside-the-park_home_run_Daylen_Lile_on_his_go-ahead_inside-the-park_home_run_.mp4,0.000,7.000,,no,audit_checkpoint_001,228
979,Codex_Workstation,F_1076,dataset/fly_ball/Codex_Workstation/F_1076,4,needs_edit,contact_timestamp_wrong,contact_timestamp_wrong;insufficient_post_contact_context,retime_from_local_audio_candidate;qwen_confirm_visual_contact_near_candidate;recover_source_and_recut_longer,likely_contact_timestamp_wrong,1.950,2.050,2.385,2.025,2.184,2.852,1.672,2.025,0.025,1.485,3.760,"[{""time"": 1.485, ""score"": 3.76, ""rms_ratio"": 1.929, ""diff_ratio"": 7.332}, {""time"": 2.385, ""score"": 3.071, ""rms_ratio"": 1.873, ""diff_ratio"": 5.035}, {""time"": 1.835, ""score"": 2.344, ""rms_ratio"": 1.97, ""diff_ratio"": 2.789}, {""time"": 1.325, ""score"": 2.28, ""rms_ratio"": 2.074, ""diff_ratio"": 2.506}, {""time"": 0.365, ""score"": 2.238, ""rms_ratio"": 1.319, ""diff_ratio"": 3.796}, {""time"": 2.025, ""score"": 2.184, ""rms_ratio"": 2.852, ""diff_ratio"": 1.672}, {""time"": 1.585, ""score"": 2.173, ""rms_ratio"": 1.804, ""diff_ratio"": 2.618}, {""time"": 1.125, ""score"": 2.128, ""rms_ratio"": 2.307, ""diff_ratio"": 1.962}, {""time"": 0.045, ""score"": 1.967, ""rms_ratio"": 1.945, ""diff_ratio"": 1.989}, {""time"": 4.925, ""score"": 1.912, ""rms_ratio"": 1.972, ""diff_ratio"": 1.853}, {""time"": 5.115, ""score"": 1.885, ""rms_ratio"": 1.96, ""diff_ratio"": 1.814}, {""time"": 4.525, ""score"": 1.878, ""rms_ratio"": 1.789, ""diff_ratio"": 1.971}, {""time"": 2.805, ""score"": 1.853, ""rms_ratio"": 2.809, ""diff_ratio"": 1.222}, {""time"": 2.495, ""score"": 1.824, ""rms_ratio"": 3.188, ""diff_ratio"": 1.044}, {""time"": 2.175, ""score"": 1.792, ""rms_ratio"": 2.111, ""diff_ratio"": 1.522}, {""time"": 4.785, ""score"": 1.755, ""rms_ratio"": 1.55, ""diff_ratio"": 1.988}]",5.182,ffprobe,5.184,2.385,2.797,fly,pending,medium,,,,Ha-Seong Kim's sacrifice fly Ha-Seong Kim's sacrifice fly Ha-Seong Kim's sacrifice fly Ha-Seong Kim lifts a sacrifice fly to left field in the 9th inning against the Tigers,https://mlb-cuts-diamond.mlb.com/FORGE/2025/2025-09/21/86426da4-f7aaadf3-943183da-csvm-diamondgcp-asset_1280x720_59_4000K.mp4,MLB_776238_ha-seong-kim-s-sacrifice-fly-x1005,raw_sources\MLB_776238_ha-seong-kim-s-sacrifice-fly-x1005_Ha-Seong_Kim_s_sacrifice_fly_Ha-Seong_Kim_s_sacrifice_fly_Ha-Seong_Kim_s_sacrifice_fly_Ha-Seong_Kim_lifts_a_sacrifice_fly_to.mp4,6.060,13.060,,no,audit_checkpoint_001,229
978,Codex_Workstation,F_1074,dataset/fly_ball/Codex_Workstation/F_1074,4,needs_edit,clip_too_short,insufficient_post_contact_context,recover_source_and_recut_longer,annotated_contact_audio_confirmed,1.950,2.050,2.015,2.015,38.466,13.147,112.545,2.015,0.015,2.015,38.466,"[{""time"": 2.015, ""score"": 38.466, ""rms_ratio"": 13.147, ""diff_ratio"": 112.545}, {""time"": 0.905, ""score"": 5.182, ""rms_ratio"": 4.073, ""diff_ratio"": 6.593}, {""time"": 0.775, ""score"": 4.893, ""rms_ratio"": 3.993, ""diff_ratio"": 5.996}, {""time"": 0.565, ""score"": 4.37, ""rms_ratio"": 4.009, ""diff_ratio"": 4.764}, {""time"": 0.055, ""score"": 2.931, ""rms_ratio"": 2.525, ""diff_ratio"": 3.403}, {""time"": 1.015, ""score"": 2.878, ""rms_ratio"": 1.401, ""diff_ratio"": 5.91}, {""time"": 0.185, ""score"": 2.483, ""rms_ratio"": 1.603, ""diff_ratio"": 3.847}, {""time"": 0.375, ""score"": 2.423, ""rms_ratio"": 2.481, ""diff_ratio"": 2.366}]",2.532,ffprobe,2.539,2.015,0.517,fly,pending,medium,,,,"Joey Bart's four-hit, three-RBI game Joey Bart's four-hit, three-RBI game Joey Bart's four-hit, three-RBI game Joey Bart notches four hits, including a three-run home run during the Pirates' big 11-0 win over the Athletics",https://mlb-cuts-diamond.mlb.com/FORGE/2025/2025-09/21/d3a9dd53-de26a026-34850b5d-csvm-diamondgcp-asset_1280x720_59_4000K.mp4,MLB_776234_joey-bart-s-four-hit-three-rbi-game,raw_sources\MLB_776234_joey-bart-s-four-hit-three-rbi-game_Joey_Bart_s_four-hit_three-RBI_game_Joey_Bart_s_four-hit_three-RBI_game_Joey_Bart_s_four-hit_three-RBI_game_Joey_Bart_notch.mp4,1.500,8.500,,no,audit_checkpoint_001,230
977,Codex_Workstation,F_1073,dataset/fly_ball/Codex_Workstation/F_1073,4,needs_edit,clip_too_short,insufficient_post_contact_context,recover_source_and_recut_longer,annotated_contact_audio_confirmed,1.950,2.050,2.035,2.035,2.492,2.669,2.326,2.035,0.035,2.035,2.492,"[{""time"": 2.035, ""score"": 2.492, ""rms_ratio"": 2.669, ""diff_ratio"": 2.326}, {""time"": 0.085, ""score"": 2.337, ""rms_ratio"": 0.982, ""diff_ratio"": 5.463}, {""time"": 2.415, ""score"": 2.192, ""rms_ratio"": 2.004, ""diff_ratio"": 2.397}, {""time"": 4.005, ""score"": 2.094, ""rms_ratio"": 1.129, ""diff_ratio"": 3.883}, {""time"": 3.425, ""score"": 2.023, ""rms_ratio"": 1.273, ""diff_ratio"": 3.215}, {""time"": 1.265, ""score"": 1.975, ""rms_ratio"": 1.034, ""diff_ratio"": 3.772}, {""time"": 4.915, ""score"": 1.846, ""rms_ratio"": 2.191, ""diff_ratio"": 1.556}, {""time"": 2.265, ""score"": 1.786, ""rms_ratio"": 0.8, ""diff_ratio"": 3.19}, {""time"": 3.285, ""score"": 1.734, ""rms_ratio"": 1.869, ""diff_ratio"": 1.609}, {""time"": 0.355, ""score"": 1.698, ""rms_ratio"": 1.667, ""diff_ratio"": 1.73}]",4.973,ffprobe,4.992,2.035,2.938,fly,pending,medium,,,,"Royce Lewis' pinch-hit three-run home run (13) Royce Lewis' pinch-hit three-run home run (13) Royce Lewis' pinch-hit three-run home run (13) Royce Lewis comes off the bench to deliver a clutch pinch-hit, three-run home run in the 7th inning, increasing the Twins' lead to 6-2",https://mlb-cuts-diamond.mlb.com/FORGE/2025/2025-09/21/e4d7818f-62c85392-b0fae7c4-csvm-diamondgcp-asset_1280x720_59_4000K.mp4,MLB_776225_royce-lewis-homers-13-on-a-fly-ball-to-left-center-field-kody-clemens,raw_sources\MLB_776225_royce-lewis-homers-13-on-a-fly-ball-to-left-center-field-kody-clemens_Royce_Lewis_pinch-hit_three-run_home_run_13_Royce_Lewis_pinch-hit_three-run_home_run_13_R.mp4,3.880,10.880,,no,audit_checkpoint_001,231
976,Codex_Workstation,F_1072,dataset/fly_ball/Codex_Workstation/F_1072,4,needs_edit,contact_timestamp_wrong,contact_timestamp_wrong;insufficient_post_contact_context,retime_from_local_audio_candidate;qwen_confirm_visual_contact_near_candidate;recover_source_and_recut_longer,likely_contact_timestamp_wrong,1.950,2.050,1.855,1.915,2.155,1.158,4.010,2.015,0.015,1.855,3.079,"[{""time"": 1.855, ""score"": 3.079, ""rms_ratio"": 1.474, ""diff_ratio"": 6.43}, {""time"": 0.165, ""score"": 2.547, ""rms_ratio"": 1.367, ""diff_ratio"": 4.746}, {""time"": 3.225, ""score"": 2.358, ""rms_ratio"": 1.255, ""diff_ratio"": 4.428}, {""time"": 0.445, ""score"": 2.211, ""rms_ratio"": 1.722, ""diff_ratio"": 2.838}, {""time"": 2.355, ""score"": 2.007, ""rms_ratio"": 2.192, ""diff_ratio"": 1.838}, {""time"": 0.775, ""score"": 1.851, ""rms_ratio"": 1.897, ""diff_ratio"": 1.806}, {""time"": 2.645, ""score"": 1.775, ""rms_ratio"": 1.299, ""diff_ratio"": 2.426}, {""time"": 2.015, ""score"": 1.768, ""rms_ratio"": 2.5, ""diff_ratio"": 1.25}, {""time"": 0.565, ""score"": 1.765, ""rms_ratio"": 1.603, ""diff_ratio"": 1.945}, {""time"": 2.985, ""score"": 1.731, ""rms_ratio"": 1.422, ""diff_ratio"": 2.107}, {""time"": 1.705, ""score"": 1.693, ""rms_ratio"": 1.852, ""diff_ratio"": 1.548}, {""time"": 0.935, ""score"": 1.679, ""rms_ratio"": 1.772, ""diff_ratio"": 1.592}, {""time"": 3.375, ""score"": 1.664, ""rms_ratio"": 2.011, ""diff_ratio"": 1.377}]",3.606,ffprobe,3.627,1.855,1.751,fly,pending,medium,,,,"Bo Naylor's sacrifice fly Bo Naylor's sacrifice fly Bo Naylor's sacrifice fly Bo Naylor hits a sacrifice fly to center, scoring George Valera and extending the Guardians' lead to 2-0 in the 1st inning",https://mlb-cuts-diamond.mlb.com/FORGE/2025/2025-09/21/d72bb995-5e536133-04c176f8-csvm-diamondgcp-asset_1280x720_59_4000K.mp4,MLB_776225_bo-naylor-out-on-a-sacrifice-fly-to-center-fielder-byron-buxton-georg,raw_sources\MLB_776225_bo-naylor-out-on-a-sacrifice-fly-to-center-fielder-byron-buxton-georg_Bo_Naylor_s_sacrifice_fly_Bo_Naylor_s_sacrifice_fly_Bo_Naylor_s_sacrifice_fly_Bo_Naylor_h.mp4,7.060,14.060,,no,audit_checkpoint_001,232
975,Codex_Workstation,F_1071,dataset/fly_ball/Codex_Workstation/F_1071,4,needs_edit,clip_too_short,insufficient_post_contact_context,recover_source_and_recut_longer,annotated_contact_audio_confirmed,1.950,2.050,2.005,2.005,8.210,5.512,12.230,2.005,0.005,2.005,8.210,"[{""time"": 2.005, ""score"": 8.21, ""rms_ratio"": 5.512, ""diff_ratio"": 12.23}, {""time"": 4.565, ""score"": 3.606, ""rms_ratio"": 2.12, ""diff_ratio"": 6.134}, {""time"": 4.065, ""score"": 3.465, ""rms_ratio"": 3.261, ""diff_ratio"": 3.682}, {""time"": 5.445, ""score"": 3.456, ""rms_ratio"": 3.842, ""diff_ratio"": 3.108}, {""time"": 5.175, ""score"": 3.432, ""rms_ratio"": 1.765, ""diff_ratio"": 6.674}, {""time"": 4.955, ""score"": 3.356, ""rms_ratio"": 3.655, ""diff_ratio"": 3.082}, {""time"": 3.745, ""score"": 3.266, ""rms_ratio"": 3.205, ""diff_ratio"": 3.328}, {""time"": 4.265, ""score"": 3.249, ""rms_ratio"": 3.407, ""diff_ratio"": 3.099}, {""time"": 3.855, ""score"": 3.18, ""rms_ratio"": 4.224, ""diff_ratio"": 2.395}, {""time"": 3.285, ""score"": 3.044, ""rms_ratio"": 4.096, ""diff_ratio"": 2.262}, {""time"": 3.555, ""score"": 2.737, ""rms_ratio"": 3.775, ""diff_ratio"": 1.984}, {""time"": 3.405, ""score"": 2.722, ""rms_ratio"": 2.72, ""diff_ratio"": 2.724}, {""time"": 5.335, ""score"": 2.656, ""rms_ratio"": 2.362, ""diff_ratio"": 2.987}, {""time"": 4.675, ""score"": 2.617, ""rms_ratio"": 3.474, ""diff_ratio"": 1.971}, {""time"": 4.835, ""score"": 2.483, ""rms_ratio"": 2.299, ""diff_ratio"": 2.682}, {""time"": 5.735, ""score"": 2.411, ""rms_ratio"": 2.361, ""diff_ratio"": 2.462}]",7.007,ffprobe,7.019,2.005,5.002,fly,pending,medium,,,,"Nacho Alvarez Jr.'s sacrifice fly Nacho Alvarez Jr.'s sacrifice fly Nacho Alvarez Jr.'s sacrifice fly Nacho Alvarez Jr. lifts a sacrifice fly to right field, plating Marcell Ozuna and extending the Braves' lead to 9-5 in the 6th inning",https://mlb-cuts-diamond.mlb.com/FORGE/2025/2025-09/22/760cd821-f9786dd6-f6c15c9e-csvm-diamondgcp-asset-4000K.mp4,MLB_776221_pj-poulin-in-play-run-s-to-nacho-alvarez-jr,raw_sources\MLB_776221_pj-poulin-in-play-run-s-to-nacho-alvarez-jr_Nacho_Alvarez_Jr._s_sacrifice_fly_Nacho_Alvarez_Jr._s_sacrifice_fly_Nacho_Alvarez_Jr._s_sacrifice_fly_Nacho_Alvarez.mp4,1.560,8.560,,no,audit_checkpoint_001,233
974,Codex_Workstation,F_1070,dataset/fly_ball/Codex_Workstation/F_1070,4,needs_edit,clip_too_short,insufficient_post_contact_context,recover_source_and_recut_longer,annotated_contact_audio_confirmed,1.950,2.050,2.015,2.015,2.924,2.767,3.090,2.015,0.015,3.725,4.337,"[{""time"": 3.725, ""score"": 4.337, ""rms_ratio"": 1.986, ""diff_ratio"": 9.474}, {""time"": 3.605, ""score"": 3.315, ""rms_ratio"": 2.395, ""diff_ratio"": 4.589}, {""time"": 0.865, ""score"": 3.007, ""rms_ratio"": 2.308, ""diff_ratio"": 3.918}, {""time"": 2.015, ""score"": 2.924, ""rms_ratio"": 2.767, ""diff_ratio"": 3.09}, {""time"": 4.165, ""score"": 2.769, ""rms_ratio"": 2.409, ""diff_ratio"": 3.183}, {""time"": 2.205, ""score"": 2.711, ""rms_ratio"": 1.934, ""diff_ratio"": 3.801}, {""time"": 4.345, ""score"": 2.593, ""rms_ratio"": 1.948, ""diff_ratio"": 3.45}, {""time"": 0.375, ""score"": 2.375, ""rms_ratio"": 1.894, ""diff_ratio"": 2.977}, {""time"": 0.195, ""score"": 2.176, ""rms_ratio"": 1.527, ""diff_ratio"": 3.1}, {""time"": 0.745, ""score"": 2.115, ""rms_ratio"": 1.449, ""diff_ratio"": 3.087}, {""time"": 0.005, ""score"": 2.105, ""rms_ratio"": 1.391, ""diff_ratio"": 3.187}, {""time"": 0.985, ""score"": 2.104, ""rms_ratio"": 1.596, ""diff_ratio"": 2.773}, {""time"": 3.935, ""score"": 1.919, ""rms_ratio"": 2.569, ""diff_ratio"": 1.433}, {""time"": 4.045, ""score"": 1.883, ""rms_ratio"": 1.733, ""diff_ratio"": 2.047}]",4.404,ffprobe,4.416,2.015,2.389,fly,pending,medium,,,,Dylan Crews' solo home run (10) Dylan Crews' solo home run (10) Dylan Crews' solo home run (10) Dylan Crews crushes a solo home run to left field to cut into the Braves' lead in the 4th inning,https://mlb-cuts-diamond.mlb.com/FORGE/2025/2025-09/22/70a8d42b-82a886a7-86f20dd8-csvm-diamondgcp-asset_1280x720_59_4000K.mp4,MLB_776221_chris-sale-in-play-run-s-to-dylan-crews,raw_sources\MLB_776221_chris-sale-in-play-run-s-to-dylan-crews_Dylan_Crews_solo_home_run_10_Dylan_Crews_solo_home_run_10_Dylan_Crews_solo_home_run_10_Dylan_Crews_crushes_a_solo_home_.mp4,5.220,12.220,,no,audit_checkpoint_001,234
973,Codex_Workstation,F_1069,dataset/fly_ball/Codex_Workstation/F_1069,4,needs_edit,contact_timestamp_wrong,contact_timestamp_wrong;insufficient_post_contact_context,retime_from_local_audio_candidate;qwen_confirm_visual_contact_near_candidate;recover_source_and_recut_longer,likely_contact_timestamp_wrong,1.950,2.050,1.685,2.015,1.839,1.584,2.136,2.015,0.015,1.685,2.051,"[{""time"": 1.685, ""score"": 2.051, ""rms_ratio"": 2.062, ""diff_ratio"": 2.04}, {""time"": 0.675, ""score"": 1.878, ""rms_ratio"": 1.805, ""diff_ratio"": 1.954}, {""time"": 2.015, ""score"": 1.839, ""rms_ratio"": 1.584, ""diff_ratio"": 2.136}, {""time"": 2.235, ""score"": 1.755, ""rms_ratio"": 1.71, ""diff_ratio"": 1.801}]",3.738,ffprobe,3.755,1.685,2.053,line_drive,pending,medium,,,,"Heliot Ramos' solo home run (19)  Heliot Ramos' solo home run (19)  Heliot Ramos' solo home run (19)  Heliot Ramos belts a solo home run to left-center field, giving the Giants a 1-0 lead in the 1st inning",https://mlb-cuts-diamond.mlb.com/FORGE/2025/2025-09/22/6e148ddf-21edcc95-1ba8274e-csvm-diamondgcp-asset_1280x720_59_4000K.mp4,MLB_776220_heliot-ramos-homers-19-on-a-line-drive-to-left-center-field,raw_sources\MLB_776220_heliot-ramos-homers-19-on-a-line-drive-to-left-center-field_Heliot_Ramos_solo_home_run_19_Heliot_Ramos_solo_home_run_19_Heliot_Ramos_solo_home_run_19_Heliot_Ra.mp4,4.560,11.560,,no,audit_checkpoint_001,235
972,Codex_Workstation,F_1068,dataset/fly_ball/Codex_Workstation/F_1068,4,needs_edit,clip_too_short,insufficient_post_contact_context,recover_source_and_recut_longer,annotated_contact_audio_confirmed,1.950,2.050,2.035,2.035,2.865,2.691,3.049,2.035,0.035,0.215,3.488,"[{""time"": 0.215, ""score"": 3.488, ""rms_ratio"": 2.93, ""diff_ratio"": 4.151}, {""time"": 3.475, ""score"": 3.037, ""rms_ratio"": 1.936, ""diff_ratio"": 4.765}, {""time"": 1.295, ""score"": 2.989, ""rms_ratio"": 2.354, ""diff_ratio"": 3.795}, {""time"": 2.035, ""score"": 2.865, ""rms_ratio"": 2.691, ""diff_ratio"": 3.049}, {""time"": 0.415, ""score"": 2.814, ""rms_ratio"": 2.81, ""diff_ratio"": 2.818}, {""time"": 1.405, ""score"": 2.715, ""rms_ratio"": 1.995, ""diff_ratio"": 3.696}, {""time"": 2.815, ""score"": 2.703, ""rms_ratio"": 2.131, ""diff_ratio"": 3.428}, {""time"": 4.015, ""score"": 2.65, ""rms_ratio"": 1.315, ""diff_ratio"": 5.341}, {""time"": 3.855, ""score"": 2.562, ""rms_ratio"": 1.906, ""diff_ratio"": 3.445}, {""time"": 3.355, ""score"": 2.343, ""rms_ratio"": 1.829, ""diff_ratio"": 3.001}, {""time"": 1.685, ""score"": 2.327, ""rms_ratio"": 1.788, ""diff_ratio"": 3.03}, {""time"": 4.145, ""score"": 2.316, ""rms_ratio"": 1.968, ""diff_ratio"": 2.726}, {""time"": 3.005, ""score"": 2.26, ""rms_ratio"": 1.895, ""diff_ratio"": 2.697}, {""time"": 0.095, ""score"": 2.132, ""rms_ratio"": 1.858, ""diff_ratio"": 2.446}, {""time"": 0.655, ""score"": 2.1, ""rms_ratio"": 2.539, ""diff_ratio"": 1.737}, {""time"": 0.865, ""score"": 1.966, ""rms_ratio"": 0.934, ""diff_ratio"": 3.864}]",4.845,ffprobe,4.864,2.035,2.810,fly,pending,medium,,,,"Four-run 5th inning leads Cardinals to win Four-run 5th inning leads Cardinals to win Four-run 5th inning leads Cardinals to win Led by a two-run home run from Iván Herrera, the Cardinals plate four runs in the 5th in their 6-5 win over the Giants #CurtainCall",https://mlb-cuts-diamond.mlb.com/FORGE/2025/2025-09/22/88a2e617-98c98584-56382b37-csvm-diamondgcp-asset_1280x720_59_4000K.mp4,MLB_776220_four-run-5th-inning-leads-cardinals-to-win,raw_sources\MLB_776220_four-run-5th-inning-leads-cardinals-to-win_Four-run_5th_inning_leads_Cardinals_to_win_Four-run_5th_inning_leads_Cardinals_to_win_Four-run_5th_inning_leads_Card.mp4,1.000,8.000,,no,audit_checkpoint_001,236
971,Codex_Workstation,F_1067,dataset/fly_ball/Codex_Workstation/F_1067,4,needs_edit,clip_too_short,insufficient_post_contact_context,recover_source_and_recut_longer,annotated_contact_audio_confirmed,1.950,2.050,2.035,2.035,27.267,43.822,16.967,2.035,0.035,1.505,28.143,"[{""time"": 1.505, ""score"": 28.143, ""rms_ratio"": 16.617, ""diff_ratio"": 47.665}, {""time"": 2.035, ""score"": 27.267, ""rms_ratio"": 43.822, ""diff_ratio"": 16.967}, {""time"": 1.615, ""score"": 20.359, ""rms_ratio"": 33.027, ""diff_ratio"": 12.55}, {""time"": 1.735, ""score"": 19.374, ""rms_ratio"": 23.735, ""diff_ratio"": 15.814}, {""time"": 2.145, ""score"": 18.636, ""rms_ratio"": 34.3, ""diff_ratio"": 10.126}, {""time"": 1.365, ""score"": 17.863, ""rms_ratio"": 21.419, ""diff_ratio"": 14.897}, {""time"": 2.455, ""score"": 12.883, ""rms_ratio"": 15.386, ""diff_ratio"": 10.787}, {""time"": 0.005, ""score"": 12.726, ""rms_ratio"": 22.645, ""diff_ratio"": 7.152}, {""time"": 2.275, ""score"": 10.793, ""rms_ratio"": 26.6, ""diff_ratio"": 4.379}, {""time"": 2.585, ""score"": 2.587, ""rms_ratio"": 5.297, ""diff_ratio"": 1.263}]",3.136,ffprobe,3.115,2.035,1.101,fly,pending,medium,,,,"Miguel Cairo on Brad Lord, James Wood in loss Miguel Cairo on Brad Lord, James Wood in loss Miguel Cairo on Brad Lord, James Wood in loss Nationals manager Miguel Cairo talks about Brad Lord's performance, James Wood's home run and more after a loss to the Braves",https://mlb-cuts-diamond.mlb.com/FORGE/2025/2025-09/23/d4801263-f0928a9f-b553d05f-csvm-diamondgcp-asset_1280x720_59_4000K.mp4,MLB_776219_miguel-cairo-on-brad-lord-james-wood-in-loss,raw_sources\MLB_776219_miguel-cairo-on-brad-lord-james-wood-in-loss_Miguel_Cairo_on_Brad_Lord_James_Wood_in_loss_Miguel_Cairo_on_Brad_Lord_James_Wood_in_loss_Miguel_Cairo_on_Brad_Lor.mp4,2.260,9.260,,no,audit_checkpoint_001,237
970,Codex_Workstation,F_1066,dataset/fly_ball/Codex_Workstation/F_1066,4,needs_edit,contact_timestamp_wrong,contact_timestamp_wrong;insufficient_post_contact_context,retime_from_local_audio_candidate;qwen_confirm_visual_contact_near_candidate;recover_source_and_recut_longer,likely_contact_timestamp_wrong,1.950,2.050,2.245,1.935,2.042,1.115,3.742,1.935,0.065,2.245,2.827,"[{""time"": 2.245, ""score"": 2.827, ""rms_ratio"": 2.095, ""diff_ratio"": 3.815}, {""time"": 2.605, ""score"": 2.157, ""rms_ratio"": 1.864, ""diff_ratio"": 2.495}, {""time"": 1.725, ""score"": 2.098, ""rms_ratio"": 1.586, ""diff_ratio"": 2.777}, {""time"": 1.935, ""score"": 2.042, ""rms_ratio"": 1.115, ""diff_ratio"": 3.742}, {""time"": 2.445, ""score"": 2.018, ""rms_ratio"": 0.998, ""diff_ratio"": 4.071}, {""time"": 3.175, ""score"": 2.009, ""rms_ratio"": 1.735, ""diff_ratio"": 2.327}, {""time"": 3.995, ""score"": 1.975, ""rms_ratio"": 1.874, ""diff_ratio"": 2.081}, {""time"": 3.415, ""score"": 1.919, ""rms_ratio"": 0.887, ""diff_ratio"": 3.684}, {""time"": 0.495, ""score"": 1.776, ""rms_ratio"": 1.59, ""diff_ratio"": 1.983}, {""time"": 2.115, ""score"": 1.742, ""rms_ratio"": 1.478, ""diff_ratio"": 2.054}, {""time"": 0.065, ""score"": 1.651, ""rms_ratio"": 1.778, ""diff_ratio"": 1.533}]",4.070,ffprobe,4.075,2.245,1.825,fly,pending,medium,,,,"Harris II's two homers give Braves 10-game win streak Harris II's two homers give Braves 10-game win streak Harris II's two homers give Braves 10-game win streak Michael Harris II belts two solo home runs in the Braves' 3-2 win, giving them their 10th win in a row #CurtainCall",https://mlb-cuts-diamond.mlb.com/FORGE/2025/2025-09/24/01d68137-50e47c95-a06309e9-csvm-diamondgcp-asset_1280x720_59_4000K.mp4,MLB_776219_harris-ii-s-two-homers-give-braves-10-game-win-streak,raw_sources\MLB_776219_harris-ii-s-two-homers-give-braves-10-game-win-streak_Harris_II_s_two_homers_give_Braves_10-game_win_streak_Harris_II_s_two_homers_give_Braves_10-game_win_stre.mp4,5.980,12.980,,no,audit_checkpoint_001,238
969,Codex_Workstation,F_1065,dataset/fly_ball/Codex_Workstation/F_1065,4,needs_edit,contact_timestamp_wrong,contact_timestamp_wrong;insufficient_post_contact_context,retime_from_local_audio_candidate;qwen_confirm_visual_contact_near_candidate;recover_source_and_recut_longer,likely_contact_timestamp_wrong,1.950,2.050,1.755,2.035,4.307,6.465,2.870,2.035,0.035,0.025,10.044,"[{""time"": 0.025, ""score"": 10.044, ""rms_ratio"": 7.406, ""diff_ratio"": 13.621}, {""time"": 1.755, ""score"": 5.979, ""rms_ratio"": 5.214, ""diff_ratio"": 6.857}, {""time"": 2.405, ""score"": 5.776, ""rms_ratio"": 2.726, ""diff_ratio"": 12.237}, {""time"": 2.625, ""score"": 5.075, ""rms_ratio"": 4.406, ""diff_ratio"": 5.846}, {""time"": 1.325, ""score"": 4.871, ""rms_ratio"": 4.795, ""diff_ratio"": 4.949}, {""time"": 2.035, ""score"": 4.307, ""rms_ratio"": 6.465, ""diff_ratio"": 2.87}, {""time"": 3.225, ""score"": 3.93, ""rms_ratio"": 3.056, ""diff_ratio"": 5.054}, {""time"": 0.655, ""score"": 3.822, ""rms_ratio"": 5.521, ""diff_ratio"": 2.647}, {""time"": 3.095, ""score"": 2.47, ""rms_ratio"": 1.223, ""diff_ratio"": 4.988}, {""time"": 2.925, ""score"": 2.168, ""rms_ratio"": 1.675, ""diff_ratio"": 2.806}]",3.222,ffprobe,3.243,1.755,1.467,fly,pending,medium,,,,Riley Greene's solo home run (35) Riley Greene's solo home run (35) Riley Greene's solo home run (35) Riley Greene makes it a two-run lead with a line-drive solo home run to right field in the top of the 6th inning,https://mlb-cuts-diamond.mlb.com/FORGE/2025/2025-09/23/79e77d09-43bd43d6-1d98a9ad-csvm-diamondgcp-asset_1280x720_59_4000K.mp4,MLB_776218_riley-greene-homers-35-on-a-fly-ball-to-right-field,raw_sources\MLB_776218_riley-greene-homers-35-on-a-fly-ball-to-right-field_Riley_Greene_s_solo_home_run_35_Riley_Greene_s_solo_home_run_35_Riley_Greene_s_solo_home_run_35_Riley_Green.mp4,4.820,11.820,,no,audit_checkpoint_001,239
968,Codex_Workstation,F_1064,dataset/fly_ball/Codex_Workstation/F_1064,4,needs_edit,clip_too_short,insufficient_post_contact_context,recover_source_and_recut_longer,annotated_contact_audio_confirmed,1.950,2.050,2.025,2.025,3.023,2.786,3.280,2.025,0.025,2.025,3.023,"[{""time"": 2.025, ""score"": 3.023, ""rms_ratio"": 2.786, ""diff_ratio"": 3.28}, {""time"": 1.785, ""score"": 2.522, ""rms_ratio"": 2.024, ""diff_ratio"": 3.143}, {""time"": 1.415, ""score"": 2.424, ""rms_ratio"": 2.267, ""diff_ratio"": 2.593}, {""time"": 1.105, ""score"": 2.092, ""rms_ratio"": 2.268, ""diff_ratio"": 1.93}, {""time"": 1.575, ""score"": 1.734, ""rms_ratio"": 1.619, ""diff_ratio"": 1.857}]",2.101,ffprobe,2.091,2.025,0.076,line_drive,pending,medium,,,,"Otto Kemp's two-run home run (7) Otto Kemp's two-run home run (7) Otto Kemp's two-run home run (7) Otto Kemp hits a two-run home run to right field, extending the Phillies' lead to 3-0 in the bottom of the 2nd inning",https://mlb-cuts-diamond.mlb.com/FORGE/2025/2025-09/23/62a13204-3dc99caa-a6fceff7-csvm-diamondgcp-asset_1280x720_59_4000K.mp4,MLB_776215_otto-kemp-homers-7-on-a-line-drive-to-right-center-field-weston-wilso,raw_sources\MLB_776215_otto-kemp-homers-7-on-a-line-drive-to-right-center-field-weston-wilso_Otto_Kemp_s_two-run_home_run_7_Otto_Kemp_s_two-run_home_run_7_Otto_Kemp_s_two-run_home_ru.mp4,2.340,9.340,,no,audit_checkpoint_001,240
967,Codex_Workstation,F_1063,dataset/fly_ball/Codex_Workstation/F_1063,4,needs_edit,clip_too_short,insufficient_post_contact_context,recover_source_and_recut_longer,annotated_contact_audio_confirmed,1.950,2.050,1.945,1.945,2.526,1.462,4.366,1.945,0.055,1.145,2.766,"[{""time"": 1.145, ""score"": 2.766, ""rms_ratio"": 2.217, ""diff_ratio"": 3.451}, {""time"": 1.485, ""score"": 2.527, ""rms_ratio"": 2.271, ""diff_ratio"": 2.814}, {""time"": 1.945, ""score"": 2.526, ""rms_ratio"": 1.462, ""diff_ratio"": 4.366}, {""time"": 3.255, ""score"": 2.518, ""rms_ratio"": 2.796, ""diff_ratio"": 2.268}, {""time"": 1.255, ""score"": 2.452, ""rms_ratio"": 1.793, ""diff_ratio"": 3.353}, {""time"": 2.785, ""score"": 2.19, ""rms_ratio"": 2.265, ""diff_ratio"": 2.118}, {""time"": 2.265, ""score"": 2.153, ""rms_ratio"": 2.543, ""diff_ratio"": 1.823}, {""time"": 1.375, ""score"": 1.878, ""rms_ratio"": 1.784, ""diff_ratio"": 1.977}, {""time"": 0.565, ""score"": 1.767, ""rms_ratio"": 1.829, ""diff_ratio"": 1.707}, {""time"": 2.485, ""score"": 1.666, ""rms_ratio"": 2.073, ""diff_ratio"": 1.34}]",3.362,ffprobe,3.371,1.945,1.417,fly,pending,medium,,,,"Griffin Conine hits home run in return from IL (2) Griffin Conine hits home run in return from IL (2) Griffin Conine hits home run in return from IL (2) Griffin Conine hits a solo home run in his first game returning from the IL, cutting the Marlins' deficit to 3-1 in the top of the 8th inning",https://mlb-cuts-diamond.mlb.com/FORGE/2025/2025-09/23/4b759567-8cd79783-a1faff7e-csvm-diamondgcp-asset_1280x720_59_4000K.mp4,MLB_776215_griffin-conine-homers-2-on-a-fly-ball-to-right-field,raw_sources\MLB_776215_griffin-conine-homers-2-on-a-fly-ball-to-right-field_Griffin_Conine_hits_home_run_in_return_from_IL_2_Griffin_Conine_hits_home_run_in_return_from_IL_2_Griffin_.mp4,4.680,11.680,,no,audit_checkpoint_001,241
966,Codex_Workstation,F_1061,dataset/fly_ball/Codex_Workstation/F_1061,4,needs_edit,clip_too_short,insufficient_post_contact_context,recover_source_and_recut_longer,annotated_contact_audio_confirmed,1.950,2.050,2.035,2.035,2.860,2.996,2.729,2.035,0.035,2.035,2.860,"[{""time"": 2.035, ""score"": 2.86, ""rms_ratio"": 2.996, ""diff_ratio"": 2.729}, {""time"": 1.745, ""score"": 2.713, ""rms_ratio"": 2.405, ""diff_ratio"": 3.061}, {""time"": 1.895, ""score"": 2.466, ""rms_ratio"": 1.718, ""diff_ratio"": 3.539}, {""time"": 0.345, ""score"": 2.425, ""rms_ratio"": 2.636, ""diff_ratio"": 2.231}, {""time"": 2.305, ""score"": 2.36, ""rms_ratio"": 2.436, ""diff_ratio"": 2.286}, {""time"": 2.415, ""score"": 2.235, ""rms_ratio"": 2.363, ""diff_ratio"": 2.114}, {""time"": 4.615, ""score"": 2.21, ""rms_ratio"": 1.947, ""diff_ratio"": 2.508}, {""time"": 0.785, ""score"": 2.188, ""rms_ratio"": 2.093, ""diff_ratio"": 2.286}, {""time"": 1.275, ""score"": 2.015, ""rms_ratio"": 2.104, ""diff_ratio"": 1.93}, {""time"": 2.185, ""score"": 2.0, ""rms_ratio"": 1.886, ""diff_ratio"": 2.122}, {""time"": 0.035, ""score"": 1.883, ""rms_ratio"": 1.68, ""diff_ratio"": 2.11}, {""time"": 2.515, ""score"": 1.86, ""rms_ratio"": 1.939, ""diff_ratio"": 1.783}, {""time"": 2.675, ""score"": 1.823, ""rms_ratio"": 1.947, ""diff_ratio"": 1.706}, {""time"": 0.225, ""score"": 1.807, ""rms_ratio"": 0.993, ""diff_ratio"": 3.266}, {""time"": 0.995, ""score"": 1.739, ""rms_ratio"": 1.891, ""diff_ratio"": 1.6}, {""time"": 2.825, ""score"": 1.71, ""rms_ratio"": 1.727, ""diff_ratio"": 1.693}]",6.789,ffprobe,6.784,2.035,4.754,fly,pending,medium,,,,"George Valera's two-run home run (2) George Valera's two-run home run (2) George Valera's two-run home run (2) George Valera hits a two-run home run to right-center field, giving the Guardians a 2-1 lead over the Tigers in the 3rd",https://mlb-cuts-diamond.mlb.com/FORGE/2025/2025-09/24/187c04f9-b1f4b016-0ed76c82-csvm-diamondgcp-asset_1280x720_59_4000K.mp4,MLB_776204_jack-flaherty-in-play-run-s-to-george-valera-iovi7n,raw_sources\MLB_776204_jack-flaherty-in-play-run-s-to-george-valera-iovi7n_George_Valera_s_two-run_home_run_2_George_Valera_s_two-run_home_run_2_George_Valera_s_two-run_home_run_2_Ge.mp4,5.380,12.380,,no,audit_checkpoint_001,242
965,Codex_Workstation,F_1058,dataset/fly_ball/Codex_Workstation/F_1058,4,needs_edit,contact_timestamp_wrong,contact_timestamp_wrong;insufficient_post_contact_context,retime_from_local_audio_candidate;qwen_confirm_visual_contact_near_candidate;recover_source_and_recut_longer,likely_contact_timestamp_wrong,1.950,2.050,2.365,2.015,3.698,3.726,3.670,2.015,0.015,2.365,4.670,"[{""time"": 2.365, ""score"": 4.67, ""rms_ratio"": 4.225, ""diff_ratio"": 5.162}, {""time"": 3.105, ""score"": 4.279, ""rms_ratio"": 3.813, ""diff_ratio"": 4.801}, {""time"": 2.015, ""score"": 3.698, ""rms_ratio"": 3.726, ""diff_ratio"": 3.67}, {""time"": 3.625, ""score"": 3.51, ""rms_ratio"": 2.838, ""diff_ratio"": 4.341}, {""time"": 6.165, ""score"": 3.467, ""rms_ratio"": 2.713, ""diff_ratio"": 4.43}, {""time"": 2.185, ""score"": 3.257, ""rms_ratio"": 1.205, ""diff_ratio"": 8.805}, {""time"": 5.495, ""score"": 3.155, ""rms_ratio"": 2.745, ""diff_ratio"": 3.625}, {""time"": 6.285, ""score"": 2.942, ""rms_ratio"": 2.521, ""diff_ratio"": 3.433}, {""time"": 5.775, ""score"": 2.881, ""rms_ratio"": 3.299, ""diff_ratio"": 2.516}, {""time"": 5.135, ""score"": 2.732, ""rms_ratio"": 2.775, ""diff_ratio"": 2.69}, {""time"": 5.655, ""score"": 2.373, ""rms_ratio"": 0.8, ""diff_ratio"": 5.63}, {""time"": 4.955, ""score"": 2.337, ""rms_ratio"": 0.787, ""diff_ratio"": 5.46}, {""time"": 4.145, ""score"": 2.314, ""rms_ratio"": 2.845, ""diff_ratio"": 1.882}, {""time"": 4.785, ""score"": 2.226, ""rms_ratio"": 2.575, ""diff_ratio"": 1.924}, {""time"": 2.785, ""score"": 2.221, ""rms_ratio"": 0.701, ""diff_ratio"": 4.935}, {""time"": 3.815, ""score"": 2.173, ""rms_ratio"": 2.216, ""diff_ratio"": 2.131}]",6.486,ffprobe,6.507,2.365,4.121,fly,pending,medium,,,,"Miguel Cairo recaps 4-3 win, talks Wood's homers Miguel Cairo recaps 4-3 win, talks Wood's homers Miguel Cairo recaps 4-3 win, talks Wood's homers Miguel Cairo discusses good pitching all around, James Wood's two-homer game and more after 4-3 win over the Braves",https://mlb-cuts-diamond.mlb.com/FORGE/2025/2025-09/24/092b23bf-fe9fcae1-10917c1c-csvm-diamondgcp-asset_1280x720_59_4000K.mp4,MLB_776200_miguel-cairo-recaps-4-3-win-talks-wood-s-homers,raw_sources\MLB_776200_miguel-cairo-recaps-4-3-win-talks-wood-s-homers_Miguel_Cairo_recaps_4-3_win_talks_Wood_s_homers_Miguel_Cairo_recaps_4-3_win_talks_Wood_s_homers_Miguel_Cairo_re.mp4,0.020,7.020,,no,audit_checkpoint_001,243
964,Codex_Workstation,F_1057,dataset/fly_ball/Codex_Workstation/F_1057,4,needs_edit,clip_too_short,insufficient_post_contact_context,recover_source_and_recut_longer,annotated_contact_audio_confirmed,1.950,2.050,2.025,2.025,6.007,6.028,5.985,2.025,0.025,2.025,6.007,"[{""time"": 2.025, ""score"": 6.007, ""rms_ratio"": 6.028, ""diff_ratio"": 5.985}, {""time"": 2.225, ""score"": 3.922, ""rms_ratio"": 3.881, ""diff_ratio"": 3.963}, {""time"": 1.645, ""score"": 3.889, ""rms_ratio"": 4.422, ""diff_ratio"": 3.42}, {""time"": 2.425, ""score"": 3.847, ""rms_ratio"": 4.427, ""diff_ratio"": 3.343}, {""time"": 2.595, ""score"": 3.725, ""rms_ratio"": 4.129, ""diff_ratio"": 3.36}, {""time"": 4.585, ""score"": 3.605, ""rms_ratio"": 3.742, ""diff_ratio"": 3.473}, {""time"": 1.805, ""score"": 3.473, ""rms_ratio"": 3.647, ""diff_ratio"": 3.308}, {""time"": 3.385, ""score"": 3.456, ""rms_ratio"": 3.702, ""diff_ratio"": 3.227}, {""time"": 5.495, ""score"": 3.027, ""rms_ratio"": 3.167, ""diff_ratio"": 2.894}, {""time"": 4.815, ""score"": 2.916, ""rms_ratio"": 2.821, ""diff_ratio"": 3.015}, {""time"": 0.005, ""score"": 2.761, ""rms_ratio"": 2.922, ""diff_ratio"": 2.609}, {""time"": 3.685, ""score"": 2.753, ""rms_ratio"": 2.17, ""diff_ratio"": 3.493}, {""time"": 4.155, ""score"": 2.399, ""rms_ratio"": 3.637, ""diff_ratio"": 1.582}, {""time"": 0.225, ""score"": 2.321, ""rms_ratio"": 2.619, ""diff_ratio"": 2.057}, {""time"": 3.565, ""score"": 2.306, ""rms_ratio"": 2.329, ""diff_ratio"": 2.284}, {""time"": 3.795, ""score"": 2.299, ""rms_ratio"": 2.42, ""diff_ratio"": 2.184}]",6.113,ffprobe,6.123,2.025,4.088,fly,pending,medium,,,,James Wood on reaching 30 homers in season James Wood on reaching 30 homers in season James Wood on reaching 30 homers in season James Wood discusses what it means to reach 30 home runs in a season for the first time in his career,https://mlb-cuts-diamond.mlb.com/FORGE/2025/2025-09/24/7160d883-93824aec-af23f709-csvm-diamondgcp-asset_1280x720_59_4000K.mp4,MLB_776200_james-wood-on-reaching-30-homers-in-season,raw_sources\MLB_776200_james-wood-on-reaching-30-homers-in-season_James_Wood_on_reaching_30_homers_in_season_James_Wood_on_reaching_30_homers_in_season_James_Wood_on_reaching_30_home.mp4,2.740,9.740,,no,audit_checkpoint_001,244
963,Codex_Workstation,F_1055,dataset/fly_ball/Codex_Workstation/F_1055,4,needs_edit,clip_too_short,insufficient_post_contact_context,recover_source_and_recut_longer,annotated_contact_audio_confirmed,1.950,2.050,2.025,2.025,2.544,2.553,2.536,2.025,0.025,2.255,2.585,"[{""time"": 2.255, ""score"": 2.585, ""rms_ratio"": 2.592, ""diff_ratio"": 2.578}, {""time"": 2.025, ""score"": 2.544, ""rms_ratio"": 2.553, ""diff_ratio"": 2.536}, {""time"": 2.625, ""score"": 2.453, ""rms_ratio"": 2.306, ""diff_ratio"": 2.61}, {""time"": 2.155, ""score"": 2.428, ""rms_ratio"": 2.557, ""diff_ratio"": 2.306}, {""time"": 2.385, ""score"": 2.331, ""rms_ratio"": 2.205, ""diff_ratio"": 2.465}, {""time"": 1.875, ""score"": 2.211, ""rms_ratio"": 2.2, ""diff_ratio"": 2.222}, {""time"": 2.505, ""score"": 2.16, ""rms_ratio"": 1.946, ""diff_ratio"": 2.398}, {""time"": 1.765, ""score"": 1.933, ""rms_ratio"": 1.946, ""diff_ratio"": 1.921}, {""time"": 1.655, ""score"": 1.712, ""rms_ratio"": 1.598, ""diff_ratio"": 1.833}]",2.678,ffprobe,2.688,2.025,0.653,fly,pending,medium,,,,Field View: Jackson Merrill's solo home run Field View: Jackson Merrill's solo home run Field View: Jackson Merrill's solo home run Check out this unique angle of Jackson Merrill's solo homer in the bottom of the 6th inning against the Brewers,https://mlb-cuts-diamond.mlb.com/FORGE/2025/2025-09/24/fad53297-79cd1b73-b0889890-csvm-diamondgcp-asset_1280x720_59_4000K.mp4,MLB_776198_field-view-jackson-merrill-s-solo-home-run-x9644,raw_sources\MLB_776198_field-view-jackson-merrill-s-solo-home-run-x9644_Field_View_Jackson_Merrill_s_solo_home_run_Field_View_Jackson_Merrill_s_solo_home_run_Field_View_Jackson_Merri.mp4,5.940,12.940,,no,audit_checkpoint_001,245
962,Codex_Workstation,F_1054,dataset/fly_ball/Codex_Workstation/F_1054,4,needs_edit,clip_too_short,insufficient_post_contact_context,recover_source_and_recut_longer,annotated_contact_audio_confirmed,1.950,2.050,2.055,2.055,2.564,2.848,2.309,2.055,0.055,1.545,3.170,"[{""time"": 1.545, ""score"": 3.17, ""rms_ratio"": 3.175, ""diff_ratio"": 3.166}, {""time"": 1.745, ""score"": 2.826, ""rms_ratio"": 2.456, ""diff_ratio"": 3.252}, {""time"": 0.195, ""score"": 2.766, ""rms_ratio"": 2.605, ""diff_ratio"": 2.938}, {""time"": 2.505, ""score"": 2.731, ""rms_ratio"": 2.359, ""diff_ratio"": 3.161}, {""time"": 3.895, ""score"": 2.636, ""rms_ratio"": 2.75, ""diff_ratio"": 2.526}, {""time"": 2.645, ""score"": 2.607, ""rms_ratio"": 2.422, ""diff_ratio"": 2.806}, {""time"": 2.235, ""score"": 2.604, ""rms_ratio"": 2.928, ""diff_ratio"": 2.317}, {""time"": 2.055, ""score"": 2.564, ""rms_ratio"": 2.848, ""diff_ratio"": 2.309}, {""time"": 3.705, ""score"": 2.493, ""rms_ratio"": 2.133, ""diff_ratio"": 2.914}, {""time"": 0.895, ""score"": 2.447, ""rms_ratio"": 2.622, ""diff_ratio"": 2.285}, {""time"": 4.025, ""score"": 2.398, ""rms_ratio"": 2.598, ""diff_ratio"": 2.213}, {""time"": 2.345, ""score"": 2.376, ""rms_ratio"": 2.624, ""diff_ratio"": 2.152}, {""time"": 0.475, ""score"": 2.342, ""rms_ratio"": 3.063, ""diff_ratio"": 1.791}, {""time"": 4.385, ""score"": 2.336, ""rms_ratio"": 2.695, ""diff_ratio"": 2.025}, {""time"": 3.325, ""score"": 2.264, ""rms_ratio"": 2.278, ""diff_ratio"": 2.249}, {""time"": 1.405, ""score"": 2.039, ""rms_ratio"": 2.145, ""diff_ratio"": 1.939}]",5.329,ffprobe,5.333,2.055,3.274,fly,pending,medium,,,,"Danny Jansen on confidence, late home run, win Danny Jansen on confidence, late home run, win Danny Jansen on confidence, late home run, win Danny Jansen discusses his confidence at the plate, his 9th inning home run, facing a team like the Padres and more after win",https://mlb-cuts-diamond.mlb.com/FORGE/2025/2025-09/24/4bddebba-b9f4cc76-17ab1fb6-csvm-diamondgcp-asset_1280x720_59_4000K.mp4,MLB_776198_danny-jansen-on-confidence-late-home-run-win,raw_sources\MLB_776198_danny-jansen-on-confidence-late-home-run-win_Danny_Jansen_on_confidence_late_home_run_win_Danny_Jansen_on_confidence_late_home_run_win_Danny_Jansen_on_confiden.mp4,2.500,9.500,,no,audit_checkpoint_001,246
961,Codex_Workstation,F_1053,dataset/fly_ball/Codex_Workstation/F_1053,4,needs_edit,clip_too_short,insufficient_post_contact_context,recover_source_and_recut_longer,annotated_contact_audio_confirmed,1.950,2.050,2.025,2.025,6.462,6.302,6.627,2.025,0.025,2.365,6.831,"[{""time"": 2.365, ""score"": 6.831, ""rms_ratio"": 3.751, ""diff_ratio"": 12.439}, {""time"": 2.025, ""score"": 6.462, ""rms_ratio"": 6.302, ""diff_ratio"": 6.627}, {""time"": 6.085, ""score"": 5.639, ""rms_ratio"": 4.7, ""diff_ratio"": 6.764}, {""time"": 4.315, ""score"": 5.343, ""rms_ratio"": 4.501, ""diff_ratio"": 6.342}, {""time"": 1.355, ""score"": 5.094, ""rms_ratio"": 3.947, ""diff_ratio"": 6.575}, {""time"": 6.215, ""score"": 4.824, ""rms_ratio"": 4.198, ""diff_ratio"": 5.544}, {""time"": 3.995, ""score"": 4.709, ""rms_ratio"": 4.068, ""diff_ratio"": 5.45}, {""time"": 0.655, ""score"": 4.53, ""rms_ratio"": 4.491, ""diff_ratio"": 4.569}, {""time"": 3.685, ""score"": 4.521, ""rms_ratio"": 4.061, ""diff_ratio"": 5.033}, {""time"": 1.025, ""score"": 4.426, ""rms_ratio"": 3.632, ""diff_ratio"": 5.393}, {""time"": 6.565, ""score"": 3.923, ""rms_ratio"": 4.358, ""diff_ratio"": 3.532}, {""time"": 4.165, ""score"": 3.698, ""rms_ratio"": 2.882, ""diff_ratio"": 4.745}, {""time"": 1.235, ""score"": 3.313, ""rms_ratio"": 3.127, ""diff_ratio"": 3.51}, {""time"": 3.805, ""score"": 3.26, ""rms_ratio"": 3.571, ""diff_ratio"": 2.976}, {""time"": 4.585, ""score"": 3.188, ""rms_ratio"": 3.15, ""diff_ratio"": 3.226}, {""time"": 2.505, ""score"": 3.071, ""rms_ratio"": 2.452, ""diff_ratio"": 3.846}]",7.007,ffprobe,7.019,2.025,4.982,fly,pending,medium,,,,Terry Francona discusses Marte's home run robbery Terry Francona discusses Marte's home run robbery Terry Francona discusses Marte's home run robbery Manager Terry Francona breaks down how important Noelvi Marte's home run robbery means to the team's season after win against the Pirates,https://mlb-cuts-diamond.mlb.com/FORGE/2025/2025-09/25/07aaf519-694e96d1-b52038ec-csvm-diamondgcp-asset_1280x720_59_4000K.mp4,MLB_776190_terry-francona-discusses-marte-s-home-run-robbery,raw_sources\MLB_776190_terry-francona-discusses-marte-s-home-run-robbery_Terry_Francona_discusses_Marte_s_home_run_robbery_Terry_Francona_discusses_Marte_s_home_run_robbery_Terry_Fra.mp4,4.620,11.620,,no,audit_checkpoint_001,247
960,Codex_Workstation,F_1052,dataset/fly_ball/Codex_Workstation/F_1052,4,needs_edit,contact_timestamp_wrong,contact_timestamp_wrong;insufficient_post_contact_context,retime_from_local_audio_candidate;qwen_confirm_visual_contact_near_candidate;recover_source_and_recut_longer,likely_contact_timestamp_wrong,1.950,2.050,2.625,2.015,2.197,3.215,1.501,2.015,0.015,3.145,3.382,"[{""time"": 3.145, ""score"": 3.382, ""rms_ratio"": 3.338, ""diff_ratio"": 3.426}, {""time"": 2.975, ""score"": 3.089, ""rms_ratio"": 2.894, ""diff_ratio"": 3.296}, {""time"": 2.625, ""score"": 2.585, ""rms_ratio"": 2.371, ""diff_ratio"": 2.819}, {""time"": 0.235, ""score"": 2.413, ""rms_ratio"": 2.616, ""diff_ratio"": 2.226}, {""time"": 0.425, ""score"": 2.323, ""rms_ratio"": 2.253, ""diff_ratio"": 2.394}, {""time"": 1.475, ""score"": 2.26, ""rms_ratio"": 1.312, ""diff_ratio"": 3.894}, {""time"": 2.015, ""score"": 2.197, ""rms_ratio"": 3.215, ""diff_ratio"": 1.501}, {""time"": 1.875, ""score"": 2.188, ""rms_ratio"": 2.143, ""diff_ratio"": 2.234}, {""time"": 0.065, ""score"": 2.115, ""rms_ratio"": 2.344, ""diff_ratio"": 1.909}, {""time"": 0.585, ""score"": 2.047, ""rms_ratio"": 2.155, ""diff_ratio"": 1.945}, {""time"": 0.715, ""score"": 1.911, ""rms_ratio"": 2.103, ""diff_ratio"": 1.736}, {""time"": 2.195, ""score"": 1.845, ""rms_ratio"": 2.416, ""diff_ratio"": 1.409}, {""time"": 1.325, ""score"": 1.739, ""rms_ratio"": 2.307, ""diff_ratio"": 1.311}, {""time"": 2.385, ""score"": 1.699, ""rms_ratio"": 0.838, ""diff_ratio"": 2.886}, {""time"": 2.775, ""score"": 1.666, ""rms_ratio"": 1.456, ""diff_ratio"": 1.908}]",3.365,ffprobe,3.371,2.625,0.740,fly,pending,medium,,,,Noelvi Marte recaps his game-saving home run robbery Noelvi Marte recaps his game-saving home run robbery Noelvi Marte recaps his game-saving home run robbery Noelvi Marte shouts out TJ Friedl for helping him feel more prepared to make catches at the wall moments after robbing a potentially game-tyi,https://mlb-cuts-diamond.mlb.com/FORGE/2025/2025-09/25/b0bdb665-d5cbdf4e-f3dfa370-csvm-diamondgcp-asset_1280x720_59_4000K.mp4,MLB_776190_noelvi-marte-recaps-his-game-saving-home-run-robbery,raw_sources\MLB_776190_noelvi-marte-recaps-his-game-saving-home-run-robbery_Noelvi_Marte_recaps_his_game-saving_home_run_robbery_Noelvi_Marte_recaps_his_game-saving_home_run_robbery_.mp4,4.080,11.080,,no,audit_checkpoint_001,248
959,Codex_Workstation,F_1051,dataset/fly_ball/Codex_Workstation/F_1051,4,needs_edit,clip_too_short,insufficient_post_contact_context,recover_source_and_recut_longer,annotated_contact_audio_confirmed,1.950,2.050,2.025,2.025,5.404,7.242,4.032,2.025,0.025,0.975,7.990,"[{""time"": 0.975, ""score"": 7.99, ""rms_ratio"": 3.791, ""diff_ratio"": 16.837}, {""time"": 0.705, ""score"": 5.962, ""rms_ratio"": 2.913, ""diff_ratio"": 12.201}, {""time"": 2.025, ""score"": 5.404, ""rms_ratio"": 7.242, ""diff_ratio"": 4.032}, {""time"": 0.435, ""score"": 5.064, ""rms_ratio"": 5.273, ""diff_ratio"": 4.862}, {""time"": 0.185, ""score"": 4.249, ""rms_ratio"": 4.02, ""diff_ratio"": 4.49}, {""time"": 1.265, ""score"": 4.019, ""rms_ratio"": 4.314, ""diff_ratio"": 3.744}, {""time"": 2.335, ""score"": 3.112, ""rms_ratio"": 3.565, ""diff_ratio"": 2.717}, {""time"": 2.505, ""score"": 2.706, ""rms_ratio"": 2.686, ""diff_ratio"": 2.725}, {""time"": 1.115, ""score"": 2.101, ""rms_ratio"": 2.11, ""diff_ratio"": 2.092}, {""time"": 2.825, ""score"": 2.017, ""rms_ratio"": 1.849, ""diff_ratio"": 2.202}, {""time"": 0.815, ""score"": 1.85, ""rms_ratio"": 2.276, ""diff_ratio"": 1.503}, {""time"": 3.415, ""score"": 1.839, ""rms_ratio"": 3.382, ""diff_ratio"": 0.883}, {""time"": 2.165, ""score"": 1.796, ""rms_ratio"": 1.636, ""diff_ratio"": 1.972}]",3.556,ffprobe,3.563,2.025,1.531,fly,pending,medium,,,,Wenceel Pérez's solo home run (13) Wenceel Pérez's solo home run (13) Wenceel Pérez's solo home run (13) Wenceel Pérez hits a solo home run to left-center field to extend the Tigers' lead to 2-0 in the top of the 1st inning,https://mlb-cuts-diamond.mlb.com/FORGE/2025/2025-09/25/0a0ccbbe-aeb6d5bb-a671aad5-csvm-diamondgcp-asset_1280x720_59_4000K.mp4,MLB_776189_wenceel-perez-homers-13-on-a-fly-ball-to-left-center-field,raw_sources\MLB_776189_wenceel-perez-homers-13-on-a-fly-ball-to-left-center-field_Wenceel_P_rez_s_solo_home_run_13_Wenceel_P_rez_s_solo_home_run_13_Wenceel_P_rez_s_solo_home_run_13_W.mp4,4.380,11.380,,no,audit_checkpoint_001,249
958,Codex_Workstation,F_1050,dataset/fly_ball/Codex_Workstation/F_1050,4,needs_edit,contact_timestamp_wrong,contact_timestamp_wrong;insufficient_post_contact_context,retime_from_local_audio_candidate;qwen_confirm_visual_contact_near_candidate;recover_source_and_recut_longer,likely_contact_timestamp_wrong,1.950,2.050,1.835,2.025,7.656,8.452,6.935,2.025,0.025,1.835,9.389,"[{""time"": 1.835, ""score"": 9.389, ""rms_ratio"": 4.368, ""diff_ratio"": 20.183}, {""time"": 2.025, ""score"": 7.656, ""rms_ratio"": 8.452, ""diff_ratio"": 6.935}, {""time"": 4.975, ""score"": 7.542, ""rms_ratio"": 9.88, ""diff_ratio"": 5.758}, {""time"": 0.475, ""score"": 7.432, ""rms_ratio"": 6.666, ""diff_ratio"": 8.286}, {""time"": 4.105, ""score"": 5.832, ""rms_ratio"": 8.308, ""diff_ratio"": 4.093}, {""time"": 1.145, ""score"": 5.593, ""rms_ratio"": 4.502, ""diff_ratio"": 6.948}, {""time"": 2.375, ""score"": 5.479, ""rms_ratio"": 8.336, ""diff_ratio"": 3.602}, {""time"": 4.415, ""score"": 5.314, ""rms_ratio"": 7.847, ""diff_ratio"": 3.598}, {""time"": 2.235, ""score"": 3.89, ""rms_ratio"": 1.895, ""diff_ratio"": 7.983}, {""time"": 1.585, ""score"": 3.328, ""rms_ratio"": 2.474, ""diff_ratio"": 4.478}, {""time"": 6.865, ""score"": 3.305, ""rms_ratio"": 3.319, ""diff_ratio"": 3.291}, {""time"": 6.165, ""score"": 2.731, ""rms_ratio"": 2.759, ""diff_ratio"": 2.703}, {""time"": 6.515, ""score"": 2.55, ""rms_ratio"": 2.511, ""diff_ratio"": 2.589}, {""time"": 1.035, ""score"": 2.353, ""rms_ratio"": 1.818, ""diff_ratio"": 3.045}, {""time"": 5.225, ""score"": 2.245, ""rms_ratio"": 2.058, ""diff_ratio"": 2.448}, {""time"": 5.425, ""score"": 2.137, ""rms_ratio"": 2.292, ""diff_ratio"": 1.994}]",7.007,ffprobe,7.019,1.835,5.172,fly,pending,medium,,,,Riley Greene's solo homer (36) Riley Greene's solo homer (36) Riley Greene's solo homer (36) Riley Greene crushes a solo home run to right field to extend the Tigers' lead to 4-1 in the top of the 4th inning,https://mlb-cuts-diamond.mlb.com/FORGE/2025/2025-09/25/c5b7b1e4-424ce35d-2d8d41f6-csvm-diamondgcp-asset_1280x720_59_4000K.mp4,MLB_776189_riley-greene-homers-36-on-a-fly-ball-to-right-field,raw_sources\MLB_776189_riley-greene-homers-36-on-a-fly-ball-to-right-field_Riley_Greene_s_solo_homer_36_Riley_Greene_s_solo_homer_36_Riley_Greene_s_solo_homer_36_Riley_Greene_crushes.mp4,3.620,10.620,,no,audit_checkpoint_001,250
