sample_path,sample_id,label,old_region,new_region,suggested_region,old_bounce,new_bounce,old_event_start,old_event_end,new_event_start,new_event_end,changed_fields,region_status,bounce_status,time_status,audio_diff_peak_time,review_note,change_reason,time_reason,region_hint,clip_id
dataset\fly_ball\Codex_Workstation\F_001,F_001,fly_ball,,,,,,0.790,0.890,0.790,0.890,,not_applicable,not_applicable,needs_visual_review,6.060,,,global_audio_diff_peak_outside_event_tolerance:6.060;large_refinement_shift:0.100->0.840,,MLB_824093_isaac-collins-homers-4-on-a-fly-ball-to-center-field_auto1_4p320_11p320
dataset\fly_ball\Codex_Workstation\F_002,F_002,fly_ball,,,,,,2.720,2.820,2.720,2.820,,not_applicable,not_applicable,needs_visual_review,6.300,,,global_audio_diff_peak_outside_event_tolerance:6.300;large_refinement_shift:1.950->2.770,,MLB_824093_stephen-kolek-in-play-run-s-to-hunter-feduccia_head_0p000_7p000
dataset\fly_ball\Codex_Workstation\F_003,F_003,fly_ball,,,,,,1.820,1.920,1.820,1.920,,not_applicable,not_applicable,pass_audio_only_needs_visual_confirmation,1.880,,,,,MLB_824982_griffin-conine-lines-out-to-first-baseman-nick-kurtz_head_0p000_7p000
dataset\fly_ball\Codex_Workstation\F_004,F_004,fly_ball,,,,,,2.640,2.740,2.640,2.740,,not_applicable,not_applicable,needs_visual_review,4.600,,,global_audio_diff_peak_outside_event_tolerance:4.600,,MLB_824658_pete-crow-armstrong-singles-in-the-8th-inning_head_0p000_7p000
dataset\fly_ball\Codex_Workstation\F_005,F_005,fly_ball,,,,,,1.580,1.680,1.580,1.680,,not_applicable,not_applicable,pass_audio_only_needs_visual_confirmation,1.620,,,,,MLB_824334_juan-mejia-in-play-out-s-to-bryce-eldridge-bglct6_head_0p000_7p000
dataset\fly_ball\Codex_Workstation\F_006,F_006,fly_ball,,,,,,0.790,0.890,0.790,0.890,,not_applicable,not_applicable,needs_visual_review,5.820,,,global_audio_diff_peak_outside_event_tolerance:5.820;large_refinement_shift:0.150->0.840,,MLB_824983_aaron-civale-in-play-out-s-to-jakob-marsee_head_0p000_7p000
dataset\fly_ball\Codex_Workstation\F_007,F_007,fly_ball,,,,,,1.070,1.170,1.070,1.170,,not_applicable,not_applicable,pass_audio_only_needs_visual_confirmation,1.120,,,,,MLB_824413_shawn-armstrong-in-play-out-s-to-tristan-peters_head_0p000_7p000
dataset\fly_ball\Codex_Workstation\F_008,F_008,fly_ball,,,,,,3.400,3.500,3.400,3.500,,not_applicable,not_applicable,pass_audio_only_needs_visual_confirmation,3.460,,,,,MLB_824333_tyler-mahle-in-play-no-out-to-jake-mccarthy_head_0p000_7p000
dataset\fly_ball\Codex_Workstation\F_009,F_009,fly_ball,,,,,,2.660,2.760,2.660,2.760,,not_applicable,not_applicable,needs_visual_review,1.880,,,global_audio_diff_peak_outside_event_tolerance:1.880;large_refinement_shift:2.050->2.710,,MLB_823931_shohei-ohtani-singles-on-a-line-drive-to-center-fielder-jackson-merri_head_0p000_7p000
dataset\fly_ball\Codex_Workstation\F_010,F_010,fly_ball,,,,,,3.400,3.500,3.400,3.500,,not_applicable,not_applicable,pass_audio_only_needs_visual_confirmation,3.440,,,,,MLB_824900_freddy-peralta-in-play-out-s-to-mike-yastrzemski-irj7tw_head_0p000_7p000
dataset\fly_ball\Codex_Workstation\F_011,F_011,fly_ball,,,,,,1.060,1.160,1.060,1.160,,not_applicable,not_applicable,pass_audio_only_needs_visual_confirmation,1.120,,,,,MLB_823035_luis-lara-makes-the-catch-for-the-brewers-win_head_0p000_7p000
dataset\fly_ball\Codex_Workstation\F_012,F_012,fly_ball,,,,,,3.380,3.480,3.380,3.480,,not_applicable,not_applicable,pass_audio_only_needs_visual_confirmation,3.420,,,,,MLB_823607_isaac-collins-doubles-16-on-a-fly-ball-to-left-fielder-juan-soto-jac-_head_0p000_7p000
dataset\fly_ball\Codex_Workstation\F_013,F_013,fly_ball,,,,,,3.300,3.400,3.300,3.400,,not_applicable,not_applicable,pass_audio_only_needs_visual_confirmation,3.360,,,,,MLB_823607_huascar-brazoban-in-play-run-s-to-salvador-perez-osgjta_head_0p000_7p000
dataset\fly_ball\Codex_Workstation\F_014,F_014,fly_ball,,,,,,1.100,1.200,1.100,1.200,,not_applicable,not_applicable,pass_audio_only_needs_visual_confirmation,1.140,,,,,MLB_823684_cade-smith-in-play-out-s-to-brooks-lee-uqgy1v_head_0p000_7p000
dataset\fly_ball\Codex_Workstation\F_015,F_015,fly_ball,,,,,,0.960,1.060,0.960,1.060,,not_applicable,not_applicable,needs_visual_review,4.120,,,global_audio_diff_peak_outside_event_tolerance:4.120,,MLB_824263_dillon-dingler-lines-out-to-second-baseman-sam-antonacci_head_0p000_7p000
dataset\fly_ball\Codex_Workstation\F_016,F_016,fly_ball,,,,,,3.660,3.760,3.660,3.760,,not_applicable,not_applicable,pass_audio_only_needs_visual_confirmation,3.720,,,,,MLB_823532_jj-bleday-flies-out-to-left-fielder-jose-caballero_head_0p000_7p000
dataset\fly_ball\Codex_Workstation\F_017,F_017,fly_ball,,,,,,1.180,1.280,1.180,1.280,,not_applicable,not_applicable,needs_visual_review,4.000,,,global_audio_diff_peak_outside_event_tolerance:4.000,,MLB_824665_jacob-webb-in-play-run-s-to-vladimir-guerrero-jr_head_0p000_7p000
dataset\fly_ball\Codex_Workstation\F_018,F_018,fly_ball,,,,,,1.920,2.020,1.920,2.020,,not_applicable,not_applicable,pass_audio_only_needs_visual_confirmation,1.960,,,,,MLB_825068_royce-lewis-flies-out-to-right-fielder-corbin-carroll_head_0p000_7p000
dataset\fly_ball\Codex_Workstation\F_019,F_019,fly_ball,,,,,,3.680,3.780,3.680,3.780,,not_applicable,not_applicable,pass_audio_only_needs_visual_confirmation,4.000,,,,,MLB_825068_lujames-groover-flies-out-to-left-fielder-austin-martin_head_0p000_7p000
dataset\fly_ball\Codex_Workstation\F_020,F_020,fly_ball,,,,,,0.780,0.880,0.780,0.880,,not_applicable,not_applicable,pass_audio_only_needs_visual_confirmation,0.820,,,,,MLB_824343_juan-mejia-in-play-run-s-to-jake-mangum_head_0p000_7p000
dataset\fly_ball\Codex_Workstation\F_021,F_021,fly_ball,,,,,,1.540,1.640,1.540,1.640,,not_applicable,not_applicable,needs_visual_review,3.880,,,global_audio_diff_peak_outside_event_tolerance:3.880,,MLB_824343_juan-mejia-in-play-run-s-to-tyler-callihan_head_0p000_7p000
dataset\fly_ball\Codex_Workstation\F_022,F_022,fly_ball,,,,,,3.440,3.540,3.440,3.540,,not_applicable,not_applicable,pass_audio_only_needs_visual_confirmation,3.480,,,,,MLB_822800_dylan-cease-in-play-run-s-to-jose-altuve_head_0p000_7p000
dataset\fly_ball\Codex_Workstation\F_023,F_023,fly_ball,,,,,,2.860,2.960,2.860,2.960,,not_applicable,not_applicable,needs_visual_review,4.520,,,global_audio_diff_peak_outside_event_tolerance:4.520,,MLB_822718_clayton-beeter-in-play-run-s-to-j-t-realmuto_head_0p000_7p000
dataset\fly_ball\Codex_Workstation\F_024,F_024,fly_ball,,,,,,1.020,1.120,1.020,1.120,,not_applicable,not_applicable,pass_audio_only_needs_visual_confirmation,1.060,,,,,MLB_824340_mickey-moniak-lines-out-to-right-fielder-wilyer-abreu_head_0p000_7p000
dataset\fly_ball\Codex_Workstation\F_025,F_025,fly_ball,,,,,,0.960,1.060,0.960,1.060,,not_applicable,not_applicable,pass_audio_only_needs_visual_confirmation,1.000,,,,,MLB_823611_brooks-raley-in-play-run-s-to-dansby-swanson_head_0p000_7p000
dataset\fly_ball\Codex_Workstation\F_026,F_026,fly_ball,,,,,,2.300,2.400,2.300,2.400,,not_applicable,not_applicable,pass_audio_only_needs_visual_confirmation,2.340,,,,,MLB_823367_braxton-ashcraft-foul-to-randy-arozarena_head_0p000_7p000
dataset\fly_ball\Codex_Workstation\F_027,F_027,fly_ball,,,,,,0.700,0.800,0.700,0.800,,not_applicable,not_applicable,pass_audio_only_needs_visual_confirmation,0.740,,,,,MLB_822965_griffin-jax-in-play-run-s-to-salvador-perez-x2441_head_0p000_7p000
dataset\fly_ball\Codex_Workstation\F_028,F_028,fly_ball,,,,,,0.730,0.830,0.730,0.830,,not_applicable,not_applicable,pass_audio_only_needs_visual_confirmation,0.780,,,,,MLB_823208_shea-langeliers-flies-out-sharply-to-right-fielder-jung-hoo-lee_head_0p000_7p000
dataset\fly_ball\Codex_Workstation\F_029,F_029,fly_ball,,,,,,3.180,3.280,3.180,3.280,,not_applicable,not_applicable,pass_audio_only_needs_visual_confirmation,3.220,,,,,MLB_823363_paul-skenes-in-play-run-s-to-tyler-stephenson_head_0p000_7p000
dataset\fly_ball\Codex_Workstation\F_030,F_030,fly_ball,,,,,,3.200,3.300,3.200,3.300,,not_applicable,not_applicable,pass_audio_only_needs_visual_confirmation,3.240,,,,,MLB_823363_spencer-steer-singles-on-a-line-drive-to-center-fielder-jake-mangum-n_head_0p000_7p000
dataset\fly_ball\Codex_Workstation\F_031,F_031,fly_ball,,,,,,0.980,1.080,0.980,1.080,,not_applicable,not_applicable,pass_audio_only_needs_visual_confirmation,1.020,,,,,MLB_822962_victor-mesa-jr-lines-out-sharply-to-right-fielder-corbin-carroll_head_0p000_7p000
dataset\fly_ball\Codex_Workstation\F_032,F_032,fly_ball,,,,,,3.400,3.500,3.400,3.500,,not_applicable,not_applicable,pass_audio_only_needs_visual_confirmation,3.460,,,,,MLB_823039_max-rajcic-in-play-run-s-to-jakob-marsee_head_0p000_7p000
dataset\fly_ball\Codex_Workstation\F_033,F_033,fly_ball,,,,,,1.720,1.820,1.720,1.820,,not_applicable,not_applicable,pass_audio_only_needs_visual_confirmation,1.780,,,,,MLB_824014_walbert-urena-in-play-run-s-to-shea-langeliers_head_0p000_7p000
dataset\fly_ball\Codex_Workstation\F_034,F_034,fly_ball,,,,,,3.340,3.440,3.340,3.440,,not_applicable,not_applicable,pass_audio_only_needs_visual_confirmation,3.380,,,,,MLB_823285_rodolfo-duran-s-rbi-double_head_0p000_7p000
dataset\fly_ball\Codex_Workstation\F_035,F_035,fly_ball,,,,,,3.660,3.760,3.660,3.760,,not_applicable,not_applicable,needs_visual_review,3.700,,,large_refinement_shift:2.950->3.710,,MLB_823364_chase-petty-in-play-out-s-to-ryan-o-hearn_head_0p000_7p000
dataset\fly_ball\Codex_Workstation\F_036,F_036,fly_ball,,,,,,3.440,3.540,3.440,3.540,,not_applicable,not_applicable,needs_visual_review,3.500,,,large_refinement_shift:2.950->3.490,,MLB_824421_logan-gilbert-in-play-run-s-to-kahlil-watson_head_0p000_7p000
dataset\fly_ball\Codex_Workstation\F_037,F_037,fly_ball,,,,,,1.600,1.700,1.600,1.700,,not_applicable,not_applicable,pass_audio_only_needs_visual_confirmation,1.640,,,,,MLB_822974_spencer-torkelson-lines-out-to-right-fielder-victor-mesa-jr_head_0p000_7p000
dataset\fly_ball\Codex_Workstation\F_038,F_038,fly_ball,,,,,,1.680,1.780,1.680,1.780,,not_applicable,not_applicable,pass_audio_only_needs_visual_confirmation,1.740,,,,,MLB_822974_griffin-jax-in-play-out-s-to-hao-yu-lee-j7r3k9_head_0p000_7p000
dataset\fly_ball\Codex_Workstation\F_039,F_039,fly_ball,,,,,,1.260,1.360,1.260,1.360,,not_applicable,not_applicable,pass_audio_only_needs_visual_confirmation,1.300,,,,,MLB_823780_robert-gasser-in-play-out-s-to-casey-schmitt-ke9jpz_head_0p000_7p000
dataset\fly_ball\Codex_Workstation\F_040,F_040,fly_ball,,,,,,0.770,0.870,0.770,0.870,,not_applicable,not_applicable,pass_audio_only_needs_visual_confirmation,0.820,,,,,MLB_824675_jameson-taillon-in-play-out-s-to-jeff-mcneil_head_0p000_7p000
dataset\fly_ball\Codex_Workstation\F_041,F_041,fly_ball,,,,,,3.400,3.500,3.400,3.500,,not_applicable,not_applicable,needs_visual_review,5.000,,,global_audio_diff_peak_outside_event_tolerance:5.000,,MLB_824675_ian-happ-flies-out-to-center-fielder-henry-bolte_head_0p000_7p000
dataset\fly_ball\Codex_Workstation\F_042,F_042,fly_ball,,,,,,1.340,1.440,1.340,1.440,,not_applicable,not_applicable,needs_visual_review,3.760,,,global_audio_diff_peak_outside_event_tolerance:3.760;large_refinement_shift:2.050->1.390,,MLB_824026_grayson-rodriguez-in-play-out-s-to-willi-castro_head_0p000_7p000
dataset\fly_ball\Codex_Workstation\F_043,F_043,fly_ball,,,,,,1.700,1.800,1.700,1.800,,not_applicable,not_applicable,needs_visual_review,5.460,,,global_audio_diff_peak_outside_event_tolerance:5.460,,MLB_824026_oswald-peraza-flies-out-to-second-baseman-willi-castro_head_0p000_7p000
dataset\fly_ball\Codex_Workstation\F_044,F_044,fly_ball,,,,,,3.360,3.460,3.360,3.460,,not_applicable,not_applicable,pass_audio_only_needs_visual_confirmation,3.400,,,,,MLB_823542_slade-cecconi-in-play-run-s-to-jazz-chisholm-jr_head_0p000_7p000
dataset\fly_ball\Codex_Workstation\F_045,F_045,fly_ball,,,,,,2.860,2.960,2.860,2.960,,not_applicable,not_applicable,needs_visual_review,3.380,,,global_audio_diff_peak_outside_event_tolerance:3.380;large_refinement_shift:2.250->2.910,,MLB_823542_jose-ramirez-lines-out-to-third-baseman-ryan-mcmahon-ahks4v_head_0p000_7p000
dataset\fly_ball\Codex_Workstation\F_046,F_046,fly_ball,,,,,,0.860,0.960,0.860,0.960,,not_applicable,not_applicable,needs_visual_review,0.920,,,large_refinement_shift:1.500->0.910,,MLB_824672_shea-langeliers-inside-the-park-homer-16_head_0p000_7p000
dataset\fly_ball\Codex_Workstation\F_047,F_047,fly_ball,,,,,,3.400,3.500,3.400,3.500,,not_applicable,not_applicable,pass_audio_only_needs_visual_confirmation,3.400,,,,,MLB_824350_brandon-sproat-in-play-run-s-to-edouard-julien_head_0p000_7p000
dataset\fly_ball\Codex_Workstation\F_048,F_048,fly_ball,,,,,,2.820,2.920,2.820,2.920,,not_applicable,not_applicable,needs_visual_review,4.780,,,global_audio_diff_peak_outside_event_tolerance:4.780;large_refinement_shift:2.050->2.870,,MLB_822808_kyle-bradish-in-play-run-s-to-andres-gimenez_head_0p000_7p000
dataset\fly_ball\Codex_Workstation\F_049,F_049,fly_ball,,,,,,4.000,4.100,4.000,4.100,,not_applicable,not_applicable,needs_visual_review,1.740,,,global_audio_diff_peak_outside_event_tolerance:1.740;large_refinement_shift:3.250->4.050,,MLB_822808_kyle-bradish-in-play-run-s-to-kazuma-okamoto_head_0p000_7p000
dataset\fly_ball\Codex_Workstation\F_050,F_050,fly_ball,,,,,,2.140,2.240,2.140,2.240,,not_applicable,not_applicable,needs_visual_review,1.380,,,global_audio_diff_peak_outside_event_tolerance:1.380;large_refinement_shift:1.400->2.190,,MLB_825074_taylor-clarke-in-play-out-s-to-cj-abrams_head_0p000_7p000
dataset\fly_ball\Codex_Workstation\F_051,F_051,fly_ball,,,,,,3.400,3.500,3.400,3.500,,not_applicable,not_applicable,pass_audio_only_needs_visual_confirmation,3.460,,,,,MLB_823858_otto-lopez-flies-out-to-center-fielder-ryan-waldschmidt_head_0p000_7p000
dataset\fly_ball\Codex_Workstation\F_052,F_052,fly_ball,,,,,,1.780,1.880,1.780,1.880,,not_applicable,not_applicable,pass_audio_only_needs_visual_confirmation,1.820,,,,,MLB_823858_tommy-troy-lines-out-to-right-fielder-esteury-ruiz_head_0p000_7p000
dataset\fly_ball\Codex_Workstation\F_053,F_053,fly_ball,,,,,,1.460,1.560,1.460,1.560,,not_applicable,not_applicable,needs_visual_review,3.660,,,global_audio_diff_peak_outside_event_tolerance:3.660;large_refinement_shift:2.050->1.510,,MLB_823856_ryne-nelson-in-play-run-s-to-otto-lopez_head_0p000_7p000
dataset\fly_ball\Codex_Workstation\F_054,F_054,fly_ball,,,,,,1.240,1.340,1.240,1.340,,not_applicable,not_applicable,pass_audio_only_needs_visual_confirmation,1.280,,,,,MLB_824590_davis-martin-in-play-out-s-to-austin-wynns_head_0p000_7p000
dataset\fly_ball\Codex_Workstation\F_055,F_055,fly_ball,,,,,,1.100,1.200,1.100,1.200,,not_applicable,not_applicable,needs_visual_review,5.820,,,global_audio_diff_peak_outside_event_tolerance:5.820,,MLB_824590_ozzie-albies-pops-out-to-second-baseman-chase-meidroth_head_0p000_7p000
dataset\fly_ball\Codex_Workstation\F_056,F_056,fly_ball,,,,,,1.740,1.840,1.740,1.840,,not_applicable,not_applicable,needs_visual_review,2.320,,,global_audio_diff_peak_outside_event_tolerance:2.320,,MLB_823066_emmet-sheehan-in-play-run-s-to-alec-burleson_head_0p000_7p000
dataset\fly_ball\Codex_Workstation\F_057,F_057,fly_ball,,,,,,3.280,3.380,3.280,3.380,,not_applicable,not_applicable,pass_audio_only_needs_visual_confirmation,3.320,,,,,MLB_823309_noah-schultz-in-play-no-out-to-fernando-tatis-jr-blj7vi_head_0p000_7p000
dataset\fly_ball\Codex_Workstation\F_058,F_058,fly_ball,,,,,,2.240,2.340,2.240,2.340,,not_applicable,not_applicable,needs_visual_review,2.280,,,large_refinement_shift:2.950->2.290,,MLB_823388_yohan-ramirez-in-play-out-s-to-spencer-steer_head_0p000_7p000
dataset\fly_ball\Codex_Workstation\F_059,F_059,fly_ball,,,,,,1.340,1.440,1.340,1.440,,not_applicable,not_applicable,pass_audio_only_needs_visual_confirmation,1.400,,,,,MLB_822988_heliot-ramos-fly-out-confirmed-after-a-review_head_0p000_7p000
dataset\fly_ball\Codex_Workstation\F_060,F_060,fly_ball,,,,,,3.360,3.460,3.360,3.460,,not_applicable,not_applicable,needs_visual_review,3.420,,,large_refinement_shift:3.950->3.410,,MLB_822987_luis-arraez-lines-out-to-left-fielder-chandler-simpson_head_0p000_7p000
dataset\fly_ball\Codex_Workstation\F_061,F_061,fly_ball,,,,,,1.180,1.280,1.180,1.280,,not_applicable,not_applicable,pass_audio_only_needs_visual_confirmation,1.220,,,,,MLB_823875_chris-paddack-in-play-out-s-to-trea-turner-95qrcu_head_0p000_7p000
dataset\fly_ball\Codex_Workstation\F_062,F_062,fly_ball,,,,,,1.760,1.860,1.760,1.860,,not_applicable,not_applicable,pass_audio_only_needs_visual_confirmation,1.820,,,,,MLB_824043_brooks-raley-in-play-out-s-to-vaughn-grissom-od6ajn_head_0p000_7p000
dataset\fly_ball\Codex_Workstation\F_063,F_063,fly_ball,,,,,,2.200,2.300,2.200,2.300,,not_applicable,not_applicable,needs_visual_review,2.260,,,large_refinement_shift:2.950->2.250,,MLB_824043_josh-lowe-flies-out-to-right-fielder-carson-benge_head_0p000_7p000
dataset\fly_ball\Codex_Workstation\F_064,F_064,fly_ball,,,,,,4.760,4.860,4.760,4.860,,not_applicable,not_applicable,needs_visual_review,6.640,,,global_audio_diff_peak_outside_event_tolerance:6.640;large_refinement_shift:4.000->4.810,,MLB_822984_nick-martinez-in-play-out-s-to-brandon-valenzuela_head_0p000_7p000
dataset\fly_ball\Codex_Workstation\F_065,F_065,fly_ball,,,,,,0.970,1.070,0.970,1.070,,not_applicable,not_applicable,pass_audio_only_needs_visual_confirmation,1.020,,,,,MLB_824684_emilio-pagan-in-play-run-s-to-nico-hoerner_head_0p000_7p000
dataset\fly_ball\Codex_Workstation\F_066,F_066,fly_ball,,,,,,1.870,1.970,1.870,1.970,,not_applicable,not_applicable,needs_visual_review,1.920,,,large_refinement_shift:1.150->1.920,,MLB_824120_michael-wacha-in-play-out-s-to-travis-bazzana_head_0p000_7p000
dataset\fly_ball\Codex_Workstation\F_067,F_067,fly_ball,,,,,,0.570,0.670,0.570,0.670,,not_applicable,not_applicable,needs_visual_review,1.900,,,global_audio_diff_peak_outside_event_tolerance:1.900,,MLB_824201_ryan-weiss-in-play-run-s-to-kyle-tucker_head_0p000_7p000
dataset\fly_ball\Codex_Workstation\F_068,F_068,fly_ball,,,,,,3.600,3.700,3.600,3.700,,not_applicable,not_applicable,needs_visual_review,3.640,,,large_refinement_shift:4.200->3.650,,MLB_823143_drake-baldwin-homers-9-on-a-fly-ball-to-center-field-s8z3vx_head_0p000_7p000
dataset\fly_ball\Codex_Workstation\F_069,F_069,fly_ball,,,,,,4.120,4.220,4.120,4.220,,not_applicable,not_applicable,needs_visual_review,3.340,,,global_audio_diff_peak_outside_event_tolerance:3.340,,MLB_822985_vladimir-guerrero-jr-flies-out-to-left-fielder-chandler-simpson_head_0p000_7p000
dataset\fly_ball\Codex_Workstation\F_070,F_070,fly_ball,,,,,,2.780,2.880,2.780,2.880,,not_applicable,not_applicable,pass_audio_only_needs_visual_confirmation,2.840,,,,,MLB_824767_ryan-watson-in-play-no-out-to-yandy-diaz_head_0p000_7p000
dataset\fly_ball\Codex_Workstation\F_071,F_071,fly_ball,,,,,,1.110,1.210,1.110,1.210,,not_applicable,not_applicable,needs_visual_review,5.140,,,global_audio_diff_peak_outside_event_tolerance:5.140,,MLB_822822_louis-varland-in-play-out-s-to-yoan-moncada_head_0p000_7p000
dataset\fly_ball\Codex_Workstation\F_072,F_072,fly_ball,,,,,,3.500,3.600,3.500,3.600,,not_applicable,not_applicable,needs_visual_review,5.560,,,global_audio_diff_peak_outside_event_tolerance:5.560,,MLB_822904_andrew-mccutchen-flies-out-to-center-fielder-pete-crow-armstrong-iyip_head_0p000_7p000
dataset\fly_ball\Codex_Workstation\F_073,F_073,fly_ball,,,,,,1.030,1.130,1.030,1.130,,not_applicable,not_applicable,pass_audio_only_needs_visual_confirmation,1.080,,,,,MLB_823303_masyn-winn-s-sacrifice-fly_head_0p000_7p000
dataset\fly_ball\Codex_Workstation\F_074,F_074,fly_ball,,,,,,1.980,2.080,1.980,2.080,,not_applicable,not_applicable,pass_audio_only_needs_visual_confirmation,2.040,,,,,MLB_825089_merrill-kelly-in-play-out-s-to-bo-bichette_head_0p000_7p000
dataset\fly_ball\Codex_Workstation\F_075,F_075,fly_ball,,,,,,1.380,1.480,1.380,1.480,,not_applicable,not_applicable,needs_visual_review,4.280,,,global_audio_diff_peak_outside_event_tolerance:4.280,,MLB_823955_spencer-strider-in-play-out-s-to-max-muncy_head_0p000_7p000
dataset\fly_ball\Codex_Workstation\F_076,F_076,fly_ball,,,,,,1.980,2.080,1.980,2.080,,not_applicable,not_applicable,needs_visual_review,3.760,,,global_audio_diff_peak_outside_event_tolerance:3.760,,MLB_823954_raisel-iglesias-finishes-the-braves-7-2-win_head_0p000_7p000
dataset\fly_ball\Codex_Workstation\F_077,F_077,fly_ball,,,,,,4.200,4.300,4.200,4.300,,not_applicable,not_applicable,needs_visual_review,3.920,,,large_refinement_shift:3.600->4.250,,MLB_824441_jose-ramirez-lines-out-sharply-to-left-fielder-bryce-teodosio_head_0p000_7p000
dataset\fly_ball\Codex_Workstation\F_078,F_078,fly_ball,,,,,,2.320,2.420,2.320,2.420,,not_applicable,not_applicable,needs_visual_review,2.020,,,large_refinement_shift:1.550->2.370,,MLB_824844_coby-mayo-homers-4-on-a-fly-ball-to-left-field-adley-rutschman-scores_head_0p000_7p000
dataset\fly_ball\Codex_Workstation\F_079,F_079,fly_ball,,,,,,2.600,2.700,2.600,2.700,,not_applicable,not_applicable,pass_audio_only_needs_visual_confirmation,2.660,,,,,MLB_824199_peter-lambert-in-play-out-s-to-julio-rodriguez_head_0p000_7p000
dataset\fly_ball\Codex_Workstation\F_080,F_080,fly_ball,,,,,,2.040,2.140,2.040,2.140,,not_applicable,not_applicable,pass_audio_only_needs_visual_confirmation,2.080,,,,,MLB_823385_paul-skenes-in-play-no-out-to-mickey-moniak-bus4ip_head_0p000_7p000
dataset\fly_ball\Codex_Workstation\F_081,F_081,fly_ball,,,,,,3.140,3.240,3.140,3.240,,not_applicable,not_applicable,needs_visual_review,4.780,,,global_audio_diff_peak_outside_event_tolerance:4.780,,MLB_824764_zack-wheeler-in-play-run-s-to-ceddanne-rafaela_head_0p000_7p000
dataset\fly_ball\Codex_Workstation\F_082,F_082,fly_ball,,,,,,4.020,4.120,4.020,4.120,,not_applicable,not_applicable,needs_visual_review,6.920,,,global_audio_diff_peak_outside_event_tolerance:6.920;large_refinement_shift:3.400->4.070,,MLB_824764_zack-wheeler-in-play-out-s-to-wilyer-abreu-qhxplb_head_0p000_7p000
dataset\fly_ball\Codex_Workstation\F_083,F_083,fly_ball,,,,,,1.640,1.740,1.640,1.740,,not_applicable,not_applicable,pass_audio_only_needs_visual_confirmation,1.420,,,,,MLB_824604_bryan-hudson-in-play-out-s-to-salvador-perez_head_0p000_7p000
dataset\fly_ball\Codex_Workstation\F_084,F_084,fly_ball,,,,,,1.500,1.600,1.500,1.600,,not_applicable,not_applicable,pass_audio_only_needs_visual_confirmation,1.560,,,,,MLB_823712_jakob-marsee-s-running-grab-x6144_head_0p000_7p000
dataset\fly_ball\Codex_Workstation\F_085,F_085,fly_ball,,,,,,4.540,4.640,4.540,4.640,,not_applicable,not_applicable,needs_visual_review,1.120,,,global_audio_diff_peak_outside_event_tolerance:1.120;large_refinement_shift:3.950->4.590,,MLB_822815_jake-fraley-pops-out-to-shortstop-andres-gimenez_head_0p000_7p000
dataset\fly_ball\Codex_Workstation\F_086,F_086,fly_ball,,,,,,1.180,1.280,1.180,1.280,,not_applicable,not_applicable,pass_audio_only_needs_visual_confirmation,1.220,,,,,MLB_824603_miguel-vargas-flies-out-to-left-fielder-isaac-collins_head_0p000_7p000
dataset\fly_ball\Codex_Workstation\F_087,F_087,fly_ball,,,,,,4.700,4.800,4.700,4.800,,not_applicable,not_applicable,needs_visual_review,4.180,,,global_audio_diff_peak_outside_event_tolerance:4.180,,MLB_824195_j-p-crawford-homers-5-on-a-fly-ball-to-right-field-7prgpm_head_0p000_7p000
dataset\fly_ball\Codex_Workstation\F_088,F_088,fly_ball,,,,,,1.480,1.580,1.480,1.580,,not_applicable,not_applicable,pass_audio_only_needs_visual_confirmation,1.540,,,,,MLB_823383_carmen-mlodzinski-in-play-out-s-to-brenton-doyle_head_0p000_7p000
dataset\fly_ball\Codex_Workstation\F_089,F_089,fly_ball,,,,,,1.840,1.940,1.840,1.940,,not_applicable,not_applicable,needs_visual_review,6.140,,,global_audio_diff_peak_outside_event_tolerance:6.140,,MLB_824517_james-wood-flies-out-to-left-fielder-spencer-steer_head_0p000_7p000
dataset\fly_ball\Codex_Workstation\F_090,F_090,fly_ball,,,,,,4.620,4.720,4.620,4.720,,not_applicable,not_applicable,needs_visual_review,3.440,,,global_audio_diff_peak_outside_event_tolerance:3.440;large_refinement_shift:4.000->4.670,,MLB_824517_elly-de-la-cruz-singles-on-a-line-drive-to-left-fielder-daylen-lile_head_0p000_7p000
dataset\fly_ball\Codex_Workstation\F_091,F_091,fly_ball,,,,,,2.160,2.260,2.160,2.260,,not_applicable,not_applicable,needs_visual_review,1.180,,,global_audio_diff_peak_outside_event_tolerance:1.180;large_refinement_shift:1.700->2.210,,MLB_825008_victor-scott-ii-homers-2-on-a-fly-ball-to-right-field-38a874_head_0p000_7p000
dataset\fly_ball\Codex_Workstation\F_092,F_092,fly_ball,,,,,,1.700,1.800,1.700,1.800,,not_applicable,not_applicable,pass_audio_only_needs_visual_confirmation,1.760,,,,,MLB_823950_luis-arraez-bites-his-bat-in-frustration_head_0p000_7p000
dataset\fly_ball\Codex_Workstation\F_093,F_093,fly_ball,,,,,,1.620,1.720,1.620,1.720,,not_applicable,not_applicable,pass_audio_only_needs_visual_confirmation,1.660,,,,,MLB_823384_aaron-nola-in-play-out-s-to-marcell-ozuna-nvap04_head_0p000_7p000
dataset\fly_ball\Codex_Workstation\F_094,F_094,fly_ball,,,,,,2.440,2.540,2.440,2.540,,not_applicable,not_applicable,needs_visual_review,1.420,,,global_audio_diff_peak_outside_event_tolerance:1.420;large_refinement_shift:1.550->2.490,,MLB_822739_james-wood-flies-out-sharply-to-center-fielder-colton-cowser_head_0p000_7p000
dataset\fly_ball\Codex_Workstation\F_095,F_095,fly_ball,,,,,,3.400,3.500,3.400,3.500,,not_applicable,not_applicable,needs_visual_review,3.440,,,large_refinement_shift:4.000->3.450,,MLB_824439_matt-festa-in-play-out-s-to-sal-stewart_head_0p000_7p000
dataset\fly_ball\Codex_Workstation\F_096,F_096,fly_ball,,,,,,1.560,1.660,1.560,1.660,,not_applicable,not_applicable,pass_audio_only_needs_visual_confirmation,1.600,,,,,MLB_823629_spencer-jones-singles-on-a-line-drive-to-right-fielder-carson-benge-j_head_0p000_7p000
dataset\fly_ball\Codex_Workstation\F_097,F_097,fly_ball,,,,,,1.380,1.480,1.380,1.480,,not_applicable,not_applicable,pass_audio_only_needs_visual_confirmation,1.440,,,,,MLB_823629_aaron-judge-singles-on-a-line-drive-to-right-fielder-carson-benge-ben_head_0p000_7p000
dataset\fly_ball\Codex_Workstation\F_098,F_098,fly_ball,,,,,,1.270,1.370,1.270,1.370,,not_applicable,not_applicable,pass_audio_only_needs_visual_confirmation,1.320,,,,,MLB_823629_david-bednar-in-play-out-s-to-marcus-semien_head_0p000_7p000
dataset\fly_ball\Codex_Workstation\F_099,F_099,fly_ball,,,,,,3.200,3.300,3.200,3.300,,not_applicable,not_applicable,pass_audio_only_needs_visual_confirmation,3.260,,,,,MLB_824601_sean-burke-in-play-no-out-to-michael-busch_head_0p000_7p000
dataset\fly_ball\Codex_Workstation\F_100,F_100,fly_ball,,,,,,3.280,3.380,3.280,3.380,,not_applicable,not_applicable,needs_visual_review,6.700,,,global_audio_diff_peak_outside_event_tolerance:6.700,,MLB_824601_sean-burke-in-play-run-s-to-ian-happ_head_0p000_7p000
dataset\fly_ball\Codex_Workstation\F_101,F_101,fly_ball,,,,,,1.280,1.380,1.280,1.380,,not_applicable,not_applicable,needs_visual_review,6.220,,,global_audio_diff_peak_outside_event_tolerance:6.220,,MLB_823061_ivan-herrera-lines-out-sharply-to-center-fielder-kyle-isbel-x1244_head_0p000_7p000
dataset\fly_ball\Codex_Workstation\F_102,F_102,fly_ball,,,,,,2.560,2.660,2.560,2.660,,not_applicable,not_applicable,needs_visual_review,2.720,,,large_refinement_shift:1.750->2.610,,MLB_824037_jack-kochanowicz-in-play-out-s-to-dalton-rushing_head_0p000_7p000
dataset\fly_ball\Codex_Workstation\F_103,F_103,fly_ball,,,,,,2.600,2.700,2.600,2.700,,not_applicable,not_applicable,needs_visual_review,1.460,,,global_audio_diff_peak_outside_event_tolerance:1.460;large_refinement_shift:1.950->2.650,,MLB_824193_bryan-king-in-play-out-s-to-andrew-mccutchen-cngzjp_head_0p000_7p000
dataset\fly_ball\Codex_Workstation\F_104,F_104,fly_ball,,,,,,1.960,2.060,1.960,2.060,,not_applicable,not_applicable,needs_visual_review,6.360,,,global_audio_diff_peak_outside_event_tolerance:6.360,,MLB_824924_payton-tolle-in-play-out-s-to-michael-harris-ii_head_0p000_7p000
dataset\fly_ball\Codex_Workstation\F_105,F_105,fly_ball,,,,,,0.820,0.920,0.820,0.920,,not_applicable,not_applicable,pass_audio_only_needs_visual_confirmation,0.880,,,,,MLB_824923_ceddanne-rafaela-s-leaping-catch_head_0p000_7p000
dataset\fly_ball\Codex_Workstation\F_106,F_106,fly_ball,,,,,,1.780,1.880,1.780,1.880,,not_applicable,not_applicable,needs_visual_review,6.660,,,global_audio_diff_peak_outside_event_tolerance:6.660,,MLB_823549_patrick-corbin-in-play-run-s-to-j-c-escarra_head_0p000_7p000
dataset\fly_ball\Codex_Workstation\F_107,F_107,fly_ball,,,,,,2.900,3.000,2.900,3.000,,not_applicable,not_applicable,needs_visual_review,5.100,,,global_audio_diff_peak_outside_event_tolerance:5.100,,MLB_824035_walbert-urena-in-play-out-s-to-tyler-soderstrom_head_0p000_7p000
dataset\fly_ball\Codex_Workstation\F_108,F_108,fly_ball,,,,,,0.800,0.900,0.800,0.900,,not_applicable,not_applicable,needs_visual_review,4.820,,,global_audio_diff_peak_outside_event_tolerance:4.820,,MLB_823302_tanner-scott-in-play-out-s-to-ramon-laureano-sjmzaq_head_0p000_7p000
dataset\fly_ball\Codex_Workstation\F_109,F_109,fly_ball,,,,,,4.740,4.840,4.740,4.840,,not_applicable,not_applicable,needs_visual_review,3.440,,,global_audio_diff_peak_outside_event_tolerance:3.440;large_refinement_shift:4.000->4.790,,MLB_823302_griffin-canning-in-play-out-s-to-mookie-betts-5lgimx_head_0p000_7p000
dataset\fly_ball\Codex_Workstation\F_110,F_110,fly_ball,,,,,,4.140,4.240,4.140,4.240,,not_applicable,not_applicable,needs_visual_review,3.400,,,global_audio_diff_peak_outside_event_tolerance:3.400,,MLB_823866_chris-sale-in-play-run-s-to-heriberto-hernandez_head_0p000_7p000
dataset\fly_ball\Codex_Workstation\F_111,F_111,fly_ball,,,,,,1.660,1.760,1.660,1.760,,not_applicable,not_applicable,pass_audio_only_needs_visual_confirmation,1.700,,,,,MLB_822735_andrew-alvarez-in-play-out-s-to-marcus-semien-urqe0e_head_0p000_7p000
dataset\fly_ball\Codex_Workstation\F_112,F_112,fly_ball,,,,,,1.320,1.420,1.320,1.420,,not_applicable,not_applicable,needs_visual_review,6.140,,,global_audio_diff_peak_outside_event_tolerance:6.140,,MLB_824679_ian-happ-pops-out-to-first-baseman-christian-walker_head_0p000_7p000
dataset\fly_ball\Codex_Workstation\F_113,F_113,fly_ball,,,,,,1.680,1.780,1.680,1.780,,not_applicable,not_applicable,pass_audio_only_needs_visual_confirmation,1.720,,,,,MLB_823863_sean-manaea-in-play-out-s-to-connor-norby_head_0p000_7p000
dataset\fly_ball\Codex_Workstation\F_114,F_114,fly_ball,,,,,,2.160,2.260,2.160,2.260,,not_applicable,not_applicable,needs_visual_review,3.820,,,global_audio_diff_peak_outside_event_tolerance:3.820;large_refinement_shift:1.400->2.210,,MLB_824029_zach-neto-homers-10-on-a-fly-ball-to-left-center-field-bmejcy_head_0p000_7p000
dataset\fly_ball\Codex_Workstation\F_115,F_115,fly_ball,,,,,,0.800,0.900,0.800,0.900,,not_applicable,not_applicable,needs_visual_review,7.000,,,global_audio_diff_peak_outside_event_tolerance:7.000,,MLB_823222_erick-fedde-in-play-no-out-to-matt-chapman-mt8q09_head_0p000_7p000
dataset\fly_ball\Codex_Workstation\F_116,F_116,fly_ball,,,,,,0.900,1.000,0.900,1.000,,not_applicable,not_applicable,pass_audio_only_needs_visual_confirmation,0.940,,,,,MLB_825080_kyle-karros-flies-out-to-shortstop-geraldo-perdomo_head_0p000_7p000
dataset\fly_ball\Codex_Workstation\F_117,F_117,fly_ball,,,,,,1.840,1.940,1.840,1.940,,not_applicable,not_applicable,pass_audio_only_needs_visual_confirmation,1.880,,,,,MLB_824840_kevin-mcgonigle-flies-out-to-shortstop-gunnar-henderson_head_0p000_7p000
dataset\fly_ball\Codex_Workstation\F_118,F_118,fly_ball,,,,,,2.100,2.200,2.100,2.200,,not_applicable,not_applicable,needs_visual_review,5.100,,,global_audio_diff_peak_outside_event_tolerance:5.100;large_refinement_shift:1.400->2.150,,MLB_824840_blaze-alexander-lines-out-sharply-to-third-baseman-kevin-mcgonigle_head_0p000_7p000
dataset\fly_ball\Codex_Workstation\F_119,F_119,fly_ball,,,,,,2.340,2.440,2.340,2.440,,not_applicable,not_applicable,needs_visual_review,4.620,,,global_audio_diff_peak_outside_event_tolerance:4.620;large_refinement_shift:3.000->2.390,,MLB_824759_nick-sogard-triples-1-on-a-line-drive-to-right-fielder-austin-martin_head_0p000_7p000
dataset\fly_ball\Codex_Workstation\F_120,F_120,fly_ball,,,,,,3.860,3.960,3.860,3.960,,not_applicable,not_applicable,needs_visual_review,3.880,,,large_refinement_shift:3.000->3.910,,MLB_824056_cole-young-s-rbi-triple-x7972_auto1_0p040_7p040
dataset\fly_ball\Codex_Workstation\F_121,F_121,fly_ball,,,,,,1.380,1.480,1.380,1.480,,not_applicable,not_applicable,pass_audio_only_needs_visual_confirmation,1.420,,,,,MLB_825026_cristian-javier-in-play-run-s-to-tyler-soderstrom-zctsc7_auto1_0p000_7p000
dataset\fly_ball\Codex_Workstation\F_123,F_123,fly_ball,,,,,,0.760,0.860,0.760,0.860,,not_applicable,not_applicable,pass_audio_only_needs_visual_confirmation,0.820,,,,,MLB_823002_matt-shaw-flies-out-sharply-to-center-fielder-cedric-mullins_auto1_0p000_7p000
dataset\fly_ball\Codex_Workstation\F_124,F_124,fly_ball,,,,,,2.680,2.780,2.680,2.780,,not_applicable,not_applicable,pass_audio_only_needs_visual_confirmation,2.720,,,,,MLB_823645_eduardo-rodriguez-in-play-run-s-to-luis-robert-jr_auto1_0p000_7p000
dataset\fly_ball\Codex_Workstation\F_125,F_125,fly_ball,,,,,,2.980,3.080,2.980,3.080,,not_applicable,not_applicable,pass_audio_only_needs_visual_confirmation,3.020,,,,,MLB_824535_jo-adell-lines-out-sharply-to-shortstop-elly-de-la-cruz-x7528_auto1_0p549_7p549
dataset\fly_ball\Codex_Workstation\F_126,F_126,fly_ball,,,,,,2.740,2.840,2.740,2.840,,not_applicable,not_applicable,needs_visual_review,3.640,,,global_audio_diff_peak_outside_event_tolerance:3.640;large_refinement_shift:2.000->2.790,,MLB_823804_william-contreras-flies-out-to-right-fielder-james-wood-in-foul-terri_auto1_6p502_13p502
dataset\fly_ball\Codex_Workstation\F_127,F_127,fly_ball,,,,,,1.320,1.420,1.320,1.420,,not_applicable,not_applicable,needs_visual_review,1.360,,,large_refinement_shift:2.000->1.370,,MLB_824937_eury-perez-in-play-out-s-to-ronald-acuna-jr-x8261_auto1_0p000_7p000
dataset\ground_ball\Codex_Workstation\G_001,G_001,ground_ball,4,4,4,yes,yes,1.400,1.600,1.400,1.600,,source_hint_matches,needs_knee_height_visual_review,pass_audio_only_needs_visual_confirmation,1.520,user flagged sample but no specific failing field is documented,,,\b(first baseman|first base|1st baseman|1st base|first-base line)\b,MLB_824419_elias-diaz-grounds-out-second-baseman-daniel-schneemann-to-first-base_0p000_6p000
dataset\ground_ball\Codex_Workstation\G_002,G_002,ground_ball,2,2,,yes,yes,1.220,1.320,1.220,1.320,,needs_visual_review,needs_knee_height_visual_review,needs_visual_review,3.600,,,global_audio_diff_peak_outside_event_tolerance:3.600,,MLB_823530_paul-blackburn-in-play-out-s-to-zach-mckinstry_0p000_6p000
dataset\ground_ball\Codex_Workstation\G_003,G_003,ground_ball,1,1,,yes,yes,3.400,3.500,3.400,3.500,,needs_visual_review,needs_knee_height_visual_review,pass_audio_only_needs_visual_confirmation,3.460,,,,"ambiguous:1,4",MLB_824335_javier-sanoja-grounds-out-third-baseman-kyle-karros-to-first-baseman-_head_0p000_6p000
dataset\ground_ball\Codex_Workstation\G_004,G_004,ground_ball,2,2,4,yes,yes,1.420,1.520,1.420,1.520,,suggested_change_needs_visual_review,needs_knee_height_visual_review,pass_audio_only_needs_visual_confirmation,1.740,user flagged timing and region; source text is not enough for a safe automatic region correction,,,\b(first baseman|first base|1st baseman|1st base|first-base line)\b,MLB_822714_tyler-callihan-in-play-out-s-to-jose-tena_head_0p000_6p000
dataset\ground_ball\Codex_Workstation\G_005,G_005,ground_ball,4,4,1,yes,yes,1.760,1.860,1.760,1.860,,suggested_change_needs_visual_review,needs_knee_height_visual_review,pass_audio_only_needs_visual_confirmation,1.820,,,,\b(third baseman|third base|3rd baseman|3rd base|third-base line|hot corner)\b,MLB_824982_jack-perkins-in-play-out-s-to-otto-lopez_head_0p000_6p000
dataset\ground_ball\Codex_Workstation\G_006,G_006,ground_ball,4,4,,yes,no,2.460,2.560,2.460,2.560,bounce,needs_visual_review,manual_corrected,pass_audio_only_needs_visual_confirmation,2.520,,user_manual_qc: receiving height exceeds knee-height bounce standard,,,MLB_825062_gabriel-moreno-singles-on-a-ground-ball-to-right-fielder-sal-frelick-_head_0p000_6p000
dataset\ground_ball\Codex_Workstation\G_007,G_007,ground_ball,3,3,1,yes,yes,0.900,1.000,0.900,1.000,,suggested_change_needs_visual_review,needs_knee_height_visual_review,needs_visual_review,1.620,,,global_audio_diff_peak_outside_event_tolerance:1.620,\b(third baseman|third base|3rd baseman|3rd base|third-base line|hot corner)\b,MLB_824415_grant-taylor-in-play-out-s-to-david-fry_head_0p000_6p000
dataset\ground_ball\Codex_Workstation\G_008,G_008,ground_ball,3,3,1,yes,yes,1.800,1.900,1.800,1.900,,suggested_change_needs_visual_review,needs_knee_height_visual_review,needs_visual_review,1.840,,,large_refinement_shift:1.300->1.850,\b(third baseman|third base|3rd baseman|3rd base|third-base line|hot corner)\b,MLB_824334_kyle-karros-grounds-out-third-baseman-casey-schmitt-to-first-baseman-_head_0p000_6p000
dataset\ground_ball\Codex_Workstation\G_009,G_009,ground_ball,3,1,1,yes,no,2.220,2.320,0.970,1.070,"region,bounce,event_start,event_end",manual_corrected,manual_corrected,manual_corrected,4.040,,manual_qc: true contact is about 1.02s on third-base-side play,global_audio_diff_peak_outside_event_tolerance:4.040,\b(third baseman|third base|3rd baseman|3rd base|third-base line|hot corner)\b,MLB_824983_kade-morris-in-play-out-s-to-esteury-ruiz-ao1doh_head_0p000_6p000
dataset\ground_ball\Codex_Workstation\G_010,G_010,ground_ball,3,3,4,yes,yes,0.940,1.040,0.940,1.040,,suggested_change_needs_visual_review,needs_knee_height_visual_review,pass_audio_only_needs_visual_confirmation,1.000,,,,\b(first baseman|first base|1st baseman|1st base|first-base line)\b,MLB_823932_ty-france-grounds-out-to-first-baseman-freddie-freeman_head_0p000_6p000
dataset\ground_ball\Codex_Workstation\G_011,G_011,ground_ball,4,4,,yes,yes,3.720,3.820,3.720,3.820,,needs_visual_review,needs_knee_height_visual_review,needs_visual_review,3.460,,,large_refinement_shift:2.950->3.770,"ambiguous:2,3",MLB_824902_martin-perez-in-play-out-s-to-tyrone-taylor-mvutkg_head_0p000_6p000
dataset\ground_ball\Codex_Workstation\G_012,G_012,ground_ball,3,1,1,yes,yes,1.980,2.080,1.980,2.080,region,manual_corrected,needs_knee_height_visual_review,pass_audio_only_needs_visual_confirmation,2.040,,source/qwen evidence says third-base-side ground ball,,\b(third baseman|third base|3rd baseman|3rd base|third-base line|hot corner)\b,MLB_823035_jordan-walker-grounds-out-third-baseman-joey-ortiz-to-first-baseman-a_head_0p000_6p000
dataset\ground_ball\Codex_Workstation\G_013,G_013,ground_ball,3,3,,yes,yes,0.900,1.000,0.900,1.000,,needs_visual_review,needs_knee_height_visual_review,needs_visual_review,3.320,,,global_audio_diff_peak_outside_event_tolerance:3.320,,MLB_823607_seth-lugo-in-play-run-s-to-a-j-ewing_head_0p000_6p000
dataset\ground_ball\Codex_Workstation\G_014,G_014,ground_ball,4,4,1,yes,yes,1.940,2.040,1.940,2.040,,suggested_change_needs_visual_review,needs_knee_height_visual_review,pass_audio_only_needs_visual_confirmation,1.980,,,,\b(third baseman|third base|3rd baseman|3rd base|third-base line|hot corner)\b,MLB_823684_connor-prielipp-in-play-out-s-to-gabriel-arias_head_0p000_6p000
dataset\ground_ball\Codex_Workstation\G_015,G_015,ground_ball,4,4,,yes,yes,2.580,2.680,2.580,2.680,,needs_visual_review,needs_knee_height_visual_review,needs_visual_review,4.180,,,global_audio_diff_peak_outside_event_tolerance:4.180;large_refinement_shift:1.950->2.630,,MLB_823279_jackson-merrill-s-rbi-ground-out_head_0p000_6p000
dataset\ground_ball\Codex_Workstation\G_016,G_016,ground_ball,4,2,,yes,yes,1.200,1.300,1.200,1.300,region,manual_corrected,needs_knee_height_visual_review,pass_audio_only_needs_visual_confirmation,1.260,,source/qwen evidence says shortstop-side ground ball,,"ambiguous:2,3",MLB_822967_cade-cavalli-in-play-out-s-to-richie-palacios_head_0p000_6p000
dataset\ground_ball\Codex_Workstation\G_017,G_017,ground_ball,4,4,1,yes,yes,2.080,2.180,2.080,2.180,,suggested_change_needs_visual_review,needs_knee_height_visual_review,pass_audio_only_needs_visual_confirmation,2.120,,,,\b(third baseman|third base|3rd baseman|3rd base|third-base line|hot corner)\b,MLB_825068_ryan-kreidler-grounds-out-third-baseman-nolan-arenado-to-first-basema_head_0p000_6p000
dataset\ground_ball\Codex_Workstation\G_018,G_018,ground_ball,4,4,2,yes,yes,1.180,1.280,1.180,1.280,,suggested_change_needs_visual_review,needs_knee_height_visual_review,needs_visual_review,4.060,,,global_audio_diff_peak_outside_event_tolerance:4.060;large_refinement_shift:2.050->1.230,\b(shortstop|short stop|left side|hole between third and short)\b,MLB_825068_taj-bradley-in-play-out-s-to-corbin-carroll_head_0p000_6p000
dataset\ground_ball\Codex_Workstation\G_019,G_019,ground_ball,3,3,1,yes,yes,0.940,1.040,0.940,1.040,,suggested_change_needs_visual_review,needs_knee_height_visual_review,needs_visual_review,3.620,,,global_audio_diff_peak_outside_event_tolerance:3.620,\b(third baseman|third base|3rd baseman|3rd base|third-base line|hot corner)\b,MLB_824908_bryce-elder-in-play-out-s-to-william-contreras-ubttfb_head_0p000_6p000
dataset\ground_ball\Codex_Workstation\G_020,G_020,ground_ball,3,3,2,yes,yes,3.400,3.500,3.400,3.500,,suggested_change_needs_visual_review,needs_knee_height_visual_review,needs_visual_review,5.400,,,global_audio_diff_peak_outside_event_tolerance:5.400,\b(shortstop|short stop|left side|hole between third and short)\b,MLB_822800_hunter-brown-in-play-no-out-to-vladimir-guerrero-jr_head_0p000_6p000
dataset\ground_ball\Codex_Workstation\G_021,G_021,ground_ball,3,3,,yes,yes,2.880,2.980,2.880,2.980,,needs_visual_review,needs_knee_height_visual_review,needs_visual_review,2.940,,,large_refinement_shift:2.200->2.930,,MLB_823040_andre-pallante-in-play-out-s-to-lourdes-gurriel-jr-1tzdvc_head_0p000_6p000
dataset\ground_ball\Codex_Workstation\G_022,G_022,ground_ball,3,3,1,yes,yes,1.240,1.340,1.240,1.340,,suggested_change_needs_visual_review,needs_knee_height_visual_review,needs_visual_review,4.920,,,global_audio_diff_peak_outside_event_tolerance:4.920,\b(third baseman|third base|3rd baseman|3rd base|third-base line|hot corner)\b,MLB_822718_nasim-nunez-singles-on-a-ground-ball-to-left-fielder-brandon-marsh-an_head_0p000_6p000
dataset\ground_ball\Codex_Workstation\G_023,G_023,ground_ball,3,3,4,yes,yes,0.760,0.860,0.760,0.860,,suggested_change_needs_visual_review,needs_knee_height_visual_review,pass_audio_only_needs_visual_confirmation,0.800,,,,\b(first baseman|first base|1st baseman|1st base|first-base line)\b,MLB_824501_caleb-ferguson-in-play-run-s-to-jake-bauers_head_0p000_6p000
dataset\ground_ball\Codex_Workstation\G_024,G_024,ground_ball,3,3,1,yes,yes,2.080,2.180,2.080,2.180,,suggested_change_needs_visual_review,needs_knee_height_visual_review,needs_visual_review,1.060,,,global_audio_diff_peak_outside_event_tolerance:1.060;large_refinement_shift:1.300->2.130,\b(third baseman|third base|3rd baseman|3rd base|third-base line|hot corner)\b,MLB_823850_eury-perez-in-play-out-s-to-josh-jung-f9kukn_head_0p000_6p000
dataset\ground_ball\Codex_Workstation\G_025,G_025,ground_ball,4,4,,yes,yes,3.500,3.600,3.500,3.600,,needs_visual_review,needs_knee_height_visual_review,pass_audio_only_needs_visual_confirmation,3.540,,,,,MLB_823611_sean-manaea-in-play-run-s-to-pedro-ramirez_head_0p000_6p000
dataset\ground_ball\Codex_Workstation\G_026,G_026,ground_ball,4,4,,yes,yes,2.540,2.640,2.540,2.640,,needs_visual_review,needs_knee_height_visual_review,needs_visual_review,5.780,,,global_audio_diff_peak_outside_event_tolerance:5.780,,MLB_824341_ranger-suarez-in-play-run-s-to-jake-mccarthy-nn8phj-x3703_head_0p000_6p000
dataset\ground_ball\Codex_Workstation\G_027,G_027,ground_ball,2,2,2,yes,yes,1.460,1.560,1.460,1.560,,source_hint_matches,needs_knee_height_visual_review,needs_visual_review,5.060,,,global_audio_diff_peak_outside_event_tolerance:5.060,\b(shortstop|short stop|left side|hole between third and short)\b,MLB_824018_keegan-akin-in-play-run-s-to-logan-o-hoppe_head_0p000_6p000
dataset\ground_ball\Codex_Workstation\G_028,G_028,ground_ball,4,4,,yes,yes,1.460,1.560,1.460,1.560,,needs_visual_review,needs_knee_height_visual_review,needs_visual_review,4.880,,,global_audio_diff_peak_outside_event_tolerance:4.880,,MLB_824018_keegan-akin-in-play-run-s-to-nolan-schanuel_head_0p000_6p000
dataset\ground_ball\Codex_Workstation\G_029,G_029,ground_ball,3,3,,yes,yes,1.620,1.720,1.620,1.720,,needs_visual_review,needs_knee_height_visual_review,needs_visual_review,3.740,,,global_audio_diff_peak_outside_event_tolerance:3.740,"ambiguous:2,4",MLB_824018_jose-fermin-in-play-out-s-to-jeremiah-jackson_head_0p000_6p000
dataset\ground_ball\Codex_Workstation\G_030,G_030,ground_ball,4,4,,yes,yes,1.720,1.820,1.720,1.820,,needs_visual_review,needs_knee_height_visual_review,pass_audio_only_needs_visual_confirmation,1.780,,,,,MLB_824018_chase-silseth-in-play-out-s-to-gunnar-henderson_head_0p000_6p000
dataset\ground_ball\Codex_Workstation\G_031,G_031,ground_ball,4,4,1,yes,yes,3.320,3.420,3.320,3.420,,suggested_change_needs_visual_review,needs_knee_height_visual_review,pass_audio_only_needs_visual_confirmation,3.380,,,,\b(third baseman|third base|3rd baseman|3rd base|third-base line|hot corner)\b,MLB_823367_braxton-ashcraft-in-play-run-s-to-julio-rodriguez_head_0p000_6p000
dataset\ground_ball\Codex_Workstation\G_032,G_032,ground_ball,4,4,,yes,yes,1.780,1.880,1.780,1.880,,needs_visual_review,needs_knee_height_visual_review,pass_audio_only_needs_visual_confirmation,1.820,,,,,MLB_823367_braxton-ashcraft-in-play-out-s-to-randy-arozarena_head_0p000_6p000
dataset\ground_ball\Codex_Workstation\G_033,G_033,ground_ball,3,3,1,yes,yes,2.020,2.120,2.020,2.120,,suggested_change_needs_visual_review,needs_knee_height_visual_review,needs_visual_review,3.300,,,global_audio_diff_peak_outside_event_tolerance:3.300;large_refinement_shift:1.400->2.070,\b(third baseman|third base|3rd baseman|3rd base|third-base line|hot corner)\b,MLB_824747_cam-schlittler-in-play-run-s-to-willson-contreras-lmtdkr_head_0p000_6p000
dataset\ground_ball\Codex_Workstation\G_034,G_034,ground_ball,4,4,2,yes,yes,0.980,1.080,0.980,1.080,,suggested_change_needs_visual_review,needs_knee_height_visual_review,pass_audio_only_needs_visual_confirmation,1.020,,,,\b(shortstop|short stop|left side|hole between third and short)\b,MLB_822962_nick-martinez-in-play-out-s-to-lourdes-gurriel-jr-mfflzs_head_0p000_6p000
dataset\ground_ball\Codex_Workstation\G_035,G_035,ground_ball,3,3,1,yes,yes,0.800,0.900,0.800,0.900,,suggested_change_needs_visual_review,needs_knee_height_visual_review,needs_visual_review,2.520,,,global_audio_diff_peak_outside_event_tolerance:2.520,\b(third baseman|third base|3rd baseman|3rd base|third-base line|hot corner)\b,MLB_823773_carson-kelly-grounds-out-softly-third-baseman-david-hamilton-to-first_head_0p000_6p000
dataset\ground_ball\Codex_Workstation\G_036,G_036,ground_ball,4,4,,yes,yes,2.080,2.180,2.080,2.180,,needs_visual_review,needs_knee_height_visual_review,pass_audio_only_needs_visual_confirmation,2.120,,,,,MLB_824014_walbert-urena-in-play-run-s-to-alika-williams_head_0p000_6p000
dataset\ground_ball\Codex_Workstation\G_037,G_037,ground_ball,4,4,3,yes,yes,2.780,2.880,2.780,2.880,,suggested_change_needs_visual_review,needs_knee_height_visual_review,needs_visual_review,5.200,,,global_audio_diff_peak_outside_event_tolerance:5.200;large_refinement_shift:1.950->2.830,\b(second baseman|second base|2nd baseman|2nd base)\b,MLB_823364_jared-jones-in-play-run-s-to-sal-stewart_head_0p000_6p000
dataset\ground_ball\Codex_Workstation\G_038,G_038,ground_ball,4,4,2,yes,yes,1.880,1.980,1.880,1.980,,suggested_change_needs_visual_review,needs_knee_height_visual_review,needs_visual_review,5.880,,,global_audio_diff_peak_outside_event_tolerance:5.880;large_refinement_shift:1.000->1.930,\b(shortstop|short stop|left side|hole between third and short)\b,MLB_824821_mitchell-parker-in-play-out-s-to-pete-alonso-croopk_head_0p000_6p000
dataset\ground_ball\Codex_Workstation\G_039,G_039,ground_ball,4,4,4,yes,yes,2.420,2.520,2.420,2.520,,source_hint_matches,needs_knee_height_visual_review,pass_audio_only_needs_visual_confirmation,2.460,,,,\b(first baseman|first base|1st baseman|1st base|first-base line)\b,MLB_824094_jose-cuas-in-play-out-s-to-chandler-simpson_head_0p000_6p000
dataset\ground_ball\Codex_Workstation\G_040,G_040,ground_ball,3,3,1,yes,yes,3.480,3.580,3.480,3.580,,suggested_change_needs_visual_review,needs_knee_height_visual_review,pass_audio_only_needs_visual_confirmation,3.520,,,,\b(third baseman|third base|3rd baseman|3rd base|third-base line|hot corner)\b,MLB_822974_will-vest-in-play-run-s-to-nick-fortes_head_0p000_6p000
dataset\ground_ball\Codex_Workstation\G_041,G_041,ground_ball,4,4,,yes,yes,0.960,1.060,0.960,1.060,,needs_visual_review,needs_knee_height_visual_review,pass_audio_only_needs_visual_confirmation,1.020,,,,,MLB_822727_andrew-alvarez-in-play-out-s-to-joe-mack-jmw0x6_head_0p000_6p000
dataset\ground_ball\Codex_Workstation\G_042,G_042,ground_ball,3,3,4,yes,yes,3.360,3.460,3.360,3.460,,suggested_change_needs_visual_review,needs_knee_height_visual_review,pass_audio_only_needs_visual_confirmation,3.420,,,,\b(first baseman|first base|1st baseman|1st base|first-base line)\b,MLB_823130_george-kirby-in-play-no-out-to-jared-young_head_0p000_6p000
dataset\ground_ball\Codex_Workstation\G_043,G_043,ground_ball,3,3,1,no,no,0.670,0.770,0.670,0.770,,suggested_change_needs_visual_review,needs_knee_height_visual_review,pass_audio_only_needs_visual_confirmation,0.720,,,,\b(third baseman|third base|3rd baseman|3rd base|third-base line|hot corner)\b,MLB_824675_daniel-palencia-in-play-out-s-to-brent-rooker_head_0p000_6p000
dataset\ground_ball\Codex_Workstation\G_044,G_044,ground_ball,3,3,,yes,yes,1.660,1.760,1.660,1.760,,needs_visual_review,needs_knee_height_visual_review,pass_audio_only_needs_visual_confirmation,1.720,,,,"ambiguous:1,4",MLB_824919_chris-sale-in-play-no-out-to-ernie-clement_head_0p000_6p000
dataset\ground_ball\Codex_Workstation\G_045,G_045,ground_ball,4,4,4,yes,yes,2.620,2.720,2.620,2.720,,source_hint_matches,needs_knee_height_visual_review,needs_visual_review,5.640,,,global_audio_diff_peak_outside_event_tolerance:5.640;large_refinement_shift:3.300->2.670,\b(first baseman|first base|1st baseman|1st base|first-base line)\b,MLB_823455_andrew-benintendi-grounds-out-second-baseman-bryson-stott-to-first-ba_head_0p000_6p000
dataset\ground_ball\Codex_Workstation\G_046,G_046,ground_ball,3,3,,yes,yes,1.260,1.360,1.260,1.360,,needs_visual_review,needs_knee_height_visual_review,needs_visual_review,5.840,,,global_audio_diff_peak_outside_event_tolerance:5.840,,MLB_823455_sam-antonacci-grounds-out-pitcher-jesus-luzardo-to-first-baseman-bryc_head_0p000_6p000
dataset\ground_ball\Codex_Workstation\G_047,G_047,ground_ball,4,4,,no,no,3.440,3.540,3.440,3.540,,needs_visual_review,needs_knee_height_visual_review,pass_audio_only_needs_visual_confirmation,3.480,,,,,MLB_823860_ryan-vilade-singles-on-a-ground-ball-to-right-fielder-owen-caissie-ri_head_0p000_6p000
dataset\ground_ball\Codex_Workstation\G_048,G_048,ground_ball,4,4,2,yes,yes,1.740,1.840,1.740,1.840,,suggested_change_needs_visual_review,needs_knee_height_visual_review,needs_visual_review,4.200,,,global_audio_diff_peak_outside_event_tolerance:4.200,\b(shortstop|short stop|left side|hole between third and short)\b,MLB_824350_garrett-mitchell-singles-on-a-ground-ball-to-left-fielder-troy-johnst_head_0p000_6p000
dataset\ground_ball\Codex_Workstation\G_049,G_049,ground_ball,2,2,,yes,yes,2.720,2.820,2.720,2.820,,needs_visual_review,needs_knee_height_visual_review,needs_visual_review,3.420,,,global_audio_diff_peak_outside_event_tolerance:3.420;large_refinement_shift:2.050->2.770,,MLB_824350_antonio-senzatela-in-play-run-s-to-sal-frelick_head_0p000_6p000
dataset\ground_ball\Codex_Workstation\G_050,G_050,ground_ball,4,4,,yes,yes,2.120,2.220,2.120,2.220,,needs_visual_review,needs_knee_height_visual_review,needs_visual_review,5.360,,,global_audio_diff_peak_outside_event_tolerance:5.360;large_refinement_shift:1.400->2.170,"ambiguous:2,4",MLB_823453_tim-mayza-in-play-out-s-to-drew-romo-2zucik_head_0p000_6p000
dataset\ground_ball\Codex_Workstation\G_051,G_051,ground_ball,3,3,1,yes,yes,1.160,1.260,1.160,1.260,,suggested_change_needs_visual_review,needs_knee_height_visual_review,pass_audio_only_needs_visual_confirmation,1.200,,,,\b(third baseman|third base|3rd baseman|3rd base|third-base line|hot corner)\b,MLB_825074_gabriel-moreno-grounds-out-third-baseman-curtis-mead-to-first-baseman_head_0p000_6p000
dataset\ground_ball\Codex_Workstation\G_052,G_052,ground_ball,2,2,,yes,yes,4.240,4.340,4.240,4.340,,needs_visual_review,needs_knee_height_visual_review,needs_visual_review,4.880,,,global_audio_diff_peak_outside_event_tolerance:4.880,,MLB_823941_jose-soriano-in-play-run-s-to-kyle-tucker_head_0p000_6p000
dataset\ground_ball\Codex_Workstation\G_053,G_053,ground_ball,3,3,4,no,no,0.740,0.840,0.740,0.840,,suggested_change_needs_visual_review,needs_knee_height_visual_review,pass_audio_only_needs_visual_confirmation,0.800,,,,\b(first baseman|first base|1st baseman|1st base|first-base line)\b,MLB_824429_gerrit-cole-in-play-run-s-to-angel-martinez_head_0p000_6p000
dataset\ground_ball\Codex_Workstation\G_054,G_054,ground_ball,3,3,4,yes,yes,1.920,2.020,1.920,2.020,,suggested_change_needs_visual_review,needs_knee_height_visual_review,needs_visual_review,4.020,,,global_audio_diff_peak_outside_event_tolerance:4.020,\b(first baseman|first base|1st baseman|1st base|first-base line)\b,MLB_822805_louis-varland-in-play-out-s-to-j-t-realmuto_head_0p000_6p000
dataset\ground_ball\Codex_Workstation\G_055,G_055,ground_ball,1,1,,yes,yes,1.140,1.240,1.140,1.240,,needs_visual_review,needs_knee_height_visual_review,needs_visual_review,5.620,,,global_audio_diff_peak_outside_event_tolerance:5.620;large_refinement_shift:2.050->1.190,,MLB_823214_brad-lord-takes-awkward-fall-stays-in-game_head_0p000_6p000
dataset\ground_ball\Codex_Workstation\G_056,G_056,ground_ball,3,3,2,yes,yes,0.980,1.080,0.980,1.080,,suggested_change_needs_visual_review,needs_knee_height_visual_review,pass_audio_only_needs_visual_confirmation,1.020,,,,\b(shortstop|short stop|left side|hole between third and short)\b,MLB_822970_yandy-diaz-singles-on-a-ground-ball-to-left-fielder-jarren-duran-nick_head_0p000_6p000
dataset\ground_ball\Codex_Workstation\G_057,G_057,ground_ball,4,4,2,yes,yes,2.240,2.340,2.240,2.340,,suggested_change_needs_visual_review,needs_knee_height_visual_review,pass_audio_only_needs_visual_confirmation,2.280,,,,\b(shortstop|short stop|left side|hole between third and short)\b,MLB_823215_robbie-ray-in-play-out-s-to-nasim-nunez-yhwzs3_head_0p000_6p000
dataset\ground_ball\Codex_Workstation\G_059,G_059,ground_ball,4,4,,yes,yes,2.600,2.700,2.600,2.700,,needs_visual_review,needs_knee_height_visual_review,pass_audio_only_needs_visual_confirmation,2.660,,,,,MLB_824831_brandon-young-in-play-out-s-to-josh-naylor-wjmthr_head_0p000_6p000
dataset\ground_ball\Codex_Workstation\G_060,G_060,ground_ball,3,3,4,yes,yes,1.360,1.460,1.360,1.460,,suggested_change_needs_visual_review,needs_knee_height_visual_review,needs_visual_review,3.480,,,global_audio_diff_peak_outside_event_tolerance:3.480,\b(first baseman|first base|1st baseman|1st base|first-base line)\b,MLB_822804_tyler-rogers-in-play-out-s-to-bryson-stott_head_0p000_6p000
dataset\ground_ball\Codex_Workstation\G_061,G_061,ground_ball,4,4,2,yes,yes,1.220,1.320,1.220,1.320,,suggested_change_needs_visual_review,needs_knee_height_visual_review,pass_audio_only_needs_visual_confirmation,1.260,,,,\b(shortstop|short stop|left side|hole between third and short)\b,MLB_824590_chris-sale-throws-out-luisangel-acuna_head_0p000_6p000
dataset\ground_ball\Codex_Workstation\G_062,G_062,ground_ball,4,4,2,yes,yes,2.020,2.120,2.020,2.120,,suggested_change_needs_visual_review,needs_knee_height_visual_review,pass_audio_only_needs_visual_confirmation,2.060,,,,\b(shortstop|short stop|left side|hole between third and short)\b,MLB_824348_troy-johnston-grounds-out-shortstop-dansby-swanson-to-first-baseman-m_head_0p000_6p000
dataset\ground_ball\Codex_Workstation\G_063,G_063,ground_ball,2,2,3,yes,yes,3.470,3.570,3.470,3.570,,suggested_change_needs_visual_review,needs_knee_height_visual_review,pass_audio_only_needs_visual_confirmation,3.520,,,,\b(second baseman|second base|2nd baseman|2nd base)\b,MLB_824287_riley-greene-s-rbi-groundout_head_0p000_6p000
dataset\ground_ball\Codex_Workstation\G_064,G_064,ground_ball,2,2,,yes,yes,0.690,0.790,0.690,0.790,,needs_visual_review,needs_knee_height_visual_review,needs_visual_review,3.040,,,global_audio_diff_peak_outside_event_tolerance:3.040,,MLB_823389_mitch-keller-in-play-run-s-to-elly-de-la-cruz-tdkmqc_head_0p000_6p000
dataset\ground_ball\Codex_Workstation\G_065,G_065,ground_ball,1,1,,yes,yes,4.820,4.920,4.820,4.920,,needs_visual_review,needs_knee_height_visual_review,needs_visual_review,3.460,,,global_audio_diff_peak_outside_event_tolerance:3.460;large_refinement_shift:4.000->4.870,,MLB_822744_aaron-ashby-in-play-run-s-to-brady-house_head_0p000_6p000
dataset\ground_ball\Codex_Workstation\G_066,G_066,ground_ball,3,3,,yes,yes,3.440,3.540,3.440,3.540,,needs_visual_review,needs_knee_height_visual_review,needs_visual_review,5.380,,,global_audio_diff_peak_outside_event_tolerance:5.380,,MLB_822744_jake-irvin-in-play-run-s-to-luis-rengifo-bhyxu6_head_0p000_6p000
dataset\ground_ball\Codex_Workstation\G_067,G_067,ground_ball,2,2,,yes,yes,4.640,4.740,4.640,4.740,,needs_visual_review,needs_knee_height_visual_review,needs_visual_review,5.360,,,global_audio_diff_peak_outside_event_tolerance:5.360;large_refinement_shift:3.950->4.690,,MLB_823557_fernando-cruz-in-play-run-s-to-dylan-beavers_head_0p000_6p000
dataset\ground_ball\Codex_Workstation\G_068,G_068,ground_ball,1,1,4,yes,yes,3.460,3.560,3.460,3.560,,suggested_change_needs_visual_review,needs_knee_height_visual_review,pass_audio_only_needs_visual_confirmation,3.520,,,,\b(first baseman|first base|1st baseman|1st base|first-base line)\b,MLB_824366_zach-agnos-in-play-out-s-to-jonah-heim_head_0p000_6p000
dataset\ground_ball\Codex_Workstation\G_069,G_069,ground_ball,2,2,4,yes,yes,3.320,3.420,3.320,3.420,,suggested_change_needs_visual_review,needs_knee_height_visual_review,pass_audio_only_needs_visual_confirmation,3.360,,,,\b(first baseman|first base|1st baseman|1st base|first-base line)\b,MLB_824366_grant-holmes-in-play-run-s-to-willi-castro_head_0p000_6p000
dataset\ground_ball\Codex_Workstation\G_070,G_070,ground_ball,2,2,,yes,yes,2.160,2.260,2.160,2.260,,needs_visual_review,needs_knee_height_visual_review,needs_visual_review,4.620,,,global_audio_diff_peak_outside_event_tolerance:4.620;large_refinement_shift:3.000->2.210,"ambiguous:2,3,4",MLB_825012_joel-kuhnel-in-play-out-s-to-angel-martinez_head_0p000_6p000
dataset\ground_ball\Codex_Workstation\G_071,G_071,ground_ball,2,2,4,yes,yes,4.560,4.660,4.560,4.660,,suggested_change_needs_visual_review,needs_knee_height_visual_review,needs_visual_review,3.520,,,global_audio_diff_peak_outside_event_tolerance:3.520;large_refinement_shift:3.900->4.610,\b(first baseman|first base|1st baseman|1st base|first-base line)\b,MLB_823554_taylor-ward-grounds-out-to-first-baseman-ben-rice-dylan-beavers-score_head_0p000_6p000
dataset\ground_ball\Codex_Workstation\G_072,G_072,ground_ball,1,1,,yes,yes,3.320,3.420,3.320,3.420,,needs_visual_review,needs_knee_height_visual_review,pass_audio_only_needs_visual_confirmation,3.380,,,,,MLB_823388_sam-moll-in-play-run-s-to-henry-davis_head_0p000_6p000
dataset\ground_ball\Codex_Workstation\G_073,G_073,ground_ball,1,1,,yes,yes,3.420,3.520,3.420,3.520,,needs_visual_review,needs_knee_height_visual_review,pass_audio_only_needs_visual_confirmation,3.460,,,,,MLB_823388_rhett-lowder-in-play-out-s-to-nick-gonzales_head_0p000_6p000
dataset\ground_ball\Codex_Workstation\G_074,G_074,ground_ball,4,4,,yes,yes,3.420,3.520,3.420,3.520,,needs_visual_review,needs_knee_height_visual_review,needs_visual_review,4.800,,,global_audio_diff_peak_outside_event_tolerance:4.800,,MLB_822746_brad-lord-in-play-run-s-to-joey-ortiz_head_0p000_6p000
dataset\ground_ball\Codex_Workstation\G_075,G_075,ground_ball,1,1,4,yes,yes,2.480,2.580,2.480,2.580,,suggested_change_needs_visual_review,needs_knee_height_visual_review,needs_visual_review,5.020,,,global_audio_diff_peak_outside_event_tolerance:5.020,\b(first baseman|first base|1st baseman|1st base|first-base line)\b,MLB_822746_jorbit-vivas-grounds-out-to-first-baseman-jake-bauers-ud4d3u_head_0p000_6p000
dataset\ground_ball\Codex_Workstation\G_076,G_076,ground_ball,4,4,2,yes,yes,2.420,2.520,2.420,2.520,,suggested_change_needs_visual_review,needs_knee_height_visual_review,needs_visual_review,2.480,,,large_refinement_shift:3.000->2.470,\b(shortstop|short stop|left side|hole between third and short)\b,MLB_822746_kyle-harrison-in-play-out-s-to-james-wood-j6yujz_head_0p000_6p000
dataset\ground_ball\Codex_Workstation\G_077,G_077,ground_ball,2,2,4,yes,yes,1.160,1.260,1.160,1.260,,suggested_change_needs_visual_review,needs_knee_height_visual_review,needs_visual_review,1.200,,,large_refinement_shift:2.050->1.210,\b(first baseman|first base|1st baseman|1st base|first-base line)\b,MLB_824365_chase-dollander-in-play-out-s-to-ronald-acuna-jr_head_0p000_6p000
dataset\ground_ball\Codex_Workstation\G_078,G_078,ground_ball,1,1,,yes,yes,3.580,3.680,3.580,3.680,,needs_visual_review,needs_knee_height_visual_review,pass_audio_only_needs_visual_confirmation,3.620,,,,,MLB_823144_lucas-erceg-in-play-out-s-to-j-p-crawford-dkjdno_head_0p000_6p000
dataset\ground_ball\Codex_Workstation\G_079,G_079,ground_ball,1,1,,yes,yes,3.480,3.580,3.480,3.580,,needs_visual_review,needs_knee_height_visual_review,needs_visual_review,4.440,,,global_audio_diff_peak_outside_event_tolerance:4.440,,MLB_822742_richard-lovelady-in-play-run-s-to-garrett-mitchell_head_0p000_6p000
dataset\ground_ball\Codex_Workstation\G_080,G_080,ground_ball,2,2,3,yes,yes,2.620,2.720,2.620,2.720,,suggested_change_needs_visual_review,needs_knee_height_visual_review,needs_visual_review,5.720,,,global_audio_diff_peak_outside_event_tolerance:5.720;large_refinement_shift:3.600->2.670,\b(second baseman|second base|2nd baseman|2nd base)\b,MLB_823065_hyeseong-kim-singles-on-a-ground-ball-to-right-fielder-jordan-walker-_head_0p000_6p000
dataset\ground_ball\Codex_Workstation\G_081,G_081,ground_ball,1,1,,yes,yes,4.420,4.520,4.420,4.520,,needs_visual_review,needs_knee_height_visual_review,pass_audio_only_needs_visual_confirmation,4.620,,,,,MLB_823065_alex-call-singles-on-a-ground-ball-to-left-fielder-jose-fermin-andy-p_head_0p000_6p000
dataset\ground_ball\Codex_Workstation\G_082,G_082,ground_ball,3,3,2,yes,yes,3.400,3.500,3.400,3.500,,suggested_change_needs_visual_review,needs_knee_height_visual_review,needs_visual_review,3.440,,,large_refinement_shift:4.000->3.450,\b(shortstop|short stop|left side|hole between third and short)\b,MLB_824043_clay-holmes-in-play-out-s-to-vaughn-grissom-wbkvjw_head_0p000_6p000
dataset\ground_ball\Codex_Workstation\G_083,G_083,ground_ball,2,2,4,yes,yes,3.500,3.600,3.500,3.600,,suggested_change_needs_visual_review,needs_knee_height_visual_review,pass_audio_only_needs_visual_confirmation,3.560,,,,\b(first baseman|first base|1st baseman|1st base|first-base line)\b,MLB_824043_jack-kochanowicz-in-play-out-s-to-juan-soto_head_0p000_6p000
dataset\ground_ball\Codex_Workstation\G_084,G_084,ground_ball,3,3,4,yes,yes,2.880,2.980,2.880,2.980,,suggested_change_needs_visual_review,needs_knee_height_visual_review,needs_visual_review,5.160,,,global_audio_diff_peak_outside_event_tolerance:5.160;large_refinement_shift:2.100->2.930,\b(first baseman|first base|1st baseman|1st base|first-base line)\b,MLB_824285_kyle-higashioka-s-rbi-groundout-x9594_head_0p000_6p000
dataset\ground_ball\Codex_Workstation\G_085,G_085,ground_ball,2,2,3,yes,yes,2.580,2.680,2.580,2.680,,suggested_change_needs_visual_review,needs_knee_height_visual_review,needs_visual_review,1.540,,,global_audio_diff_peak_outside_event_tolerance:1.540;large_refinement_shift:2.050->2.630,\b(second baseman|second base|2nd baseman|2nd base)\b,MLB_823874_liam-hicks-grounds-out-second-baseman-bryson-stott-to-first-baseman-b_head_0p000_6p000
dataset\ground_ball\Codex_Workstation\G_086,G_086,ground_ball,1,1,1,yes,yes,3.380,3.480,3.380,3.480,,source_hint_matches,needs_knee_height_visual_review,needs_visual_review,3.440,,,large_refinement_shift:4.000->3.430,\b(third baseman|third base|3rd baseman|3rd base|third-base line|hot corner)\b,MLB_823874_otto-lopez-grounds-out-third-baseman-alec-bohm-to-first-baseman-bryce_head_0p000_6p000
dataset\ground_ball\Codex_Workstation\G_087,G_087,ground_ball,2,2,2,yes,yes,2.800,2.900,2.800,2.900,,source_hint_matches,needs_knee_height_visual_review,needs_visual_review,3.740,,,global_audio_diff_peak_outside_event_tolerance:3.740;large_refinement_shift:2.050->2.850,\b(shortstop|short stop|left side|hole between third and short)\b,MLB_824120_daniel-schneemann-grounds-out-shortstop-bobby-witt-jr-to-first-basema_head_0p000_6p000
dataset\ground_ball\Codex_Workstation\G_088,G_088,ground_ball,1,1,2,yes,yes,4.880,4.980,4.880,4.980,,suggested_change_needs_visual_review,needs_knee_height_visual_review,needs_visual_review,5.680,,,global_audio_diff_peak_outside_event_tolerance:5.680;large_refinement_shift:4.000->4.930,\b(shortstop|short stop|left side|hole between third and short)\b,MLB_824201_ryan-weiss-in-play-run-s-to-shohei-ohtani_head_0p000_6p000
dataset\ground_ball\Codex_Workstation\G_089,G_089,ground_ball,1,1,4,yes,yes,3.300,3.400,3.300,3.400,,suggested_change_needs_visual_review,needs_knee_height_visual_review,pass_audio_only_needs_visual_confirmation,3.340,,,,\b(first baseman|first base|1st baseman|1st base|first-base line)\b,MLB_823143_josh-naylor-grounds-out-to-first-baseman-matt-olson-mejv3r_head_0p000_6p000
dataset\ground_ball\Codex_Workstation\G_090,G_090,ground_ball,2,2,,yes,yes,3.440,3.540,3.440,3.540,,needs_visual_review,needs_knee_height_visual_review,needs_visual_review,3.500,,,large_refinement_shift:4.000->3.490,,MLB_823228_randy-vasquez-in-play-run-s-to-rafael-devers_head_0p000_6p000
dataset\ground_ball\Codex_Workstation\G_091,G_091,ground_ball,1,1,,yes,yes,4.420,4.520,4.420,4.520,,needs_visual_review,needs_knee_height_visual_review,needs_visual_review,3.640,,,global_audio_diff_peak_outside_event_tolerance:3.640,,MLB_824281_framber-valdez-in-play-run-s-to-isiah-kiner-falefa-a7cf80_head_0p000_6p000
dataset\ground_ball\Codex_Workstation\G_092,G_092,ground_ball,2,2,,yes,yes,3.400,3.500,3.400,3.500,,needs_visual_review,needs_knee_height_visual_review,needs_visual_review,3.460,,,large_refinement_shift:4.000->3.450,,MLB_823553_david-bednar-in-play-run-s-to-jake-burger_head_0p000_6p000
dataset\ground_ball\Codex_Workstation\G_093,G_093,ground_ball,1,1,,yes,yes,3.440,3.540,3.440,3.540,,needs_visual_review,needs_knee_height_visual_review,needs_visual_review,5.860,,,global_audio_diff_peak_outside_event_tolerance:5.860,,MLB_823227_logan-webb-in-play-run-s-to-xander-bogaerts-d0d75s_head_0p000_6p000
dataset\ground_ball\Codex_Workstation\G_094,G_094,ground_ball,1,1,,yes,yes,3.420,3.520,3.420,3.520,,needs_visual_review,needs_knee_height_visual_review,needs_visual_review,3.460,,,large_refinement_shift:4.000->3.470,,MLB_822985_vladimir-guerrero-jr-grounds-out-softly-pitcher-shane-mcclanahan-to-f_head_0p000_6p000
dataset\ground_ball\Codex_Workstation\G_095,G_095,ground_ball,3,3,,yes,yes,2.720,2.820,2.720,2.820,,needs_visual_review,needs_knee_height_visual_review,needs_visual_review,2.760,,,large_refinement_shift:2.250->2.770,"ambiguous:3,4",MLB_824036_noah-schultz-in-play-out-s-to-travis-d-arnaud_head_0p000_6p000
dataset\ground_ball\Codex_Workstation\G_096,G_096,ground_ball,2,2,2,yes,yes,4.600,4.700,4.600,4.700,,source_hint_matches,needs_knee_height_visual_review,needs_visual_review,3.420,,,global_audio_diff_peak_outside_event_tolerance:3.420;large_refinement_shift:3.650->4.650,\b(shortstop|short stop|left side|hole between third and short)\b,MLB_823872_grant-wolfram-in-play-run-s-to-xavier-edwards_head_0p000_6p000
dataset\ground_ball\Codex_Workstation\G_097,G_097,ground_ball,1,1,,yes,yes,4.600,4.700,4.600,4.700,,needs_visual_review,needs_knee_height_visual_review,needs_visual_review,4.640,,,large_refinement_shift:4.000->4.650,,MLB_824683_colin-rea-in-play-run-s-to-elly-de-la-cruz_head_0p000_6p000
dataset\ground_ball\Codex_Workstation\G_098,G_098,ground_ball,1,1,,yes,yes,3.490,3.590,3.490,3.590,,needs_visual_review,needs_knee_height_visual_review,needs_visual_review,5.760,,,global_audio_diff_peak_outside_event_tolerance:5.760;large_refinement_shift:4.050->3.540,,MLB_824683_brady-singer-in-play-run-s-to-carson-kelly_head_0p000_6p000
dataset\ground_ball\Codex_Workstation\G_099,G_099,ground_ball,3,3,,yes,yes,3.440,3.540,3.440,3.540,,needs_visual_review,needs_knee_height_visual_review,needs_visual_review,5.500,,,global_audio_diff_peak_outside_event_tolerance:5.500;large_refinement_shift:4.000->3.490,"ambiguous:1,2",MLB_824118_david-fry-grounds-out-third-baseman-maikel-garcia-to-shortstop-bobby-_head_0p000_6p000
dataset\ground_ball\Codex_Workstation\G_100,G_100,ground_ball,3,3,3,yes,yes,4.600,4.700,4.600,4.700,,source_hint_matches,needs_knee_height_visual_review,needs_visual_review,4.540,,,large_refinement_shift:4.000->4.650,\b(second baseman|second base|2nd baseman|2nd base)\b,MLB_824361_michael-lorenzen-in-play-run-s-to-luis-torrens_head_0p000_6p000
dataset\ground_ball\Codex_Workstation\G_101,G_101,ground_ball,1,1,,yes,yes,3.560,3.660,3.560,3.660,,needs_visual_review,needs_knee_height_visual_review,pass_audio_only_needs_visual_confirmation,3.600,,,,,MLB_823551_tim-hill-in-play-run-s-to-ezequiel-duran_head_0p000_6p000
dataset\ground_ball\Codex_Workstation\G_102,G_102,ground_ball,1,1,,yes,yes,3.600,3.700,3.600,3.700,,needs_visual_review,needs_knee_height_visual_review,pass_audio_only_needs_visual_confirmation,3.440,,,,,MLB_824117_seth-lugo-in-play-run-s-to-daniel-schneemann_head_0p000_6p000
dataset\ground_ball\Codex_Workstation\G_103,G_103,ground_ball,3,3,,yes,yes,2.700,2.800,2.700,2.800,,needs_visual_review,needs_knee_height_visual_review,needs_visual_review,1.180,,,global_audio_diff_peak_outside_event_tolerance:1.180;large_refinement_shift:1.950->2.750,"ambiguous:2,3",MLB_824117_slade-cecconi-in-play-out-s-to-bobby-witt-jr_head_0p000_6p000
dataset\ground_ball\Codex_Workstation\G_104,G_104,ground_ball,2,2,,yes,yes,2.500,2.600,2.500,2.600,,needs_visual_review,needs_knee_height_visual_review,needs_visual_review,2.540,,,large_refinement_shift:3.100->2.550,"ambiguous:2,4",MLB_824767_masataka-yoshida-grounds-out-second-baseman-ben-williamson-to-first-b_head_0p000_6p000
dataset\ground_ball\Codex_Workstation\G_105,G_105,ground_ball,3,3,3,yes,yes,1.460,1.560,1.460,1.560,,source_hint_matches,needs_knee_height_visual_review,needs_visual_review,2.780,,,global_audio_diff_peak_outside_event_tolerance:2.780,\b(second baseman|second base|2nd baseman|2nd base)\b,MLB_824767_marcelo-mayer-grounds-out-second-baseman-ben-williamson-to-first-base_head_0p000_6p000
dataset\ground_ball\Codex_Workstation\G_106,G_106,ground_ball,1,1,,yes,yes,3.480,3.580,3.480,3.580,,needs_visual_review,needs_knee_height_visual_review,pass_audio_only_needs_visual_confirmation,3.520,,,,,MLB_824522_tejay-antone-in-play-out-s-to-isaac-paredes_head_0p000_6p000
dataset\ground_ball\Codex_Workstation\G_107,G_107,ground_ball,2,2,1,yes,yes,1.720,1.820,1.720,1.820,,suggested_change_needs_visual_review,needs_knee_height_visual_review,pass_audio_only_needs_visual_confirmation,1.780,,,,\b(third baseman|third base|3rd baseman|3rd base|third-base line|hot corner)\b,MLB_824116_kris-bubic-in-play-run-s-to-spencer-torkelson_head_0p000_6p000
dataset\ground_ball\Codex_Workstation\G_108,G_108,ground_ball,3,3,3,yes,yes,0.960,1.060,0.960,1.060,,source_hint_matches,needs_knee_height_visual_review,needs_visual_review,4.160,,,global_audio_diff_peak_outside_event_tolerance:4.160,\b(second baseman|second base|2nd baseman|2nd base)\b,MLB_822904_carson-kelly-grounds-into-a-force-out-second-baseman-ezequiel-duran-t_head_0p000_6p000
dataset\ground_ball\Codex_Workstation\G_109,G_109,ground_ball,3,3,2,no,no,1.320,1.420,1.320,1.420,,suggested_change_needs_visual_review,needs_knee_height_visual_review,pass_audio_only_needs_visual_confirmation,1.380,,,,\b(shortstop|short stop|left side|hole between third and short)\b,MLB_823303_yuki-matsui-in-play-out-s-to-masyn-winn-afadze_head_0p000_6p000
dataset\ground_ball\Codex_Workstation\G_110,G_110,ground_ball,2,2,3,yes,yes,3.620,3.720,3.620,3.720,,suggested_change_needs_visual_review,needs_knee_height_visual_review,needs_visual_review,0.480,,,global_audio_diff_peak_outside_event_tolerance:0.480,\b(second baseman|second base|2nd baseman|2nd base)\b,MLB_822820_adam-frazier-in-play-run-s-to-tyler-heineman_head_0p000_6p000
dataset\ground_ball\Codex_Workstation\G_111,G_111,ground_ball,1,1,1,yes,yes,3.400,3.500,3.400,3.500,,source_hint_matches,needs_knee_height_visual_review,needs_visual_review,3.440,,,large_refinement_shift:4.000->3.450,\b(third baseman|third base|3rd baseman|3rd base|third-base line|hot corner)\b,MLB_824523_pierce-johnson-in-play-out-s-to-cam-smith_head_0p000_6p000
dataset\ground_ball\Codex_Workstation\G_112,G_112,ground_ball,3,3,,yes,yes,2.000,2.100,2.000,2.100,,needs_visual_review,needs_knee_height_visual_review,needs_visual_review,2.520,,,global_audio_diff_peak_outside_event_tolerance:2.520,,MLB_824606_tyler-schweitzer-in-play-out-s-to-cole-young_head_0p000_6p000
dataset\ground_ball\Codex_Workstation\G_113,G_113,ground_ball,1,1,2,yes,yes,2.620,2.720,2.620,2.720,,suggested_change_needs_visual_review,needs_knee_height_visual_review,pass_audio_only_needs_visual_confirmation,2.660,,,,\b(shortstop|short stop|left side|hole between third and short)\b,MLB_825089_austin-warren-in-play-out-s-to-lourdes-gurriel-jr_head_0p000_6p000
dataset\ground_ball\Codex_Workstation\G_114,G_114,ground_ball,1,1,2,yes,yes,3.720,3.820,3.720,3.820,,suggested_change_needs_visual_review,needs_knee_height_visual_review,pass_audio_only_needs_visual_confirmation,3.780,,,,\b(shortstop|short stop|left side|hole between third and short)\b,MLB_823224_ryan-o-hearn-grounds-into-a-double-play-shortstop-willy-adames-to-fir_head_0p000_6p000
dataset\ground_ball\Codex_Workstation\G_115,G_115,ground_ball,4,4,,yes,yes,1.140,1.240,1.140,1.240,,needs_visual_review,needs_knee_height_visual_review,pass_audio_only_needs_visual_confirmation,1.200,,,,,MLB_823868_brady-house-s-rbi-groundout_head_0p000_6p000
dataset\ground_ball\Codex_Workstation\G_116,G_116,ground_ball,2,2,,yes,yes,2.400,2.500,2.400,2.500,,needs_visual_review,needs_knee_height_visual_review,needs_visual_review,1.480,,,global_audio_diff_peak_outside_event_tolerance:1.480;large_refinement_shift:1.500->2.450,,MLB_824845_luis-severino-in-play-no-out-to-gunnar-henderson-vdr5pf_head_0p000_6p000
dataset\ground_ball\Codex_Workstation\G_117,G_117,ground_ball,2,2,,yes,yes,3.360,3.460,3.360,3.460,,needs_visual_review,needs_knee_height_visual_review,pass_audio_only_needs_visual_confirmation,3.420,,,,,MLB_824440_luis-garcia-in-play-run-s-to-chase-delauter_head_0p000_6p000
dataset\ground_ball\Codex_Workstation\G_118,G_118,ground_ball,3,3,1,yes,yes,1.040,1.140,1.040,1.140,,suggested_change_needs_visual_review,needs_knee_height_visual_review,needs_visual_review,3.800,,,global_audio_diff_peak_outside_event_tolerance:3.800,\b(third baseman|third base|3rd baseman|3rd base|third-base line|hot corner)\b,MLB_824440_gavin-williams-in-play-out-s-to-luke-keaschall-csjndn_head_0p000_6p000
dataset\ground_ball\Codex_Workstation\G_119,G_119,ground_ball,3,3,,yes,yes,1.640,1.740,1.640,1.740,,needs_visual_review,needs_knee_height_visual_review,pass_audio_only_needs_visual_confirmation,1.680,,,,,MLB_824605_brendan-donovan-grounds-out-to-first-baseman-munetaka-murakami_head_0p000_6p000
dataset\ground_ball\Codex_Workstation\G_120,G_120,ground_ball,2,2,4,yes,yes,1.190,1.290,1.190,1.290,,suggested_change_needs_visual_review,needs_knee_height_visual_review,pass_audio_only_needs_visual_confirmation,1.240,,,,\b(first baseman|first base|1st baseman|1st base|first-base line)\b,MLB_824441_peyton-pallette-in-play-out-s-to-jorge-soler_head_0p000_6p000
dataset\ground_ball\Codex_Workstation\G_121,G_121,ground_ball,3,3,,yes,yes,1.600,1.700,1.600,1.700,,needs_visual_review,needs_knee_height_visual_review,needs_visual_review,5.940,,,global_audio_diff_peak_outside_event_tolerance:5.940,,MLB_822901_michael-soroka-in-play-out-s-to-joc-pederson_head_0p000_6p000
dataset\ground_ball\Codex_Workstation\G_122,G_122,ground_ball,1,1,,yes,yes,3.380,3.480,3.380,3.480,,needs_visual_review,needs_knee_height_visual_review,pass_audio_only_needs_visual_confirmation,3.440,,,,,MLB_823953_wyatt-mills-in-play-run-s-to-jesus-rodriguez_head_0p000_6p000
dataset\ground_ball\Codex_Workstation\G_123,G_123,ground_ball,1,1,1,yes,yes,3.020,3.120,3.020,3.120,,source_hint_matches,needs_knee_height_visual_review,needs_visual_review,5.900,,,global_audio_diff_peak_outside_event_tolerance:5.900,\b(third baseman|third base|3rd baseman|3rd base|third-base line|hot corner)\b,MLB_823953_roki-sasaki-in-play-out-s-to-heliot-ramos_head_0p000_6p000
dataset\ground_ball\Codex_Workstation\G_124,G_124,ground_ball,4,4,,yes,yes,3.340,3.440,3.340,3.440,,needs_visual_review,needs_knee_height_visual_review,needs_visual_review,4.680,,,global_audio_diff_peak_outside_event_tolerance:4.680,"ambiguous:3,4",MLB_823953_matt-gage-in-play-out-s-to-shohei-ohtani_head_0p000_6p000
dataset\ground_ball\Codex_Workstation\G_125,G_125,ground_ball,1,1,4,yes,yes,3.380,3.480,3.380,3.480,,suggested_change_needs_visual_review,needs_knee_height_visual_review,pass_audio_only_needs_visual_confirmation,3.440,,,,\b(first baseman|first base|1st baseman|1st base|first-base line)\b,MLB_824442_walbert-urena-in-play-out-s-to-patrick-bailey-rghvxd_head_0p000_6p000
dataset\ground_ball\Codex_Workstation\G_126,G_126,ground_ball,1,1,1,yes,yes,3.420,3.520,3.420,3.520,,source_hint_matches,needs_knee_height_visual_review,pass_audio_only_needs_visual_confirmation,3.460,,,,\b(third baseman|third base|3rd baseman|3rd base|third-base line|hot corner)\b,MLB_824843_aaron-judge-singles-on-a-ground-ball-to-third-baseman-coby-mayo-defle_head_0p000_6p000
dataset\ground_ball\Codex_Workstation\G_127,G_127,ground_ball,3,3,,yes,yes,1.080,1.180,1.080,1.180,,needs_visual_review,needs_knee_height_visual_review,pass_audio_only_needs_visual_confirmation,1.120,,,,,MLB_823385_gregory-soto-in-play-out-s-to-tj-rumfield_head_0p000_6p000
dataset\ground_ball\Codex_Workstation\G_128,G_128,ground_ball,1,1,4,yes,yes,3.320,3.420,3.320,3.420,,suggested_change_needs_visual_review,needs_knee_height_visual_review,pass_audio_only_needs_visual_confirmation,3.380,,,,\b(first baseman|first base|1st baseman|1st base|first-base line)\b,MLB_823632_enmanuel-de-jesus-in-play-run-s-to-juan-soto_head_0p000_6p000
dataset\ground_ball\Codex_Workstation\G_129,G_129,ground_ball,2,2,4,yes,yes,1.780,1.880,1.780,1.880,,suggested_change_needs_visual_review,needs_knee_height_visual_review,pass_audio_only_needs_visual_confirmation,1.840,,,,\b(first baseman|first base|1st baseman|1st base|first-base line)\b,MLB_824604_matt-strahm-in-play-out-s-to-randal-grichuk-eukxx9_head_0p000_6p000
dataset\ground_ball\Codex_Workstation\G_130,G_130,ground_ball,4,4,1,yes,yes,1.980,2.080,1.980,2.080,,suggested_change_needs_visual_review,needs_knee_height_visual_review,pass_audio_only_needs_visual_confirmation,2.020,,,,\b(third baseman|third base|3rd baseman|3rd base|third-base line|hot corner)\b,MLB_824604_bobby-witt-jr-grounds-out-third-baseman-miguel-vargas-to-first-basema_head_0p000_6p000
dataset\ground_ball\Codex_Workstation\G_131,G_131,ground_ball,1,1,4,yes,yes,4.840,4.940,4.840,4.940,,suggested_change_needs_visual_review,needs_knee_height_visual_review,needs_visual_review,4.820,,,large_refinement_shift:4.000->4.890,\b(first baseman|first base|1st baseman|1st base|first-base line)\b,MLB_822903_jacob-latz-in-play-run-s-to-lourdes-gurriel-jr_head_0p000_6p000
dataset\ground_ball\Codex_Workstation\G_132,G_132,ground_ball,2,2,,yes,yes,0.960,1.060,0.960,1.060,,needs_visual_review,needs_knee_height_visual_review,needs_visual_review,4.880,,,global_audio_diff_peak_outside_event_tolerance:4.880,,MLB_824841_ryan-yarbrough-in-play-no-out-to-leody-taveras_head_0p000_6p000
dataset\ground_ball\Codex_Workstation\G_133,G_133,ground_ball,1,1,4,yes,yes,3.460,3.560,3.460,3.560,,suggested_change_needs_visual_review,needs_knee_height_visual_review,pass_audio_only_needs_visual_confirmation,3.520,,,,\b(first baseman|first base|1st baseman|1st base|first-base line)\b,MLB_824438_reid-detmers-in-play-run-s-to-david-fry_head_0p000_6p000
dataset\ground_ball\Codex_Workstation\G_134,G_134,ground_ball,1,1,4,yes,yes,3.460,3.560,3.460,3.560,,suggested_change_needs_visual_review,needs_knee_height_visual_review,needs_visual_review,4.940,,,global_audio_diff_peak_outside_event_tolerance:4.940,\b(first baseman|first base|1st baseman|1st base|first-base line)\b,MLB_824519_tejay-antone-in-play-run-s-to-luis-garcia-jr_head_0p000_6p000
dataset\ground_ball\Codex_Workstation\G_135,G_135,ground_ball,3,3,3,yes,yes,1.430,1.530,1.430,1.530,,source_hint_matches,needs_knee_height_visual_review,pass_audio_only_needs_visual_confirmation,1.480,,,,\b(second baseman|second base|2nd baseman|2nd base)\b,MLB_823386_jose-quintana-in-play-no-out-to-henry-davis-dshfyf_head_0p000_6p000
dataset\ground_ball\Codex_Workstation\G_136,G_136,ground_ball,1,1,4,yes,yes,1.650,1.750,1.650,1.750,,suggested_change_needs_visual_review,needs_knee_height_visual_review,pass_audio_only_needs_visual_confirmation,1.700,,,,\b(first baseman|first base|1st baseman|1st base|first-base line)\b,MLB_823631_framber-valdez-in-play-out-s-to-bo-bichette-idyz3p_head_0p000_6p000
dataset\ground_ball\Codex_Workstation\G_137,G_137,ground_ball,1,1,,yes,yes,3.480,3.580,3.480,3.580,,needs_visual_review,needs_knee_height_visual_review,pass_audio_only_needs_visual_confirmation,3.520,,,,"ambiguous:2,3",MLB_824603_chase-meidroth-grounds-into-a-force-out-shortstop-bobby-witt-jr-to-se_head_0p000_6p000
dataset\ground_ball\Codex_Workstation\G_138,G_138,ground_ball,3,3,1,yes,yes,3.780,3.880,3.780,3.880,,suggested_change_needs_visual_review,needs_knee_height_visual_review,pass_audio_only_needs_visual_confirmation,3.840,,,,\b(third baseman|third base|3rd baseman|3rd base|third-base line|hot corner)\b,MLB_823710_simeon-woods-richardson-in-play-run-s-to-connor-norby_head_0p000_6p000
dataset\ground_ball\Codex_Workstation\G_139,G_139,ground_ball,1,1,,yes,yes,1.620,1.720,1.620,1.720,,needs_visual_review,needs_knee_height_visual_review,needs_visual_review,5.320,,,global_audio_diff_peak_outside_event_tolerance:5.320,,MLB_823791_michael-king-in-play-run-s-to-brice-turang-8uvl8g_head_0p000_6p000
dataset\ground_ball\Codex_Workstation\G_140,G_140,ground_ball,1,1,2,yes,yes,3.340,3.440,3.340,3.440,,suggested_change_needs_visual_review,needs_knee_height_visual_review,needs_visual_review,3.380,,,large_refinement_shift:4.000->3.390,\b(shortstop|short stop|left side|hole between third and short)\b,MLB_823383_oneil-cruz-grounds-out-shortstop-ezequiel-tovar-to-first-baseman-tj-r_head_0p000_6p000
dataset\ground_ball\Codex_Workstation\G_141,G_141,ground_ball,1,1,,yes,yes,3.420,3.520,3.420,3.520,,needs_visual_review,needs_knee_height_visual_review,pass_audio_only_needs_visual_confirmation,3.480,,,,,MLB_823709_calvin-faucher-in-play-run-s-to-victor-caratini_head_0p000_6p000
dataset\ground_ball\Codex_Workstation\G_142,G_142,ground_ball,1,1,4,yes,yes,4.100,4.200,4.100,4.200,,suggested_change_needs_visual_review,needs_knee_height_visual_review,pass_audio_only_needs_visual_confirmation,4.160,,,,\b(first baseman|first base|1st baseman|1st base|first-base line)\b,MLB_823789_brian-fitzpatrick-in-play-out-s-to-fernando-tatis-jr_head_0p000_6p000
dataset\ground_ball\Codex_Workstation\G_143,G_143,ground_ball,4,4,2,yes,yes,3.380,3.480,3.380,3.480,,suggested_change_needs_visual_review,needs_knee_height_visual_review,pass_audio_only_needs_visual_confirmation,3.440,,,,\b(shortstop|short stop|left side|hole between third and short)\b,MLB_824926_chris-sale-in-play-run-s-to-matt-shaw_head_0p000_6p000
dataset\ground_ball\Codex_Workstation\G_144,G_144,ground_ball,2,2,,yes,yes,3.550,3.650,3.550,3.650,,needs_visual_review,needs_knee_height_visual_review,pass_audio_only_needs_visual_confirmation,3.600,,,,,MLB_824602_tyler-davis-in-play-run-s-to-maikel-garcia_head_0p000_6p000
dataset\ground_ball\Codex_Workstation\G_145,G_145,ground_ball,3,3,3,yes,yes,1.880,1.980,1.880,1.980,,source_hint_matches,needs_knee_height_visual_review,pass_audio_only_needs_visual_confirmation,1.940,,,,\b(second baseman|second base|2nd baseman|2nd base)\b,MLB_823950_rafael-devers-out-at-second-base-stands_head_0p000_6p000
dataset\ground_ball\Codex_Workstation\G_146,G_146,ground_ball,1,1,,yes,yes,3.460,3.560,3.460,3.560,,needs_visual_review,needs_knee_height_visual_review,pass_audio_only_needs_visual_confirmation,3.500,,,,,MLB_823384_orion-kerkering-in-play-run-s-to-konnor-griffin_head_0p000_6p000
dataset\ground_ball\Codex_Workstation\G_147,G_147,ground_ball,4,4,1,yes,yes,1.220,1.320,1.220,1.320,,suggested_change_needs_visual_review,needs_knee_height_visual_review,pass_audio_only_needs_visual_confirmation,1.280,,,,\b(third baseman|third base|3rd baseman|3rd base|third-base line|hot corner)\b,MLB_822739_shane-baz-in-play-out-s-to-curtis-mead_head_0p000_6p000
dataset\ground_ball\Codex_Workstation\G_148,G_148,ground_ball,1,1,,yes,yes,3.480,3.580,3.480,3.580,,needs_visual_review,needs_knee_height_visual_review,pass_audio_only_needs_visual_confirmation,3.540,,,,,MLB_824439_tejay-antone-in-play-run-s-to-angel-martinez_head_0p000_6p000
dataset\ground_ball\Codex_Workstation\G_149,G_149,ground_ball,3,3,,yes,yes,1.940,2.040,1.940,2.040,,needs_visual_review,needs_knee_height_visual_review,pass_audio_only_needs_visual_confirmation,1.980,,,,,MLB_823629_david-bednar-in-play-run-s-to-brett-baty_head_0p000_6p000
dataset\ground_ball\Codex_Workstation\G_150,G_150,ground_ball,3,3,,yes,yes,1.150,1.250,1.150,1.250,,needs_visual_review,needs_knee_height_visual_review,pass_audio_only_needs_visual_confirmation,1.200,,,,,MLB_823629_craig-kimbrel-in-play-out-s-to-aaron-judge_head_0p000_6p000
dataset\ground_ball\Codex_Workstation\G_151,G_151,ground_ball,3,3,4,yes,yes,1.740,1.840,1.740,1.840,,suggested_change_needs_visual_review,needs_knee_height_visual_review,pass_audio_only_needs_visual_confirmation,1.780,,,,\b(first baseman|first base|1st baseman|1st base|first-base line)\b,MLB_823629_cam-schlittler-in-play-out-s-to-mark-vientos_head_0p000_6p000
dataset\ground_ball\Codex_Workstation\G_152,G_152,ground_ball,2,2,,yes,yes,2.000,2.100,2.000,2.100,,needs_visual_review,needs_knee_height_visual_review,needs_visual_review,2.060,,,large_refinement_shift:2.950->2.050,,MLB_823629_cam-schlittler-in-play-out-s-to-mark-vientos-awnk9p_head_0p000_6p000
dataset\ground_ball\Codex_Workstation\G_153,G_153,ground_ball,1,1,,yes,yes,3.420,3.520,3.420,3.520,,needs_visual_review,needs_knee_height_visual_review,needs_visual_review,5.580,,,global_audio_diff_peak_outside_event_tolerance:5.580;large_refinement_shift:4.000->3.470,,MLB_824601_edward-cabrera-in-play-run-s-to-tristan-peters_head_0p000_6p000
dataset\ground_ball\Codex_Workstation\G_154,G_154,ground_ball,4,4,4,yes,yes,3.360,3.460,3.360,3.460,,source_hint_matches,needs_knee_height_visual_review,pass_audio_only_needs_visual_confirmation,3.420,,,,\b(first baseman|first base|1st baseman|1st base|first-base line)\b,MLB_823061_dustin-may-in-play-run-s-to-isaac-collins-xdvpjt_head_0p000_6p000
dataset\ground_ball\Codex_Workstation\G_155,G_155,ground_ball,4,4,2,yes,yes,2.460,2.560,2.460,2.560,,suggested_change_needs_visual_review,needs_knee_height_visual_review,needs_visual_review,5.720,,,global_audio_diff_peak_outside_event_tolerance:5.720,\b(shortstop|short stop|left side|hole between third and short)\b,MLB_823382_cristopher-sanchez-in-play-out-s-to-nick-yorke-t9vmd2_head_0p000_6p000
dataset\ground_ball\Codex_Workstation\G_156,G_156,ground_ball,3,3,3,yes,yes,2.880,2.980,2.880,2.980,,source_hint_matches,needs_knee_height_visual_review,needs_visual_review,1.880,,,global_audio_diff_peak_outside_event_tolerance:1.880;large_refinement_shift:2.050->2.930,\b(second baseman|second base|2nd baseman|2nd base)\b,MLB_824193_bryan-abreu-in-play-out-s-to-ezequiel-duran-hu8i3q_head_0p000_6p000
dataset\ground_ball\Codex_Workstation\G_157,G_157,ground_ball,2,2,4,yes,yes,2.220,2.320,2.220,2.320,,suggested_change_needs_visual_review,needs_knee_height_visual_review,needs_visual_review,1.300,,,global_audio_diff_peak_outside_event_tolerance:1.300,\b(first baseman|first base|1st baseman|1st base|first-base line)\b,MLB_824193_kai-wei-teng-in-play-out-s-to-jake-burger_head_0p000_6p000
dataset\ground_ball\Codex_Workstation\G_158,G_158,ground_ball,1,1,2,yes,yes,3.980,4.080,3.980,4.080,,suggested_change_needs_visual_review,needs_knee_height_visual_review,needs_visual_review,2.900,,,global_audio_diff_peak_outside_event_tolerance:2.900,\b(shortstop|short stop|left side|hole between third and short)\b,MLB_823139_miguel-andujar-s-rbi-groundout_head_0p000_6p000
dataset\ground_ball\Codex_Workstation\G_159,G_159,ground_ball,4,4,1,yes,yes,1.440,1.540,1.440,1.540,,suggested_change_needs_visual_review,needs_knee_height_visual_review,pass_audio_only_needs_visual_confirmation,1.480,,,,\b(third baseman|third base|3rd baseman|3rd base|third-base line|hot corner)\b,MLB_823139_jeremiah-estrada-in-play-out-s-to-josh-naylor-vqyrka_head_0p000_6p000
dataset\ground_ball\Codex_Workstation\G_160,G_160,ground_ball,3,3,,yes,yes,1.960,2.060,1.960,2.060,,needs_visual_review,needs_knee_height_visual_review,pass_audio_only_needs_visual_confirmation,2.020,,,,,MLB_823139_cole-young-s-rbi-groundout_head_0p000_6p000
dataset\ground_ball\Codex_Workstation\G_161,G_161,ground_ball,2,2,,yes,yes,3.120,3.220,3.120,3.220,,needs_visual_review,needs_knee_height_visual_review,needs_visual_review,3.780,,,global_audio_diff_peak_outside_event_tolerance:3.780;large_refinement_shift:2.300->3.170,,MLB_824924_aroldis-chapman-in-play-out-s-to-ha-seong-kim-teujp2_head_0p000_6p000
dataset\ground_ball\Codex_Workstation\G_162,G_162,ground_ball,2,2,3,yes,yes,3.380,3.480,3.380,3.480,,suggested_change_needs_visual_review,needs_knee_height_visual_review,needs_visual_review,3.960,,,global_audio_diff_peak_outside_event_tolerance:3.960,\b(second baseman|second base|2nd baseman|2nd base)\b,MLB_825007_trevor-mcdonald-in-play-run-s-to-jeff-mcneil_head_0p000_6p000
dataset\ground_ball\Codex_Workstation\G_163,G_163,ground_ball,2,2,,yes,yes,3.540,3.640,3.540,3.640,,needs_visual_review,needs_knee_height_visual_review,pass_audio_only_needs_visual_confirmation,3.580,,,,"ambiguous:1,3",MLB_825007_jonah-heim-grounds-out-third-baseman-matt-chapman-to-first-baseman-ra_head_0p000_6p000
dataset\ground_ball\Codex_Workstation\G_164,G_164,ground_ball,2,2,3,yes,yes,4.320,4.420,4.320,4.420,,suggested_change_needs_visual_review,needs_knee_height_visual_review,needs_visual_review,5.700,,,global_audio_diff_peak_outside_event_tolerance:5.700;large_refinement_shift:3.650->4.370,\b(second baseman|second base|2nd baseman|2nd base)\b,MLB_824277_chase-delauter-grounds-into-a-force-out-second-baseman-zach-mckinstry_head_0p000_6p000
dataset\ground_ball\Codex_Workstation\G_165,G_165,ground_ball,2,2,,yes,yes,1.200,1.300,1.200,1.300,,needs_visual_review,needs_knee_height_visual_review,pass_audio_only_needs_visual_confirmation,1.240,,,,"ambiguous:2,3,4",MLB_822980_coby-mayo-grounds-out-shortstop-taylor-walls-to-first-baseman-jonatha_head_0p000_6p000
dataset\ground_ball\Codex_Workstation\G_166,G_166,ground_ball,2,2,2,yes,yes,3.420,3.520,3.420,3.520,,source_hint_matches,needs_knee_height_visual_review,needs_visual_review,3.480,,,large_refinement_shift:4.000->3.470,\b(shortstop|short stop|left side|hole between third and short)\b,MLB_822980_jonathan-aranda-grounds-out-shortstop-gunnar-henderson-to-first-basem_head_0p000_6p000
dataset\ground_ball\Codex_Workstation\G_167,G_167,ground_ball,2,2,,yes,yes,1.020,1.120,1.020,1.120,,needs_visual_review,needs_knee_height_visual_review,pass_audio_only_needs_visual_confirmation,1.060,,,,"ambiguous:2,3",MLB_822980_jeremiah-jackson-grounds-out-shortstop-taylor-walls-to-first-baseman-_head_0p000_6p000
dataset\ground_ball\Codex_Workstation\G_168,G_168,ground_ball,1,1,4,yes,yes,4.820,4.920,4.820,4.920,,suggested_change_needs_visual_review,needs_knee_height_visual_review,needs_visual_review,3.740,,,global_audio_diff_peak_outside_event_tolerance:3.740;large_refinement_shift:4.000->4.870,\b(first baseman|first base|1st baseman|1st base|first-base line)\b,MLB_823867_jr-ritchie-in-play-run-s-to-joe-mack_head_0p000_6p000
dataset\ground_ball\Codex_Workstation\G_169,G_169,ground_ball,2,2,,yes,yes,1.200,1.300,1.200,1.300,,needs_visual_review,needs_knee_height_visual_review,pass_audio_only_needs_visual_confirmation,1.260,,,,"ambiguous:2,3",MLB_823549_max-schuemann-grounds-into-a-force-out-shortstop-ernie-clement-to-sec_head_0p000_6p000
dataset\ground_ball\Codex_Workstation\G_170,G_170,ground_ball,3,3,,yes,yes,1.400,1.500,1.400,1.500,,needs_visual_review,needs_knee_height_visual_review,pass_audio_only_needs_visual_confirmation,1.460,,,,"ambiguous:3,4",MLB_823137_miguel-vargas-grounds-into-a-force-out-third-baseman-colt-emerson-to-_head_0p000_6p000
dataset\ground_ball\Codex_Workstation\G_171,G_171,ground_ball,2,2,2,yes,yes,2.140,2.240,2.140,2.240,,source_hint_matches,needs_knee_height_visual_review,pass_audio_only_needs_visual_confirmation,2.200,,,,\b(shortstop|short stop|left side|hole between third and short)\b,MLB_823865_calvin-faucher-in-play-run-s-to-matt-olson_head_0p000_6p000
dataset\ground_ball\Codex_Workstation\G_172,G_172,ground_ball,2,2,3,yes,yes,1.060,1.160,1.060,1.160,,suggested_change_needs_visual_review,needs_knee_height_visual_review,pass_audio_only_needs_visual_confirmation,1.100,,,,\b(second baseman|second base|2nd baseman|2nd base)\b,MLB_823865_calvin-faucher-in-play-run-s-to-mauricio-dubon_head_0p000_6p000
dataset\ground_ball\Codex_Workstation\G_173,G_173,ground_ball,2,2,2,no,no,2.140,2.240,2.140,2.240,,source_hint_matches,needs_knee_height_visual_review,pass_audio_only_needs_visual_confirmation,2.200,,,,\b(shortstop|short stop|left side|hole between third and short)\b,MLB_824276_brayan-rocchio-grounds-out-shortstop-zack-short-to-first-baseman-spen_head_0p000_6p000
dataset\ground_ball\Codex_Workstation\G_174,G_174,ground_ball,1,1,2,yes,yes,3.440,3.540,3.440,3.540,,suggested_change_needs_visual_review,needs_knee_height_visual_review,pass_audio_only_needs_visual_confirmation,3.480,,,,\b(shortstop|short stop|left side|hole between third and short)\b,MLB_824276_zach-mckinstry-grounds-out-to-first-baseman-kyle-manzardo_head_0p000_6p000
dataset\ground_ball\Codex_Workstation\G_175,G_175,ground_ball,3,3,1,yes,yes,4.540,4.640,4.540,4.640,,suggested_change_needs_visual_review,needs_knee_height_visual_review,needs_visual_review,1.420,,,global_audio_diff_peak_outside_event_tolerance:1.420;large_refinement_shift:3.800->4.590,\b(third baseman|third base|3rd baseman|3rd base|third-base line|hot corner)\b,MLB_824112_nick-mears-in-play-run-s-to-willson-contreras_head_0p000_6p000
dataset\ground_ball\Codex_Workstation\G_176,G_176,ground_ball,1,1,,yes,yes,2.080,2.180,2.080,2.180,,needs_visual_review,needs_knee_height_visual_review,needs_visual_review,5.940,,,global_audio_diff_peak_outside_event_tolerance:5.940,"ambiguous:1,2,4",MLB_823059_matthew-liberatore-in-play-out-s-to-konnor-griffin_head_0p000_6p000
dataset\ground_ball\Codex_Workstation\G_177,G_177,ground_ball,2,2,3,yes,yes,3.100,3.200,3.100,3.200,,suggested_change_needs_visual_review,needs_knee_height_visual_review,needs_visual_review,2.620,,,global_audio_diff_peak_outside_event_tolerance:2.620,\b(second baseman|second base|2nd baseman|2nd base)\b,MLB_823302_griffin-canning-in-play-run-s-to-shohei-ohtani_head_0p000_6p000
dataset\ground_ball\Codex_Workstation\G_178,G_178,ground_ball,2,2,4,yes,yes,1.320,1.420,1.320,1.420,,suggested_change_needs_visual_review,needs_knee_height_visual_review,needs_visual_review,2.220,,,global_audio_diff_peak_outside_event_tolerance:2.220,\b(first baseman|first base|1st baseman|1st base|first-base line)\b,MLB_823302_griffin-canning-in-play-out-s-to-mookie-betts-sfnlb4_head_0p000_6p000
dataset\ground_ball\Codex_Workstation\G_179,G_179,ground_ball,1,1,4,yes,yes,3.020,3.120,3.020,3.120,,suggested_change_needs_visual_review,needs_knee_height_visual_review,needs_visual_review,5.280,,,global_audio_diff_peak_outside_event_tolerance:5.280,\b(first baseman|first base|1st baseman|1st base|first-base line)\b,MLB_823462_aaron-nola-in-play-run-s-to-will-benson_head_0p000_6p000
dataset\ground_ball\Codex_Workstation\G_180,G_180,ground_ball,2,2,2,yes,yes,1.980,2.080,1.980,2.080,,source_hint_matches,needs_knee_height_visual_review,pass_audio_only_needs_visual_confirmation,2.040,,,,\b(shortstop|short stop|left side|hole between third and short)\b,MLB_823703_jake-meyers-grounds-out-shortstop-ryan-kreidler-to-first-baseman-kody_head_0p000_6p000
dataset\ground_ball\Codex_Workstation\G_181,G_181,ground_ball,1,1,,yes,yes,2.680,2.780,2.680,2.780,,needs_visual_review,needs_knee_height_visual_review,needs_visual_review,1.460,,,global_audio_diff_peak_outside_event_tolerance:1.460;large_refinement_shift:2.000->2.730,"ambiguous:2,4",MLB_824355_jaden-hill-in-play-out-s-to-evan-carter_head_0p000_6p000
dataset\ground_ball\Codex_Workstation\G_182,G_182,ground_ball,2,2,3,yes,yes,3.300,3.400,3.300,3.400,,suggested_change_needs_visual_review,needs_knee_height_visual_review,needs_visual_review,5.560,,,global_audio_diff_peak_outside_event_tolerance:5.560;large_refinement_shift:3.900->3.350,\b(second baseman|second base|2nd baseman|2nd base)\b,MLB_825084_tyler-mahle-in-play-run-s-to-ildemaro-vargas_head_0p000_6p000
dataset\ground_ball\Codex_Workstation\G_183,G_183,ground_ball,2,2,3,no,no,2.280,2.380,2.280,2.380,,suggested_change_needs_visual_review,needs_knee_height_visual_review,needs_visual_review,3.800,,,global_audio_diff_peak_outside_event_tolerance:3.800;large_refinement_shift:1.400->2.330,\b(second baseman|second base|2nd baseman|2nd base)\b,MLB_824273_will-vest-in-play-run-s-to-patrick-bailey_head_0p000_6p000
dataset\ground_ball\Codex_Workstation\G_184,G_184,ground_ball,2,2,,yes,yes,3.140,3.240,3.140,3.240,,needs_visual_review,needs_knee_height_visual_review,needs_visual_review,4.620,,,global_audio_diff_peak_outside_event_tolerance:4.620;large_refinement_shift:4.000->3.190,,MLB_823547_louis-varland-in-play-run-s-to-paul-goldschmidt_head_0p000_6p000
dataset\ground_ball\Codex_Workstation\G_185,G_185,ground_ball,2,2,,yes,yes,4.860,4.960,4.860,4.960,,needs_visual_review,needs_knee_height_visual_review,needs_visual_review,5.080,,,large_refinement_shift:4.000->4.910,,MLB_824032_hogan-harris-in-play-out-s-to-jorge-soler_head_0p000_6p000
dataset\ground_ball\Codex_Workstation\G_186,G_186,ground_ball,3,3,1,yes,yes,3.460,3.560,3.460,3.560,,suggested_change_needs_visual_review,needs_knee_height_visual_review,pass_audio_only_needs_visual_confirmation,3.520,,,,\b(third baseman|third base|3rd baseman|3rd base|third-base line|hot corner)\b,MLB_823056_justin-bruihl-in-play-run-s-to-bryan-reynolds-fbq70k_head_0p000_6p000
dataset\ground_ball\Codex_Workstation\G_187,G_187,ground_ball,1,1,2,yes,yes,3.400,3.500,3.400,3.500,,suggested_change_needs_visual_review,needs_knee_height_visual_review,pass_audio_only_needs_visual_confirmation,3.440,,,,\b(shortstop|short stop|left side|hole between third and short)\b,MLB_822733_david-peterson-in-play-run-s-to-andres-chaparro_head_0p000_6p000
dataset\ground_ball\Codex_Workstation\G_188,G_188,ground_ball,1,1,4,yes,yes,2.100,2.200,2.100,2.200,,suggested_change_needs_visual_review,needs_knee_height_visual_review,needs_visual_review,3.580,,,global_audio_diff_peak_outside_event_tolerance:3.580;large_refinement_shift:1.350->2.150,\b(first baseman|first base|1st baseman|1st base|first-base line)\b,MLB_825083_eduardo-rodriguez-in-play-out-s-to-braxton-fulford-txszqw_head_0p000_6p000
dataset\ground_ball\Codex_Workstation\G_189,G_189,ground_ball,3,3,,no,no,1.080,1.180,1.080,1.180,,needs_visual_review,needs_knee_height_visual_review,pass_audio_only_needs_visual_confirmation,1.140,,,,"ambiguous:1,2",MLB_825083_ezequiel-tovar-grounds-out-third-baseman-nolan-arenado-to-first-basem_head_0p000_6p000
dataset\ground_ball\Codex_Workstation\G_190,G_190,ground_ball,3,3,3,yes,yes,0.960,1.060,0.960,1.060,,source_hint_matches,needs_knee_height_visual_review,pass_audio_only_needs_visual_confirmation,1.000,,,,\b(second baseman|second base|2nd baseman|2nd base)\b,MLB_825083_blas-castano-in-play-run-s-to-corbin-carroll-wp0qha-x7856_head_0p000_6p000
dataset\ground_ball\Codex_Workstation\G_191,G_191,ground_ball,2,2,,yes,yes,3.400,3.500,3.400,3.500,,needs_visual_review,needs_knee_height_visual_review,pass_audio_only_needs_visual_confirmation,3.440,,,,,MLB_822816_louis-varland-in-play-run-s-to-bryan-reynolds_head_0p000_6p000
dataset\ground_ball\Codex_Workstation\G_192,G_192,ground_ball,1,1,4,no,no,3.040,3.140,3.040,3.140,,suggested_change_needs_visual_review,needs_knee_height_visual_review,needs_visual_review,5.580,,,global_audio_diff_peak_outside_event_tolerance:5.580,\b(first baseman|first base|1st baseman|1st base|first-base line)\b,MLB_824761_connor-prielipp-in-play-run-s-to-jarren-duran_head_0p000_6p000
dataset\ground_ball\Codex_Workstation\G_193,G_193,ground_ball,1,1,4,yes,yes,1.460,1.560,1.460,1.560,,suggested_change_needs_visual_review,needs_knee_height_visual_review,pass_audio_only_needs_visual_confirmation,1.500,,,,\b(first baseman|first base|1st baseman|1st base|first-base line)\b,MLB_823863_sean-manaea-in-play-run-s-to-owen-caissie_head_0p000_6p000
dataset\ground_ball\Codex_Workstation\G_194,G_194,ground_ball,2,2,,no,no,1.000,1.100,1.000,1.100,,needs_visual_review,needs_knee_height_visual_review,pass_audio_only_needs_visual_confirmation,1.040,,,,"ambiguous:2,4",MLB_824922_miles-mikolas-in-play-out-s-to-ronald-acuna-jr-vy8dmp_head_0p000_6p000
dataset\ground_ball\Codex_Workstation\G_195,G_195,ground_ball,1,1,4,yes,yes,3.420,3.520,3.420,3.520,,suggested_change_needs_visual_review,needs_knee_height_visual_review,needs_visual_review,0.840,,,global_audio_diff_peak_outside_event_tolerance:0.840,\b(first baseman|first base|1st baseman|1st base|first-base line)\b,MLB_823298_brent-rooker-grounds-out-third-baseman-manny-machado-to-first-baseman_head_0p000_6p000
dataset\ground_ball\Codex_Workstation\G_196,G_196,ground_ball,3,3,,yes,yes,3.420,3.520,3.420,3.520,,needs_visual_review,needs_knee_height_visual_review,pass_audio_only_needs_visual_confirmation,3.480,,,,"ambiguous:1,4",MLB_823223_davis-martin-in-play-run-s-to-jesus-rodriguez_head_0p000_6p000
dataset\ground_ball\Codex_Workstation\G_197,G_197,ground_ball,2,2,3,yes,yes,3.300,3.400,3.300,3.400,,suggested_change_needs_visual_review,needs_knee_height_visual_review,pass_audio_only_needs_visual_confirmation,3.360,,,,\b(second baseman|second base|2nd baseman|2nd base)\b,MLB_823223_davis-martin-in-play-run-s-to-casey-schmitt_head_0p000_6p000
dataset\ground_ball\Codex_Workstation\G_198,G_198,ground_ball,2,2,3,yes,yes,3.440,3.540,3.440,3.540,,suggested_change_needs_visual_review,needs_knee_height_visual_review,pass_audio_only_needs_visual_confirmation,3.500,,,,\b(second baseman|second base|2nd baseman|2nd base)\b,MLB_822814_yariel-rodriguez-in-play-run-s-to-marcell-ozuna_head_0p000_6p000
dataset\ground_ball\Codex_Workstation\G_199,G_199,ground_ball,2,2,3,yes,yes,1.620,1.720,1.620,1.720,,suggested_change_needs_visual_review,needs_knee_height_visual_review,needs_visual_review,3.240,,,global_audio_diff_peak_outside_event_tolerance:3.240,\b(second baseman|second base|2nd baseman|2nd base)\b,MLB_824109_carter-jensen-grounds-out-to-first-baseman-josh-naylor-bobby-witt-jr-_head_0p000_6p000
dataset\ground_ball\Codex_Workstation\G_200,G_200,ground_ball,3,3,1,yes,yes,1.880,1.980,1.880,1.980,,suggested_change_needs_visual_review,needs_knee_height_visual_review,needs_visual_review,5.920,,,global_audio_diff_peak_outside_event_tolerance:5.920,\b(third baseman|third base|3rd baseman|3rd base|third-base line|hot corner)\b,MLB_824920_ozzie-albies-grounds-out-third-baseman-jorbit-vivas-to-first-baseman-_head_0p000_6p000
dataset\ground_ball\Codex_Workstation\G_201,G_201,ground_ball,2,2,2,no,no,4.740,4.840,4.740,4.840,,source_hint_matches,needs_knee_height_visual_review,needs_visual_review,3.460,,,global_audio_diff_peak_outside_event_tolerance:3.460;large_refinement_shift:4.000->4.790,\b(shortstop|short stop|left side|hole between third and short)\b,MLB_823787_kyle-hurt-in-play-out-s-to-andrew-vaughn_head_0p000_6p000
dataset\ground_ball\Codex_Workstation\G_202,G_202,ground_ball,2,2,2,no,no,3.420,3.520,3.420,3.520,,source_hint_matches,needs_knee_height_visual_review,needs_visual_review,5.680,,,global_audio_diff_peak_outside_event_tolerance:5.680;large_refinement_shift:4.000->3.470,\b(shortstop|short stop|left side|hole between third and short)\b,MLB_823300_jose-suarez-in-play-run-s-to-ty-france-x4828_head_0p000_6p000
dataset\ground_ball\Codex_Workstation\G_203,G_203,ground_ball,3,3,1,yes,yes,1.840,1.940,1.840,1.940,,suggested_change_needs_visual_review,needs_knee_height_visual_review,needs_visual_review,1.880,,,large_refinement_shift:1.350->1.890,\b(third baseman|third base|3rd baseman|3rd base|third-base line|hot corner)\b,MLB_824030_nathan-eovaldi-in-play-no-out-to-zach-neto-sfghud_head_0p000_6p000
dataset\ground_ball\Codex_Workstation\G_204,G_204,ground_ball,2,2,,yes,yes,2.780,2.880,2.780,2.880,,needs_visual_review,needs_knee_height_visual_review,needs_visual_review,3.500,,,global_audio_diff_peak_outside_event_tolerance:3.500;large_refinement_shift:3.650->2.830,,MLB_825080_brandon-pfaadt-in-play-out-s-to-sterlin-thompson_head_0p000_6p000
dataset\ground_ball\Codex_Workstation\G_205,G_205,ground_ball,2,2,2,yes,yes,3.880,3.980,3.880,3.980,,source_hint_matches,needs_knee_height_visual_review,needs_visual_review,3.300,,,global_audio_diff_peak_outside_event_tolerance:3.300;large_refinement_shift:3.350->3.930,\b(shortstop|short stop|left side|hole between third and short)\b,MLB_825080_ezequiel-tovar-grounds-into-a-force-out-shortstop-geraldo-perdomo-to-_head_0p000_6p000
dataset\ground_ball\Codex_Workstation\G_206,G_206,ground_ball,2,2,3,yes,yes,3.340,3.440,3.340,3.440,,suggested_change_needs_visual_review,needs_knee_height_visual_review,pass_audio_only_needs_visual_confirmation,3.400,,,,\b(second baseman|second base|2nd baseman|2nd base)\b,MLB_824759_sonny-gray-in-play-run-s-to-victor-caratini_head_0p000_6p000
dataset\ground_ball\Codex_Workstation\G_207,G_207,ground_ball,2,2,,yes,yes,2.780,2.880,2.780,2.880,,needs_visual_review,needs_knee_height_visual_review,needs_visual_review,3.360,,,global_audio_diff_peak_outside_event_tolerance:3.360;large_refinement_shift:2.100->2.830,,MLB_824108_bryan-woo-in-play-out-s-to-maikel-garcia-cpbubo_head_0p000_6p000
dataset\ground_ball\Codex_Workstation\G_208,G_208,ground_ball,1,1,,yes,yes,1.740,1.840,1.740,1.840,,needs_visual_review,needs_knee_height_visual_review,needs_visual_review,0.640,,,global_audio_diff_peak_outside_event_tolerance:0.640,,MLB_824108_seth-lugo-in-play-out-s-to-j-p-crawford-3zcb31_head_0p000_6p000
dataset\ground_ball\Codex_Workstation\G_209,G_209,ground_ball,1,1,2,yes,yes,0.980,1.080,0.980,1.080,,suggested_change_needs_visual_review,needs_knee_height_visual_review,needs_visual_review,1.020,,,large_refinement_shift:2.150->1.030,\b(shortstop|short stop|left side|hole between third and short)\b,MLB_823786_mookie-betts-grounds-out-shortstop-joey-ortiz-to-first-baseman-andrew_head_0p000_6p000
dataset\ground_ball\Codex_Workstation\G_210,G_210,ground_ball,1,1,,yes,yes,0.830,0.930,0.830,0.930,,needs_visual_review,needs_knee_height_visual_review,needs_visual_review,5.900,,,global_audio_diff_peak_outside_event_tolerance:5.900,,MLB_823220_keaton-winn-in-play-out-s-to-colson-montgomery_head_0p000_6p000
dataset\ground_ball\Codex_Workstation\G_211,G_211,ground_ball,1,1,,yes,yes,3.320,3.420,3.320,3.420,,needs_visual_review,needs_knee_height_visual_review,pass_audio_only_needs_visual_confirmation,3.380,,,,,MLB_825081_blas-castano-in-play-run-s-to-geraldo-perdomo_head_0p000_6p000
dataset\ground_ball\Codex_Workstation\G_212,G_212,ground_ball,3,3,,yes,yes,2.880,2.980,2.880,2.980,,needs_visual_review,needs_knee_height_visual_review,needs_visual_review,3.360,,,global_audio_diff_peak_outside_event_tolerance:3.360;large_refinement_shift:2.150->2.930,,MLB_824921_ronald-acuna-jr-grounds-out-softly-first-baseman-luis-garcia-jr-to-pi_head_0p000_6p000
dataset\ground_ball\Codex_Workstation\G_213,G_213,ground_ball,1,1,,yes,yes,2.180,2.280,2.180,2.280,,needs_visual_review,needs_knee_height_visual_review,needs_visual_review,5.220,,,global_audio_diff_peak_outside_event_tolerance:5.220,,MLB_823784_jacob-misiorowski-in-play-run-s-to-ivan-herrera_head_0p000_6p000
dataset\ground_ball\Codex_Workstation\G_214,G_214,ground_ball,1,1,,yes,yes,1.420,1.520,1.420,1.520,,needs_visual_review,needs_knee_height_visual_review,needs_visual_review,3.440,,,global_audio_diff_peak_outside_event_tolerance:3.440;large_refinement_shift:2.150->1.470,,MLB_823625_brock-burke-in-play-run-s-to-carson-benge_head_0p000_6p000
dataset\ground_ball\Codex_Workstation\G_216,G_216,ground_ball,3,3,,yes,yes,2.820,2.920,2.820,2.920,,needs_visual_review,needs_knee_height_visual_review,pass_audio_only_needs_visual_confirmation,2.660,,,,,MLB_822812_otto-lopez-grounds-out-third-baseman-kazuma-okamoto-to-first-baseman-_head_0p000_6p000
dataset\ground_ball\Codex_Workstation\G_217,G_217,ground_ball,1,1,,yes,yes,3.600,3.700,3.600,3.700,,needs_visual_review,needs_knee_height_visual_review,needs_visual_review,3.640,,,large_refinement_shift:2.500->3.650,,MLB_822812_tyler-rogers-in-play-run-s-to-jakob-marsee_head_0p000_6p000
dataset\ground_ball\Codex_Workstation\G_218,G_218,ground_ball,1,1,,yes,yes,3.620,3.720,3.620,3.720,,needs_visual_review,needs_knee_height_visual_review,needs_visual_review,4.800,,,global_audio_diff_peak_outside_event_tolerance:4.800;large_refinement_shift:3.100->3.670,,MLB_825005_aaron-civale-in-play-run-s-to-josh-naylor_head_0p000_6p000
dataset\ground_ball\Codex_Workstation\G_219,G_219,ground_ball,3,3,,yes,yes,3.180,3.280,3.180,3.280,,needs_visual_review,needs_knee_height_visual_review,needs_visual_review,5.860,,,global_audio_diff_peak_outside_event_tolerance:5.860;large_refinement_shift:2.150->3.230,,MLB_825005_bryce-miller-in-play-run-s-to-jeff-mcneil_head_0p000_6p000
dataset\ground_ball\Codex_Workstation\G_220,G_220,ground_ball,3,3,1,yes,yes,3.420,3.520,3.420,3.520,,suggested_change_needs_visual_review,needs_knee_height_visual_review,needs_visual_review,3.460,,,large_refinement_shift:2.500->3.470,\b(third baseman|third base|3rd baseman|3rd base|third-base line|hot corner)\b,MLB_824434_mitchell-parker-in-play-run-s-to-jose-ramirez_head_0p000_6p000
dataset\ground_ball\Codex_Workstation\G_221,G_221,ground_ball,2,2,,yes,yes,3.160,3.260,3.160,3.260,,needs_visual_review,needs_knee_height_visual_review,needs_visual_review,3.900,,,global_audio_diff_peak_outside_event_tolerance:3.900;large_refinement_shift:2.150->3.210,,MLB_824837_griffin-jax-in-play-run-s-to-blaze-alexander_head_0p000_6p000
dataset\ground_ball\Codex_Workstation\G_222,G_222,ground_ball,2,2,,yes,yes,2.000,2.100,2.000,2.100,,needs_visual_review,needs_knee_height_visual_review,needs_visual_review,3.480,,,global_audio_diff_peak_outside_event_tolerance:3.480,,MLB_823379_hoby-milner-in-play-out-s-to-jake-mangum_head_0p000_6p000
dataset\ground_ball\Codex_Workstation\G_223,G_223,ground_ball,1,1,,yes,yes,3.180,3.280,3.180,3.280,,needs_visual_review,needs_knee_height_visual_review,pass_audio_only_needs_visual_confirmation,3.220,,,,,MLB_824758_greg-weissert-in-play-run-s-to-dominic-smith_head_0p000_6p000
dataset\ground_ball\Codex_Workstation\G_224,G_224,ground_ball,3,3,4,yes,yes,1.440,1.540,1.440,1.540,,suggested_change_needs_visual_review,needs_knee_height_visual_review,needs_visual_review,3.540,,,global_audio_diff_peak_outside_event_tolerance:3.540;large_refinement_shift:2.500->1.490,\b(first baseman|first base|1st baseman|1st base|first-base line)\b,MLB_822811_spencer-miles-in-play-out-s-to-jakob-marsee_head_0p000_6p000
dataset\ground_ball\Codex_Workstation\G_225,G_225,ground_ball,3,3,2,yes,yes,2.840,2.940,2.840,2.940,,suggested_change_needs_visual_review,needs_knee_height_visual_review,needs_visual_review,4.560,,,global_audio_diff_peak_outside_event_tolerance:4.560;large_refinement_shift:2.150->2.890,\b(shortstop|short stop|left side|hole between third and short)\b,MLB_824597_randal-grichuk-grounds-out-sharply-shortstop-ryan-kreidler-to-first-b_head_0p000_6p000
dataset\ground_ball\Codex_Workstation\G_226,G_226,ground_ball,3,3,,yes,yes,2.100,2.200,2.100,2.200,,needs_visual_review,needs_knee_height_visual_review,pass_audio_only_needs_visual_confirmation,2.140,,,,,MLB_823785_justin-bruihl-in-play-out-s-to-jake-bauers_head_0p000_6p000
dataset\ground_ball\Codex_Workstation\G_227,G_227,ground_ball,3,3,2,yes,yes,2.460,2.560,2.460,2.560,,suggested_change_needs_visual_review,needs_knee_height_visual_review,needs_visual_review,2.520,,,large_refinement_shift:2.000->2.510,\b(shortstop|short stop|left side|hole between third and short)\b,MLB_823785_jose-fermin-grounds-out-shortstop-david-hamilton-to-first-baseman-jak_head_0p000_6p000
dataset\ground_ball\Codex_Workstation\G_228,G_228,ground_ball,1,1,2,yes,yes,2.200,2.300,2.200,2.300,,suggested_change_needs_visual_review,needs_knee_height_visual_review,needs_visual_review,0.840,,,global_audio_diff_peak_outside_event_tolerance:0.840,\b(shortstop|short stop|left side|hole between third and short)\b,MLB_822898_yordan-alvarez-grounds-out-third-baseman-josh-jung-to-first-baseman-j_head_0p000_6p000
dataset\ground_ball\Codex_Workstation\G_229,G_229,ground_ball,1,1,,yes,yes,2.820,2.920,2.820,2.920,,needs_visual_review,needs_knee_height_visual_review,needs_visual_review,1.220,,,global_audio_diff_peak_outside_event_tolerance:1.220,"ambiguous:1,4",MLB_825003_luis-medina-in-play-out-s-to-randy-arozarena_head_0p000_6p000
dataset\ground_ball\Codex_Workstation\G_230,G_230,ground_ball,2,2,,yes,yes,1.160,1.260,1.160,1.260,,needs_visual_review,needs_knee_height_visual_review,needs_visual_review,5.600,,,global_audio_diff_peak_outside_event_tolerance:5.600;large_refinement_shift:2.150->1.210,,MLB_825003_cooper-criswell-in-play-run-s-to-jeff-mcneil_head_0p000_6p000
dataset\ground_ball\Codex_Workstation\G_231,G_231,ground_ball,3,3,2,yes,yes,3.180,3.280,3.180,3.280,,suggested_change_needs_visual_review,needs_knee_height_visual_review,needs_visual_review,5.280,,,global_audio_diff_peak_outside_event_tolerance:5.280;large_refinement_shift:2.100->3.230,\b(shortstop|short stop|left side|hole between third and short)\b,MLB_825003_darell-hernaiz-grounds-into-a-force-out-shortstop-j-p-crawford-to-sec_head_0p000_6p000
dataset\ground_ball\Codex_Workstation\G_232,G_232,ground_ball,3,3,,yes,yes,1.040,1.140,1.040,1.140,,needs_visual_review,needs_knee_height_visual_review,needs_visual_review,3.900,,,global_audio_diff_peak_outside_event_tolerance:3.900;large_refinement_shift:2.000->1.090,,MLB_824270_casey-mize-in-play-no-out-to-donovan-walton_head_0p000_6p000
dataset\ground_ball\Codex_Workstation\G_233,G_233,ground_ball,1,1,4,yes,yes,5.600,5.700,5.600,5.700,,suggested_change_needs_visual_review,needs_knee_height_visual_review,needs_visual_review,5.800,,,large_refinement_shift:4.000->5.650,\b(first baseman|first base|1st baseman|1st base|first-base line)\b,MLB_824756_bryce-elder-in-play-no-out-to-marcelo-mayer_head_0p000_6p000
dataset\ground_ball\Codex_Workstation\G_234,G_234,ground_ball,3,3,,yes,yes,3.260,3.360,3.260,3.360,,needs_visual_review,needs_knee_height_visual_review,needs_visual_review,5.660,,,global_audio_diff_peak_outside_event_tolerance:5.660,,MLB_823947_shohei-ohtani-in-play-run-s-to-willi-castro_head_0p000_6p000
dataset\ground_ball\Codex_Workstation\G_235,G_235,ground_ball,2,2,,yes,yes,2.800,2.900,2.800,2.900,,needs_visual_review,needs_knee_height_visual_review,needs_visual_review,5.600,,,global_audio_diff_peak_outside_event_tolerance:5.600;large_refinement_shift:2.150->2.850,,MLB_824595_davis-martin-in-play-run-s-to-ryan-kreidler_head_0p000_6p000
dataset\ground_ball\Codex_Workstation\G_236,G_236,ground_ball,1,1,,yes,yes,3.160,3.260,3.160,3.260,,needs_visual_review,needs_knee_height_visual_review,pass_audio_only_needs_visual_confirmation,3.220,,,,,MLB_824757_payton-tolle-in-play-run-s-to-jorge-mateo_head_0p000_6p000
dataset\ground_ball\Codex_Workstation\G_237,G_237,ground_ball,2,2,,yes,yes,3.140,3.240,3.140,3.240,,needs_visual_review,needs_knee_height_visual_review,needs_visual_review,4.640,,,global_audio_diff_peak_outside_event_tolerance:4.640,,MLB_824834_louis-varland-in-play-out-s-to-jackson-holliday_head_0p000_6p000
dataset\ground_ball\Codex_Workstation\G_238,G_238,ground_ball,2,2,,yes,yes,1.340,1.440,1.340,1.440,,needs_visual_review,needs_knee_height_visual_review,needs_visual_review,1.400,,,large_refinement_shift:2.150->1.390,,MLB_823378_mason-montgomery-in-play-run-s-to-seiya-suzuki_head_0p000_6p000
dataset\ground_ball\Codex_Workstation\G_239,G_239,ground_ball,2,2,,yes,yes,1.720,1.820,1.720,1.820,,needs_visual_review,needs_knee_height_visual_review,needs_visual_review,5.240,,,global_audio_diff_peak_outside_event_tolerance:5.240,,MLB_824515_dominic-smith-grounds-out-second-baseman-spencer-steer-to-first-basem_head_0p000_6p000
dataset\ground_ball\Codex_Workstation\G_240,G_240,ground_ball,2,2,1,yes,yes,1.920,2.020,1.920,2.020,,suggested_change_needs_visual_review,needs_knee_height_visual_review,needs_visual_review,2.520,,,global_audio_diff_peak_outside_event_tolerance:2.520;large_refinement_shift:3.150->1.970,\b(third baseman|third base|3rd baseman|3rd base|third-base line|hot corner)\b,MLB_822732_andrew-alvarez-in-play-run-s-to-freddy-fermin_head_0p000_6p000
dataset\ground_ball\Codex_Workstation\G_241,G_241,ground_ball,3,3,,yes,yes,0.960,1.060,0.960,1.060,,needs_visual_review,needs_knee_height_visual_review,needs_visual_review,4.240,,,global_audio_diff_peak_outside_event_tolerance:4.240;large_refinement_shift:2.150->1.010,,MLB_823377_taj-bradley-in-play-out-s-to-oneil-cruz_head_0p000_6p000
dataset\ground_ball\Codex_Workstation\G_242,G_242,ground_ball,1,1,,no,no,1.960,2.060,1.960,2.060,,needs_visual_review,needs_knee_height_visual_review,pass_audio_only_needs_visual_confirmation,2.020,,,,"ambiguous:2,4",MLB_824041_jorge-soler-grounds-out-shortstop-ronny-mauricio-to-first-baseman-bre_auto1_10p360_16p360
dataset\ground_ball\Codex_Workstation\G_243,G_243,ground_ball,1,1,4,yes,yes,1.580,1.680,1.580,1.680,,suggested_change_needs_visual_review,needs_knee_height_visual_review,needs_visual_review,2.440,,,global_audio_diff_peak_outside_event_tolerance:2.440;large_refinement_shift:1.000->1.630,\b(first baseman|first base|1st baseman|1st base|first-base line)\b,MLB_825105_joe-ross-in-play-run-s-to-mike-yastrzemski-x3661_auto1_4p340_10p340
dataset\ground_ball\Codex_Workstation\G_244,G_244,ground_ball,1,1,2,no,no,1.940,2.040,1.940,2.040,,suggested_change_needs_visual_review,needs_knee_height_visual_review,needs_visual_review,3.600,,,global_audio_diff_peak_outside_event_tolerance:3.600,\b(shortstop|short stop|left side|hole between third and short)\b,MLB_822758_edgardo-henriquez-in-play-run-s-to-jacob-young_auto1_1p460_7p460
dataset\ground_ball\Codex_Workstation\G_245,G_245,ground_ball,2,2,3,yes,yes,1.940,2.040,1.940,2.040,,suggested_change_needs_visual_review,needs_knee_height_visual_review,pass_audio_only_needs_visual_confirmation,1.980,,,,\b(second baseman|second base|2nd baseman|2nd base)\b,MLB_823240_erik-miller-in-play-run-s-to-carson-benge_auto1_1p480_7p480
dataset\ground_ball\Codex_Workstation\G_247,G_247,ground_ball,2,2,,yes,yes,0.980,1.080,0.980,1.080,,needs_visual_review,needs_knee_height_visual_review,pass_audio_only_needs_visual_confirmation,1.020,,,,"ambiguous:2,3",MLB_823730_mick-abel-in-play-out-s-to-ben-williamson_auto1_0p000_6p000
dataset\ground_ball\Codex_Workstation\G_248,G_248,ground_ball,3,3,,yes,yes,1.720,1.820,1.720,1.820,,needs_visual_review,needs_knee_height_visual_review,pass_audio_only_needs_visual_confirmation,1.760,,,,"ambiguous:1,2",MLB_823730_brooks-lee-grounds-out-sharply-shortstop-ben-williamson-to-first-base_auto1_0p000_6p000
dataset\ground_ball\Codex_Workstation\G_249,G_249,ground_ball,2,2,2,no,no,0.650,0.750,0.650,0.750,,source_hint_matches,needs_knee_height_visual_review,needs_visual_review,4.400,,,global_audio_diff_peak_outside_event_tolerance:4.400,\b(shortstop|short stop|left side|hole between third and short)\b,MLB_824620_addison-barger-exits-game-with-ankle-discomfort_auto1_5p140_11p140
dataset\ground_ball\Codex_Workstation\G_250,G_250,ground_ball,2,2,2,no,no,1.940,2.040,1.940,2.040,,source_hint_matches,needs_knee_height_visual_review,pass_audio_only_needs_visual_confirmation,2.000,,,,\b(shortstop|short stop|left side|hole between third and short)\b,MLB_824131_angel-zerpa-in-play-out-s-to-lane-thomas_auto1_2p960_8p960
dataset\ground_ball\Codex_Workstation\G_251,G_251,ground_ball,2,2,3,yes,yes,0.670,0.770,0.670,0.770,,suggested_change_needs_visual_review,needs_knee_height_visual_review,pass_audio_only_needs_visual_confirmation,0.580,,,,\b(second baseman|second base|2nd baseman|2nd base)\b,MLB_825102_ryan-thompson-in-play-run-s-to-drake-baldwin_auto1_5p200_11p200
dataset\ground_ball\Codex_Workstation\G_252,G_252,ground_ball,2,2,,yes,yes,1.440,1.540,1.440,1.540,,needs_visual_review,needs_knee_height_visual_review,needs_visual_review,1.580,,,large_refinement_shift:0.850->1.490,"ambiguous:2,3",MLB_824296_alec-burleson-grounds-out-shortstop-javier-baez-to-first-baseman-spen_auto1_2p020_8p020
dataset\ground_ball\Codex_Workstation\G_253,G_253,ground_ball,1,1,4,yes,yes,1.560,1.660,1.560,1.660,,suggested_change_needs_visual_review,needs_knee_height_visual_review,needs_visual_review,4.020,,,global_audio_diff_peak_outside_event_tolerance:4.020;large_refinement_shift:0.850->1.610,\b(first baseman|first base|1st baseman|1st base|first-base line)\b,MLB_823401_yohan-ramirez-in-play-run-s-to-manny-machado_auto1_3p180_9p180
dataset\ground_ball\Codex_Workstation\G_254,G_254,ground_ball,2,2,4,yes,yes,2.260,2.360,2.260,2.360,,suggested_change_needs_visual_review,needs_knee_height_visual_review,needs_visual_review,2.020,,,large_refinement_shift:2.900->2.310,\b(first baseman|first base|1st baseman|1st base|first-base line)\b,MLB_822755_andre-pallante-in-play-run-s-to-daylen-lile-76edfd_auto1_1p500_7p500
dataset\ground_ball\Codex_Workstation\G_255,G_255,ground_ball,2,2,,yes,yes,1.330,1.430,1.330,1.430,,needs_visual_review,needs_knee_height_visual_review,needs_visual_review,3.320,,,global_audio_diff_peak_outside_event_tolerance:3.320;large_refinement_shift:0.500->1.380,"ambiguous:2,3,4",MLB_824619_lenyn-sosa-grounds-out-sharply-shortstop-gunnar-henderson-to-first-ba_auto1_5p600_11p600
dataset\ground_ball\Codex_Workstation\G_256,G_256,ground_ball,2,2,,yes,yes,0.770,0.870,0.770,0.870,,needs_visual_review,needs_knee_height_visual_review,needs_visual_review,0.400,,,global_audio_diff_peak_outside_event_tolerance:0.400,"ambiguous:2,4",MLB_823237_adrian-houser-in-play-run-s-to-trea-turner_auto1_4p160_10p160
dataset\ground_ball\Codex_Workstation\G_257,G_257,ground_ball,2,2,3,yes,yes,1.940,2.040,1.940,2.040,,suggested_change_needs_visual_review,needs_knee_height_visual_review,needs_visual_review,0.560,,,global_audio_diff_peak_outside_event_tolerance:0.560,\b(second baseman|second base|2nd baseman|2nd base)\b,MLB_822754_curtis-mead-singles-on-a-ground-ball-to-center-fielder-nathan-church-_auto1_1p480_7p480
dataset\ground_ball\Codex_Workstation\G_258,G_258,ground_ball,2,2,3,yes,yes,1.940,2.040,1.940,2.040,,suggested_change_needs_visual_review,needs_knee_height_visual_review,pass_audio_only_needs_visual_confirmation,2.000,,,,\b(second baseman|second base|2nd baseman|2nd base)\b,MLB_823235_justin-crawford-grounds-out-pitcher-ryan-walker-to-first-baseman-rafa_auto1_1p440_7p440
dataset\ground_ball\Codex_Workstation\G_259,G_259,ground_ball,1,1,2,yes,yes,0.990,1.090,0.990,1.090,,suggested_change_needs_visual_review,needs_knee_height_visual_review,needs_visual_review,4.020,,,global_audio_diff_peak_outside_event_tolerance:4.020;large_refinement_shift:0.500->1.040,\b(shortstop|short stop|left side|hole between third and short)\b,MLB_823403_jose-urquidy-in-play-run-s-to-fernando-tatis-jr_auto1_3p820_9p820
dataset\ground_ball\Codex_Workstation\G_260,G_260,ground_ball,4,4,,yes,yes,1.900,2.000,1.900,2.000,,needs_visual_review,needs_knee_height_visual_review,needs_visual_review,1.940,,,large_refinement_shift:1.350->1.950,,MLB_824455_luinder-avila-in-play-out-s-to-steven-kwan-gxiqoh_auto1_0p000_6p000
dataset\ground_ball\Codex_Workstation\G_261,G_261,ground_ball,3,3,,yes,yes,1.100,1.200,1.100,1.200,,needs_visual_review,needs_knee_height_visual_review,needs_visual_review,2.140,,,global_audio_diff_peak_outside_event_tolerance:2.140,,MLB_824617_sean-burke-in-play-run-s-to-adley-rutschman_auto1_3p720_9p720
dataset\ground_ball\Codex_Workstation\G_262,G_262,ground_ball,1,1,,yes,yes,1.500,1.600,1.500,1.600,,needs_visual_review,needs_knee_height_visual_review,pass_audio_only_needs_visual_confirmation,1.540,,,,"ambiguous:1,4",MLB_823565_jeffrey-springs-completes-six-no-hit-innings_auto1_0p000_6p000
dataset\ground_ball\Codex_Workstation\G_263,G_263,ground_ball,1,1,,no,no,1.080,1.180,1.080,1.180,,needs_visual_review,needs_knee_height_visual_review,needs_visual_review,5.840,,,global_audio_diff_peak_outside_event_tolerance:5.840,"ambiguous:2,4",MLB_823645_luis-garcia-in-play-run-s-to-jose-fernandez_auto1_3p500_9p500
dataset\ground_ball\Codex_Workstation\G_264,G_264,ground_ball,2,2,3,yes,yes,1.860,1.960,1.860,1.960,,suggested_change_needs_visual_review,needs_knee_height_visual_review,needs_visual_review,1.780,,,large_refinement_shift:1.000->1.910,\b(second baseman|second base|2nd baseman|2nd base)\b,MLB_824130_vinnie-pasquantino-grounds-out-second-baseman-chase-meidroth-to-first_auto1_2p640_8p640
dataset\ground_ball\Codex_Workstation\G_265,G_265,ground_ball,2,2,3,yes,yes,1.340,1.440,1.340,1.440,,suggested_change_needs_visual_review,needs_knee_height_visual_review,pass_audio_only_needs_visual_confirmation,1.400,,,,\b(second baseman|second base|2nd baseman|2nd base)\b,MLB_824534_tj-friedl-s-rbi-groundout_auto1_0p000_6p000
dataset\ground_ball\Codex_Workstation\G_266,G_266,ground_ball,3,3,3,no,no,1.960,2.060,1.960,2.060,,source_hint_matches,needs_knee_height_visual_review,pass_audio_only_needs_visual_confirmation,2.000,,,,\b(second baseman|second base|2nd baseman|2nd base)\b,MLB_822997_camilo-doval-in-play-run-s-to-jonathan-aranda_auto1_1p360_7p360
dataset\ground_ball\Codex_Workstation\G_267,G_267,ground_ball,2,2,,yes,yes,1.940,2.040,1.940,2.040,,needs_visual_review,needs_knee_height_visual_review,needs_visual_review,2.000,,,large_refinement_shift:1.400->1.990,"ambiguous:3,4",MLB_823156_cal-raleigh-grounds-out-second-baseman-isaac-paredes-to-first-baseman_auto1_1p560_7p560
dataset\ground_ball\Codex_Workstation\G_268,G_268,ground_ball,1,1,4,yes,yes,1.960,2.060,1.960,2.060,,suggested_change_needs_visual_review,needs_knee_height_visual_review,needs_visual_review,3.180,,,global_audio_diff_peak_outside_event_tolerance:3.180,\b(first baseman|first base|1st baseman|1st base|first-base line)\b,MLB_824294_jakob-marsee-grounds-out-to-first-baseman-spencer-torkelson_auto1_0p020_6p020
dataset\ground_ball\Codex_Workstation\G_269,G_269,ground_ball,2,2,3,no,no,1.980,2.080,1.980,2.080,,suggested_change_needs_visual_review,needs_knee_height_visual_review,pass_audio_only_needs_visual_confirmation,2.020,,,,\b(second baseman|second base|2nd baseman|2nd base)\b,MLB_824697_nico-hoerner-grounds-out-second-baseman-brandon-lowe-to-first-baseman_auto1_1p460_7p460
dataset\ground_ball\Codex_Workstation\G_270,G_270,ground_ball,2,2,2,yes,yes,1.960,2.060,1.960,2.060,,source_hint_matches,needs_knee_height_visual_review,pass_audio_only_needs_visual_confirmation,2.000,,,,\b(shortstop|short stop|left side|hole between third and short)\b,MLB_824697_dansby-swanson-grounds-out-shortstop-konnor-griffin-to-first-baseman-_auto1_1p440_7p440
dataset\ground_ball\Codex_Workstation\G_271,G_271,ground_ball,2,2,4,no,no,1.360,1.460,1.360,1.460,,suggested_change_needs_visual_review,needs_knee_height_visual_review,pass_audio_only_needs_visual_confirmation,1.200,,,,\b(first baseman|first base|1st baseman|1st base|first-base line)\b,MLB_824535_brandon-williamson-in-play-run-s-to-nolan-schanuel_auto1_3p420_9p420
dataset\ground_ball\Codex_Workstation\G_272,G_272,ground_ball,1,1,4,no,no,1.140,1.240,1.140,1.240,,suggested_change_needs_visual_review,needs_knee_height_visual_review,needs_visual_review,5.700,,,global_audio_diff_peak_outside_event_tolerance:5.700,\b(first baseman|first base|1st baseman|1st base|first-base line)\b,MLB_824857_chris-bassitt-in-play-run-s-to-heliot-ramos-lj8gho_auto1_3p460_9p460
dataset\ground_ball\Codex_Workstation\G_273,G_273,ground_ball,1,1,2,yes,yes,3.640,3.740,3.640,3.740,,suggested_change_needs_visual_review,needs_knee_height_visual_review,needs_visual_review,0.360,,,global_audio_diff_peak_outside_event_tolerance:0.360,\b(shortstop|short stop|left side|hole between third and short)\b,MLB_823074_ryan-watson-seals-the-red-sox-7-1-win_auto1_0p000_6p000
dataset\ground_ball\Codex_Workstation\G_274,G_274,ground_ball,2,2,,no,no,1.160,1.260,1.160,1.260,,needs_visual_review,needs_knee_height_visual_review,needs_visual_review,1.860,,,global_audio_diff_peak_outside_event_tolerance:1.860,"ambiguous:2,4",MLB_824533_sam-moll-in-play-run-s-to-oswald-peraza_auto1_3p960_9p960
dataset\ground_ball\Codex_Workstation\G_275,G_275,ground_ball,2,2,3,no,no,1.580,1.680,1.580,1.680,,suggested_change_needs_visual_review,needs_knee_height_visual_review,pass_audio_only_needs_visual_confirmation,1.640,,,,\b(second baseman|second base|2nd baseman|2nd base)\b,MLB_822998_cole-sulser-in-play-run-s-to-cody-bellinger-x8695_auto1_0p000_6p000
dataset\ground_ball\Codex_Workstation\G_276,G_276,ground_ball,2,2,3,yes,yes,1.940,2.040,1.940,2.040,,suggested_change_needs_visual_review,needs_knee_height_visual_review,pass_audio_only_needs_visual_confirmation,1.980,,,,\b(second baseman|second base|2nd baseman|2nd base)\b,MLB_822998_kevin-kelly-in-play-run-s-to-giancarlo-stanton-7zz9lv_auto1_1p700_7p700
dataset\ground_ball\Codex_Workstation\G_277,G_277,ground_ball,4,4,,yes,yes,1.960,2.060,1.960,2.060,,needs_visual_review,needs_knee_height_visual_review,pass_audio_only_needs_visual_confirmation,2.000,,,,,MLB_822998_cam-schlittler-in-play-run-s-to-yandy-diaz_auto1_1p420_7p420
dataset\ground_ball\Codex_Workstation\G_278,G_278,ground_ball,1,1,2,yes,yes,1.940,2.040,1.940,2.040,,suggested_change_needs_visual_review,needs_knee_height_visual_review,pass_audio_only_needs_visual_confirmation,2.000,,,,\b(shortstop|short stop|left side|hole between third and short)\b,MLB_822998_richie-palacios-grounds-out-shortstop-jose-caballero-to-first-baseman_auto1_1p420_7p420
dataset\ground_ball\Codex_Workstation\G_279,G_279,ground_ball,2,2,3,yes,yes,1.940,2.040,1.940,2.040,,suggested_change_needs_visual_review,needs_knee_height_visual_review,pass_audio_only_needs_visual_confirmation,2.000,,,,\b(second baseman|second base|2nd baseman|2nd base)\b,MLB_824938_kolby-allard-in-play-run-s-to-drake-baldwin-s0zty6_auto1_1p500_7p500
dataset\ground_ball\Codex_Workstation\G_280,G_280,ground_ball,3,3,3,yes,yes,1.340,1.440,1.340,1.440,,source_hint_matches,needs_knee_height_visual_review,pass_audio_only_needs_visual_confirmation,1.380,,,,\b(second baseman|second base|2nd baseman|2nd base)\b,MLB_824937_andrew-nardi-in-play-run-s-to-austin-riley_auto1_0p000_6p000
