dataset_path,sample_id,label,source_group,split
dataset/fly_ball/Codex_Workstation/F_0101,F_0101,fly_ball,MLB_823061_ivan-herrera-lines-out-sharply-to-center-fielder-kyle-isbel-x1244,train
dataset/fly_ball/Codex_Workstation/F_0102,F_0102,fly_ball,MLB_824037_jack-kochanowicz-in-play-out-s-to-dalton-rushing,train
dataset/fly_ball/Codex_Workstation/F_0103,F_0103,fly_ball,MLB_824193_bryan-king-in-play-out-s-to-andrew-mccutchen-cngzjp,val
dataset/fly_ball/Codex_Workstation/F_0104,F_0104,fly_ball,MLB_824924_payton-tolle-in-play-out-s-to-michael-harris-ii,test
dataset/fly_ball/Codex_Workstation/F_0105,F_0105,fly_ball,MLB_824923_ceddanne-rafaela-s-leaping-catch,train
dataset/fly_ball/Codex_Workstation/F_0106,F_0106,fly_ball,MLB_823549_patrick-corbin-in-play-run-s-to-j-c-escarra,train
dataset/fly_ball/Codex_Workstation/F_0107,F_0107,fly_ball,MLB_824035_walbert-urena-in-play-out-s-to-tyler-soderstrom,train
dataset/fly_ball/Codex_Workstation/F_0108,F_0108,fly_ball,MLB_823302_tanner-scott-in-play-out-s-to-ramon-laureano-sjmzaq,train
dataset/fly_ball/Codex_Workstation/F_0109,F_0109,fly_ball,MLB_823302_griffin-canning-in-play-out-s-to-mookie-betts-5lgimx,train
dataset/fly_ball/Codex_Workstation/F_0110,F_0110,fly_ball,MLB_823866_chris-sale-in-play-run-s-to-heriberto-hernandez,test
dataset/fly_ball/Codex_Workstation/F_0111,F_0111,fly_ball,MLB_822735_andrew-alvarez-in-play-out-s-to-marcus-semien-urqe0e,train
dataset/fly_ball/Codex_Workstation/F_0112,F_0112,fly_ball,MLB_824679_ian-happ-pops-out-to-first-baseman-christian-walker,train
dataset/fly_ball/Codex_Workstation/F_0113,F_0113,fly_ball,MLB_823863_sean-manaea-in-play-out-s-to-connor-norby,val
dataset/fly_ball/Codex_Workstation/F_0114,F_0114,fly_ball,MLB_824029_zach-neto-homers-10-on-a-fly-ball-to-left-center-field-bmejcy,val
dataset/fly_ball/Codex_Workstation/F_0115,F_0115,fly_ball,MLB_823222_erick-fedde-in-play-no-out-to-matt-chapman-mt8q09,train
dataset/fly_ball/Codex_Workstation/F_0116,F_0116,fly_ball,MLB_825080_kyle-karros-flies-out-to-shortstop-geraldo-perdomo,train
dataset/fly_ball/Codex_Workstation/F_0117,F_0117,fly_ball,MLB_824840_kevin-mcgonigle-flies-out-to-shortstop-gunnar-henderson,val
dataset/fly_ball/Codex_Workstation/F_0118,F_0118,fly_ball,MLB_824840_blaze-alexander-lines-out-sharply-to-third-baseman-kevin-mcgonigle,train
dataset/fly_ball/Codex_Workstation/F_0119,F_0119,fly_ball,MLB_824759_nick-sogard-triples-1-on-a-line-drive-to-right-fielder-austin-martin,val
dataset/fly_ball/Codex_Workstation/F_0120,F_0120,fly_ball,MLB_824056_cole-young-s-rbi-triple-x7972,test
dataset/fly_ball/Codex_Workstation/F_0121,F_0121,fly_ball,MLB_825026_cristian-javier-in-play-run-s-to-tyler-soderstrom-zctsc7,test
dataset/fly_ball/Codex_Workstation/F_0123,F_0123,fly_ball,MLB_823002_matt-shaw-flies-out-sharply-to-center-fielder-cedric-mullins,val
dataset/fly_ball/Codex_Workstation/F_0124,F_0124,fly_ball,MLB_823645_eduardo-rodriguez-in-play-run-s-to-luis-robert-jr,train
dataset/fly_ball/Codex_Workstation/F_0125,F_0125,fly_ball,MLB_824535_jo-adell-lines-out-sharply-to-shortstop-elly-de-la-cruz-x7528,test
dataset/fly_ball/Codex_Workstation/F_0127,F_0127,fly_ball,MLB_824937_eury-perez-in-play-out-s-to-ronald-acuna-jr-x8261,val
dataset/fly_ball/Codex_Workstation/F_0128,F_0128,fly_ball,MLB_823278_jp-sears-in-play-out-s-to-luis-urias,test
dataset/fly_ball/Codex_Workstation/F_0129,F_0129,fly_ball,MLB_823682_nolan-schanuel-singles-on-a-line-drive-to-left-fielder-trevor-larnach,train
dataset/fly_ball/Codex_Workstation/F_0130,F_0130,fly_ball,MLB_824936_chris-paddack-in-play-run-s-to-ozzie-albies,train
dataset/fly_ball/Codex_Workstation/F_0131,F_0131,fly_ball,MLB_823162_leo-rivas-first-triple-of-the-season,train
dataset/fly_ball/Codex_Workstation/F_0132,F_0132,fly_ball,MLB_778530_jeremy-pena-s-first-home-run-of-the-season,train
dataset/fly_ball/Codex_Workstation/F_0133,F_0133,fly_ball,MLB_778533_jake-rogers-triples-1-on-a-fly-ball-to-center-fielder-andy-pages-defl,train
dataset/fly_ball/Codex_Workstation/F_0136,F_0136,fly_ball,MLB_744871_mackenzie-gore-in-play-out-s-to-bryce-harper-sms01u,train
dataset/fly_ball/Codex_Workstation/F_0138,F_0138,fly_ball,MLB_746251_chase-silseth-in-play-run-s-to-david-hamilton,test
dataset/fly_ball/Codex_Workstation/F_0140,F_0140,fly_ball,MLB_746251_guillermo-zuniga-in-play-run-s-to-ceddanne-rafaela,train
dataset/fly_ball/Codex_Workstation/F_0142,F_0142,fly_ball,MLB_746251_reese-mcguire-singles-on-a-line-drive-to-center-fielder-mike-trout-en,val
dataset/fly_ball/Codex_Workstation/F_0143,F_0143,fly_ball,MLB_746816_john-brebbia-in-play-out-s-to-marcell-ozuna,test
dataset/fly_ball/Codex_Workstation/F_0145,F_0145,fly_ball,MLB_745098_mike-clevinger-in-play-no-out-to-josh-lowe,test
dataset/fly_ball/Codex_Workstation/F_0148,F_0148,fly_ball,MLB_745910_max-kepler-homers-3-on-a-fly-ball-to-right-center-field-shtpox,train
dataset/fly_ball/Codex_Workstation/F_0149,F_0149,fly_ball,MLB_745910_pablo-lopez-in-play-no-out-to-mitch-haniger,train
dataset/fly_ball/Codex_Workstation/F_0150,F_0150,fly_ball,MLB_745910_ryan-jeffers-homers-8-on-a-line-drive-to-left-center-field,test
dataset/fly_ball/Codex_Workstation/F_0151,F_0151,fly_ball,MLB_745913_dominic-smith-doubles-1-on-a-fly-ball-to-left-fielder-manuel-margot-w,train
dataset/fly_ball/Codex_Workstation/F_0152,F_0152,fly_ball,MLB_746147_jake-burger-lines-out-sharply-to-third-baseman-max-muncy,test
dataset/fly_ball/Codex_Workstation/F_0153,F_0153,fly_ball,MLB_746312_gary-sanchez-homers-5-on-a-fly-ball-to-right-center-field,train
dataset/fly_ball/Codex_Workstation/F_0159,F_0159,fly_ball,MLB_746715_hunter-greene-in-play-out-s-to-ketel-marte,val
dataset/fly_ball/Codex_Workstation/F_0163,F_0163,fly_ball,MLB_745828_christian-scott-in-play-run-s-to-orlando-arcia,test
dataset/fly_ball/Codex_Workstation/F_0164,F_0164,fly_ball,MLB_745989_jared-triolo-lines-out-sharply-to-center-fielder-sal-frelick,train
dataset/fly_ball/Codex_Workstation/F_0166,F_0166,fly_ball,MLB_746795_patrick-corbin-in-play-out-s-to-andrew-vaughn-rg19ug,train
dataset/fly_ball/Codex_Workstation/F_0167,F_0167,fly_ball,MLB_746799_eddie-rosario-lines-out-sharply-to-right-fielder-tommy-pham,train
dataset/fly_ball/Codex_Workstation/F_0168,F_0168,fly_ball,MLB_746960_dominic-smith-lines-out-to-pitcher-taj-bradley,train
dataset/fly_ball/Codex_Workstation/F_0171,F_0171,fly_ball,MLB_745669_alex-wood-in-play-out-s-to-marcus-semien-zftrkm,train
dataset/fly_ball/Codex_Workstation/F_0175,F_0175,fly_ball,MLB_746307_vinnie-pasquantino-out-on-a-sacrifice-fly-to-left-fielder-riley-green,test
dataset/fly_ball/Codex_Workstation/F_0177,F_0177,fly_ball,MLB_746880_mitch-keller-in-play-run-s-to-seiya-suzuki,train
dataset/fly_ball/Codex_Workstation/F_0180,F_0180,fly_ball,MLB_744844_mitchell-parker-in-play-out-s-to-sean-murphy-bcnz3n,train
dataset/fly_ball/Codex_Workstation/F_0181,F_0181,fly_ball,MLB_744932_isiah-kiner-falefa-lines-out-to-right-fielder-connor-joe,train
dataset/fly_ball/Codex_Workstation/F_0184,F_0184,fly_ball,MLB_745572_masyn-winn-hits-foul-ball-after-review,test
dataset/fly_ball/Codex_Workstation/F_0187,F_0187,fly_ball,MLB_746220_victor-caratini-lines-out-to-third-baseman-luis-rengifo,test
dataset/fly_ball/Codex_Workstation/F_0189,F_0189,fly_ball,MLB_747194_joc-pederson-lines-out-sharply-to-right-fielder-heliot-ramos,test
dataset/fly_ball/Codex_Workstation/F_0192,F_0192,fly_ball,MLB_745081_richie-palacios-singles-on-a-line-drive-to-center-fielder-jj-bleday-j,val
dataset/fly_ball/Codex_Workstation/F_0193,F_0193,fly_ball,MLB_745091_brent-rooker-flies-out-sharply-to-center-fielder-jonny-deluca,train
dataset/fly_ball/Codex_Workstation/F_0194,F_0194,fly_ball,MLB_745168_brendan-donovan-homers-5-on-a-fly-ball-to-right-field-syiwmy,train
dataset/fly_ball/Codex_Workstation/F_0199,F_0199,fly_ball,MLB_745327_brett-wisely-lines-out-to-first-baseman-jon-singleton,train
dataset/fly_ball/Codex_Workstation/F_0202,F_0202,fly_ball,MLB_745574_aaron-nola-in-play-out-s-to-ivan-herrera-9hb2ch,train
dataset/fly_ball/Codex_Workstation/F_0207,F_0207,fly_ball,MLB_745986_hayden-wesneski-in-play-run-s-to-jackson-chourio,val
dataset/fly_ball/Codex_Workstation/F_0211,F_0211,fly_ball,MLB_746557_ranger-suarez-in-play-out-s-to-elehuris-montero-4k8y78,train
dataset/fly_ball/Codex_Workstation/F_0212,F_0212,fly_ball,MLB_746787_martin-maldonado-flies-out-to-center-fielder-ceddanne-rafaela-vvxuuj,test
dataset/fly_ball/Codex_Workstation/F_0213,F_0213,fly_ball,MLB_746787_michael-soroka-in-play-run-s-to-jamie-westbrook,train
dataset/fly_ball/Codex_Workstation/F_0214,F_0214,fly_ball,MLB_746794_white-sox-challenge-foul-ball-call,train
dataset/fly_ball/Codex_Workstation/F_0215,F_0215,fly_ball,MLB_746954_jack-flaherty-in-play-no-out-to-rob-refsnyder,train
dataset/fly_ball/Codex_Workstation/F_0216,F_0216,fly_ball,MLB_746957_wilyer-abreu-s-circus-catch-in-right,train
dataset/fly_ball/Codex_Workstation/F_0217,F_0217,fly_ball,MLB_747024_taijuan-walker-in-play-out-s-to-colton-cowser,train
dataset/fly_ball/Codex_Workstation/F_0218,F_0218,fly_ball,MLB_747187_thyago-vieira-in-play-run-s-to-andrew-vaughn,train
dataset/fly_ball/Codex_Workstation/F_0221,F_0221,fly_ball,MLB_745073_george-kirby-in-play-no-out-to-yandy-diaz-8boxoo,train
dataset/fly_ball/Codex_Workstation/F_0222,F_0222,fly_ball,MLB_745893_carlos-santana-singles-on-a-line-drive-to-right-fielder-jonny-deluca-,val
dataset/fly_ball/Codex_Workstation/F_0225,F_0225,fly_ball,MLB_746219_luis-garcia-in-play-run-s-to-willy-adames-xbpfvw,val
dataset/fly_ball/Codex_Workstation/F_0226,F_0226,fly_ball,MLB_746376_ronel-blanco-in-play-out-s-to-colton-cowser-tg7vac,test
dataset/fly_ball/Codex_Workstation/F_0228,F_0228,fly_ball,MLB_746782_yordan-alvarez-homers-15-on-a-fly-ball-to-right-center-field-ten87f,train
dataset/fly_ball/Codex_Workstation/F_0234,F_0234,fly_ball,MLB_745478_nick-castellanos-lines-out-to-first-baseman-connor-joe,test
dataset/fly_ball/Codex_Workstation/F_0237,F_0237,fly_ball,MLB_778062_michael-lorenzen-in-play-out-s-to-cedric-mullins-dx5jmr,train
dataset/fly_ball/Codex_Workstation/F_0238,F_0238,fly_ball,MLB_778101_justyn-henry-malloy-flies-out-to-right-fielder-jorge-soler-in-foul-te,train
dataset/fly_ball/Codex_Workstation/F_0239,F_0239,fly_ball,MLB_777602_brady-singer-in-play-no-out-to-lourdes-gurriel-jr,val
dataset/fly_ball/Codex_Workstation/F_0241,F_0241,fly_ball,MLB_777606_trevor-richards-in-play-out-s-to-edgar-quero,train
dataset/fly_ball/Codex_Workstation/F_0242,F_0242,fly_ball,MLB_777630_kyle-nicolas-in-play-run-s-to-jose-altuve,test
dataset/fly_ball/Codex_Workstation/F_0243,F_0243,fly_ball,MLB_777653_clarke-schmidt-in-play-out-s-to-nolan-jones-nrqhp3,test
dataset/fly_ball/Codex_Workstation/F_0244,F_0244,fly_ball,MLB_777666_jesus-sanchez-lines-out-to-shortstop-orlando-arcia,test
dataset/fly_ball/Codex_Workstation/F_0246,F_0246,fly_ball,MLB_777677_keider-montero-in-play-no-out-to-bobby-witt-jr,test
dataset/fly_ball/Codex_Workstation/F_0248,F_0248,fly_ball,MLB_777798_lake-bachar-in-play-run-s-to-luis-rengifo,train
dataset/fly_ball/Codex_Workstation/F_0249,F_0249,fly_ball,MLB_777803_jackson-merrill-lines-out-to-center-fielder-michael-harris-ii,val
dataset/fly_ball/Codex_Workstation/F_0250,F_0250,fly_ball,MLB_777805_tyler-mahle-in-play-run-s-to-andrew-benintendi,val
dataset/fly_ball/Codex_Workstation/F_0251,F_0251,fly_ball,MLB_777811_matt-shaw-lines-out-sharply-to-second-baseman-matt-mclain,test
dataset/fly_ball/Codex_Workstation/F_0255,F_0255,fly_ball,MLB_777163_justin-verlander-in-play-out-s-to-kyle-schwarber-6n8fhc,test
dataset/fly_ball/Codex_Workstation/F_0256,F_0256,fly_ball,MLB_777205_nick-gonzales-lines-out-sharply-to-first-baseman-luke-raley,train
dataset/fly_ball/Codex_Workstation/F_0257,F_0257,fly_ball,MLB_777238_javier-sanoja-lines-out-to-shortstop-joey-ortiz,train
dataset/fly_ball/Codex_Workstation/F_0258,F_0258,fly_ball,MLB_777278_dominic-smith-lines-out-sharply-to-second-baseman-ketel-marte,test
dataset/fly_ball/Codex_Workstation/F_0260,F_0260,fly_ball,MLB_777331_hector-neris-in-play-out-s-to-luis-garcia-jr,train
dataset/fly_ball/Codex_Workstation/F_0261,F_0261,fly_ball,MLB_777331_jake-irvin-in-play-out-s-to-taylor-ward,test
dataset/fly_ball/Codex_Workstation/F_0264,F_0264,fly_ball,MLB_777411_cade-smith-in-play-out-s-to-jacob-wilson,train
dataset/fly_ball/Codex_Workstation/F_0266,F_0266,fly_ball,MLB_777482_joey-ortiz-lines-out-sharply-to-left-fielder-ian-happ,train
dataset/fly_ball/Codex_Workstation/F_0267,F_0267,fly_ball,MLB_777503_mackenzie-gore-in-play-run-s-to-eric-wagaman,train
dataset/fly_ball/Codex_Workstation/F_0268,F_0268,fly_ball,MLB_777511_tyler-soderstrom-lines-out-to-left-fielder-mark-canha,train
dataset/fly_ball/Codex_Workstation/F_0269,F_0269,fly_ball,MLB_777525_erick-fedde-in-play-run-s-to-william-contreras-kkfemm,train
dataset/fly_ball/Codex_Workstation/F_0270,F_0270,fly_ball,MLB_777533_willi-castro-s-rbi-double-x5234,val
dataset/fly_ball/Codex_Workstation/F_0271,F_0271,fly_ball,MLB_777543_randy-vasquez-in-play-out-s-to-max-muncy-vrkmpk,train
dataset/fly_ball/Codex_Workstation/F_0273,F_0273,fly_ball,MLB_777552_agustin-ramirez-lines-out-sharply-to-right-fielder-bryan-reynolds,test
dataset/fly_ball/Codex_Workstation/F_0274,F_0274,fly_ball,MLB_777557_jorge-alcala-in-play-run-s-to-adolis-garcia,train
dataset/fly_ball/Codex_Workstation/F_0275,F_0275,fly_ball,MLB_777557_kody-clemens-lines-out-sharply-to-center-fielder-evan-carter,train
dataset/fly_ball/Codex_Workstation/F_0277,F_0277,fly_ball,MLB_777568_isaac-collins-lines-out-to-pitcher-aaron-bummer,train
dataset/fly_ball/Codex_Workstation/F_0278,F_0278,fly_ball,MLB_777576_mike-trout-out-on-a-sacrifice-fly-to-center-fielder-jj-bleday-zach-ne,train
dataset/fly_ball/Codex_Workstation/F_0279,F_0279,fly_ball,MLB_776745_liam-hicks-lines-out-to-shortstop-gabriel-arias,train
dataset/fly_ball/Codex_Workstation/F_0280,F_0280,fly_ball,MLB_776747_joey-loperfido-lines-out-to-pitcher-matthew-boyd,train
dataset/fly_ball/Codex_Workstation/F_0283,F_0283,fly_ball,MLB_776950_jose-altuve-lines-out-to-shortstop-cj-abrams,train
dataset/fly_ball/Codex_Workstation/F_0284,F_0284,fly_ball,MLB_776952_daniel-robert-in-play-out-s-to-mike-tauchman,val
dataset/fly_ball/Codex_Workstation/F_0285,F_0285,fly_ball,MLB_776945_gustavo-campero-flies-into-a-force-out-right-fielder-adolis-garcia-to,train
dataset/fly_ball/Codex_Workstation/F_0286,F_0286,fly_ball,MLB_776835_devin-williams-in-play-out-s-to-yainer-diaz,train
dataset/fly_ball/Codex_Workstation/F_0288,F_0288,fly_ball,MLB_776686_michael-mcgreevy-in-play-out-s-to-heriberto-hernandez,train
dataset/fly_ball/Codex_Workstation/F_0289,F_0289,fly_ball,MLB_776837_tyler-soderstrom-lines-out-sharply-to-left-fielder-daylen-lile,train
dataset/fly_ball/Codex_Workstation/F_0290,F_0290,fly_ball,MLB_776886_bradley-blalock-in-play-run-s-to-tommy-pham,test
dataset/fly_ball/Codex_Workstation/F_0291,F_0291,fly_ball,MLB_776914_brent-rooker-out-on-a-sacrifice-fly-to-right-fielder-corbin-carroll-l,test
dataset/fly_ball/Codex_Workstation/F_0292,F_0292,fly_ball,MLB_776209_michael-soroka-in-play-run-s-to-pete-alonso,test
dataset/fly_ball/Codex_Workstation/F_0293,F_0293,fly_ball,MLB_776362_bryce-miller-in-play-run-s-to-chris-taylor-52pmuk,test
dataset/fly_ball/Codex_Workstation/F_0296,F_0296,fly_ball,MLB_776606_chandler-simpson-triples-3-on-a-line-drive-to-center-fielder-lars-noo,train
dataset/fly_ball/Codex_Workstation/F_0297,F_0297,fly_ball,MLB_776640_christian-moore-flies-out-to-right-fielder-kyle-tucker-in-foul-territ,train
dataset/fly_ball/Codex_Workstation/F_0298,F_0298,fly_ball,MLB_776640_tyler-anderson-in-play-out-s-to-ian-happ-4te5du,val
dataset/fly_ball/Codex_Workstation/F_0304,F_0304,fly_ball,MLB_745069_yandy-diaz-lines-out-sharply-to-center-fielder-trent-grisham,train
dataset/fly_ball/Codex_Workstation/F_0308,F_0308,fly_ball,MLB_745313_mike-yastrzemski-homers-8-on-a-fly-ball-to-right-field-3ey8hw,test
dataset/fly_ball/Codex_Workstation/F_0316,F_0316,fly_ball,MLB_745893_max-kepler-homers-6-on-a-fly-ball-to-center-field,train
dataset/fly_ball/Codex_Workstation/F_0318,F_0318,fly_ball,MLB_746122_willy-adames-hits-a-foul-after-review,test
dataset/fly_ball/Codex_Workstation/F_0321,F_0321,fly_ball,MLB_746363_bryan-de-la-cruz-singles-on-a-sharp-line-drive-to-center-fielder-jake,val
dataset/fly_ball/Codex_Workstation/F_0332,F_0332,fly_ball,MLB_746688_austin-slater-lines-out-to-first-baseman-michael-toglia,train
dataset/fly_ball/Codex_Workstation/F_0336,F_0336,fly_ball,MLB_746846_ryan-helsley-in-play-out-s-to-nico-hoerner-du17t6,train
dataset/fly_ball/Codex_Workstation/F_0337,F_0337,fly_ball,MLB_746849_cody-bellinger-homers-11-on-a-fly-ball-to-center-field,train
dataset/fly_ball/Codex_Workstation/F_0338,F_0338,fly_ball,MLB_746849_mike-tauchman-doubles-11-on-a-line-drive-to-left-fielder-tommy-pham-d,train
dataset/fly_ball/Codex_Workstation/F_0339,F_0339,fly_ball,MLB_746935_connor-wong-homers-8-on-a-fly-ball-to-left-center-field,train
dataset/fly_ball/Codex_Workstation/F_0340,F_0340,fly_ball,MLB_746935_luis-medina-in-play-run-s-to-wilyer-abreu,train
dataset/fly_ball/Codex_Workstation/F_0341,F_0341,fly_ball,MLB_746935_oak-bos-656e70,train
dataset/fly_ball/Codex_Workstation/F_0342,F_0342,fly_ball,MLB_746935_wilyer-abreu-homers-8-on-a-fly-ball-to-center-field-x4yzbm,val
dataset/fly_ball/Codex_Workstation/F_0346,F_0346,fly_ball,MLB_776718_darell-hernaiz-singles-on-a-line-drive-to-center-fielder-bryce-teodos,train
dataset/fly_ball/Codex_Workstation/F_0353,F_0353,fly_ball,MLB_776945_jonah-heim-lines-out-to-shortstop-zach-neto,test
dataset/fly_ball/Codex_Workstation/F_0359,F_0359,fly_ball,MLB_776963_miguel-rojas-lines-out-to-pitcher-tony-santillan,val
dataset/fly_ball/Codex_Workstation/F_0360,F_0360,fly_ball,MLB_776970_tim-hill-in-play-run-s-to-yandy-diaz,test
dataset/fly_ball/Codex_Workstation/F_0362,F_0362,fly_ball,MLB_776992_matthew-liberatore-in-play-out-s-to-fernando-tatis-jr,val
dataset/fly_ball/Codex_Workstation/F_0363,F_0363,fly_ball,MLB_776992_randy-vasquez-in-play-out-s-to-victor-scott-ii-hthx4r,train
dataset/fly_ball/Codex_Workstation/F_0366,F_0366,fly_ball,MLB_777001_edmundo-sosa-leaves-the-game-after-collision,val
dataset/fly_ball/Codex_Workstation/F_0374,F_0374,fly_ball,MLB_777041_spencer-strider-in-play-out-s-to-dominic-smith-n7tr5w,train
dataset/fly_ball/Codex_Workstation/F_0375,F_0375,fly_ball,MLB_777042_andry-lara-in-play-out-s-to-tyler-stephenson,train
dataset/fly_ball/Codex_Workstation/F_0376,F_0376,fly_ball,MLB_777042_josh-bell-homers-13-on-a-fly-ball-to-right-field,train
dataset/fly_ball/Codex_Workstation/F_0379,F_0379,fly_ball,MLB_777054_jorge-soler-homers-12-on-a-fly-ball-to-left-field-3et58t,test
dataset/fly_ball/Codex_Workstation/F_0384,F_0384,fly_ball,MLB_777062_randy-vasquez-in-play-out-s-to-agustin-ramirez-u0f7py,train
dataset/fly_ball/Codex_Workstation/F_0388,F_0388,fly_ball,MLB_777070_mookie-betts-lines-out-sharply-to-center-fielder-blake-perkins,train
dataset/fly_ball/Codex_Workstation/F_0390,F_0390,fly_ball,MLB_777075_garrett-crochet-in-play-out-s-to-nico-hoerner,train
dataset/fly_ball/Codex_Workstation/F_0393,F_0393,fly_ball,MLB_777083_grant-holmes-in-play-out-s-to-jazz-chisholm-jr,train
dataset/fly_ball/Codex_Workstation/F_0397,F_0397,fly_ball,MLB_777101_colin-rea-in-play-out-s-to-alex-bregman-8iqslk,train
dataset/fly_ball/Codex_Workstation/F_0398,F_0398,fly_ball,MLB_777103_quinn-priester-in-play-out-s-to-will-smith,train
dataset/fly_ball/Codex_Workstation/F_0400,F_0400,fly_ball,MLB_777126_brandon-marsh-lines-out-sharply-to-left-fielder-gavin-sheets,train
dataset/fly_ball/Codex_Workstation/F_0401,F_0401,fly_ball,MLB_777131_yusei-kikuchi-in-play-no-out-to-josh-naylor-bsszlb,train
dataset/fly_ball/Codex_Workstation/F_0408,F_0408,fly_ball,MLB_777173_ian-happ-flies-out-to-left-fielder-willi-castro-in-foul-territory,train
dataset/fly_ball/Codex_Workstation/F_0410,F_0410,fly_ball,MLB_777178_mackenzie-gore-in-play-out-s-to-victor-scott-ii,train
dataset/fly_ball/Codex_Workstation/F_0414,F_0414,fly_ball,MLB_777226_carlos-hernandez-in-play-run-s-to-steven-kwan,train
dataset/fly_ball/Codex_Workstation/F_0416,F_0416,fly_ball,MLB_777236_bryan-woo-in-play-out-s-to-oneil-cruz-tm6yvw-x8409,train
dataset/fly_ball/Codex_Workstation/F_0418,F_0418,fly_ball,MLB_777253_dustin-may-in-play-out-s-to-josh-rojas-jtfhtu,train
dataset/fly_ball/Codex_Workstation/F_0426,F_0426,fly_ball,MLB_777300_elly-de-la-cruz-flies-out-to-left-fielder-jarren-duran,test
dataset/fly_ball/Codex_Workstation/F_0430,F_0430,fly_ball,MLB_777317_kevin-kelly-in-play-run-s-to-cedric-mullins,val
dataset/fly_ball/Codex_Workstation/F_0434,F_0434,fly_ball,MLB_777338_tyler-rogers-in-play-out-s-to-lenyn-sosa,train
dataset/fly_ball/Codex_Workstation/F_0438,F_0438,fly_ball,MLB_777348_third-base-umpire-okay-after-line-drive-hit,train
dataset/fly_ball/Codex_Workstation/F_0440,F_0440,fly_ball,MLB_777383_ryne-nelson-in-play-out-s-to-edgar-quero,train
dataset/fly_ball/Codex_Workstation/F_0441,F_0441,fly_ball,MLB_777383_ryne-nelson-in-play-out-s-to-ryan-noda,train
dataset/fly_ball/Codex_Workstation/F_0442,F_0442,fly_ball,MLB_777389_paul-blackburn-in-play-out-s-to-michael-harris-ii-cqoc4x-x4296,train
dataset/fly_ball/Codex_Workstation/F_0444,F_0444,fly_ball,MLB_777406_jazz-chisholm-jr-lifts-yankees-with-go-ahead-double,train
dataset/fly_ball/Codex_Workstation/F_0445,F_0445,fly_ball,MLB_777411_hunter-gaddis-in-play-run-s-to-max-muncy,train
dataset/fly_ball/Codex_Workstation/F_0447,F_0447,fly_ball,MLB_777429_carlos-santana-lines-out-to-center-fielder-denzel-clarke-jcsdxm-x1899,train
dataset/fly_ball/Codex_Workstation/F_0452,F_0452,fly_ball,MLB_777470_paul-blackburn-in-play-run-s-to-marcell-ozuna,train
dataset/fly_ball/Codex_Workstation/F_0459,F_0459,fly_ball,MLB_777593_hunter-dobbins-in-play-out-s-to-ben-rice,val
dataset/fly_ball/Codex_Workstation/F_0467,F_0467,fly_ball,MLB_777651_jordan-romano-in-play-run-s-to-alejandro-kirk,test
dataset/fly_ball/Codex_Workstation/F_0476,F_0476,fly_ball,MLB_777700_kyle-farmer-flies-out-to-center-fielder-tyrone-taylor,train
dataset/fly_ball/Codex_Workstation/F_0479,F_0479,fly_ball,MLB_777708_max-fried-in-play-out-s-to-will-smith-dpb6p2,train
dataset/fly_ball/Codex_Workstation/F_0480,F_0480,fly_ball,MLB_777708_tony-gonsolin-in-play-out-s-to-jorbit-vivas-txr77w,test
dataset/fly_ball/Codex_Workstation/F_0483,F_0483,fly_ball,MLB_777716_george-springer-flies-out-sharply-to-center-fielder-denzel-clarke,test
dataset/fly_ball/Codex_Workstation/F_0488,F_0488,fly_ball,MLB_777719_sean-murphy-lines-out-sharply-to-third-baseman-marcelo-mayer,val
dataset/fly_ball/Codex_Workstation/F_0489,F_0489,fly_ball,MLB_777730_luis-garcia-jr-lines-out-to-center-fielder-julio-rodriguez,train
dataset/fly_ball/Codex_Workstation/F_0490,F_0490,fly_ball,MLB_777745_paul-goldschmidt-lines-out-to-left-fielder-chris-taylor,test
dataset/fly_ball/Codex_Workstation/F_0493,F_0493,fly_ball,MLB_777752_christian-walker-lines-out-sharply-to-left-fielder-tyler-soderstrom,train
dataset/fly_ball/Codex_Workstation/F_0494,F_0494,fly_ball,MLB_777754_ivan-herrera-lines-out-sharply-to-shortstop-gunnar-henderson,train
dataset/fly_ball/Codex_Workstation/F_0496,F_0496,fly_ball,MLB_777769_yoshinobu-yamamoto-in-play-no-out-to-jose-ramirez,train
dataset/fly_ball/Codex_Workstation/F_0498,F_0498,fly_ball,MLB_777811_julian-merryweather-in-play-run-s-to-tyler-stephenson,train
dataset/fly_ball/Codex_Workstation/F_0499,F_0499,fly_ball,MLB_777827_andre-pallante-in-play-run-s-to-colt-keith-x4456,train
dataset/fly_ball/Codex_Workstation/F_0504,F_0504,fly_ball,MLB_777861_kody-clemens-rbi-triple,test
dataset/fly_ball/Codex_Workstation/F_0508,F_0508,fly_ball,MLB_777958_addison-barger-homers-1-on-a-line-drive-to-right-field,train
dataset/fly_ball/Codex_Workstation/F_0509,F_0509,fly_ball,MLB_777961_tyler-anderson-in-play-run-s-to-maverick-handley,train
dataset/fly_ball/Codex_Workstation/F_0515,F_0515,fly_ball,MLB_778017_eric-wagaman-starts-double-play,test
dataset/fly_ball/Codex_Workstation/F_0516,F_0516,fly_ball,MLB_778026_matt-festa-in-play-run-s-to-jacob-young,train
dataset/fly_ball/Codex_Workstation/F_0520,F_0520,fly_ball,MLB_778063_jarren-duran-lines-out-sharply-to-left-fielder-trevor-larnach,val
dataset/fly_ball/Codex_Workstation/F_0521,F_0521,fly_ball,MLB_778070_corey-seager-singles-on-a-sharp-line-drive-to-left-fielder-randy-aroz,train
dataset/fly_ball/Codex_Workstation/F_0527,F_0527,fly_ball,MLB_778119_chase-petty-in-play-run-s-to-jordan-walker,train
dataset/fly_ball/Codex_Workstation/F_0528,F_0528,fly_ball,MLB_778120_aj-smith-shawver-exits-with-apparent-injury,test
dataset/fly_ball/Codex_Workstation/F_0529,F_0529,fly_ball,MLB_778121_luis-rengifo-lines-out-to-first-baseman-rowdy-tellez,val
dataset/fly_ball/Codex_Workstation/F_0530,F_0530,fly_ball,MLB_778133_carlos-rodon-in-play-out-s-to-adley-rutschman,train
dataset/fly_ball/Codex_Workstation/F_0533,F_0533,fly_ball,MLB_778164_quinn-priester-in-play-run-s-to-brendan-donovan,train
dataset/fly_ball/Codex_Workstation/F_0537,F_0537,fly_ball,MLB_778201_harrison-bader-lines-out-to-center-fielder-luis-robert-jr,test
dataset/fly_ball/Codex_Workstation/F_0542,F_0542,fly_ball,MLB_778220_dustin-may-in-play-run-s-to-dansby-swanson,train
dataset/fly_ball/Codex_Workstation/F_0547,F_0547,fly_ball,MLB_778241_dylan-moore-homers-5-on-a-fly-ball-to-left-center-field-0vxbqp,val
dataset/fly_ball/Codex_Workstation/F_0548,F_0548,fly_ball,MLB_778242_alexander-canario-s-sprawling-catch,train
dataset/fly_ball/Codex_Workstation/F_0552,F_0552,fly_ball,MLB_778268_ryne-nelson-in-play-no-out-to-kyle-tucker,train
dataset/fly_ball/Codex_Workstation/F_0557,F_0557,fly_ball,MLB_778282_oswaldo-cabrera-homers-1-on-a-line-drive-to-right-center-field,train
dataset/fly_ball/Codex_Workstation/F_0558,F_0558,fly_ball,MLB_778282_richie-palacios-doubles-1-on-a-sharp-line-drive-to-center-fielder-cod,val
dataset/fly_ball/Codex_Workstation/F_0561,F_0561,fly_ball,MLB_778328_brandon-lowe-singles-on-a-sharp-line-drive-to-left-fielder-jarren-dur,test
dataset/fly_ball/Codex_Workstation/F_0564,F_0564,fly_ball,MLB_778366_lenyn-sosa-doubles-2-on-a-line-drive-to-left-fielder-jarren-duran-lui,train
dataset/fly_ball/Codex_Workstation/F_0568,F_0568,fly_ball,MLB_778391_jakob-junis-in-play-out-s-to-miguel-vargas,train
dataset/fly_ball/Codex_Workstation/F_0574,F_0574,fly_ball,MLB_777034_edwin-diaz-in-play-out-s-to-mike-trout,train
dataset/fly_ball/Codex_Workstation/F_0575,F_0575,fly_ball,MLB_777047_dansby-swanson-turns-unassisted-dp-after-review,train
dataset/fly_ball/Codex_Workstation/F_0576,F_0576,fly_ball,MLB_777047_matthew-boyd-in-play-out-s-to-kyle-isbel,train
dataset/fly_ball/Codex_Workstation/F_0577,F_0577,fly_ball,MLB_777069_rafael-montero-in-play-out-s-to-wilmer-flores,train
dataset/fly_ball/Codex_Workstation/F_0578,F_0578,fly_ball,MLB_777120_austin-slater-s-line-drive-ruled-foul-after-review,train
dataset/fly_ball/Codex_Workstation/F_0581,F_0581,fly_ball,MLB_777409_eric-orze-in-play-out-s-to-jahmai-jones,train
dataset/fly_ball/Codex_Workstation/F_0582,F_0582,fly_ball,MLB_777586_ryan-bergert-in-play-out-s-to-joey-ortiz,train
dataset/fly_ball/Codex_Workstation/F_0583,F_0583,fly_ball,MLB_777717_casey-schmitt-grounds-out-second-baseman-javier-sanoja-to-first-basem,train
dataset/fly_ball/Codex_Workstation/F_0584,F_0584,fly_ball,MLB_777973_brock-burke-in-play-out-s-to-emmanuel-rivera,train
dataset/fly_ball/Codex_Workstation/F_0587,F_0587,fly_ball,MLB_778225_aaron-nola-in-play-out-s-to-jesse-winker-rnn0kh,train
dataset/fly_ball/Codex_Workstation/F_0589,F_0589,fly_ball,MLB_778299_umpire-exits-after-being-hit-with-liner,train
dataset/fly_ball/Codex_Workstation/F_0593,F_0593,fly_ball,MLB_776311_blake-treinen-in-play-run-s-to-j-t-realmuto,train
dataset/fly_ball/Codex_Workstation/F_0594,F_0594,fly_ball,MLB_776312_kyle-leahy-in-play-run-s-to-will-benson,train
dataset/fly_ball/Codex_Workstation/F_0595,F_0595,fly_ball,MLB_776312_sal-stewart-homers-4-on-a-fly-ball-to-left-field,train
dataset/fly_ball/Codex_Workstation/F_0599,F_0599,fly_ball,MLB_776315_daylen-lile-homers-6-on-a-fly-ball-to-right-field,val
dataset/fly_ball/Codex_Workstation/F_0611,F_0611,fly_ball,MLB_776334_field-view-witt-jr-s-solo-home-run,test
dataset/fly_ball/Codex_Workstation/F_0613,F_0613,fly_ball,MLB_776335_luis-curvelo-in-play-run-s-to-pete-alonso,train
dataset/fly_ball/Codex_Workstation/F_0614,F_0614,fly_ball,MLB_776335_pete-alonso-s-walk-off-home-run-snaps-losing-streak,val
dataset/fly_ball/Codex_Workstation/F_0616,F_0616,fly_ball,MLB_776338_michael-busch-homers-27-on-a-fly-ball-to-center-field,train
dataset/fly_ball/Codex_Workstation/F_0622,F_0622,fly_ball,MLB_776351_dylan-crews-homers-9-on-a-fly-ball-to-center-field-jacob-young-scores,train
dataset/fly_ball/Codex_Workstation/F_0623,F_0623,fly_ball,MLB_776351_spencer-horwitz-homers-9-on-a-fly-ball-to-right-field-jared-triolo-sc,test
dataset/fly_ball/Codex_Workstation/F_0624,F_0624,fly_ball,MLB_776352_ian-happ-homers-21-on-a-fly-ball-to-right-field,val
dataset/fly_ball/Codex_Workstation/F_0625,F_0625,fly_ball,MLB_776359_dylan-moore-homers-11-on-a-fly-ball-to-left-center-field-wyatt-langfo,train
dataset/fly_ball/Codex_Workstation/F_0627,F_0627,fly_ball,MLB_776359_jacob-degrom-in-play-out-s-to-juan-soto-tzfihb,train
dataset/fly_ball/Codex_Workstation/F_0631,F_0631,fly_ball,MLB_776366_heriberto-hernandez-homers-8-on-a-fly-ball-to-right-field,val
dataset/fly_ball/Codex_Workstation/F_0633,F_0633,fly_ball,MLB_776368_aaron-judge-homers-45-on-a-fly-ball-to-center-field-uoquuz,train
dataset/fly_ball/Codex_Workstation/F_0634,F_0634,fly_ball,MLB_776368_aaron-judge-homers-46-on-a-fly-ball-to-center-field,val
dataset/fly_ball/Codex_Workstation/F_0638,F_0638,fly_ball,MLB_776368_giancarlo-stanton-homers-20-on-a-fly-ball-to-left-field,train
dataset/fly_ball/Codex_Workstation/F_0648,F_0648,fly_ball,MLB_776376_cole-sands-in-play-run-s-to-mike-trout,train
dataset/fly_ball/Codex_Workstation/F_0650,F_0650,fly_ball,MLB_776376_zach-neto-homers-26-on-a-fly-ball-to-left-field-mike-trout-scores,train
dataset/fly_ball/Codex_Workstation/F_0651,F_0651,fly_ball,MLB_776379_payton-tolle-in-play-run-s-to-nick-kurtz,train
dataset/fly_ball/Codex_Workstation/F_0657,F_0657,fly_ball,MLB_776398_aaron-judge-homers-44-on-a-line-drive-to-right-center-field,train
dataset/fly_ball/Codex_Workstation/F_0658,F_0658,fly_ball,MLB_776401_jeremiah-jackson-homers-5-on-a-fly-ball-to-right-field,train
dataset/fly_ball/Codex_Workstation/F_0659,F_0659,fly_ball,MLB_776401_ryan-mountcastle-out-on-a-sacrifice-fly-to-center-fielder-oneil-cruz-,test
dataset/fly_ball/Codex_Workstation/F_0662,F_0662,fly_ball,MLB_776404_kemp-and-bader-hit-back-to-back-homers,train
dataset/fly_ball/Codex_Workstation/F_0664,F_0664,fly_ball,MLB_776404_mark-vientos-homers-17-on-a-fly-ball-to-left-center-field,val
dataset/fly_ball/Codex_Workstation/F_0671,F_0671,fly_ball,MLB_776409_luis-garcia-jr-homers-13-on-a-fly-ball-to-right-field,train
dataset/fly_ball/Codex_Workstation/F_0676,F_0676,fly_ball,MLB_776412_matt-olson-homers-23-on-a-fly-ball-to-center-field,val
dataset/fly_ball/Codex_Workstation/F_0678,F_0678,fly_ball,MLB_776427_shohei-ohtani-mookie-betts-hit-back-to-back-homers,train
dataset/fly_ball/Codex_Workstation/F_0679,F_0679,fly_ball,MLB_776427_shohei-ohtani-s-two-homer-game-x6514,train
dataset/fly_ball/Codex_Workstation/F_0680,F_0680,fly_ball,MLB_776428_cal-raleigh-homers-53-on-a-fly-ball-to-center-field-victor-robles-sco,train
dataset/fly_ball/Codex_Workstation/F_0681,F_0681,fly_ball,MLB_776428_eugenio-suarez-homers-45-on-a-fly-ball-to-left-field-dominic-canzone-,train
dataset/fly_ball/Codex_Workstation/F_0682,F_0682,fly_ball,MLB_776428_eugenio-suarez-s-solo-home-run-44,train
dataset/fly_ball/Codex_Workstation/F_0683,F_0683,fly_ball,MLB_776428_eugenio-suarez-s-two-homer-game-against-the-braves,test
dataset/fly_ball/Codex_Workstation/F_0684,F_0684,fly_ball,MLB_776428_field-view-cal-raleigh-s-53rd-home-run,train
dataset/fly_ball/Codex_Workstation/F_0685,F_0685,fly_ball,MLB_776428_jorge-polanco-out-on-a-sacrifice-fly-to-center-fielder-michael-harris,train
dataset/fly_ball/Codex_Workstation/F_0686,F_0686,fly_ball,MLB_776428_josh-naylor-s-solo-home-run-18,train
dataset/fly_ball/Codex_Workstation/F_0688,F_0688,fly_ball,MLB_776428_polanco-naylor-crush-back-to-back-homers-in-3rd,train
dataset/fly_ball/Codex_Workstation/F_0695,F_0695,fly_ball,MLB_776438_tanner-bibee-in-play-run-s-to-josh-lowe,test
dataset/fly_ball/Codex_Workstation/F_0706,F_0706,fly_ball,MLB_776452_keider-montero-in-play-run-s-to-colson-montgomery-ubad7s,train
dataset/fly_ball/Codex_Workstation/F_0710,F_0710,fly_ball,MLB_776455_luis-garcia-jr-s-sac-fly-x2532,train
dataset/fly_ball/Codex_Workstation/F_0772,F_0772,fly_ball,MLB_776315_matt-olson-s-incredible-day-at-the-plate,train
dataset/fly_ball/Codex_Workstation/F_0774,F_0774,fly_ball,MLB_776318_pete-crow-armstrong-homers-29-on-a-fly-ball-to-right-center-field,train
dataset/fly_ball/Codex_Workstation/F_0786,F_0786,fly_ball,MLB_776338_drew-rasmussen-in-play-run-s-to-moises-ballesteros,train
dataset/fly_ball/Codex_Workstation/F_0789,F_0789,fly_ball,MLB_776338_nick-fortes-homers-5-on-a-fly-ball-to-left-center-field,train
dataset/fly_ball/Codex_Workstation/F_0799,F_0799,fly_ball,MLB_776352_christopher-morel-homers-11-on-a-fly-ball-to-left-center-field-chandl,train
dataset/fly_ball/Codex_Workstation/F_0826,F_0826,fly_ball,MLB_776409_nationals-score-six-runs-in-the-5th-inning,train
dataset/fly_ball/Codex_Workstation/F_0830,F_0830,fly_ball,MLB_776411_zach-neto-steals-his-25th-base-of-the-season,val
dataset/fly_ball/Codex_Workstation/F_0848,F_0848,fly_ball,MLB_776455_ian-happ-homers-20-on-a-fly-ball-to-center-field-9zc08k,train
dataset/fly_ball/Codex_Workstation/F_0849,F_0849,fly_ball,MLB_776455_javier-assad-in-play-run-s-to-luis-garcia-jr,train
dataset/fly_ball/Codex_Workstation/F_0860,F_0860,fly_ball,MLB_776477_joey-wiemer-homers-1-on-a-fly-ball-to-left-field-eric-wagaman-scores,train
dataset/fly_ball/Codex_Workstation/F_0880,F_0880,fly_ball,MLB_776138_nick-kurtz-homers-36-on-a-fly-ball-to-left-center-field-colby-thomas-,train
dataset/fly_ball/Codex_Workstation/F_0887,F_0887,fly_ball,MLB_776146_brenton-doyle-homers-15-on-a-fly-ball-to-left-center-field,train
dataset/fly_ball/Codex_Workstation/F_0889,F_0889,fly_ball,MLB_776146_jordan-beck-homers-16-on-a-fly-ball-to-center-field,train
dataset/fly_ball/Codex_Workstation/F_0894,F_0894,fly_ball,MLB_776159_jonathan-aranda-homers-14-on-a-fly-ball-to-center-field,val
dataset/fly_ball/Codex_Workstation/F_0896,F_0896,fly_ball,MLB_776160_daylen-lile-homers-9-on-a-fly-ball-to-right-center-field-josh-bell-sc,val
dataset/fly_ball/Codex_Workstation/F_0897,F_0897,fly_ball,MLB_776160_james-wood-homers-31-on-a-fly-ball-to-center-field,test
dataset/fly_ball/Codex_Workstation/F_0901,F_0901,fly_ball,MLB_776164_michael-busch-homers-33-on-a-fly-ball-to-right-center-field,train
dataset/fly_ball/Codex_Workstation/F_0902,F_0902,fly_ball,MLB_776164_michael-busch-homers-34-on-a-fly-ball-to-left-center-field-matt-shaw-,train
dataset/fly_ball/Codex_Workstation/F_0903,F_0903,fly_ball,MLB_776164_michael-busch-s-two-homer-four-hit-game,val
dataset/fly_ball/Codex_Workstation/F_0904,F_0904,fly_ball,MLB_776164_seiya-suzuki-homers-31-on-a-fly-ball-to-left-center-field,train
dataset/fly_ball/Codex_Workstation/F_0905,F_0905,fly_ball,MLB_776165_cade-cavalli-in-play-run-s-to-lenyn-sosa-f66e8b,train
dataset/fly_ball/Codex_Workstation/F_0906,F_0906,fly_ball,MLB_776165_cj-abrams-homers-19-on-a-fly-ball-to-right-field,test
dataset/fly_ball/Codex_Workstation/F_0907,F_0907,fly_ball,MLB_776165_garcia-jr-hits-three-homers-against-the-white-sox,train
dataset/fly_ball/Codex_Workstation/F_0910,F_0910,fly_ball,MLB_776165_luis-garcia-jr-homers-14-on-a-fly-ball-to-center-field,test
dataset/fly_ball/Codex_Workstation/F_0911,F_0911,fly_ball,MLB_776165_luis-garcia-jr-homers-16-on-a-fly-ball-to-right-field-x6112,train
dataset/fly_ball/Codex_Workstation/F_0912,F_0912,fly_ball,MLB_776165_yoendrys-gomez-in-play-run-s-to-josh-bell,train
dataset/fly_ball/Codex_Workstation/F_0913,F_0913,fly_ball,MLB_776167_michael-busch-homers-32-on-a-fly-ball-to-center-field,test
dataset/fly_ball/Codex_Workstation/F_0920,F_0920,fly_ball,MLB_776174_jordan-westburg-homers-16-on-a-line-drive-to-left-field-coby-mayo-sco,val
dataset/fly_ball/Codex_Workstation/F_0921,F_0921,fly_ball,MLB_776182_nick-kurtz-two-homer-game,val
dataset/fly_ball/Codex_Workstation/F_0925,F_0925,fly_ball,MLB_776185_freddie-freeman-s-two-homer-outing,train
dataset/fly_ball/Codex_Workstation/F_0928,F_0928,fly_ball,MLB_776189_field-view-riley-greene-s-solo-home-run-x4558,train
dataset/fly_ball/Codex_Workstation/F_0934,F_0934,fly_ball,MLB_776200_james-wood-homers-29-on-a-fly-ball-to-center-field,train
dataset/fly_ball/Codex_Workstation/F_0936,F_0936,fly_ball,MLB_776200_james-wood-s-two-homer-game-x1595,train
dataset/fly_ball/Codex_Workstation/F_0939,F_0939,fly_ball,MLB_776200_marcell-ozuna-homers-21-on-a-fly-ball-to-center-field-w3nq4q,train
dataset/fly_ball/Codex_Workstation/F_0940,F_0940,fly_ball,MLB_776200_tyler-kinley-in-play-run-s-to-james-wood,val
dataset/fly_ball/Codex_Workstation/F_0946,F_0946,fly_ball,MLB_776216_colson-montgomery-homers-19-on-a-fly-ball-to-right-center-field-kyle-,val
dataset/fly_ball/Codex_Workstation/F_0949,F_0949,fly_ball,MLB_776219_michael-harris-ii-homers-19-on-a-fly-ball-to-center-field,train
dataset/fly_ball/Codex_Workstation/F_0952,F_0952,fly_ball,MLB_776220_rafael-devers-homers-33-on-a-fly-ball-to-left-center-field,test
dataset/fly_ball/Codex_Workstation/F_0953,F_0953,fly_ball,MLB_776221_nasim-nunez-homers-4-on-a-fly-ball-to-right-field,test
dataset/fly_ball/Codex_Workstation/F_0960,F_0960,fly_ball,MLB_776234_jared-triolo-s-four-hit-three-rbi-game,train
dataset/fly_ball/Codex_Workstation/F_0962,F_0962,fly_ball,MLB_776235_sean-burke-in-play-run-s-to-fernando-tatis-jr,val
dataset/fly_ball/Codex_Workstation/F_0963,F_0963,fly_ball,MLB_776237_francisco-alvarez-lines-out-sharply-to-center-fielder-jacob-young,train
dataset/fly_ball/Codex_Workstation/F_0965,F_0965,fly_ball,MLB_776237_jacob-young-robs-a-home-run-after-review,train
dataset/fly_ball/Codex_Workstation/F_0966,F_0966,fly_ball,MLB_776237_jacob-young-s-stupendous-outfield-catches,test
dataset/fly_ball/Codex_Workstation/F_0967,F_0967,fly_ball,MLB_776237_sean-manaea-in-play-run-s-to-nasim-nunez,train
dataset/fly_ball/Codex_Workstation/F_0971,F_0971,fly_ball,MLB_776240_samuel-basallo-homers-4-on-a-fly-ball-to-right-field,val
dataset/fly_ball/Codex_Workstation/F_0973,F_0973,fly_ball,MLB_776252_tyler-rogers-in-play-run-s-to-daylen-lile,train
dataset/fly_ball/Codex_Workstation/F_0974,F_0974,fly_ball,MLB_776254_reese-mcguire-homers-9-on-a-fly-ball-to-right-field,train
dataset/fly_ball/Codex_Workstation/F_0975,F_0975,fly_ball,MLB_776254_spencer-steer-homers-21-on-a-fly-ball-to-left-center-field,train
dataset/fly_ball/Codex_Workstation/F_0982,F_0982,fly_ball,MLB_776266_luis-severino-in-play-run-s-to-nick-gonzales,train
dataset/fly_ball/Codex_Workstation/F_0994,F_0994,fly_ball,MLB_776269_eric-lauer-in-play-run-s-to-carson-williams,train
dataset/fly_ball/Codex_Workstation/F_0999,F_0999,fly_ball,MLB_776281_brent-rooker-homers-30-on-a-fly-ball-to-left-field-lawrence-butler-sc,test
dataset/fly_ball/Codex_Workstation/F_1013,F_1013,fly_ball,MLB_776304_brett-baty-homers-17-on-a-fly-ball-to-right-center-field-jeff-mcneil-,val
dataset/fly_ball/Codex_Workstation/F_1015,F_1015,fly_ball,MLB_776304_francisco-lindor-homers-27-on-a-fly-ball-to-right-center-field-awcvuk,train
dataset/fly_ball/Codex_Workstation/F_1016,F_1016,fly_ball,MLB_776304_freddy-fermin-homers-5-on-a-fly-ball-to-left-field-ysngvm,train
dataset/fly_ball/Codex_Workstation/F_1017,F_1017,fly_ball,MLB_776304_jackson-merrill-homers-14-on-a-fly-ball-to-center-field-xhp7f2,train
dataset/fly_ball/Codex_Workstation/F_1018,F_1018,fly_ball,MLB_776304_jake-cronenworth-homers-11-on-a-fly-ball-to-center-field,train
dataset/fly_ball/Codex_Workstation/F_1034,F_1034,fly_ball,MLB_813069_teoscar-hernandez-s-second-home-run-2352,val
dataset/fly_ball/Codex_Workstation/F_1065,F_1065,fly_ball,MLB_776218_riley-greene-homers-35-on-a-fly-ball-to-right-field,train
dataset/fly_ball/Codex_Workstation/F_1108,F_1108,fly_ball,MLB_777839_bo-naylor-homers-13-on-a-fly-ball-to-right-center-field,val
dataset/fly_ball/Codex_Workstation/F_1110,F_1110,fly_ball,MLB_777839_bo-naylor-s-two-homer-two-rbi-game-vs-the-twins,train
dataset/fly_ball/Codex_Workstation/F_1125,F_1125,fly_ball,MLB_745066_david-fry-flies-out-to-left-fielder-randy-arozarena,train
dataset/fly_ball/Codex_Workstation/F_1128,F_1128,fly_ball,MLB_745547_aaron-judge-homers-38-on-a-fly-ball-to-left-field,train
dataset/fly_ball/Codex_Workstation/F_1129,F_1129,fly_ball,MLB_745547_austin-wells-triples-1-on-a-fly-ball-to-center-fielder-brandon-marsh-,train
dataset/fly_ball/Codex_Workstation/F_1132,F_1132,fly_ball,MLB_745547_zack-wheeler-in-play-run-s-to-ben-rice,train
dataset/fly_ball/Codex_Workstation/F_1134,F_1134,fly_ball,MLB_745958_jarred-kelenic-homers-12-on-a-fly-ball-to-left-field,test
dataset/fly_ball/Codex_Workstation/F_1135,F_1135,fly_ball,MLB_746218_hans-crouse-in-play-out-s-to-tyler-soderstrom,train
dataset/fly_ball/Codex_Workstation/F_1136,F_1136,fly_ball,MLB_746298_hunter-renfroe-homers-7-on-a-fly-ball-to-left-field,train
dataset/fly_ball/Codex_Workstation/F_1141,F_1141,fly_ball,MLB_746848_jared-koenig-in-play-out-s-to-david-bote,train
dataset/fly_ball/Codex_Workstation/F_1144,F_1144,fly_ball,MLB_744834_joey-meneses-lines-out-to-third-baseman-mark-vientos,test
dataset/fly_ball/Codex_Workstation/F_1146,F_1146,fly_ball,MLB_744907_colin-poche-in-play-out-s-to-daulton-varsho,val
dataset/fly_ball/Codex_Workstation/F_1153,F_1153,fly_ball,MLB_744989_sammy-peralta-in-play-out-s-to-jonah-heim,test
dataset/fly_ball/Codex_Workstation/F_1156,F_1156,fly_ball,MLB_745061_roddery-munoz-in-play-run-s-to-jonny-deluca,train
dataset/fly_ball/Codex_Workstation/F_1157,F_1157,fly_ball,MLB_745071_hunter-harvey-in-play-out-s-to-yandy-diaz,train
dataset/fly_ball/Codex_Workstation/F_1158,F_1158,fly_ball,MLB_745087_michael-massey-makes-a-great-barehanded-play,train
dataset/fly_ball/Codex_Workstation/F_1162,F_1162,fly_ball,MLB_745158_marcell-ozuna-lines-out-sharply-to-center-fielder-michael-siani,train
dataset/fly_ball/Codex_Workstation/F_1169,F_1169,fly_ball,MLB_745317_ryan-yarbrough-in-play-out-s-to-brett-wisely,train
dataset/fly_ball/Codex_Workstation/F_1172,F_1172,fly_ball,MLB_745392_reynaldo-lopez-in-play-out-s-to-jurickson-profar,train
dataset/fly_ball/Codex_Workstation/F_1178,F_1178,fly_ball,MLB_745476_ke-bryan-hayes-lines-out-to-shortstop-francisco-lindor,test
dataset/fly_ball/Codex_Workstation/F_1184,F_1184,fly_ball,MLB_745547_juan-soto-doubles-21-on-a-sharp-line-drive-to-right-fielder-nick-cast,test
dataset/fly_ball/Codex_Workstation/F_1190,F_1190,fly_ball,MLB_745560_cristopher-sanchez-in-play-out-s-to-ali-sanchez,val
dataset/fly_ball/Codex_Workstation/F_1196,F_1196,fly_ball,MLB_745875_davis-martin-in-play-run-s-to-royce-lewis,test
dataset/fly_ball/Codex_Workstation/F_1197,F_1197,fly_ball,MLB_745880_christian-yelich-lines-out-to-left-fielder-matt-wallner,test
dataset/fly_ball/Codex_Workstation/F_1198,F_1198,fly_ball,MLB_745880_jakob-junis-in-play-out-s-to-austin-martin,val
dataset/fly_ball/Codex_Workstation/F_1204,F_1204,fly_ball,MLB_745897_chris-paddack-in-play-out-s-to-michael-toglia,train
dataset/fly_ball/Codex_Workstation/F_1205,F_1205,fly_ball,MLB_745898_chris-paddack-in-play-out-s-to-mj-melendez,train
dataset/fly_ball/Codex_Workstation/F_1206,F_1206,fly_ball,MLB_745903_manuel-margot-doubles-3-on-a-sharp-line-drive-to-center-fielder-kyle-,train
dataset/fly_ball/Codex_Workstation/F_1207,F_1207,fly_ball,MLB_745958_joe-ross-in-play-run-s-to-eddie-rosario,train
dataset/fly_ball/Codex_Workstation/F_1212,F_1212,fly_ball,MLB_745981_vladimir-guerrero-jr-lines-out-sharply-to-shortstop-willy-adames,train
dataset/fly_ball/Codex_Workstation/F_1213,F_1213,fly_ball,MLB_746034_david-peterson-in-play-out-s-to-bryan-de-la-cruz-jwjob1,train
dataset/fly_ball/Codex_Workstation/F_1216,F_1216,fly_ball,MLB_746041_roddery-munoz-in-play-out-s-to-j-d-martinez-0ggim1,train
dataset/fly_ball/Codex_Workstation/F_1217,F_1217,fly_ball,MLB_746045_brayan-bello-in-play-run-s-to-jesus-sanchez,test
dataset/fly_ball/Codex_Workstation/F_1221,F_1221,fly_ball,MLB_746045_xavier-edwards-triples-1-on-a-fly-ball-to-left-fielder-rob-refsnyder,train
dataset/fly_ball/Codex_Workstation/F_1222,F_1222,fly_ball,MLB_746128_cristian-mena-in-play-out-s-to-miguel-rojas-hrftxl,train
dataset/fly_ball/Codex_Workstation/F_1226,F_1226,fly_ball,MLB_746140_miguel-rojas-lines-out-to-center-fielder-brenton-doyle,train
dataset/fly_ball/Codex_Workstation/F_1230,F_1230,fly_ball,MLB_746218_luis-medina-in-play-run-s-to-taylor-ward,train
dataset/fly_ball/Codex_Workstation/F_1231,F_1231,fly_ball,MLB_746219_sal-frelick-flies-out-to-right-fielder-kevin-pillar-in-foul-territory,train
dataset/fly_ball/Codex_Workstation/F_1246,F_1246,fly_ball,MLB_746364_brent-honeywell-in-play-out-s-to-jon-singleton,test
dataset/fly_ball/Codex_Workstation/F_1250,F_1250,fly_ball,MLB_746375_gunnar-henderson-flies-out-to-third-baseman-alex-bregman,train
dataset/fly_ball/Codex_Workstation/F_1270,F_1270,fly_ball,MLB_746694_mark-canha-sliding-catch,val
dataset/fly_ball/Codex_Workstation/F_1275,F_1275,fly_ball,MLB_746714_sam-moll-in-play-run-s-to-fernando-tatis-jr,train
dataset/fly_ball/Codex_Workstation/F_1276,F_1276,fly_ball,MLB_746769_eloy-jimenez-singles-on-a-sharp-line-drive-to-left-fielder-bryan-reyn,train
dataset/fly_ball/Codex_Workstation/F_1278,F_1278,fly_ball,MLB_746778_cal-quantrill-in-play-out-s-to-andrew-benintendi-x3xf0d,train
dataset/fly_ball/Codex_Workstation/F_1283,F_1283,fly_ball,MLB_746845_javier-assad-in-play-out-s-to-nolan-arenado-7zta0t,train
dataset/fly_ball/Codex_Workstation/F_1288,F_1288,fly_ball,MLB_746860_michael-mercado-in-play-out-s-to-cody-bellinger,train
dataset/fly_ball/Zhengxuan_Liu/F_001,F_001,fly_ball,https://www.mlb.com/video/condensed-game-sd-stl-6-16-26?q=ContentTags%20=%20[%22condensed-game%22]%20Order%20By%20Timestamp%20DESC&pt=Condensed%20Games&p=2,train
dataset/fly_ball/Zhengxuan_Liu/F_005,F_005,fly_ball,https://www.mlb.com/video/condensed-game-sd-stl-6-16-26?q=ContentTags%20=%20[%22condensed-game%22]%20Order%20By%20Timestamp%20DESC&pt=Condensed%20Games&p=2,train
dataset/fly_ball/Zhengxuan_Liu/F_006,F_006,fly_ball,https://www.mlb.com/video/condensed-game-tb-lad-6-15-26?q=ContentTags%20=%20[%22condensed-game%22]%20Order%20By%20Timestamp%20DESC&pt=Condensed%20Games&p=2,val
dataset/fly_ball/Zhengxuan_Liu/F_007,F_007,fly_ball,https://www.mlb.com/video/condensed-game-tb-lad-6-15-26?q=ContentTags%20=%20[%22condensed-game%22]%20Order%20By%20Timestamp%20DESC&pt=Condensed%20Games&p=2,val
dataset/fly_ball/Zhengxuan_Liu/F_009,F_009,fly_ball,https://www.mlb.com/video/condensed-game-tb-lad-6-15-26?q=ContentTags%20=%20[%22condensed-game%22]%20Order%20By%20Timestamp%20DESC&pt=Condensed%20Games&p=2,val
dataset/fly_ball/Zhengxuan_Liu/F_011,F_011,fly_ball,https://www.mlb.com/video/condensed-game-tb-lad-6-15-26?q=ContentTags%20=%20[%22condensed-game%22]%20Order%20By%20Timestamp%20DESC&pt=Condensed%20Games&p=2,val
dataset/fly_ball/Zhengxuan_Liu/F_012,F_012,fly_ball,https://www.mlb.com/video/condensed-game-tb-lad-6-15-26?q=ContentTags%20=%20[%22condensed-game%22]%20Order%20By%20Timestamp%20DESC&pt=Condensed%20Games&p=2,val
dataset/fly_ball/Zhengxuan_Liu/F_013,F_013,fly_ball,https://www.mlb.com/video/condensed-game-tb-lad-6-15-26?q=ContentTags%20=%20[%22condensed-game%22]%20Order%20By%20Timestamp%20DESC&pt=Condensed%20Games&p=2,val
dataset/fly_ball/Zhengxuan_Liu/F_014,F_014,fly_ball,https://www.mlb.com/video/condensed-game-tb-lad-6-15-26?q=ContentTags%20=%20[%22condensed-game%22]%20Order%20By%20Timestamp%20DESC&pt=Condensed%20Games&p=2,val
dataset/fly_ball/Zhengxuan_Liu/F_015,F_015,fly_ball,https://www.mlb.com/video/condensed-game-lad-cws-6-14-26?q=ContentTags%20=%20[%22condensed-game%22]%20Order%20By%20Timestamp%20DESC&pt=Condensed%20Games&p=2,test
dataset/fly_ball/Zhengxuan_Liu/F_016,F_016,fly_ball,https://www.mlb.com/video/condensed-game-lad-cws-6-14-26?q=ContentTags%20=%20[%22condensed-game%22]%20Order%20By%20Timestamp%20DESC&pt=Condensed%20Games&p=2,test
dataset/fly_ball/Zhengxuan_Liu/F_017,F_017,fly_ball,https://www.mlb.com/video/condensed-game-lad-cws-6-14-26?q=ContentTags%20=%20[%22condensed-game%22]%20Order%20By%20Timestamp%20DESC&pt=Condensed%20Games&p=2,test
dataset/fly_ball/Zhengxuan_Liu/F_018,F_018,fly_ball,https://www.mlb.com/video/condensed-game-lad-cws-6-14-26?q=ContentTags%20=%20[%22condensed-game%22]%20Order%20By%20Timestamp%20DESC&pt=Condensed%20Games&p=2,test
dataset/fly_ball/Zhengxuan_Liu/F_019,F_019,fly_ball,https://www.mlb.com/video/condensed-game-lad-cws-6-14-26?q=ContentTags%20=%20[%22condensed-game%22]%20Order%20By%20Timestamp%20DESC&pt=Condensed%20Games&p=2,test
dataset/fly_ball/Zhengxuan_Liu/F_020,F_020,fly_ball,https://www.mlb.com/video/condensed-game-lad-cws-6-14-26?q=ContentTags%20=%20[%22condensed-game%22]%20Order%20By%20Timestamp%20DESC&pt=Condensed%20Games&p=2,test
dataset/fly_ball/Zhengxuan_Liu/F_022,F_022,fly_ball,https://www.mlb.com/video/condensed-game-lad-cws-6-14-26?q=ContentTags%20=%20[%22condensed-game%22]%20Order%20By%20Timestamp%20DESC&pt=Condensed%20Games&p=2,test
dataset/fly_ball/Zhengxuan_Liu/F_023,F_023,fly_ball,https://www.mlb.com/video/condensed-game-lad-cws-6-14-26?q=ContentTags%20=%20[%22condensed-game%22]%20Order%20By%20Timestamp%20DESC&pt=Condensed%20Games&p=2,test
dataset/fly_ball/Zhengxuan_Liu/F_026,F_026,fly_ball,https://www.mlb.com/video/condensed-game-lad-cws-6-13-26?q=ContentTags%20=%20[%22condensed-game%22]%20Order%20By%20Timestamp%20DESC&pt=Condensed%20Games&p=2,train
dataset/fly_ball/Zhengxuan_Liu/F_027,F_027,fly_ball,https://www.mlb.com/video/condensed-game-lad-cws-6-13-26?q=ContentTags%20=%20[%22condensed-game%22]%20Order%20By%20Timestamp%20DESC&pt=Condensed%20Games&p=2,train
dataset/fly_ball/Zhengxuan_Liu/F_028,F_028,fly_ball,https://www.mlb.com/video/condensed-game-lad-cws-6-13-26?q=ContentTags%20=%20[%22condensed-game%22]%20Order%20By%20Timestamp%20DESC&pt=Condensed%20Games&p=2,train
dataset/fly_ball/Zhengxuan_Liu/F_029,F_029,fly_ball,https://www.mlb.com/video/condensed-game-lad-cws-6-13-26?q=ContentTags%20=%20[%22condensed-game%22]%20Order%20By%20Timestamp%20DESC&pt=Condensed%20Games&p=2,train
dataset/fly_ball/Zhengxuan_Liu/F_030,F_030,fly_ball,https://www.mlb.com/video/condensed-game-lad-cws-6-13-26?q=ContentTags%20=%20[%22condensed-game%22]%20Order%20By%20Timestamp%20DESC&pt=Condensed%20Games&p=2,train
dataset/fly_ball/Zhengxuan_Liu/F_031,F_031,fly_ball,https://www.mlb.com/video/condensed-game-lad-cws-6-13-26?q=ContentTags%20=%20[%22condensed-game%22]%20Order%20By%20Timestamp%20DESC&pt=Condensed%20Games&p=2,train
dataset/fly_ball/Zhengxuan_Liu/F_033,F_033,fly_ball,https://www.mlb.com/video/condensed-game-lad-cws-6-13-26?q=ContentTags%20=%20[%22condensed-game%22]%20Order%20By%20Timestamp%20DESC&pt=Condensed%20Games&p=2,train
dataset/ground_ball/Codex_Workstation/G_0001,G_0001,ground_ball,MLB_824419_elias-diaz-grounds-out-second-baseman-daniel-schneemann-to-first-base,train
dataset/ground_ball/Codex_Workstation/G_0002,G_0002,ground_ball,MLB_823530_paul-blackburn-in-play-out-s-to-zach-mckinstry,train
dataset/ground_ball/Codex_Workstation/G_0003,G_0003,ground_ball,MLB_824335_javier-sanoja-grounds-out-third-baseman-kyle-karros-to-first-baseman-,train
dataset/ground_ball/Codex_Workstation/G_0005,G_0005,ground_ball,MLB_824982_jack-perkins-in-play-out-s-to-otto-lopez,test
dataset/ground_ball/Codex_Workstation/G_0006,G_0006,ground_ball,MLB_825062_gabriel-moreno-singles-on-a-ground-ball-to-right-fielder-sal-frelick-,train
dataset/ground_ball/Codex_Workstation/G_0008,G_0008,ground_ball,MLB_824334_kyle-karros-grounds-out-third-baseman-casey-schmitt-to-first-baseman-,train
dataset/ground_ball/Codex_Workstation/G_0009,G_0009,ground_ball,MLB_824983_kade-morris-in-play-out-s-to-esteury-ruiz-ao1doh,train
dataset/ground_ball/Codex_Workstation/G_0010,G_0010,ground_ball,MLB_823932_ty-france-grounds-out-to-first-baseman-freddie-freeman,train
dataset/ground_ball/Codex_Workstation/G_0012,G_0012,ground_ball,MLB_823035_jordan-walker-grounds-out-third-baseman-joey-ortiz-to-first-baseman-a,train
dataset/ground_ball/Codex_Workstation/G_0013,G_0013,ground_ball,MLB_823607_seth-lugo-in-play-run-s-to-a-j-ewing,train
dataset/ground_ball/Codex_Workstation/G_0014,G_0014,ground_ball,MLB_823684_connor-prielipp-in-play-out-s-to-gabriel-arias,train
dataset/ground_ball/Codex_Workstation/G_0016,G_0016,ground_ball,MLB_822967_cade-cavalli-in-play-out-s-to-richie-palacios,val
dataset/ground_ball/Codex_Workstation/G_0017,G_0017,ground_ball,MLB_825068_ryan-kreidler-grounds-out-third-baseman-nolan-arenado-to-first-basema,train
dataset/ground_ball/Codex_Workstation/G_0019,G_0019,ground_ball,MLB_824908_bryce-elder-in-play-out-s-to-william-contreras-ubttfb,test
dataset/ground_ball/Codex_Workstation/G_0020,G_0020,ground_ball,MLB_822800_hunter-brown-in-play-no-out-to-vladimir-guerrero-jr,train
dataset/ground_ball/Codex_Workstation/G_0021,G_0021,ground_ball,MLB_823040_andre-pallante-in-play-out-s-to-lourdes-gurriel-jr-1tzdvc,train
dataset/ground_ball/Codex_Workstation/G_0022,G_0022,ground_ball,MLB_822718_nasim-nunez-singles-on-a-ground-ball-to-left-fielder-brandon-marsh-an,train
dataset/ground_ball/Codex_Workstation/G_0023,G_0023,ground_ball,MLB_824501_caleb-ferguson-in-play-run-s-to-jake-bauers,val
dataset/ground_ball/Codex_Workstation/G_0025,G_0025,ground_ball,MLB_823611_sean-manaea-in-play-run-s-to-pedro-ramirez,train
dataset/ground_ball/Codex_Workstation/G_0026,G_0026,ground_ball,MLB_824341_ranger-suarez-in-play-run-s-to-jake-mccarthy-nn8phj-x3703,train
dataset/ground_ball/Codex_Workstation/G_0027,G_0027,ground_ball,MLB_824018_keegan-akin-in-play-run-s-to-logan-o-hoppe,test
dataset/ground_ball/Codex_Workstation/G_0028,G_0028,ground_ball,MLB_824018_keegan-akin-in-play-run-s-to-nolan-schanuel,train
dataset/ground_ball/Codex_Workstation/G_0029,G_0029,ground_ball,MLB_824018_jose-fermin-in-play-out-s-to-jeremiah-jackson,val
dataset/ground_ball/Codex_Workstation/G_0030,G_0030,ground_ball,MLB_824018_chase-silseth-in-play-out-s-to-gunnar-henderson,val
dataset/ground_ball/Codex_Workstation/G_0031,G_0031,ground_ball,MLB_823367_braxton-ashcraft-in-play-run-s-to-julio-rodriguez,test
dataset/ground_ball/Codex_Workstation/G_0032,G_0032,ground_ball,MLB_823367_braxton-ashcraft-in-play-out-s-to-randy-arozarena,val
dataset/ground_ball/Codex_Workstation/G_0034,G_0034,ground_ball,MLB_822962_nick-martinez-in-play-out-s-to-lourdes-gurriel-jr-mfflzs,train
dataset/ground_ball/Codex_Workstation/G_0035,G_0035,ground_ball,MLB_823773_carson-kelly-grounds-out-softly-third-baseman-david-hamilton-to-first,train
dataset/ground_ball/Codex_Workstation/G_0036,G_0036,ground_ball,MLB_824014_walbert-urena-in-play-run-s-to-alika-williams,train
dataset/ground_ball/Codex_Workstation/G_0039,G_0039,ground_ball,MLB_824094_jose-cuas-in-play-out-s-to-chandler-simpson,val
dataset/ground_ball/Codex_Workstation/G_0040,G_0040,ground_ball,MLB_822974_will-vest-in-play-run-s-to-nick-fortes,test
dataset/ground_ball/Codex_Workstation/G_0041,G_0041,ground_ball,MLB_822727_andrew-alvarez-in-play-out-s-to-joe-mack-jmw0x6,val
dataset/ground_ball/Codex_Workstation/G_0042,G_0042,ground_ball,MLB_823130_george-kirby-in-play-no-out-to-jared-young,train
dataset/ground_ball/Codex_Workstation/G_0044,G_0044,ground_ball,MLB_824919_chris-sale-in-play-no-out-to-ernie-clement,test
dataset/ground_ball/Codex_Workstation/G_0047,G_0047,ground_ball,MLB_823860_ryan-vilade-singles-on-a-ground-ball-to-right-fielder-owen-caissie-ri,val
dataset/ground_ball/Codex_Workstation/G_0048,G_0048,ground_ball,MLB_824350_garrett-mitchell-singles-on-a-ground-ball-to-left-fielder-troy-johnst,val
dataset/ground_ball/Codex_Workstation/G_0051,G_0051,ground_ball,MLB_825074_gabriel-moreno-grounds-out-third-baseman-curtis-mead-to-first-baseman,val
dataset/ground_ball/Codex_Workstation/G_0052,G_0052,ground_ball,MLB_823941_jose-soriano-in-play-run-s-to-kyle-tucker,val
dataset/ground_ball/Codex_Workstation/G_0053,G_0053,ground_ball,MLB_824429_gerrit-cole-in-play-run-s-to-angel-martinez,train
dataset/ground_ball/Codex_Workstation/G_0054,G_0054,ground_ball,MLB_822805_louis-varland-in-play-out-s-to-j-t-realmuto,train
dataset/ground_ball/Codex_Workstation/G_0056,G_0056,ground_ball,MLB_822970_yandy-diaz-singles-on-a-ground-ball-to-left-fielder-jarren-duran-nick,train
dataset/ground_ball/Codex_Workstation/G_0057,G_0057,ground_ball,MLB_823215_robbie-ray-in-play-out-s-to-nasim-nunez-yhwzs3,train
dataset/ground_ball/Codex_Workstation/G_0060,G_0060,ground_ball,MLB_822804_tyler-rogers-in-play-out-s-to-bryson-stott,test
dataset/ground_ball/Codex_Workstation/G_0061,G_0061,ground_ball,MLB_824590_chris-sale-throws-out-luisangel-acuna,val
dataset/ground_ball/Codex_Workstation/G_0062,G_0062,ground_ball,MLB_824348_troy-johnston-grounds-out-shortstop-dansby-swanson-to-first-baseman-m,test
dataset/ground_ball/Codex_Workstation/G_0063,G_0063,ground_ball,MLB_824287_riley-greene-s-rbi-groundout,train
dataset/ground_ball/Codex_Workstation/G_0064,G_0064,ground_ball,MLB_823389_mitch-keller-in-play-run-s-to-elly-de-la-cruz-tdkmqc,train
dataset/ground_ball/Codex_Workstation/G_0066,G_0066,ground_ball,MLB_822744_jake-irvin-in-play-run-s-to-luis-rengifo-bhyxu6,train
dataset/ground_ball/Codex_Workstation/G_0069,G_0069,ground_ball,MLB_824366_grant-holmes-in-play-run-s-to-willi-castro,val
dataset/ground_ball/Codex_Workstation/G_0070,G_0070,ground_ball,MLB_825012_joel-kuhnel-in-play-out-s-to-angel-martinez,train
dataset/ground_ball/Codex_Workstation/G_0072,G_0072,ground_ball,MLB_823388_sam-moll-in-play-run-s-to-henry-davis,train
dataset/ground_ball/Codex_Workstation/G_0073,G_0073,ground_ball,MLB_823388_rhett-lowder-in-play-out-s-to-nick-gonzales,train
dataset/ground_ball/Codex_Workstation/G_0074,G_0074,ground_ball,MLB_822746_brad-lord-in-play-run-s-to-joey-ortiz,test
dataset/ground_ball/Codex_Workstation/G_0076,G_0076,ground_ball,MLB_822746_kyle-harrison-in-play-out-s-to-james-wood-j6yujz,train
dataset/ground_ball/Codex_Workstation/G_0077,G_0077,ground_ball,MLB_824365_chase-dollander-in-play-out-s-to-ronald-acuna-jr,test
dataset/ground_ball/Codex_Workstation/G_0078,G_0078,ground_ball,MLB_823144_lucas-erceg-in-play-out-s-to-j-p-crawford-dkjdno,val
dataset/ground_ball/Codex_Workstation/G_0079,G_0079,ground_ball,MLB_822742_richard-lovelady-in-play-run-s-to-garrett-mitchell,train
dataset/ground_ball/Codex_Workstation/G_0082,G_0082,ground_ball,MLB_824043_clay-holmes-in-play-out-s-to-vaughn-grissom-wbkvjw,train
dataset/ground_ball/Codex_Workstation/G_0083,G_0083,ground_ball,MLB_824043_jack-kochanowicz-in-play-out-s-to-juan-soto,train
dataset/ground_ball/Codex_Workstation/G_0089,G_0089,ground_ball,MLB_823143_josh-naylor-grounds-out-to-first-baseman-matt-olson-mejv3r,val
dataset/ground_ball/Codex_Workstation/G_0090,G_0090,ground_ball,MLB_823228_randy-vasquez-in-play-run-s-to-rafael-devers,train
dataset/ground_ball/Codex_Workstation/G_0093,G_0093,ground_ball,MLB_823227_logan-webb-in-play-run-s-to-xander-bogaerts-d0d75s,test
dataset/ground_ball/Codex_Workstation/G_0094,G_0094,ground_ball,MLB_822985_vladimir-guerrero-jr-grounds-out-softly-pitcher-shane-mcclanahan-to-f,train
dataset/ground_ball/Codex_Workstation/G_0095,G_0095,ground_ball,MLB_824036_noah-schultz-in-play-out-s-to-travis-d-arnaud,train
dataset/ground_ball/Codex_Workstation/G_0097,G_0097,ground_ball,MLB_824683_colin-rea-in-play-run-s-to-elly-de-la-cruz,train
dataset/ground_ball/Codex_Workstation/G_0098,G_0098,ground_ball,MLB_824683_brady-singer-in-play-run-s-to-carson-kelly,train
dataset/ground_ball/Codex_Workstation/G_0101,G_0101,ground_ball,MLB_823551_tim-hill-in-play-run-s-to-ezequiel-duran,train
dataset/ground_ball/Codex_Workstation/G_0104,G_0104,ground_ball,MLB_824767_masataka-yoshida-grounds-out-second-baseman-ben-williamson-to-first-b,train
dataset/ground_ball/Codex_Workstation/G_0105,G_0105,ground_ball,MLB_824767_marcelo-mayer-grounds-out-second-baseman-ben-williamson-to-first-base,train
dataset/ground_ball/Codex_Workstation/G_0107,G_0107,ground_ball,MLB_824116_kris-bubic-in-play-run-s-to-spencer-torkelson,val
dataset/ground_ball/Codex_Workstation/G_0108,G_0108,ground_ball,MLB_822904_carson-kelly-grounds-into-a-force-out-second-baseman-ezequiel-duran-t,val
dataset/ground_ball/Codex_Workstation/G_0109,G_0109,ground_ball,MLB_823303_yuki-matsui-in-play-out-s-to-masyn-winn-afadze,val
dataset/ground_ball/Codex_Workstation/G_0110,G_0110,ground_ball,MLB_822820_adam-frazier-in-play-run-s-to-tyler-heineman,train
dataset/ground_ball/Codex_Workstation/G_0111,G_0111,ground_ball,MLB_824523_pierce-johnson-in-play-out-s-to-cam-smith,val
dataset/ground_ball/Codex_Workstation/G_0113,G_0113,ground_ball,MLB_825089_austin-warren-in-play-out-s-to-lourdes-gurriel-jr,train
dataset/ground_ball/Codex_Workstation/G_0114,G_0114,ground_ball,MLB_823224_ryan-o-hearn-grounds-into-a-double-play-shortstop-willy-adames-to-fir,train
dataset/ground_ball/Codex_Workstation/G_0115,G_0115,ground_ball,MLB_823868_brady-house-s-rbi-groundout,train
dataset/ground_ball/Codex_Workstation/G_0117,G_0117,ground_ball,MLB_824440_luis-garcia-in-play-run-s-to-chase-delauter,train
dataset/ground_ball/Codex_Workstation/G_0119,G_0119,ground_ball,MLB_824605_brendan-donovan-grounds-out-to-first-baseman-munetaka-murakami,train
dataset/ground_ball/Codex_Workstation/G_0120,G_0120,ground_ball,MLB_824441_peyton-pallette-in-play-out-s-to-jorge-soler,test
dataset/ground_ball/Codex_Workstation/G_0121,G_0121,ground_ball,MLB_822901_michael-soroka-in-play-out-s-to-joc-pederson,val
dataset/ground_ball/Codex_Workstation/G_0122,G_0122,ground_ball,MLB_823953_wyatt-mills-in-play-run-s-to-jesus-rodriguez,test
dataset/ground_ball/Codex_Workstation/G_0125,G_0125,ground_ball,MLB_824442_walbert-urena-in-play-out-s-to-patrick-bailey-rghvxd,test
dataset/ground_ball/Codex_Workstation/G_0126,G_0126,ground_ball,MLB_824843_aaron-judge-singles-on-a-ground-ball-to-third-baseman-coby-mayo-defle,train
dataset/ground_ball/Codex_Workstation/G_0127,G_0127,ground_ball,MLB_823385_gregory-soto-in-play-out-s-to-tj-rumfield,test
dataset/ground_ball/Codex_Workstation/G_0128,G_0128,ground_ball,MLB_823632_enmanuel-de-jesus-in-play-run-s-to-juan-soto,val
dataset/ground_ball/Codex_Workstation/G_0129,G_0129,ground_ball,MLB_824604_matt-strahm-in-play-out-s-to-randal-grichuk-eukxx9,val
dataset/ground_ball/Codex_Workstation/G_0130,G_0130,ground_ball,MLB_824604_bobby-witt-jr-grounds-out-third-baseman-miguel-vargas-to-first-basema,train
dataset/ground_ball/Codex_Workstation/G_0132,G_0132,ground_ball,MLB_824841_ryan-yarbrough-in-play-no-out-to-leody-taveras,test
dataset/ground_ball/Codex_Workstation/G_0133,G_0133,ground_ball,MLB_824438_reid-detmers-in-play-run-s-to-david-fry,train
dataset/ground_ball/Codex_Workstation/G_0134,G_0134,ground_ball,MLB_824519_tejay-antone-in-play-run-s-to-luis-garcia-jr,train
dataset/ground_ball/Codex_Workstation/G_0135,G_0135,ground_ball,MLB_823386_jose-quintana-in-play-no-out-to-henry-davis-dshfyf,train
dataset/ground_ball/Codex_Workstation/G_0136,G_0136,ground_ball,MLB_823631_framber-valdez-in-play-out-s-to-bo-bichette-idyz3p,val
dataset/ground_ball/Codex_Workstation/G_0137,G_0137,ground_ball,MLB_824603_chase-meidroth-grounds-into-a-force-out-shortstop-bobby-witt-jr-to-se,train
dataset/ground_ball/Codex_Workstation/G_0139,G_0139,ground_ball,MLB_823791_michael-king-in-play-run-s-to-brice-turang-8uvl8g,train
dataset/ground_ball/Codex_Workstation/G_0140,G_0140,ground_ball,MLB_823383_oneil-cruz-grounds-out-shortstop-ezequiel-tovar-to-first-baseman-tj-r,test
dataset/ground_ball/Codex_Workstation/G_0141,G_0141,ground_ball,MLB_823709_calvin-faucher-in-play-run-s-to-victor-caratini,train
dataset/ground_ball/Codex_Workstation/G_0143,G_0143,ground_ball,MLB_824926_chris-sale-in-play-run-s-to-matt-shaw,train
dataset/ground_ball/Codex_Workstation/G_0144,G_0144,ground_ball,MLB_824602_tyler-davis-in-play-run-s-to-maikel-garcia,val
dataset/ground_ball/Codex_Workstation/G_0145,G_0145,ground_ball,MLB_823950_rafael-devers-out-at-second-base-stands,test
dataset/ground_ball/Codex_Workstation/G_0146,G_0146,ground_ball,MLB_823384_orion-kerkering-in-play-run-s-to-konnor-griffin,val
dataset/ground_ball/Codex_Workstation/G_0147,G_0147,ground_ball,MLB_822739_shane-baz-in-play-out-s-to-curtis-mead,train
dataset/ground_ball/Codex_Workstation/G_0148,G_0148,ground_ball,MLB_824439_tejay-antone-in-play-run-s-to-angel-martinez,test
dataset/ground_ball/Codex_Workstation/G_0149,G_0149,ground_ball,MLB_823629_david-bednar-in-play-run-s-to-brett-baty,train
dataset/ground_ball/Codex_Workstation/G_0150,G_0150,ground_ball,MLB_823629_craig-kimbrel-in-play-out-s-to-aaron-judge,train
dataset/ground_ball/Codex_Workstation/G_0151,G_0151,ground_ball,MLB_823629_cam-schlittler-in-play-out-s-to-mark-vientos,train
dataset/ground_ball/Codex_Workstation/G_0152,G_0152,ground_ball,MLB_823629_cam-schlittler-in-play-out-s-to-mark-vientos-awnk9p,test
dataset/ground_ball/Codex_Workstation/G_0153,G_0153,ground_ball,MLB_824601_edward-cabrera-in-play-run-s-to-tristan-peters,test
dataset/ground_ball/Codex_Workstation/G_0154,G_0154,ground_ball,MLB_823061_dustin-may-in-play-run-s-to-isaac-collins-xdvpjt,val
dataset/ground_ball/Codex_Workstation/G_0159,G_0159,ground_ball,MLB_823139_jeremiah-estrada-in-play-out-s-to-josh-naylor-vqyrka,val
dataset/ground_ball/Codex_Workstation/G_0162,G_0162,ground_ball,MLB_825007_trevor-mcdonald-in-play-run-s-to-jeff-mcneil,train
dataset/ground_ball/Codex_Workstation/G_0163,G_0163,ground_ball,MLB_825007_jonah-heim-grounds-out-third-baseman-matt-chapman-to-first-baseman-ra,val
dataset/ground_ball/Codex_Workstation/G_0165,G_0165,ground_ball,MLB_822980_coby-mayo-grounds-out-shortstop-taylor-walls-to-first-baseman-jonatha,train
dataset/ground_ball/Codex_Workstation/G_0166,G_0166,ground_ball,MLB_822980_jonathan-aranda-grounds-out-shortstop-gunnar-henderson-to-first-basem,train
dataset/ground_ball/Codex_Workstation/G_0167,G_0167,ground_ball,MLB_822980_jeremiah-jackson-grounds-out-shortstop-taylor-walls-to-first-baseman-,val
dataset/ground_ball/Codex_Workstation/G_0169,G_0169,ground_ball,MLB_823549_max-schuemann-grounds-into-a-force-out-shortstop-ernie-clement-to-sec,train
dataset/ground_ball/Codex_Workstation/G_0170,G_0170,ground_ball,MLB_823137_miguel-vargas-grounds-into-a-force-out-third-baseman-colt-emerson-to-,val
dataset/ground_ball/Codex_Workstation/G_0171,G_0171,ground_ball,MLB_823865_calvin-faucher-in-play-run-s-to-matt-olson,train
dataset/ground_ball/Codex_Workstation/G_0172,G_0172,ground_ball,MLB_823865_calvin-faucher-in-play-run-s-to-mauricio-dubon,val
dataset/ground_ball/Codex_Workstation/G_0173,G_0173,ground_ball,MLB_824276_brayan-rocchio-grounds-out-shortstop-zack-short-to-first-baseman-spen,train
dataset/ground_ball/Codex_Workstation/G_0174,G_0174,ground_ball,MLB_824276_zach-mckinstry-grounds-out-to-first-baseman-kyle-manzardo,train
dataset/ground_ball/Codex_Workstation/G_0176,G_0176,ground_ball,MLB_823059_matthew-liberatore-in-play-out-s-to-konnor-griffin,train
dataset/ground_ball/Codex_Workstation/G_0178,G_0178,ground_ball,MLB_823302_griffin-canning-in-play-out-s-to-mookie-betts-sfnlb4,train
dataset/ground_ball/Codex_Workstation/G_0180,G_0180,ground_ball,MLB_823703_jake-meyers-grounds-out-shortstop-ryan-kreidler-to-first-baseman-kody,train
dataset/ground_ball/Codex_Workstation/G_0182,G_0182,ground_ball,MLB_825084_tyler-mahle-in-play-run-s-to-ildemaro-vargas,train
dataset/ground_ball/Codex_Workstation/G_0186,G_0186,ground_ball,MLB_823056_justin-bruihl-in-play-run-s-to-bryan-reynolds-fbq70k,val
dataset/ground_ball/Codex_Workstation/G_0187,G_0187,ground_ball,MLB_822733_david-peterson-in-play-run-s-to-andres-chaparro,val
dataset/ground_ball/Codex_Workstation/G_0189,G_0189,ground_ball,MLB_825083_ezequiel-tovar-grounds-out-third-baseman-nolan-arenado-to-first-basem,train
dataset/ground_ball/Codex_Workstation/G_0190,G_0190,ground_ball,MLB_825083_blas-castano-in-play-run-s-to-corbin-carroll-wp0qha-x7856,val
dataset/ground_ball/Codex_Workstation/G_0191,G_0191,ground_ball,MLB_822816_louis-varland-in-play-run-s-to-bryan-reynolds,val
dataset/ground_ball/Codex_Workstation/G_0192,G_0192,ground_ball,MLB_824761_connor-prielipp-in-play-run-s-to-jarren-duran,train
dataset/ground_ball/Codex_Workstation/G_0193,G_0193,ground_ball,MLB_823863_sean-manaea-in-play-run-s-to-owen-caissie,val
dataset/ground_ball/Codex_Workstation/G_0194,G_0194,ground_ball,MLB_824922_miles-mikolas-in-play-out-s-to-ronald-acuna-jr-vy8dmp,test
dataset/ground_ball/Codex_Workstation/G_0195,G_0195,ground_ball,MLB_823298_brent-rooker-grounds-out-third-baseman-manny-machado-to-first-baseman,train
dataset/ground_ball/Codex_Workstation/G_0198,G_0198,ground_ball,MLB_822814_yariel-rodriguez-in-play-run-s-to-marcell-ozuna,train
dataset/ground_ball/Codex_Workstation/G_0199,G_0199,ground_ball,MLB_824109_carter-jensen-grounds-out-to-first-baseman-josh-naylor-bobby-witt-jr-,train
dataset/ground_ball/Codex_Workstation/G_0200,G_0200,ground_ball,MLB_824920_ozzie-albies-grounds-out-third-baseman-jorbit-vivas-to-first-baseman-,train
dataset/ground_ball/Codex_Workstation/G_0202,G_0202,ground_ball,MLB_823300_jose-suarez-in-play-run-s-to-ty-france-x4828,train
dataset/ground_ball/Codex_Workstation/G_0203,G_0203,ground_ball,MLB_824030_nathan-eovaldi-in-play-no-out-to-zach-neto-sfghud,train
dataset/ground_ball/Codex_Workstation/G_0206,G_0206,ground_ball,MLB_824759_sonny-gray-in-play-run-s-to-victor-caratini,train
dataset/ground_ball/Codex_Workstation/G_0209,G_0209,ground_ball,MLB_823786_mookie-betts-grounds-out-shortstop-joey-ortiz-to-first-baseman-andrew,train
dataset/ground_ball/Codex_Workstation/G_0217,G_0217,ground_ball,MLB_822812_tyler-rogers-in-play-run-s-to-jakob-marsee,train
dataset/ground_ball/Codex_Workstation/G_0218,G_0218,ground_ball,MLB_825005_aaron-civale-in-play-run-s-to-josh-naylor,test
dataset/ground_ball/Codex_Workstation/G_0219,G_0219,ground_ball,MLB_825005_bryce-miller-in-play-run-s-to-jeff-mcneil,train
dataset/ground_ball/Codex_Workstation/G_0220,G_0220,ground_ball,MLB_824434_mitchell-parker-in-play-run-s-to-jose-ramirez,train
dataset/ground_ball/Codex_Workstation/G_0225,G_0225,ground_ball,MLB_824597_randal-grichuk-grounds-out-sharply-shortstop-ryan-kreidler-to-first-b,train
dataset/ground_ball/Codex_Workstation/G_0226,G_0226,ground_ball,MLB_823785_justin-bruihl-in-play-out-s-to-jake-bauers,test
dataset/ground_ball/Codex_Workstation/G_0227,G_0227,ground_ball,MLB_823785_jose-fermin-grounds-out-shortstop-david-hamilton-to-first-baseman-jak,train
dataset/ground_ball/Codex_Workstation/G_0228,G_0228,ground_ball,MLB_822898_yordan-alvarez-grounds-out-third-baseman-josh-jung-to-first-baseman-j,val
dataset/ground_ball/Codex_Workstation/G_0229,G_0229,ground_ball,MLB_825003_luis-medina-in-play-out-s-to-randy-arozarena,train
dataset/ground_ball/Codex_Workstation/G_0231,G_0231,ground_ball,MLB_825003_darell-hernaiz-grounds-into-a-force-out-shortstop-j-p-crawford-to-sec,train
dataset/ground_ball/Codex_Workstation/G_0232,G_0232,ground_ball,MLB_824270_casey-mize-in-play-no-out-to-donovan-walton,train
dataset/ground_ball/Codex_Workstation/G_0233,G_0233,ground_ball,MLB_824756_bryce-elder-in-play-no-out-to-marcelo-mayer,train
dataset/ground_ball/Codex_Workstation/G_0234,G_0234,ground_ball,MLB_823947_shohei-ohtani-in-play-run-s-to-willi-castro,train
dataset/ground_ball/Codex_Workstation/G_0236,G_0236,ground_ball,MLB_824757_payton-tolle-in-play-run-s-to-jorge-mateo,test
dataset/ground_ball/Codex_Workstation/G_0237,G_0237,ground_ball,MLB_824834_louis-varland-in-play-out-s-to-jackson-holliday,train
dataset/ground_ball/Codex_Workstation/G_0238,G_0238,ground_ball,MLB_823378_mason-montgomery-in-play-run-s-to-seiya-suzuki,train
dataset/ground_ball/Codex_Workstation/G_0239,G_0239,ground_ball,MLB_824515_dominic-smith-grounds-out-second-baseman-spencer-steer-to-first-basem,train
dataset/ground_ball/Codex_Workstation/G_0241,G_0241,ground_ball,MLB_823377_taj-bradley-in-play-out-s-to-oneil-cruz,val
dataset/ground_ball/Codex_Workstation/G_0242,G_0242,ground_ball,MLB_824041_jorge-soler-grounds-out-shortstop-ronny-mauricio-to-first-baseman-bre,train
dataset/ground_ball/Codex_Workstation/G_0244,G_0244,ground_ball,MLB_822758_edgardo-henriquez-in-play-run-s-to-jacob-young,train
dataset/ground_ball/Codex_Workstation/G_0245,G_0245,ground_ball,MLB_823240_erik-miller-in-play-run-s-to-carson-benge,train
dataset/ground_ball/Codex_Workstation/G_0247,G_0247,ground_ball,MLB_823730_mick-abel-in-play-out-s-to-ben-williamson,val
dataset/ground_ball/Codex_Workstation/G_0248,G_0248,ground_ball,MLB_823730_brooks-lee-grounds-out-sharply-shortstop-ben-williamson-to-first-base,val
dataset/ground_ball/Codex_Workstation/G_0250,G_0250,ground_ball,MLB_824131_angel-zerpa-in-play-out-s-to-lane-thomas,train
dataset/ground_ball/Codex_Workstation/G_0252,G_0252,ground_ball,MLB_824296_alec-burleson-grounds-out-shortstop-javier-baez-to-first-baseman-spen,val
dataset/ground_ball/Codex_Workstation/G_0254,G_0254,ground_ball,MLB_822755_andre-pallante-in-play-run-s-to-daylen-lile-76edfd,train
dataset/ground_ball/Codex_Workstation/G_0257,G_0257,ground_ball,MLB_822754_curtis-mead-singles-on-a-ground-ball-to-center-fielder-nathan-church-,train
dataset/ground_ball/Codex_Workstation/G_0258,G_0258,ground_ball,MLB_823235_justin-crawford-grounds-out-pitcher-ryan-walker-to-first-baseman-rafa,train
dataset/ground_ball/Codex_Workstation/G_0262,G_0262,ground_ball,MLB_823565_jeffrey-springs-completes-six-no-hit-innings,train
dataset/ground_ball/Codex_Workstation/G_0265,G_0265,ground_ball,MLB_824534_tj-friedl-s-rbi-groundout,train
dataset/ground_ball/Codex_Workstation/G_0266,G_0266,ground_ball,MLB_822997_camilo-doval-in-play-run-s-to-jonathan-aranda,test
dataset/ground_ball/Codex_Workstation/G_0267,G_0267,ground_ball,MLB_823156_cal-raleigh-grounds-out-second-baseman-isaac-paredes-to-first-baseman,train
dataset/ground_ball/Codex_Workstation/G_0268,G_0268,ground_ball,MLB_824294_jakob-marsee-grounds-out-to-first-baseman-spencer-torkelson,train
dataset/ground_ball/Codex_Workstation/G_0270,G_0270,ground_ball,MLB_824697_dansby-swanson-grounds-out-shortstop-konnor-griffin-to-first-baseman-,test
dataset/ground_ball/Codex_Workstation/G_0271,G_0271,ground_ball,MLB_824535_brandon-williamson-in-play-run-s-to-nolan-schanuel,test
dataset/ground_ball/Codex_Workstation/G_0272,G_0272,ground_ball,MLB_824857_chris-bassitt-in-play-run-s-to-heliot-ramos-lj8gho,train
dataset/ground_ball/Codex_Workstation/G_0273,G_0273,ground_ball,MLB_823074_ryan-watson-seals-the-red-sox-7-1-win,train
dataset/ground_ball/Codex_Workstation/G_0275,G_0275,ground_ball,MLB_822998_cole-sulser-in-play-run-s-to-cody-bellinger-x8695,test
dataset/ground_ball/Codex_Workstation/G_0276,G_0276,ground_ball,MLB_822998_kevin-kelly-in-play-run-s-to-giancarlo-stanton-7zz9lv,train
dataset/ground_ball/Codex_Workstation/G_0277,G_0277,ground_ball,MLB_822998_cam-schlittler-in-play-run-s-to-yandy-diaz,train
dataset/ground_ball/Codex_Workstation/G_0278,G_0278,ground_ball,MLB_822998_richie-palacios-grounds-out-shortstop-jose-caballero-to-first-baseman,train
dataset/ground_ball/Codex_Workstation/G_0280,G_0280,ground_ball,MLB_824937_andrew-nardi-in-play-run-s-to-austin-riley,train
dataset/ground_ball/Codex_Workstation/G_0281,G_0281,ground_ball,MLB_823927_brock-stewart-in-play-run-s-to-gabriel-moreno,train
dataset/ground_ball/Codex_Workstation/G_0283,G_0283,ground_ball,MLB_823080_clay-holmes-in-play-out-s-to-ivan-herrera,test
dataset/ground_ball/Codex_Workstation/G_0286,G_0286,ground_ball,MLB_823807_carson-williams-grounds-out-softly-to-first-baseman-jake-bauers,test
dataset/ground_ball/Codex_Workstation/G_0308,G_0308,ground_ball,MLB_778408_jojo-romero-in-play-run-s-to-andrew-mccutchen-whyd1n,train
dataset/ground_ball/Codex_Workstation/G_0321,G_0321,ground_ball,MLB_778424_tyler-holton-in-play-out-s-to-oswaldo-cabrera,train
dataset/ground_ball/Codex_Workstation/G_0334,G_0334,ground_ball,MLB_778450_fernando-tatis-jr-singles-on-a-ground-ball-to-right-fielder-kyle-tuck,train
dataset/ground_ball/Codex_Workstation/G_0339,G_0339,ground_ball,MLB_745032_jon-singleton-grounds-out-first-baseman-jared-walsh-to-pitcher-dane-d,train
dataset/ground_ball/Codex_Workstation/G_0341,G_0341,ground_ball,MLB_745273_scott-barlow-in-play-run-s-to-j-p-crawford,train
dataset/ground_ball/Codex_Workstation/G_0342,G_0342,ground_ball,MLB_745275_george-kirby-in-play-no-out-to-andres-gimenez,train
dataset/ground_ball/Codex_Workstation/G_0343,G_0343,ground_ball,MLB_745275_george-kirby-in-play-run-s-to-josh-naylor-hcbt88,val
dataset/ground_ball/Codex_Workstation/G_0345,G_0345,ground_ball,MLB_745361_dylan-cease-in-play-run-s-to-matt-chapman,val
dataset/ground_ball/Codex_Workstation/G_0346,G_0346,ground_ball,MLB_745362_stephen-kolek-in-play-run-s-to-matt-chapman-jjarns,test
dataset/ground_ball/Codex_Workstation/G_0349,G_0349,ground_ball,MLB_745766_clay-holmes-in-play-run-s-to-alejandro-kirk,train
dataset/ground_ball/Codex_Workstation/G_0352,G_0352,ground_ball,MLB_746007_abner-uribe-in-play-out-s-to-julio-rodriguez,train
dataset/ground_ball/Codex_Workstation/G_0353,G_0353,ground_ball,MLB_746251_jose-suarez-in-play-run-s-to-reese-mcguire-vnmjv4,test
dataset/ground_ball/Codex_Workstation/G_0355,G_0355,ground_ball,MLB_746731_elly-de-la-cruz-reaches-on-a-fielding-error-by-second-baseman-jeff-mc,test
dataset/ground_ball/Codex_Workstation/G_0359,G_0359,ground_ball,MLB_747143_tommy-henry-in-play-run-s-to-marcell-ozuna,test
dataset/ground_ball/Codex_Workstation/G_0360,G_0360,ground_ball,MLB_744861_isiah-kiner-falefa-grounds-out-shortstop-cj-abrams-to-first-baseman-j,train
dataset/ground_ball/Codex_Workstation/G_0361,G_0361,ground_ball,MLB_744943_kevin-gausman-in-play-no-out-to-max-kepler,train
dataset/ground_ball/Codex_Workstation/G_0362,G_0362,ground_ball,MLB_745098_mike-clevinger-in-play-run-s-to-jonny-deluca,train
dataset/ground_ball/Codex_Workstation/G_0363,G_0363,ground_ball,MLB_745101_jonny-deluca-grounds-out-third-baseman-brett-baty-to-first-baseman-pe,test
dataset/ground_ball/Codex_Workstation/G_0365,G_0365,ground_ball,MLB_745504_ryan-feltner-in-play-run-s-to-ke-bryan-hayes-qtfmpx,train
dataset/ground_ball/Codex_Workstation/G_0366,G_0366,ground_ball,MLB_745504_ryan-feltner-in-play-run-s-to-rowdy-tellez-kgzylo,train
dataset/ground_ball/Codex_Workstation/G_0370,G_0370,ground_ball,MLB_745752_trey-cabbage-singles-on-a-ground-ball-to-right-fielder-jahmai-jones-j,train
dataset/ground_ball/Codex_Workstation/G_0371,G_0371,ground_ball,MLB_745910_eduard-bazardo-in-play-run-s-to-manuel-margot,train
dataset/ground_ball/Codex_Workstation/G_0372,G_0372,ground_ball,MLB_745911_brennan-bernardino-in-play-run-s-to-carlos-correa,train
dataset/ground_ball/Codex_Workstation/G_0378,G_0378,ground_ball,MLB_746563_keaton-winn-in-play-out-s-to-elehuris-montero,train
dataset/ground_ball/Codex_Workstation/G_0379,G_0379,ground_ball,MLB_746644_zach-neto-singles-on-a-ground-ball-to-left-fielder-gabriel-arias-defl,val
dataset/ground_ball/Codex_Workstation/G_0380,G_0380,ground_ball,MLB_746800_chris-flexen-in-play-run-s-to-christian-vazquez,train
dataset/ground_ball/Codex_Workstation/G_0384,G_0384,ground_ball,MLB_747043_cedric-mullins-rbi-groundout,train
dataset/ground_ball/Codex_Workstation/G_0385,G_0385,ground_ball,MLB_747126_justin-slaten-in-play-run-s-to-marcell-ozuna,train
dataset/ground_ball/Codex_Workstation/G_0387,G_0387,ground_ball,MLB_747126_vaughn-grissom-grounds-out-third-baseman-austin-riley-to-first-basema,train
dataset/ground_ball/Codex_Workstation/G_0388,G_0388,ground_ball,MLB_747207_jake-mccarthy-grounds-out-softly-pitcher-yoshinobu-yamamoto-to-first-,train
dataset/ground_ball/Codex_Workstation/G_0389,G_0389,ground_ball,MLB_747208_fernando-tatis-jr-singles-on-a-ground-ball-to-left-fielder-lourdes-gu,train
dataset/ground_ball/Codex_Workstation/G_0392,G_0392,ground_ball,MLB_745262_joey-estes-in-play-out-s-to-julio-rodriguez-x9nnnp,train
dataset/ground_ball/Codex_Workstation/G_0394,G_0394,ground_ball,MLB_745826_jorge-lopez-in-play-run-s-to-johan-rojas,test
dataset/ground_ball/Codex_Workstation/G_0398,G_0398,ground_ball,MLB_745989_michael-a-taylor-grounds-out-third-baseman-joey-ortiz-to-first-basema,train
dataset/ground_ball/Codex_Workstation/G_0401,G_0401,ground_ball,MLB_746959_erasmo-ramirez-in-play-out-s-to-romy-gonzalez,train
dataset/ground_ball/Codex_Workstation/G_0402,G_0402,ground_ball,MLB_746959_garrett-cleavinger-in-play-out-s-to-rob-refsnyder-emjp7u,val
dataset/ground_ball/Codex_Workstation/G_0403,G_0403,ground_ball,MLB_746959_zack-littell-in-play-out-s-to-vaughn-grissom,train
dataset/ground_ball/Codex_Workstation/G_0404,G_0404,ground_ball,MLB_746960_david-hamilton-s-diving-stop-and-throw,train
dataset/ground_ball/Codex_Workstation/G_0406,G_0406,ground_ball,MLB_747123_michael-busch-grounds-out-pitcher-jesse-chavez-to-shortstop-orlando-a,test
dataset/ground_ball/Codex_Workstation/G_0407,G_0407,ground_ball,MLB_744937_zach-pop-in-play-no-out-to-jonathan-aranda,train
dataset/ground_ball/Codex_Workstation/G_0410,G_0410,ground_ball,MLB_745179_dominic-smith-s-rbi-groundout,train
dataset/ground_ball/Codex_Workstation/G_0411,G_0411,ground_ball,MLB_745180_colton-cowser-grounds-out-shortstop-masyn-winn-to-first-baseman-paul-,train
dataset/ground_ball/Codex_Workstation/G_0425,G_0425,ground_ball,MLB_746962_rob-refsnyder-grounds-out-pitcher-manuel-rodriguez-to-first-baseman-y,train
dataset/ground_ball/Codex_Workstation/G_0438,G_0438,ground_ball,MLB_745568_cristopher-sanchez-s-stellar-outing,val
dataset/ground_ball/Codex_Workstation/G_0440,G_0440,ground_ball,MLB_745572_johan-rojas-rbi-groundout,train
dataset/ground_ball/Codex_Workstation/G_0441,G_0441,ground_ball,MLB_745656_austin-voth-in-play-run-s-to-shea-langeliers,val
dataset/ground_ball/Codex_Workstation/G_0442,G_0442,ground_ball,MLB_745740_byron-buxton-grounds-out-third-baseman-dj-lemahieu-to-first-baseman-a,train
dataset/ground_ball/Codex_Workstation/G_0446,G_0446,ground_ball,MLB_746054_a-j-puk-in-play-no-out-to-steven-kwan,val
dataset/ground_ball/Codex_Workstation/G_0448,G_0448,ground_ball,MLB_746220_framber-valdez-in-play-out-s-to-logan-o-hoppe,train
dataset/ground_ball/Codex_Workstation/G_0449,G_0449,ground_ball,MLB_746220_jose-altuve-grounds-out-third-baseman-luis-rengifo-to-first-baseman-n,test
dataset/ground_ball/Codex_Workstation/G_0450,G_0450,ground_ball,MLB_746222_yuki-matsui-in-play-out-s-to-logan-o-hoppe,val
dataset/ground_ball/Codex_Workstation/G_0451,G_0451,ground_ball,MLB_746224_ha-seong-kim-grounds-out-shortstop-zach-neto-to-first-baseman-nolan-s,test
dataset/ground_ball/Codex_Workstation/G_0452,G_0452,ground_ball,MLB_746297_james-mcarthur-in-play-run-s-to-julio-rodriguez,train
dataset/ground_ball/Codex_Workstation/G_0457,G_0457,ground_ball,MLB_746629_ben-lively-in-play-run-s-to-joey-meneses,test
dataset/ground_ball/Codex_Workstation/G_0459,G_0459,ground_ball,MLB_746631_vinnie-pasquantino-grounds-out-second-baseman-andres-gimenez-to-first,train
dataset/ground_ball/Codex_Workstation/G_0463,G_0463,ground_ball,MLB_746871_nick-lodolo-in-play-run-s-to-david-bote,train
dataset/ground_ball/Codex_Workstation/G_0472,G_0472,ground_ball,MLB_745079_dansby-swanson-grounds-out-sharply-shortstop-taylor-walls-to-first-ba,train
dataset/ground_ball/Codex_Workstation/G_0473,G_0473,ground_ball,MLB_745086_brady-singer-in-play-run-s-to-isaac-paredes,train
dataset/ground_ball/Codex_Workstation/G_0474,G_0474,ground_ball,MLB_745087_seth-lugo-in-play-run-s-to-jonathan-aranda,train
dataset/ground_ball/Codex_Workstation/G_0475,G_0475,ground_ball,MLB_745168_dennis-santana-s-pirates-debut,train
dataset/ground_ball/Codex_Workstation/G_0477,G_0477,ground_ball,MLB_745171_bailey-falter-in-play-run-s-to-masyn-winn,val
dataset/ground_ball/Codex_Workstation/G_0479,G_0479,ground_ball,MLB_745173_masyn-winn-seals-the-win-with-a-groundout,train
dataset/ground_ball/Codex_Workstation/G_0480,G_0480,ground_ball,MLB_745176_cody-bellinger-s-single-x775,train
dataset/ground_ball/Codex_Workstation/G_0481,G_0481,ground_ball,MLB_745241_eduard-bazardo-in-play-out-s-to-wyatt-langford,train
dataset/ground_ball/Codex_Workstation/G_0482,G_0482,ground_ball,MLB_745245_tyler-locklear-makes-a-diving-play-at-first-base,train
dataset/ground_ball/Codex_Workstation/G_0484,G_0484,ground_ball,MLB_745411_luis-campusano-grounds-out-third-baseman-oswaldo-cabrera-to-first-bas,train
dataset/ground_ball/Codex_Workstation/G_0489,G_0489,ground_ball,MLB_745651_jj-bleday-grounds-out-second-baseman-spencer-horwitz-to-first-baseman,val
dataset/ground_ball/Codex_Workstation/G_0492,G_0492,ground_ball,MLB_745809_starling-marte-grounds-into-a-double-play-third-baseman-jake-burger-t,test
dataset/ground_ball/Codex_Workstation/G_0493,G_0493,ground_ball,MLB_745815_jesus-luzardo-in-play-run-s-to-mark-vientos,val
dataset/ground_ball/Codex_Workstation/G_0496,G_0496,ground_ball,MLB_745903_jose-miranda-singles-on-a-sharp-ground-ball-to-center-fielder-kyle-is,train
dataset/ground_ball/Codex_Workstation/G_0497,G_0497,ground_ball,MLB_745905_jhoan-duran-in-play-out-s-to-marcus-semien,train
dataset/ground_ball/Codex_Workstation/G_0498,G_0498,ground_ball,MLB_745977_frankie-montas-in-play-run-s-to-jackson-chourio,train
dataset/ground_ball/Codex_Workstation/G_0499,G_0499,ground_ball,MLB_745977_william-contreras-grounds-out-second-baseman-jonathan-india-to-first-,train
dataset/ground_ball/Codex_Workstation/G_0500,G_0500,ground_ball,MLB_745987_sal-frelick-grounds-out-shortstop-dansby-swanson-to-first-baseman-mic,test
dataset/ground_ball/Codex_Workstation/G_0504,G_0504,ground_ball,MLB_746216_ryan-pressly-in-play-run-s-to-michael-stefanic,train
dataset/ground_ball/Codex_Workstation/G_0508,G_0508,ground_ball,MLB_746547_geoff-hartlieb-in-play-run-s-to-nick-gonzales,test
dataset/ground_ball/Codex_Workstation/G_0514,G_0514,ground_ball,MLB_746701_nick-lodolo-in-play-out-s-to-andres-gimenez-uzzwyk,test
dataset/ground_ball/Codex_Workstation/G_0515,G_0515,ground_ball,MLB_746791_genesis-cabrera-in-play-run-s-to-andrew-vaughn,val
dataset/ground_ball/Codex_Workstation/G_0518,G_0518,ground_ball,MLB_746865_mike-tauchman-grounds-into-a-double-play-shortstop-masyn-winn-to-firs,train
dataset/ground_ball/Codex_Workstation/G_0520,G_0520,ground_ball,MLB_746946_cooper-criswell-in-play-out-s-to-aaron-judge,test
dataset/ground_ball/Codex_Workstation/G_0522,G_0522,ground_ball,MLB_747024_grayson-rodriguez-in-play-out-s-to-alec-bohm,train
dataset/ground_ball/Codex_Workstation/G_0524,G_0524,ground_ball,MLB_744913_jose-berrios-in-play-run-s-to-jose-altuve,test
dataset/ground_ball/Codex_Workstation/G_0529,G_0529,ground_ball,MLB_745245_emerson-hancock-in-play-out-s-to-danny-mendick,test
dataset/ground_ball/Codex_Workstation/G_0535,G_0535,ground_ball,MLB_745485_andrew-mccutchen-called-safe-at-second-base,test
dataset/ground_ball/Codex_Workstation/G_0536,G_0536,ground_ball,MLB_745488_alexis-diaz-in-play-out-s-to-ke-bryan-hayes-b4rol2,train
dataset/ground_ball/Codex_Workstation/G_0538,G_0538,ground_ball,MLB_745566_ketel-marte-grounds-out-shortstop-trea-turner-to-first-baseman-bryce-,train
dataset/ground_ball/Codex_Workstation/G_0543,G_0543,ground_ball,MLB_745729_dj-lemahieu-grounds-out-second-baseman-ozzie-albies-to-first-baseman-,val
dataset/ground_ball/Codex_Workstation/G_0546,G_0546,ground_ball,MLB_745802_luis-severino-in-play-run-s-to-jake-meyers,train
dataset/ground_ball/Codex_Workstation/G_0558,G_0558,ground_ball,MLB_746131_ryan-yarbrough-in-play-run-s-to-mickey-moniak,train
dataset/ground_ball/Codex_Workstation/G_0560,G_0560,ground_ball,MLB_746217_joel-payamps-in-play-run-s-to-jo-adell,train
dataset/ground_ball/Codex_Workstation/G_0561,G_0561,ground_ball,MLB_746292_chris-stratton-in-play-run-s-to-tyler-freeman,train
dataset/ground_ball/Codex_Workstation/G_0568,G_0568,ground_ball,MLB_746538_bobby-miller-in-play-run-s-to-sean-bouchard,train
dataset/ground_ball/Codex_Workstation/G_0573,G_0573,ground_ball,MLB_746775_jason-heyward-grounds-out-second-baseman-nicky-lopez-to-first-baseman,test
dataset/ground_ball/Codex_Workstation/G_0575,G_0575,ground_ball,MLB_746781_cooper-hummel-reaches-on-a-fielder-s-choice-out-third-baseman-lenyn-s,test
dataset/ground_ball/Codex_Workstation/G_0577,G_0577,ground_ball,MLB_746861_jose-quintana-in-play-out-s-to-christopher-morel-p0cpxd,train
dataset/ground_ball/Codex_Workstation/G_0579,G_0579,ground_ball,MLB_746863_tylor-megill-in-play-run-s-to-ian-happ,train
dataset/ground_ball/Codex_Workstation/G_0581,G_0581,ground_ball,MLB_747097_laz-diaz-has-a-sword-fight-with-the-braves-ball-boy,train
dataset/ground_ball/Codex_Workstation/G_0582,G_0582,ground_ball,MLB_747099_gregory-soto-in-play-out-s-to-ozzie-albies,train
dataset/ground_ball/Codex_Workstation/G_0602,G_0602,ground_ball,MLB_745546_aaron-nola-in-play-run-s-to-jazz-chisholm-jr,train
dataset/ground_ball/Codex_Workstation/G_0606,G_0606,ground_ball,MLB_745880_brice-turang-grounds-out-to-first-baseman-carlos-santana-jackson-chou,train
dataset/ground_ball/Codex_Workstation/G_0608,G_0608,ground_ball,MLB_745880_joey-ortiz-grounds-out-sharply-second-baseman-edouard-julien-to-first,train
dataset/ground_ball/Codex_Workstation/G_0609,G_0609,ground_ball,MLB_745880_ryan-jeffers-grounds-out-pitcher-bryan-hudson-to-first-baseman-rhys-h,train
dataset/ground_ball/Codex_Workstation/G_0610,G_0610,ground_ball,MLB_745880_william-contreras-grounds-out-second-baseman-edouard-julien-to-first-,train
dataset/ground_ball/Codex_Workstation/G_0625,G_0625,ground_ball,MLB_746525_connor-wong-grounds-out-third-baseman-aaron-schunk-to-first-baseman-m,train
dataset/ground_ball/Codex_Workstation/G_0631,G_0631,ground_ball,MLB_746763_andrew-vaughn-grounds-out-second-baseman-adam-frazier-to-first-basema,train
dataset/ground_ball/Codex_Workstation/G_0633,G_0633,ground_ball,MLB_746769_gavin-sheets-grounds-out-softly-third-baseman-ke-bryan-hayes-to-first,train
dataset/ground_ball/Codex_Workstation/G_0651,G_0651,ground_ball,MLB_747298_soto-walks-judge-grounds-out-vs-paul-skenes,test
dataset/ground_ball/Codex_Workstation/G_0652,G_0652,ground_ball,MLB_745224_yunior-marte-in-play-run-s-to-josh-rojas,train
dataset/ground_ball/Codex_Workstation/G_0662,G_0662,ground_ball,MLB_778171_joc-pederson-s-first-rbi-of-the-season,test
dataset/ground_ball/Codex_Workstation/G_0663,G_0663,ground_ball,MLB_778173_mark-vientos-grounds-out-third-baseman-jose-tena-to-first-baseman-nat,train
dataset/ground_ball/Codex_Workstation/G_0668,G_0668,ground_ball,MLB_778309_bryse-wilson-in-play-out-s-to-lawrence-butler,train
dataset/ground_ball/Codex_Workstation/G_0671,G_0671,ground_ball,MLB_778324_kody-funderburk-in-play-out-s-to-luis-torrens,val
dataset/ground_ball/Codex_Workstation/G_0676,G_0676,ground_ball,MLB_778011_charlie-morton-in-play-out-s-to-royce-lewis-skj56n,train
dataset/ground_ball/Codex_Workstation/G_0691,G_0691,ground_ball,MLB_777663_andrew-mccutchen-grounds-out-third-baseman-isaac-paredes-to-first-bas,test
dataset/ground_ball/Codex_Workstation/G_0693,G_0693,ground_ball,MLB_777670_zach-neto-grounds-out-third-baseman-abraham-toro-to-first-baseman-rom,train
dataset/ground_ball/Codex_Workstation/G_0699,G_0699,ground_ball,MLB_777775_ali-sanchez-grounds-out-second-baseman-brandon-lowe-to-first-baseman-,test
dataset/ground_ball/Codex_Workstation/G_0702,G_0702,ground_ball,MLB_777786_ryan-helsley-in-play-out-s-to-lourdes-gurriel-jr,test
dataset/ground_ball/Codex_Workstation/G_0706,G_0706,ground_ball,MLB_777803_sean-reynolds-in-play-run-s-to-nick-allen,test
dataset/ground_ball/Codex_Workstation/G_0707,G_0707,ground_ball,MLB_777804_jacob-lopez-in-play-out-s-to-bryce-harper-tztwgo,test
dataset/ground_ball/Codex_Workstation/G_0708,G_0708,ground_ball,MLB_777810_drew-rasmussen-in-play-out-s-to-bo-bichette-cyfbn3,test
dataset/ground_ball/Codex_Workstation/G_0709,G_0709,ground_ball,MLB_777811_matthew-boyd-in-play-no-out-to-tj-friedl-dakfn6,val
dataset/ground_ball/Codex_Workstation/G_0710,G_0710,ground_ball,MLB_777842_j-t-realmuto-grounds-out-shortstop-ezequiel-tovar-to-first-baseman-mi,test
dataset/ground_ball/Codex_Workstation/G_0711,G_0711,ground_ball,MLB_777847_nick-martinez-in-play-out-s-to-andrew-mccutchen-nw37ye,val
dataset/ground_ball/Codex_Workstation/G_0712,G_0712,ground_ball,MLB_777856_wilyer-abreu-grounds-out-to-first-baseman-pete-alonso-alex-bregman-to,train
dataset/ground_ball/Codex_Workstation/G_0720,G_0720,ground_ball,MLB_777915_taveras-reaches-after-yankees-have-miscue-at-first,test
dataset/ground_ball/Codex_Workstation/G_0721,G_0721,ground_ball,MLB_777936_javier-sanoja-s-slick-play,test
dataset/ground_ball/Codex_Workstation/G_0724,G_0724,ground_ball,MLB_777986_gunnar-henderson-grounds-out-second-baseman-luis-rengifo-to-first-bas,train
dataset/ground_ball/Codex_Workstation/G_0725,G_0725,ground_ball,MLB_777988_eduardo-rodriguez-in-play-no-out-to-mookie-betts-np12be,train
dataset/ground_ball/Codex_Workstation/G_0726,G_0726,ground_ball,MLB_777120_matt-festa-in-play-out-s-to-miguel-vargas-hcajdd,train
dataset/ground_ball/Codex_Workstation/G_0728,G_0728,ground_ball,MLB_777252_spencer-strider-in-play-out-s-to-ramon-laureano,test
dataset/ground_ball/Codex_Workstation/G_0729,G_0729,ground_ball,MLB_777255_scott-barlow-in-play-out-s-to-alec-bohm,train
dataset/ground_ball/Codex_Workstation/G_0733,G_0733,ground_ball,MLB_777296_pete-fairbanks-in-play-out-s-to-jacob-wilson,val
dataset/ground_ball/Codex_Workstation/G_0738,G_0738,ground_ball,MLB_777420_colt-keith-grounds-out-to-first-baseman-jonathan-aranda,test
dataset/ground_ball/Codex_Workstation/G_0740,G_0740,ground_ball,MLB_777470_luis-torrens-grounds-into-a-force-out-second-baseman-ozzie-albies-to-,val
dataset/ground_ball/Codex_Workstation/G_0741,G_0741,ground_ball,MLB_777474_bailey-ober-in-play-run-s-to-will-benson,train
dataset/ground_ball/Codex_Workstation/G_0746,G_0746,ground_ball,MLB_777494_luis-guillorme-grounds-out-second-baseman-brooks-lee-to-first-baseman,train
dataset/ground_ball/Codex_Workstation/G_0747,G_0747,ground_ball,MLB_777498_ryan-walker-in-play-out-s-to-tommy-edman,test
dataset/ground_ball/Codex_Workstation/G_0749,G_0749,ground_ball,MLB_777512_jose-quintana-in-play-out-s-to-alec-burleson,val
dataset/ground_ball/Codex_Workstation/G_0754,G_0754,ground_ball,MLB_777557_jorge-alcala-in-play-run-s-to-kyle-higashioka,train
dataset/ground_ball/Codex_Workstation/G_0755,G_0755,ground_ball,MLB_777561_walker-buehler-in-play-out-s-to-junior-caminero-zamez5,test
dataset/ground_ball/Codex_Workstation/G_0757,G_0757,ground_ball,MLB_777587_landen-roupp-in-play-out-s-to-michael-harris-ii-x4gaie,train
dataset/ground_ball/Codex_Workstation/G_0758,G_0758,ground_ball,MLB_778566_aaron-judge-grounds-out-sharply-shortstop-francisco-lindor-to-first-b,train
dataset/ground_ball/Codex_Workstation/G_0761,G_0761,ground_ball,MLB_776138_brady-basso-in-play-out-s-to-vinnie-pasquantino,train
dataset/ground_ball/Codex_Workstation/G_0763,G_0763,ground_ball,MLB_776139_caleb-ferguson-in-play-out-s-to-michael-conforto,train
dataset/ground_ball/Codex_Workstation/G_0764,G_0764,ground_ball,MLB_776143_mitchell-parker-in-play-run-s-to-michael-a-taylor,train
dataset/ground_ball/Codex_Workstation/G_0766,G_0766,ground_ball,MLB_776156_raisel-iglesias-in-play-out-s-to-jared-triolo,test
dataset/ground_ball/Codex_Workstation/G_0770,G_0770,ground_ball,MLB_776187_shota-imanaga-in-play-out-s-to-luisangel-acuna,test
dataset/ground_ball/Codex_Workstation/G_0773,G_0773,ground_ball,MLB_776194_kyle-karros-grounds-out-third-baseman-eugenio-suarez-to-first-baseman,train
dataset/ground_ball/Codex_Workstation/G_0774,G_0774,ground_ball,MLB_776204_tanner-bibee-in-play-out-s-to-gleyber-torres-hjmmc5,train
dataset/ground_ball/Codex_Workstation/G_0777,G_0777,ground_ball,MLB_776221_sauryn-lao-in-play-run-s-to-michael-harris-ii,train
dataset/ground_ball/Codex_Workstation/G_0781,G_0781,ground_ball,MLB_776244_miles-mikolas-in-play-out-s-to-joey-ortiz-gk8oft,train
dataset/ground_ball/Codex_Workstation/G_0783,G_0783,ground_ball,MLB_776262_bryan-woo-in-play-out-s-to-jake-meyers,train
dataset/ground_ball/Codex_Workstation/G_0787,G_0787,ground_ball,MLB_776271_logan-webb-in-play-out-s-to-teoscar-hernandez-ewyeye,train
dataset/ground_ball/Codex_Workstation/G_0788,G_0788,ground_ball,MLB_776271_logan-webb-in-play-out-s-to-teoscar-hernandez-raaypf,train
dataset/ground_ball/Codex_Workstation/G_0795,G_0795,ground_ball,MLB_776307_nick-allen-grounds-out-first-baseman-andres-chaparro-to-pitcher-macke,train
dataset/ground_ball/Codex_Workstation/G_0797,G_0797,ground_ball,MLB_776324_james-mccann-singles-on-a-ground-ball-to-left-fielder-austin-martin-a,test
dataset/ground_ball/Codex_Workstation/G_0798,G_0798,ground_ball,MLB_776336_bubba-chandler-in-play-run-s-to-robert-hassell-iii,train
dataset/ground_ball/Codex_Workstation/G_0799,G_0799,ground_ball,MLB_776336_jackson-rutledge-in-play-run-s-to-nick-yorke,train
dataset/ground_ball/Codex_Workstation/G_0800,G_0800,ground_ball,MLB_776339_pedro-pages-grounds-out-third-baseman-caleb-durbin-to-first-baseman-j,train
dataset/ground_ball/Codex_Workstation/G_0801,G_0801,ground_ball,MLB_776346_hunter-brown-in-play-out-s-to-drake-baldwin,train
dataset/ground_ball/Codex_Workstation/G_0813,G_0813,ground_ball,MLB_776432_cole-winn-in-play-out-s-to-jeremy-pena-ozcmtk,train
dataset/ground_ball/Codex_Workstation/G_0814,G_0814,ground_ball,MLB_776434_carter-jensen-s-rbi-groundout,train
dataset/ground_ball/Codex_Workstation/G_0819,G_0819,ground_ball,MLB_776485_junior-caminero-singles-on-a-ground-ball-to-left-fielder-randy-arozar,train
dataset/ground_ball/Codex_Workstation/G_0820,G_0820,ground_ball,MLB_776487_ha-seong-kim-grounds-out-sharply-shortstop-dansby-swanson-to-first-ba,train
dataset/ground_ball/Codex_Workstation/G_0824,G_0824,ground_ball,MLB_776503_scott-barlow-escapes-trouble-in-7th-to-preserve-lead,val
dataset/ground_ball/Codex_Workstation/G_0827,G_0827,ground_ball,MLB_776508_colby-thomas-grounds-out-third-baseman-josh-jung-to-first-baseman-row,train
dataset/ground_ball/Codex_Workstation/G_0828,G_0828,ground_ball,MLB_776510_jose-soriano-in-play-out-s-to-carlos-correa,val
dataset/ground_ball/Codex_Workstation/G_0830,G_0830,ground_ball,MLB_776519_heriberto-hernandez-singles-on-a-ground-ball-to-right-fielder-juan-so,train
dataset/ground_ball/Codex_Workstation/G_0831,G_0831,ground_ball,MLB_776522_jesus-luzardo-in-play-out-s-to-ronald-acuna-jr-8msfek,val
dataset/ground_ball/Codex_Workstation/G_0833,G_0833,ground_ball,MLB_776529_camilo-doval-in-play-run-s-to-will-robertson,train
dataset/ground_ball/Codex_Workstation/G_0838,G_0838,ground_ball,MLB_776552_nick-castellanos-grounds-out-third-baseman-nacho-alvarez-jr-to-first-,val
dataset/ground_ball/Codex_Workstation/G_0839,G_0839,ground_ball,MLB_776554_miles-mikolas-in-play-out-s-to-bryan-reynolds-fuuzs5,train
dataset/ground_ball/Codex_Workstation/G_0840,G_0840,ground_ball,MLB_776556_fernando-cruz-in-play-out-s-to-chase-meidroth,train
dataset/ground_ball/Codex_Workstation/G_0841,G_0841,ground_ball,MLB_776559_andy-ibanez-grounds-out-shortstop-darell-hernaiz-to-first-baseman-nic,train
dataset/ground_ball/Codex_Workstation/G_0844,G_0844,ground_ball,MLB_776562_nick-lodolo-in-play-run-s-to-dalton-rushing,test
dataset/ground_ball/Codex_Workstation/G_0846,G_0846,ground_ball,MLB_776580_carson-williams-grounds-out-shortstop-gabriel-arias-to-first-baseman-,val
dataset/ground_ball/Codex_Workstation/G_0850,G_0850,ground_ball,MLB_776618_carson-fulmer-in-play-out-s-to-seiya-suzuki,train
dataset/ground_ball/Codex_Workstation/G_0852,G_0852,ground_ball,MLB_776646_xavier-edwards-makes-a-nice-stop-for-the-out,train
dataset/ground_ball/Codex_Workstation/G_0854,G_0854,ground_ball,MLB_776665_j-t-ginn-in-play-out-s-to-byron-buxton,train
dataset/ground_ball/Codex_Workstation/G_0863,G_0863,ground_ball,MLB_776716_trey-sweeney-singles-on-a-sharp-ground-ball-to-shortstop-brooks-lee-d,test
dataset/ground_ball/Codex_Workstation/G_0866,G_0866,ground_ball,MLB_776749_yuki-matsui-in-play-out-s-to-grant-mccray,train
dataset/ground_ball/Codex_Workstation/G_0872,G_0872,ground_ball,MLB_776765_j-t-realmuto-grounds-out-shortstop-elly-de-la-cruz-to-first-baseman-s,train
dataset/ground_ball/Codex_Workstation/G_0876,G_0876,ground_ball,MLB_776773_riley-greene-grounds-into-a-force-out-shortstop-colson-montgomery-to-,val
dataset/ground_ball/Codex_Workstation/G_0880,G_0880,ground_ball,MLB_776784_luis-garcia-jr-grounds-out-shortstop-bobby-witt-jr-to-first-baseman-v,train
dataset/ground_ball/Codex_Workstation/G_0882,G_0882,ground_ball,MLB_776804_luis-morales-in-play-out-s-to-gunnar-henderson,train
dataset/ground_ball/Codex_Workstation/G_0887,G_0887,ground_ball,MLB_776814_michael-a-taylor-singles-on-a-ground-ball-to-shortstop-gabriel-arias-,train
dataset/ground_ball/Codex_Workstation/G_0900,G_0900,ground_ball,MLB_776903_blake-perkins-grounds-into-a-double-play-pitcher-shinnosuke-ogasawara,train
dataset/ground_ball/Codex_Workstation/G_0901,G_0901,ground_ball,MLB_776907_hurston-waldrep-in-play-out-s-to-miguel-andujar,train
dataset/ground_ball/Codex_Workstation/G_0903,G_0903,ground_ball,MLB_776914_sean-newcomb-in-play-out-s-to-ketel-marte-qsnprj,test
dataset/ground_ball/Codex_Workstation/G_0906,G_0906,ground_ball,MLB_776918_shane-baz-in-play-no-out-to-shohei-ohtani,train
dataset/ground_ball/Codex_Workstation/G_0909,G_0909,ground_ball,MLB_776947_ryan-bergert-in-play-out-s-to-pete-alonso,val
dataset/ground_ball/Codex_Workstation/G_0913,G_0913,ground_ball,MLB_776174_paul-goldschmidt-grounds-out-third-baseman-jordan-westburg-to-first-b,test
dataset/ground_ball/Codex_Workstation/G_0924,G_0924,ground_ball,MLB_776342_jonathan-bowlan-in-play-run-s-to-kyle-schwarber,val
dataset/ground_ball/Codex_Workstation/G_0930,G_0930,ground_ball,MLB_776427_alex-call-grounds-out-third-baseman-emmanuel-rivera-to-first-baseman-,train
dataset/ground_ball/Codex_Workstation/G_0932,G_0932,ground_ball,MLB_776484_tim-elko-grounds-out-sharply-pitcher-brooks-kriske-to-first-baseman-k,test
dataset/ground_ball/Codex_Workstation/G_0933,G_0933,ground_ball,MLB_776487_ian-happ-singles-on-a-sharp-ground-ball-to-shortstop-ha-seong-kim-sei,test
dataset/ground_ball/Codex_Workstation/G_0934,G_0934,ground_ball,MLB_776487_shota-imanaga-in-play-out-s-to-nacho-alvarez-jr,train
dataset/ground_ball/Codex_Workstation/G_0966,G_0966,ground_ball,MLB_776791_caleb-ferguson-in-play-out-s-to-chandler-simpson,train
dataset/ground_ball/Codex_Workstation/G_0969,G_0969,ground_ball,MLB_776822_kai-wei-teng-in-play-out-s-to-jose-tena,train
dataset/ground_ball/Diqing_Tang/G_002,G_002,ground_ball,https://baseballsavant.mlb.com/sporty-videos?playId=0e59901c-5095-3f67-b274-dd6fc5a47671,train
dataset/ground_ball/Diqing_Tang/G_003,G_003,ground_ball,https://baseballsavant.mlb.com/sporty-videos?playId=c5fccf58-e497-3756-ba92-70045d85a1a2,train
dataset/ground_ball/Diqing_Tang/G_004,G_004,ground_ball,https://baseballsavant.mlb.com/sporty-videos?playId=5363bfc5-cba4-3ff4-8cdf-17f5fe4a3f88,train
dataset/ground_ball/Diqing_Tang/G_005,G_005,ground_ball,https://baseballsavant.mlb.com/sporty-videos?playId=aa8ebb03-9cfd-338c-9949-39c2c8795689,test
dataset/ground_ball/Diqing_Tang/G_006,G_006,ground_ball,https://www.mlb.com/video/riley-o-brien-in-play-run-s-to-lane-thomas?q=PlayerId%20%3D%3D%20%5B657041%5D%20AND%20RunnerOnBase%20%3D%3D%20%5B1%5D%20AND%20ExitVelocity%20%3D%20%7B%7B%201%2C%20100%20%7D%7D%20AND%20HitDistance%20%3D%20%7B%7B%200%2C%20150%20%7D%7D%20AND%20HitResult%20%3D%20%5B%22Double%20Play%22%2C%22Fielders%20Choice%22%2C%22Out%22%2C%22Error%22%5D%20Order%20By%20Timestamp%20DESC&cp=MIXED&p=0,train
dataset/ground_ball/Diqing_Tang/G_007,G_007,ground_ball,https://www.mlb.com/redsox/video/nasim-nunez-grounds-into-a-double-play-third-baseman-caleb-durbin-to-seco,val
dataset/ground_ball/Diqing_Tang/G_008,G_008,ground_ball,https://baseballsavant.mlb.com/sporty-videos?playId=8ab88c3b-49c3-3709-8343-f13f3d471084,train
dataset/ground_ball/Diqing_Tang/G_009,G_009,ground_ball,https://www.mlb.com/astros/video/hunter-brown-in-play-out-s-to-ernie-clement-xkiqzo,test
dataset/ground_ball/Diqing_Tang/G_010,G_010,ground_ball,https://www.mlb.com/video/nick-fortes-grounds-out-third-baseman-curtis-mead-to-first-baseman-luis-g-ukqfzl?q=RunnerOnBase%20%3D%3D%20%5B1%5D%20AND%20ExitVelocity%20%3D%20%7B%7B%201%2C%2099%20%7D%7D%20AND%20HitDistance%20%3D%20%7B%7B%200%2C%20150%20%7D%7D%20AND%20HitResult%20%3D%20%5B%22Double%20Play%22%2C%22Fielders%20Choice%22%2C%22Out%22%2C%22Error%22%5D%20Order%20By%20Timestamp%20DESC&cp=MIXED&p=1,test
dataset/ground_ball/Diqing_Tang/G_011,G_011,ground_ball,https://baseballsavant.mlb.com/sporty-videos?playId=4d6b6038-464c-3d52-ae43-45292f8ef807,train
dataset/ground_ball/Diqing_Tang/G_012,G_012,ground_ball,https://www.mlb.com/video/willson-contreras-doubles-6-on-a-ground-ball-to-left-fielder-jose-azocar?q=PlayerId%20%3D%3D%20%5B575929%5D%20AND%20HitResult%20%3D%20%5B%22Double%22%5D%20Order%20By%20Timestamp%20DESC&cp=MIXED&p=0,test
dataset/ground_ball/Diqing_Tang/G_013,G_013,ground_ball,https://baseballsavant.mlb.com/sporty-videos?playId=6bbc382b-2168-39ba-ad17-c89c3716ae5e,test
dataset/ground_ball/Diqing_Tang/G_014,G_014,ground_ball,https://baseballsavant.mlb.com/sporty-videos?playId=0046473c-3e28-3b5f-859e-553a61905fa8,train
dataset/ground_ball/Diqing_Tang/G_015,G_015,ground_ball,https://baseballsavant.mlb.com/sporty-videos?playId=d3ab9dd9-5ea2-3702-b147-e57579970638,train
dataset/ground_ball/Diqing_Tang/G_016,G_016,ground_ball,https://baseballsavant.mlb.com/sporty-videos?playId=5b7f6f63-20ff-3b3a-b974-2889ec19ece8,test
dataset/ground_ball/Diqing_Tang/G_017,G_017,ground_ball,https://baseballsavant.mlb.com/sporty-videos?playId=4a0de58e-627f-3a5e-b383-8e4a5fd25cd4,train
dataset/ground_ball/Diqing_Tang/G_018,G_018,ground_ball,https://baseballsavant.mlb.com/sporty-videos?playId=f7845794-54a4-3918-9aad-852b2c9f794d,train
dataset/ground_ball/Diqing_Tang/G_019,G_019,ground_ball,https://baseballsavant.mlb.com/sporty-videos?playId=0a1206d6-0a4d-3fe7-b0c7-5f4b8f2e6239,train
dataset/ground_ball/Diqing_Tang/G_020,G_020,ground_ball,https://baseballsavant.mlb.com/sporty-videos?playId=12e3d042-9681-3581-8406-d1b5d954514e,test
dataset/ground_ball/Diqing_Tang/G_021,G_021,ground_ball,https://baseballsavant.mlb.com/sporty-videos?playId=197fc8a3-8e60-3b1e-83cd-f091d71a3ae6,test
dataset/ground_ball/Diqing_Tang/G_022,G_022,ground_ball,https://baseballsavant.mlb.com/sporty-videos?playId=7951965b-d27b-38eb-a2ab-13f2d1962848,train
dataset/ground_ball/Diqing_Tang/G_024,G_024,ground_ball,https://baseballsavant.mlb.com/sporty-videos?playId=987dbe9e-6cf0-327a-8929-9d558b634adf,train
dataset/ground_ball/Diqing_Tang/G_025,G_025,ground_ball,https://baseballsavant.mlb.com/sporty-videos?playId=5e643fd8-a347-30a0-ab56-95c12d09e75c,train
dataset/ground_ball/Haoran_Yan/G_001,G_001,ground_ball,https://www.mlb.com/video/pete-alonso-grounds-out-second-baseman-ernie-clement-to-first-baseman-vla,train
dataset/ground_ball/Haoran_Yan/G_002,G_002,ground_ball,https://www.mlb.com/video/riley-greene-grounds-into-a-double-play-second-baseman-cole-young-to-shor,train
dataset/ground_ball/Haoran_Yan/G_003,G_003,ground_ball,https://www.mlb.com/video/dominic-smith-grounds-out-second-baseman-spencer-steer-to-first-baseman-n,train
dataset/ground_ball/Haoran_Yan/G_004,G_004,ground_ball,https://www.mlb.com/video/alex-freeland-grounds-into-a-double-play-second-baseman-bryson-stott-to-s,train
dataset/ground_ball/Haoran_Yan/G_005,G_005,ground_ball,https://www.mlb.com/video/jackson-merrill-grounds-out-second-baseman-bryson-stott-to-first-baseman-bryce-h,train
dataset/ground_ball/Haoran_Yan/G_006,G_006,ground_ball,https://www.mlb.com/video/chase-meidroth-singles-on-a-ground-ball-to-second-baseman-luke-keaschall,test
dataset/ground_ball/Haoran_Yan/G_007,G_007,ground_ball,https://www.mlb.com/video/mark-vientos-grounds-out-second-baseman-nasim-nunez-to-first-baseman-luis-rpqesb,train
dataset/ground_ball/Haoran_Yan/G_008,G_008,ground_ball,https://www.mlb.com/video/jake-mccarthy-grounds-out-second-baseman-justin-foscue-to-first-baseman-j,val
dataset/ground_ball/Haoran_Yan/G_009,G_009,ground_ball,https://www.mlb.com/video/yordan-alvarez-grounds-out-second-baseman-marcelo-mayer-to-first-baseman,train
dataset/ground_ball/Haoran_Yan/G_010,G_010,ground_ball,https://www.mlb.com/video/heliot-ramos-grounds-out-second-baseman-richie-palacios-to-first-baseman,train
dataset/ground_ball/Haoran_Yan/G_011,G_011,ground_ball,https://www.mlb.com/video/troy-johnston-grounds-out-second-baseman-bryson-stott-to-first-baseman-fe,test
dataset/ground_ball/Haoran_Yan/G_012,G_012,ground_ball,https://www.mlb.com/video/connor-joe-grounds-out-second-baseman-jose-altuve-to-first-baseman-christ,train
dataset/ground_ball/Haoran_Yan/G_013,G_013,ground_ball,https://www.mlb.com/video/konnor-griffin-grounds-into-a-double-play-second-baseman-edouard-julien-t,train
dataset/ground_ball/Haoran_Yan/G_014,G_014,ground_ball,https://www.mlb.com/video/marcelo-mayer-grounds-out-second-baseman-bryson-stott-to-first-baseman-br,train
dataset/ground_ball/Haoran_Yan/G_015,G_015,ground_ball,https://www.mlb.com/video/jose-fernandez-grounds-out-second-baseman-ezequiel-duran-to-first-baseman,train
dataset/ground_ball/Haoran_Yan/G_016,G_016,ground_ball,https://www.mlb.com/video/masyn-winn-grounds-into-a-double-play-second-baseman-casey-schmitt-to-sho,train
dataset/ground_ball/Haoran_Yan/G_017,G_017,ground_ball,https://www.mlb.com/video/heliot-ramos-grounds-out-second-baseman-thomas-saggese-to-first-baseman-n,test
dataset/ground_ball/Haoran_Yan/G_018,G_018,ground_ball,https://www.mlb.com/video/luis-rengifo-grounds-out-second-baseman-zack-gelof-to-first-baseman-brett,train
dataset/ground_ball/Haoran_Yan/G_019,G_019,ground_ball,https://www.mlb.com/video/luis-rengifo-grounds-out-second-baseman-ramon-urias-to-first-baseman-chri,train
dataset/ground_ball/Haoran_Yan/G_020,G_020,ground_ball,https://www.mlb.com/video/jeremiah-jackson-grounds-into-a-double-play-second-baseman-ernie-clement,train
dataset/ground_ball/Haoran_Yan/G_021,G_021,ground_ball,https://www.mlb.com/video/tayler-saucedo-in-play-run-s-to-jacob-wilson,test
dataset/ground_ball/Haoran_Yan/G_022,G_022,ground_ball,https://www.mlb.com/video/austin-hedges-in-play-out-s-to-carson-williams,train
dataset/ground_ball/Haoran_Yan/G_023,G_023,ground_ball,https://www.mlb.com/video/trea-turner-grounds-out-second-baseman-brett-baty-to-first-baseman-pete-alonso,train
dataset/ground_ball/Haoran_Yan/G_024,G_024,ground_ball,https://www.mlb.com/video/alek-thomas-grounds-out-pitcher-abner-uribe-to-first-baseman-andrew-vaugh,train
dataset/ground_ball/Haoran_Yan/G_025,G_025,ground_ball,https://www.mlb.com/video/chandler-simpson-grounds-out-second-baseman-brayan-rocchio-to-first-basem-pg4mtf,train
dataset/ground_ball/Haoran_Yan/G_026,G_026,ground_ball,https://www.mlb.com/video/oswald-peraza-in-play-out-s-to-joc-pederson,train
dataset/ground_ball/Haoran_Yan/G_027,G_027,ground_ball,https://www.mlb.com/video/justin-bruihl-in-play-run-s-to-christian-yelich,test
dataset/ground_ball/Haoran_Yan/G_028,G_028,ground_ball,https://www.mlb.com/video/reese-mcguire-grounds-out-second-baseman-orlando-arcia-to-first-baseman-w,train
