repair_batch,repair_batch_index,collector,sample_id,main_relative_path,primary_error,result,changed,unresolved_reason,before_event_start,before_event_end,after_event_start,after_event_end,selected_candidate_time,visual_contact_time,audio_visual_offset,before_duration,after_duration,recut_status,source_clip_start_before,source_clip_start_after,source_clip_end_after,before_trajectory,after_trajectory,trajectory_changed,qwen_proposed_trajectory,trajectory_change_suppressed,qwen_binding_status,qwen_confidence,qwen_model,contact_gate_status,contact_gate_decision,contact_gate_contact_visible,contact_gate_live_pitch_and_swing_visible,contact_gate_candidate_sound_is_bat_contact,contact_gate_replay_or_slow_motion,contact_gate_confidence,contact_gate_model,contact_gate_visual_evidence,contact_gate_audio_evidence,contact_gate_failure_reason,before_video_sha256,before_audio_sha256,after_video_sha256,after_audio_sha256,apply_mode
1,1,Codex_Workstation,F_0001,dataset/fly_ball/Codex_Workstation/F_0001,clip_too_short,recut_and_retime,yes,,0.940,1.040,0.925,1.025,0.975,0.980,0.005,7.014,12.995,recut_complete,0.000,0.000,12.995,fly,fly,no,fly,no,audio_candidate_bound,0.95,qwen3.5-omni-flash-2026-03-15,contact_gate_pass,confirm,True,True,True,False,1.0,qwen3.5-omni-plus-2026-03-15,"A live pitch sequence shows the pitcher delivering the ball and the batter swinging. At approximately 0.7 seconds into the clip, the bat makes clear contact with the baseball, followed by immediate follow-through.","A sharp, distinct crack sound consistent with a bat hitting a ball is audible at the expected time of contact.",,eb26303e22fa7aa3f577b5d88cae8cf00e2c0c0e27ad5163f5ac7291aab60162,440c1d7d1ed0118a6db43b56e576966bacc1f2f7b62b8dff53aacd7f4498e762,eb26303e22fa7aa3f577b5d88cae8cf00e2c0c0e27ad5163f5ac7291aab60162,440c1d7d1ed0118a6db43b56e576966bacc1f2f7b62b8dff53aacd7f4498e762,applied
1,2,Codex_Workstation,F_0002,dataset/fly_ball/Codex_Workstation/F_0002,clip_too_short,unchanged_unresolved,no,contact_gate_reject,1.250,1.350,,,1.295,1.300,0.005,7.014,7.014,recut_complete,0.000,,,fly,,no,fly,no,audio_candidate_bound,0.95,qwen3.5-omni-flash-2026-03-15,contact_gate_reject,reject,False,True,False,False,1.0,qwen3.5-omni-plus-2026-03-15,The video shows a pitcher delivering a pitch to a batter. The batter swings and misses the ball completely (a strike). There is no visible contact between the bat and the ball.,"A sharp 'crack' sound is heard at approximately 1.3 seconds, which typically indicates a hit. However, since the visual evidence clearly shows a swing-and-miss with no contact, this sound is inconsistent with the action shown (likely a mismatch or a foul tip not visible from this angle, but visually it's a miss).","The visual evidence shows the batter swinging and missing the pitch; therefore, no bat-ball contact occurred to generate the candidate sound.",2115558c3cfc1f16299fb6d705249f1454ddfac47f0a68dc8daeec772ee31963,ef83b7e3513493bb22280cf4fe0631ebef996604cc59226504b171d55c958a32,,,applied
1,3,Codex_Workstation,F_0004,dataset/fly_ball/Codex_Workstation/F_0004,clip_too_short,unchanged_unresolved,no,contact_gate_reject,3.400,3.500,,,2.005,2.000,0.005,7.014,7.014,recut_complete,0.000,,,line_drive,,no,line_drive,no,audio_candidate_bound,0.95,qwen3.5-omni-flash-2026-03-15,contact_gate_reject,reject,False,True,False,False,1.0,qwen3.5-omni-plus-2026-03-15,"The video shows a pitcher delivering a pitch and the batter swinging. The ball hits the batter's leg (HBP), indicated by the scoreboard graphic 'HBP' and the visual of the ball deflecting off the batter without a bat swing making contact. There is no visible bat-ball impact.","A sharp sound occurs, but given the visual evidence of a hit-by-pitch, this sound is likely the ball hitting the batter's body or equipment, not a bat-ball crack.",No bat-ball contact is visible; the event is a hit-by-pitch.,fbf872fa4c7f1639c6ce25218885870236fcafd6b10178100bd778282e5ee607,94b5e4f6eb74e806d06305c1448cc08f517c168419c9abc96c82d55bb72f8fa9,,,applied
1,4,Codex_Workstation,F_0005,dataset/fly_ball/Codex_Workstation/F_0005,clip_too_short,recut_and_retime,yes,,1.580,1.680,1.575,1.675,1.625,1.630,0.005,7.014,13.635,recut_complete,0.000,0.000,13.635,fly,fly,no,fly,no,audio_candidate_bound,0.95,qwen3.5-omni-flash-2026-03-15,contact_gate_pass,confirm,True,True,True,False,0.95,qwen3.5-omni-plus-2026-03-15,"The video shows a live pitch from the pitcher to the batter. The batter swings and makes solid contact with the ball, which is visible flying off the bat immediately after the swing.","A sharp, distinct 'crack' sound consistent with a bat hitting a baseball occurs at approximately 0.7 seconds into the clip, synchronized with the visual contact.",,b642960ef383031b024d5015d9f7b5a0b5351c8977ee4f0a9dc7532a37eb6059,dfd9640382aa714753f94311d681b9aa8aeb38b9fbcdf042af658fca117d0d20,b642960ef383031b024d5015d9f7b5a0b5351c8977ee4f0a9dc7532a37eb6059,dfd9640382aa714753f94311d681b9aa8aeb38b9fbcdf042af658fca117d0d20,applied
1,5,Codex_Workstation,F_0006,dataset/fly_ball/Codex_Workstation/F_0006,clip_too_short,recut_and_retime,yes,,0.790,0.890,0.785,0.885,0.835,0.840,0.005,7.014,12.845,recut_partial_context,0.000,0.000,12.845,pop_fly,pop_fly,no,pop_fly,no,audio_candidate_bound,0.95,qwen3.5-omni-flash-2026-03-15,contact_gate_pass,confirm,True,True,True,False,0.95,qwen3.5-omni-plus-2026-03-15,"The clip shows a live pitch from the pitcher's mound to home plate. The batter swings and makes visible contact with the ball at approximately 0.7 seconds into the clip, causing the ball to deflect sharply.","A distinct, sharp 'crack' sound is heard at 0.835 seconds, consistent with the sound of a bat hitting a baseball.",,a93b2c74f570c7025b921b07065146e23e4576b6dcae10d863829d7fb1992b69,b8e3917adaf7438d103fc8a4e2421bca9674826e02eaf37a4122a38e51dfe162,a93b2c74f570c7025b921b07065146e23e4576b6dcae10d863829d7fb1992b69,b8e3917adaf7438d103fc8a4e2421bca9674826e02eaf37a4122a38e51dfe162,applied
1,6,Codex_Workstation,F_0008,dataset/fly_ball/Codex_Workstation/F_0008,clip_too_short,recut_and_retime,yes,,3.400,3.500,1.945,2.045,1.995,2.000,0.005,7.007,14.000,recut_complete,0.000,1.465,15.465,fly,fly,no,fly,no,audio_candidate_bound,0.95,qwen3.5-omni-flash-2026-03-15,contact_gate_pass,confirm,True,True,True,False,1.0,qwen3.5-omni-plus-2026-03-15,"The video shows a live pitch sequence from behind the pitcher's mound. A batter in a white uniform swings at the incoming ball. At approximately 0.7 seconds, the bat makes contact with the ball, followed immediately by the batter's follow-through motion.","A distinct, sharp 'crack' sound consistent with a baseball bat hitting a ball is heard at approximately 0.7 seconds, synchronized perfectly with the visual impact.",,8a7bda430686f40f2ef897844a67949312c83e35223e0a6c1003b6185ea75ef4,58f9e9748bb543cc4b39472eb8d0c05aeb1e1b34acd49c2c2928e2860aef13e4,8a7bda430686f40f2ef897844a67949312c83e35223e0a6c1003b6185ea75ef4,58f9e9748bb543cc4b39472eb8d0c05aeb1e1b34acd49c2c2928e2860aef13e4,applied
1,7,Codex_Workstation,F_0010,dataset/fly_ball/Codex_Workstation/F_0010,clip_too_short,recut_and_retime,yes,,3.390,3.490,1.955,2.055,2.005,2.000,0.005,7.007,14.000,recut_complete,0.000,1.455,15.455,line_drive,line_drive,no,line_drive,no,audio_candidate_bound,0.95,qwen3.5-omni-flash-2026-03-15,contact_gate_pass,confirm,True,True,True,False,0.95,qwen3.5-omni-plus-2026-03-15,"The video shows a live pitch from the pitcher to the batter. At approximately 00:00.7, the batter swings and makes visible contact with the baseball, causing the ball to deflect sharply.","A distinct, sharp 'crack' sound is heard at approximately 00:00.7, which corresponds perfectly with the visual moment of the bat hitting the ball.",,9b1605303c76d5f26b93cd0899dbaa9a51ea0700e6aac3d255f57f7af7624097,cac1be9746cf44ee7a9c926dbd11e62a23fd7560e57c615f35b88129058335ad,9b1605303c76d5f26b93cd0899dbaa9a51ea0700e6aac3d255f57f7af7624097,cac1be9746cf44ee7a9c926dbd11e62a23fd7560e57c615f35b88129058335ad,applied
1,8,Codex_Workstation,F_0011,dataset/fly_ball/Codex_Workstation/F_0011,clip_too_short,recut_and_retime,yes,,1.060,1.160,1.055,1.155,1.105,1.120,0.015,7.014,13.125,recut_complete,0.000,0.000,13.125,fly,fly,no,fly,no,audio_candidate_bound,0.95,qwen3.5-omni-flash-2026-03-15,contact_gate_pass,confirm,True,True,True,False,1.0,qwen3.5-omni-plus-2026-03-15,"The video shows a live pitch sequence from a center-field camera angle. The pitcher delivers the ball, and the batter swings. At approximately 0.7 seconds, the bat makes clear contact with the baseball, causing the ball to deflect sharply.","A distinct, sharp 'crack' sound is heard at roughly 0.7 seconds, which corresponds perfectly with the visual moment of the bat striking the ball.",,2bbd352990510f29895767d93c9fea4c6894e103ce0f492c094091e2fb988a5c,48ba28c2203b53d14ae0c38c4a20e5c73411ca30c8d2312b435740cf7a688a00,2bbd352990510f29895767d93c9fea4c6894e103ce0f492c094091e2fb988a5c,48ba28c2203b53d14ae0c38c4a20e5c73411ca30c8d2312b435740cf7a688a00,applied
1,9,Codex_Workstation,F_0012,dataset/fly_ball/Codex_Workstation/F_0012,clip_too_short,recut_and_retime,yes,,3.370,3.470,1.965,2.065,2.015,2.030,0.015,7.015,14.000,recut_complete,0.000,1.435,15.435,line_drive,line_drive,no,line_drive,no,audio_candidate_bound,0.98,qwen3.5-omni-flash-2026-03-15,contact_gate_pass,confirm,True,True,True,False,0.95,qwen3.5-omni-plus-2026-03-15,"The clip shows a live pitch from the mound. The batter swings and makes clear contact with the ball at approximately 0.7 seconds into the clip, followed by the swing's follow-through.","A sharp, distinct 'crack' sound consistent with a bat hitting a baseball is heard, synchronized with the visual moment of contact.",,0992c7bc8c2715da87f0ac486f26c7c5a81a5c3f082cbe8480dfcfcf020d4808,b5bd6c7cd1205040d2becf6661b06d2a5f125bcb29683313ad8b91314dc5f564,0992c7bc8c2715da87f0ac486f26c7c5a81a5c3f082cbe8480dfcfcf020d4808,b5bd6c7cd1205040d2becf6661b06d2a5f125bcb29683313ad8b91314dc5f564,applied
1,10,Codex_Workstation,F_0013,dataset/fly_ball/Codex_Workstation/F_0013,clip_too_short,recut_and_retime,yes,,3.300,3.400,1.955,2.055,2.005,2.010,0.005,7.006,14.000,recut_complete,0.000,1.365,15.365,pop_fly,pop_fly,no,pop_fly,no,audio_candidate_bound,0.95,qwen3.5-omni-flash-2026-03-15,contact_gate_pass,confirm,True,True,True,False,1.0,qwen3.5-omni-plus-2026-03-15,"The video shows a live pitch from the mound. The batter swings and makes solid contact with the ball at approximately 0.7 seconds into the clip, followed by the immediate follow-through of the swing.","A distinct, sharp 'crack' sound consistent with a bat hitting a baseball is heard, synchronized perfectly with the visual moment of contact.",,f7f4afa7ac29d22b92c841c4e80ec0a8450fb0be42e479822129de104da6eb39,27a6a4bc1da5420ade6060ecdd6e3b6b13cd4fe09ee3906b088d9c889092d9c3,f7f4afa7ac29d22b92c841c4e80ec0a8450fb0be42e479822129de104da6eb39,27a6a4bc1da5420ade6060ecdd6e3b6b13cd4fe09ee3906b088d9c889092d9c3,applied
1,11,Codex_Workstation,F_0014,dataset/fly_ball/Codex_Workstation/F_0014,clip_too_short,recut_and_retime,yes,,1.090,1.190,1.085,1.185,1.135,1.140,0.005,7.014,13.155,recut_complete,0.000,0.000,13.155,fly,fly,no,fly,no,audio_candidate_bound,0.95,qwen3.5-omni-flash-2026-03-15,contact_gate_pass,confirm,True,True,True,False,0.95,qwen3.5-omni-plus-2026-03-15,"The video shows a live pitch sequence from behind the pitcher. The batter swings and makes contact with the ball at approximately 0.7 seconds into the clip, followed by immediate follow-through.",A sharp crack sound consistent with a bat hitting a ball is heard at the moment of visual contact.,,e479b231921a9f727707ae2170dbd097dfd6cb86681b008f3157b091d312b8e0,ebb14e858c436061d572b70f83fd2015613dec9f7351e81a7e6bad1bb8b631d7,e479b231921a9f727707ae2170dbd097dfd6cb86681b008f3157b091d312b8e0,ebb14e858c436061d572b70f83fd2015613dec9f7351e81a7e6bad1bb8b631d7,applied
1,12,Codex_Workstation,F_0016,dataset/fly_ball/Codex_Workstation/F_0016,clip_too_short,recut_and_retime,yes,,3.660,3.760,1.955,2.055,2.005,2.005,0.000,7.014,14.000,recut_complete,0.000,1.725,15.725,line_drive,line_drive,no,fly,yes,audio_candidate_bound,0.95,qwen3.5-omni-flash-2026-03-15,contact_gate_pass,confirm,True,True,True,False,1.0,qwen3.5-omni-plus-2026-03-15,"The video shows a live pitch from the mound to home plate. The batter (wearing red) swings and makes solid contact with the ball, visible as the bat connects and the ball changes trajectory sharply.","A distinct, sharp 'crack' sound consistent with a baseball bat hitting a ball is heard, synchronized perfectly with the visual moment of contact.",,9d3d42d614350f1d5d6fedda87a458b81724804f12b22046a00113a74e5a16c8,0aaef5e26a12777c2943c445583896228e79231256429e2d5258bef7b685f8f7,9d3d42d614350f1d5d6fedda87a458b81724804f12b22046a00113a74e5a16c8,0aaef5e26a12777c2943c445583896228e79231256429e2d5258bef7b685f8f7,applied
1,13,Codex_Workstation,F_0018,dataset/fly_ball/Codex_Workstation/F_0018,clip_too_short,recut_and_retime,yes,,1.920,2.020,1.905,2.005,1.955,2.000,0.045,7.014,9.059,recut_partial_context,0.000,0.000,9.059,fly,fly,no,fly,no,audio_candidate_bound,0.95,qwen3.5-omni-flash-2026-03-15,contact_gate_pass,confirm,True,True,True,False,1.0,qwen3.5-omni-plus-2026-03-15,"The video shows a live pitch sequence from behind the pitcher. The pitcher delivers the ball, and the batter swings, making visible contact with the ball around the 0.7-second mark, followed by an immediate swing follow-through.","A sharp, distinct crack sound consistent with a bat hitting a baseball is heard, synchronized perfectly with the visual moment of contact.",,d5188a51a3605780c6046a55e6e4ad3068a9a8828eed487d2dec174d466d0215,741114ad88ce9d3ab56f6579469f9ee4d4aef4d85f4ffff35ae5bae6a1590d81,d5188a51a3605780c6046a55e6e4ad3068a9a8828eed487d2dec174d466d0215,741114ad88ce9d3ab56f6579469f9ee4d4aef4d85f4ffff35ae5bae6a1590d81,applied
1,14,Codex_Workstation,F_0019,dataset/fly_ball/Codex_Workstation/F_0019,clip_too_short,recut_and_retime,yes,,3.980,4.120,1.945,2.045,1.995,2.000,0.005,7.014,14.000,recut_complete,0.000,2.015,16.015,line_drive,line_drive,no,fly,yes,audio_candidate_bound,0.95,qwen3.5-omni-flash-2026-03-15,contact_gate_pass,confirm,True,True,True,False,0.95,qwen3.5-omni-plus-2026-03-15,"A pitcher throws the ball, and the batter swings. At approximately 0.7 seconds into the clip, the bat makes clear contact with the baseball, sending it flying.",A sharp 'crack' sound consistent with a bat hitting a baseball is heard at the expected time of contact.,,aa87f52e34b9425aa0990996d5fe98362fe40250111b3b53d4ac372382658d92,7c7619d825cd7dfb7e5cb6d59c9275b6c5504f65d8368016bdbe516b4518a6ed,aa87f52e34b9425aa0990996d5fe98362fe40250111b3b53d4ac372382658d92,7c7619d825cd7dfb7e5cb6d59c9275b6c5504f65d8368016bdbe516b4518a6ed,applied
1,15,Codex_Workstation,F_0022,dataset/fly_ball/Codex_Workstation/F_0022,clip_too_short,recut_and_retime,yes,,3.440,3.540,1.955,2.055,2.005,2.000,0.005,7.007,14.000,recut_complete,0.000,1.495,15.495,line_drive,line_drive,no,line_drive,no,audio_candidate_bound,0.95,qwen3.5-omni-flash-2026-03-15,contact_gate_pass,confirm,True,True,True,False,1.0,qwen3.5-omni-plus-2026-03-15,"The video shows a live pitch sequence from a center-field camera angle. A pitcher in a blue uniform delivers the ball to a batter in a grey uniform. The batter swings and makes solid contact with the ball, visible as a sharp impact at approximately 0.7 seconds into the clip.","A distinct, sharp 'crack' sound is heard, consistent with a baseball bat striking a ball. This sound aligns perfectly with the visual moment of contact.",,c1ade490fca54aa59218034d67d7fcb8d67df95ac01284c79898a0604875696d,0b2f14317aeefbcc586c3ae91930786eacb293fbf079205b288a5f2aefbeb146,c1ade490fca54aa59218034d67d7fcb8d67df95ac01284c79898a0604875696d,0b2f14317aeefbcc586c3ae91930786eacb293fbf079205b288a5f2aefbeb146,applied
1,16,Codex_Workstation,F_0025,dataset/fly_ball/Codex_Workstation/F_0025,clip_too_short,recut_and_retime,yes,,0.960,1.060,0.945,1.045,0.995,1.000,0.005,7.014,13.015,recut_complete,0.000,0.000,13.015,fly,fly,no,fly,no,audio_candidate_bound,0.95,qwen3.5-omni-flash-2026-03-15,contact_gate_pass,confirm,True,True,True,False,0.95,qwen3.5-omni-plus-2026-03-15,"The video shows a live pitch from the pitcher to the batter (Swanson). The batter swings and makes clear contact with the ball at approximately 0.7 seconds into the clip, causing the ball to deflect sharply.","A distinct, sharp 'crack' sound is heard around 0.7-0.8 seconds, consistent with a baseball bat hitting a ball.",,3460599976a5f965f903a5715e030579d5433e5554ee0f88a7d1a2d4b3096bf2,68bc92bb77a29e48a75398f1320b050e1e3b94aab981ffb2f1ec64cd1f370690,3460599976a5f965f903a5715e030579d5433e5554ee0f88a7d1a2d4b3096bf2,68bc92bb77a29e48a75398f1320b050e1e3b94aab981ffb2f1ec64cd1f370690,applied
1,17,Codex_Workstation,F_0026,dataset/fly_ball/Codex_Workstation/F_0026,clip_too_short,recut_and_retime,yes,,2.300,2.400,1.945,2.045,1.995,2.000,0.005,7.014,14.000,recut_complete,0.000,0.355,14.355,fly,fly,no,fly,no,audio_candidate_bound,0.95,qwen3.5-omni-flash-2026-03-15,contact_gate_pass,confirm,True,True,True,False,1.0,qwen3.5-omni-plus-2026-03-15,"The video shows a live pitch from the pitcher's mound to home plate. The batter swings and makes clear contact with the ball around the 0.7-second mark, followed by immediate follow-through.","A sharp, distinct crack sound consistent with a bat hitting a baseball is heard at approximately 0.7 seconds, synchronized with the visual contact.",,c6d953766249de230a06590ef447ede66644e57a7e2746487729381d1e46164e,4017950eb24977ab6b1385d571f7e03f3e4ec6d2f768dee8c8ec821082635583,c6d953766249de230a06590ef447ede66644e57a7e2746487729381d1e46164e,4017950eb24977ab6b1385d571f7e03f3e4ec6d2f768dee8c8ec821082635583,applied
1,18,Codex_Workstation,F_0027,dataset/fly_ball/Codex_Workstation/F_0027,contact_timestamp_wrong,recut_and_retime,yes,,0.590,0.690,0.685,0.785,0.735,0.740,0.005,7.014,12.755,recut_partial_context,0.000,0.000,12.755,line_drive,line_drive,no,line_drive,no,audio_candidate_bound,0.95,qwen3.5-omni-flash-2026-03-15,contact_gate_pass,confirm,True,True,True,False,0.95,qwen3.5-omni-plus-2026-03-15,"The clip shows a live pitch from the mound to home plate. The batter swings and makes clear contact with the ball at approximately 0.73 seconds into the clip, followed by the immediate follow-through of the swing.","A sharp, distinct 'crack' sound consistent with a bat hitting a baseball is audible at the moment of visual contact.",,15e160dfccd660ee70d4d48dc21b8013b36dee281dd04da3fbb1a32663a31592,a14e465be8e4f034505e0232e936c54d06d5fe6a13441ed52a14ff79c992208c,15e160dfccd660ee70d4d48dc21b8013b36dee281dd04da3fbb1a32663a31592,a14e465be8e4f034505e0232e936c54d06d5fe6a13441ed52a14ff79c992208c,applied
1,19,Codex_Workstation,F_0028,dataset/fly_ball/Codex_Workstation/F_0028,contact_timestamp_wrong,recut_and_retime,yes,,0.910,1.010,0.715,0.815,0.765,0.780,0.015,7.014,12.785,recut_partial_context,0.000,0.000,12.785,fly,fly,no,fly,no,audio_candidate_bound,0.95,qwen3.5-omni-flash-2026-03-15,contact_gate_pass,confirm,True,True,True,False,1.0,qwen3.5-omni-plus-2026-03-15,"The video shows a live pitch sequence from behind the pitcher's mound. The batter swings and makes clear contact with the baseball at approximately 0:00.7 seconds, causing the ball to fly into the outfield.","A distinct, sharp crack sound is heard at 0:00.765, consistent with the sound of a bat striking a baseball.",,7be57c1663f6eb250e1abc616d0bd9ebe10fbef433a734b57660d29300ce7a0b,fb42d549e95be9a627527486679f33d0fe3f44b447c2eadb556965b8afe250ed,7be57c1663f6eb250e1abc616d0bd9ebe10fbef433a734b57660d29300ce7a0b,fb42d549e95be9a627527486679f33d0fe3f44b447c2eadb556965b8afe250ed,applied
1,20,Codex_Workstation,F_0029,dataset/fly_ball/Codex_Workstation/F_0029,clip_too_short,unchanged_unresolved,no,contact_gate_reject,3.170,3.270,,,2.015,2.000,0.015,7.007,7.007,recut_complete,0.000,,,line_drive,,no,line_drive,no,audio_candidate_bound,0.98,qwen3.5-omni-flash-2026-03-15,contact_gate_reject,reject,False,True,False,False,1.0,qwen3.5-omni-plus-2026-03-15,The video shows a pitcher delivering a pitch to the batter (Stephenson). The batter swings and misses the ball completely around the 0.7-second mark. The catcher catches the ball in his mitt immediately after. There is no physical contact between the bat and the ball.,"The audio contains the sound of the ball hitting the catcher's mitt (a dull thud) at the end of the clip, along with commentary stating 'Still nobody out'. There is no sharp crack sound associated with a bat hitting a ball.","The visual evidence clearly shows the batter swinging and missing the pitch (a strike), followed by the ball hitting the catcher's mitt. No bat-ball contact occurred.",028a28e4a24ec45a39781100823b06f3a5cd618ecb19526556a9dd5ca7adb20d,f3f536f705fdcf3fbd510ee730124bea89d926dd843120ca23d6323768b45af7,,,applied
1,21,Codex_Workstation,F_0030,dataset/fly_ball/Codex_Workstation/F_0030,clip_too_short,unchanged_unresolved,no,contact_gate_reject,4.670,4.770,,,2.015,2.015,0.000,7.007,7.007,recut_complete,0.000,,,line_drive,,no,line_drive,no,audio_candidate_bound,0.95,qwen3.5-omni-flash-2026-03-15,contact_gate_reject,reject,False,False,True,False,1.0,qwen3.5-omni-plus-2026-03-15,"The video shows a pitcher winding up and delivering a pitch towards the batter. The clip ends just as the ball reaches the plate area; the batter has not yet swung, and no contact with the ball is visible.","A sharp 'crack' sound consistent with a bat hitting a ball is heard, accompanied by commentary saying 'Over short'.",The visual footage only captures the pitch delivery and does not show the batter swinging or making contact with the ball. The audio of the hit occurs outside the visible timeframe of this specific clip.,aaf2de972b88f4eb62986ffac89c0a74877535db6eae75ecc595a91bf93b6930,6e0fa23848ca125db54a31083b2872881fba6e7517c7f6825361737e9e41683e,,,applied
1,22,Codex_Workstation,F_0032,dataset/fly_ball/Codex_Workstation/F_0032,clip_too_short,unchanged_unresolved,no,contact_gate_reject,3.410,3.510,,,1.995,2.000,0.005,7.006,7.006,recut_complete,0.000,,,line_drive,,no,line_drive,no,audio_candidate_bound,0.95,qwen3.5-omni-flash-2026-03-15,contact_gate_reject,reject,False,True,False,False,1.0,qwen3.5-omni-plus-2026-03-15,The clip shows a pitcher winding up and releasing the ball. The batter is visible in the box but does not swing at the pitch within the duration of the clip. The video ends before the ball reaches home plate or any contact could occur.,The audio contains commentary saying 'Ratch delivers' (or similar) corresponding to the pitcher's action. There is no bat-ball crack sound present in the clip.,"No visual contact occurs in the clip; the footage ends while the ball is still in flight towards the plate. Consequently, there is no audible bat-ball crack.",2cfd5707e669c21bc729900dd5b98b3599e2639f9fa0b1b16de69ea611150b4b,73f4061e35a156f3ea05432b574226fdff66613121e50c86e2f339da0a1e5f84,,,applied
1,23,Codex_Workstation,F_0034,dataset/fly_ball/Codex_Workstation/F_0034,contact_timestamp_wrong,recut_and_retime,yes,,3.230,3.330,1.945,2.045,1.995,2.000,0.005,7.014,14.000,recut_complete,0.000,1.395,15.395,fly,fly,no,fly,no,audio_candidate_bound,0.95,qwen3.5-omni-flash-2026-03-15,contact_gate_pass,confirm,True,True,True,False,1.0,qwen3.5-omni-plus-2026-03-15,"The video shows a live pitch from the mound. The batter swings and makes clear contact with the ball around the 0.7-second mark, followed immediately by the swing's follow-through.","A sharp, distinct 'crack' sound is heard at approximately 0.7 seconds, consistent with a bat hitting a baseball.",,759d1d94d75ff9785caa2dcedf5095aae472014de286ae38c116b9ae95b41aca,7d77f719ebcf0d1618a6ee7046a80cdac7705355ca20591ac6da12877bcc789b,759d1d94d75ff9785caa2dcedf5095aae472014de286ae38c116b9ae95b41aca,7d77f719ebcf0d1618a6ee7046a80cdac7705355ca20591ac6da12877bcc789b,applied
1,24,Codex_Workstation,F_0035,dataset/fly_ball/Codex_Workstation/F_0035,clip_too_short,unchanged_unresolved,no,contact_gate_reject,3.170,3.270,,,1.985,2.000,0.015,7.006,7.006,recut_partial_context,0.000,,,line_drive,,no,line_drive,no,audio_candidate_bound,0.95,qwen3.5-omni-flash-2026-03-15,contact_gate_reject,reject,False,True,False,False,1.0,qwen3.5-omni-plus-2026-03-15,"The clip shows a pitcher delivering a pitch and the batter beginning his swing. The video cuts off while the bat is still moving forward, before any contact with the ball occurs or the swing is completed.",The audio consists solely of a commentator speaking ('...steer plays deep near the line'). There is no sharp cracking sound associated with a bat hitting a ball.,"No visual contact between bat and ball is shown in the clip; the video ends during the swing. Additionally, the audio contains only commentary, lacking the distinct sound of a bat-ball impact.",f7cfa7bcd88dfee180ee7bb0f7a9e7d0b1f5bc3789da51b5ef14aa90996b5e8a,9f2bc69c9de3f58191309f99daa0367f1dd230bab5cfd156c7695d2d86760e60,,,applied
1,25,Codex_Workstation,F_0036,dataset/fly_ball/Codex_Workstation/F_0036,clip_too_short,recut_and_retime,yes,,3.410,3.510,1.955,2.055,2.005,2.005,0.000,7.012,14.000,recut_complete,0.000,1.505,15.505,line_drive,line_drive,no,line_drive,no,audio_candidate_bound,0.95,qwen3.5-omni-flash-2026-03-15,contact_gate_pass,confirm,True,True,True,False,0.95,qwen3.5-omni-plus-2026-03-15,"The video shows a live pitch from the mound to home plate. The batter swings and makes contact with the ball around the 0.7-second mark, causing the ball to deflect upwards immediately after impact.","A distinct, sharp 'crack' sound is heard at approximately 0.7 seconds, consistent with a bat hitting a baseball.",,8b5cdfe56677412e849b2a2af8a71500ae649d4fa20af46f76270c503cc8f394,162745a14d5baa22a2292351ef2cac59519360a1fed15fad340970f669960a29,8b5cdfe56677412e849b2a2af8a71500ae649d4fa20af46f76270c503cc8f394,162745a14d5baa22a2292351ef2cac59519360a1fed15fad340970f669960a29,applied
1,26,Codex_Workstation,F_0037,dataset/fly_ball/Codex_Workstation/F_0037,clip_too_short,recut_and_retime,yes,,1.600,1.700,1.585,1.685,1.635,1.650,0.015,7.014,13.655,recut_complete,0.000,0.000,13.655,fly,fly,no,fly,no,audio_candidate_bound,0.95,qwen3.5-omni-flash-2026-03-15,contact_gate_pass,confirm,True,True,True,False,1.0,qwen3.5-omni-plus-2026-03-15,"The video shows a live pitch from the pitcher's mound to home plate. The batter (Torkelson) swings and makes visible contact with the ball at approximately the 0.7-second mark, sending the ball into play.","A distinct, sharp crack of a wooden bat hitting a baseball is heard, synchronized perfectly with the visual moment of contact between the bat and the ball.",,7b1c32772bdab539648ac9070e34fd7c75440a57ec7097e7f8388dc6017b5a96,2f76ff484fbd901595843cfc9734bf531db481da4c3e07bc92bba33cdb6c96c7,7b1c32772bdab539648ac9070e34fd7c75440a57ec7097e7f8388dc6017b5a96,2f76ff484fbd901595843cfc9734bf531db481da4c3e07bc92bba33cdb6c96c7,applied
1,27,Codex_Workstation,F_0040,dataset/fly_ball/Codex_Workstation/F_0040,contact_timestamp_wrong,recut_and_retime,yes,,0.883,0.983,0.755,0.855,0.805,0.820,0.015,7.014,12.825,recut_partial_context,0.000,0.000,12.825,pop_fly,pop_fly,no,pop_fly,no,audio_candidate_bound,0.95,qwen3.5-omni-flash-2026-03-15,contact_gate_pass,confirm,True,True,True,False,1.0,qwen3.5-omni-plus-2026-03-15,"The video shows a live pitch from the mound. The batter swings and makes visible contact with the ball at approximately 00:00.7, causing the ball to deflect sharply.","A distinct, sharp crack sound consistent with a bat hitting a baseball is heard, synchronized perfectly with the visual moment of contact.",,94dbdf3ac54b9f3ed0e35224bd3586d2a782f5397f8ddb66689989a2e1566466,9c4cff17db8c29a3e270184bc1c2d46aca79be6df5b6cac8eea197c9602351b4,94dbdf3ac54b9f3ed0e35224bd3586d2a782f5397f8ddb66689989a2e1566466,9c4cff17db8c29a3e270184bc1c2d46aca79be6df5b6cac8eea197c9602351b4,applied
1,28,Codex_Workstation,F_0041,dataset/fly_ball/Codex_Workstation/F_0041,clip_too_short,recut_and_retime,yes,,3.390,3.490,1.955,2.055,2.005,2.000,0.005,7.006,10.426,recut_partial_context,0.000,1.455,11.881,fly,fly,no,fly,no,audio_candidate_bound,0.95,qwen3.5-omni-flash-2026-03-15,contact_gate_pass,confirm,True,True,True,False,0.95,qwen3.5-omni-plus-2026-03-15,"The video shows a live pitch sequence from a center-field camera angle. The pitcher delivers the ball, and the batter swings. At approximately 0.7 seconds, the bat makes clear contact with the baseball, causing the ball to deflect sharply towards the left side of the field. The batter's follow-through is visible immediately after contact.","A distinct, sharp 'crack' sound consistent with a wooden bat hitting a baseball is heard at the exact moment visual contact occurs (around 0.7s). There is no commentary or other distracting noise overlapping this specific impact sound.",,9e4b9e14afe66b95375b68a640769760b3d23186b7ee1d07240e57df697f1f77,93081e561fecee565b9ffbaa9961b1ae2fa0f20f2e5e1a9e7ec112a048d56bba,9e4b9e14afe66b95375b68a640769760b3d23186b7ee1d07240e57df697f1f77,93081e561fecee565b9ffbaa9961b1ae2fa0f20f2e5e1a9e7ec112a048d56bba,applied
1,29,Codex_Workstation,F_0043,dataset/fly_ball/Codex_Workstation/F_0043,clip_too_short,recut_and_retime,yes,,1.700,1.800,1.695,1.795,1.745,1.750,0.005,7.014,13.755,recut_complete,0.000,0.000,13.755,pop_fly,pop_fly,no,pop_fly,no,audio_candidate_bound,0.95,qwen3.5-omni-flash-2026-03-15,contact_gate_pass,confirm,True,True,True,False,1.0,qwen3.5-omni-plus-2026-03-15,"The video shows a live pitch from the mound to home plate. The batter swings and makes visible contact with the ball at approximately the 0.7-second mark, causing the ball to deflect sharply.","A distinct, sharp 'crack' sound consistent with a baseball bat hitting a ball is heard, synchronized with the visual impact.",,5ea8d39835b8eec74743a458098b9473058a453ebc5b8b75068a00a8da64215f,33e99dc8af2ba04af84a97b22502db4a3e0023d95cf43029cdd8b6be8e321c79,5ea8d39835b8eec74743a458098b9473058a453ebc5b8b75068a00a8da64215f,33e99dc8af2ba04af84a97b22502db4a3e0023d95cf43029cdd8b6be8e321c79,applied
1,30,Codex_Workstation,F_0044,dataset/fly_ball/Codex_Workstation/F_0044,clip_too_short,recut_and_retime,yes,,3.330,3.430,1.965,2.065,2.015,2.000,0.015,7.006,14.000,recut_complete,0.000,1.405,15.405,line_drive,line_drive,no,line_drive,no,audio_candidate_bound,0.9,qwen2.5-omni-7b,contact_gate_pass,confirm,True,True,True,False,0.95,qwen3.5-omni-flash-2026-03-15,"At 00:00.6, the pitcher releases the ball. At 00:00.8, the batter swings and makes solid contact with the ball, visible as the bat connects with the white baseball near home plate.","A sharp, high-frequency 'crack' sound occurs at approximately 00:00.7, consistent with a wooden bat striking a baseball.",,ff1e6a66d825f1f4b3f491bb53895b57cd6f297098f13b3e0ed094716bf8d712,38adefd192eb06a1a5d2c04e607c9b151e9a00c2f3a8d278f9962012d7da2bbc,ff1e6a66d825f1f4b3f491bb53895b57cd6f297098f13b3e0ed094716bf8d712,38adefd192eb06a1a5d2c04e607c9b151e9a00c2f3a8d278f9962012d7da2bbc,applied
1,31,Codex_Workstation,F_0046,dataset/fly_ball/Codex_Workstation/F_0046,clip_too_short,recut_and_retime,yes,,0.870,0.970,0.855,0.955,0.905,0.925,0.020,7.014,12.925,recut_partial_context,0.000,0.000,12.925,fly,fly,no,fly,no,audio_candidate_bound,0.9,qwen2.5-omni-7b,contact_gate_pass,confirm,True,True,True,False,0.95,qwen3.5-omni-flash-2026-03-15,"At 0.7 seconds into the clip, the batter (wearing a green and gold uniform) is in mid-swing, making direct contact with the ball. The bat connects with the ball at approximately the center of the frame, and the batter begins his follow-through motion immediately after impact.","A sharp, percussive 'crack' sound characteristic of a baseball bat striking a ball is audible at the moment of contact, consistent with live play audio.",,cda074a4e9844b65a8e2eb11d647ff0fa6adf081859fb1a75fee676be86a4067,df549c02ebb8fa6cdbf513caf08d19b8602e4ea806bccfc32e48a30d2921bf4d,cda074a4e9844b65a8e2eb11d647ff0fa6adf081859fb1a75fee676be86a4067,df549c02ebb8fa6cdbf513caf08d19b8602e4ea806bccfc32e48a30d2921bf4d,applied
1,32,Codex_Workstation,F_0047,dataset/fly_ball/Codex_Workstation/F_0047,clip_too_short,recut_and_retime,yes,,3.400,3.500,1.955,2.055,2.005,2.005,0.000,7.013,14.000,recut_complete,0.000,1.405,15.405,line_drive,line_drive,no,line_drive,no,audio_candidate_bound,0.9,qwen2.5-omni-7b,contact_gate_pass,confirm,True,True,True,False,0.95,qwen3.5-omni-flash-2026-03-15,"At 0.7s, the batter (Julien) is in the middle of his swing as the ball arrives at the plate and makes contact with the bat.","A sharp, distinct crack of a baseball bat hitting a ball is audible, synchronized with the visual contact.",,d84ef44b57135f9871b5764fedf33478e8c06ee4f9c97d9145cb35805c4c0f9b,35579742956e0ae20889ef37b05af86b92f9007f7b1afe2d684284c671118106,d84ef44b57135f9871b5764fedf33478e8c06ee4f9c97d9145cb35805c4c0f9b,35579742956e0ae20889ef37b05af86b92f9007f7b1afe2d684284c671118106,applied
1,33,Codex_Workstation,F_0048,dataset/fly_ball/Codex_Workstation/F_0048,contact_timestamp_wrong,retime_or_metadata_only,yes,,2.820,2.920,2.015,2.115,2.065,2.065,0.000,7.014,7.014,not_required,0.000,,,line_drive,line_drive,no,line_drive,no,audio_candidate_bound,0.9,qwen2.5-omni-7b,contact_gate_pass,confirm,True,True,True,False,0.95,qwen3.5-omni-flash-2026-03-15,"At approximately 0.6s-0.8s in the clip, the batter is seen making contact with the ball during a live pitch sequence. The bat connects with the ball, and the batter immediately begins his follow-through motion.","A sharp, distinct 'crack' sound consistent with a bat hitting a baseball is audible at the moment of contact, lasting roughly 0.2 seconds centered around 0.7s.",,f86c05442e466286a2c4f844b5f325a91cedcfb455c0001fa468f6a1f4421f5c,a248c1f707f0535f812eedff9e3f6a5a37fdd131793f4a23ef1b83ab690730b5,f86c05442e466286a2c4f844b5f325a91cedcfb455c0001fa468f6a1f4421f5c,a248c1f707f0535f812eedff9e3f6a5a37fdd131793f4a23ef1b83ab690730b5,applied
1,34,Codex_Workstation,F_0049,dataset/fly_ball/Codex_Workstation/F_0049,clip_too_short,recut_and_retime,yes,,3.390,3.490,1.965,2.065,2.015,2.000,0.015,7.000,14.000,recut_complete,0.000,1.455,15.455,line_drive,line_drive,no,line_drive,no,audio_candidate_bound,0.9,qwen2.5-omni-7b,contact_gate_pass,confirm,True,True,True,False,0.95,qwen3.5-omni-flash-2026-03-15,"At approximately 0.7s into the clip, the batter (wearing a light blue jersey and red helmet) is shown making contact with the ball as it arrives at the plate; the bat connects with the ball, followed immediately by the batter's swing follow-through motion.","A sharp, high-frequency 'crack' sound consistent with a wooden or metal bat striking a baseball occurs precisely at the moment of visible contact.",,28bbec9c4d20b88cefd023fa399f2e2c71d8894c98f729bf5cf4c77a3056d4fc,cfb38a804d347652d06e186fdb33f520fca811ba2cfbea3e959063b3297931ea,28bbec9c4d20b88cefd023fa399f2e2c71d8894c98f729bf5cf4c77a3056d4fc,cfb38a804d347652d06e186fdb33f520fca811ba2cfbea3e959063b3297931ea,applied
1,35,Codex_Workstation,F_0051,dataset/fly_ball/Codex_Workstation/F_0051,clip_too_short,recut_and_retime,yes,,3.400,3.500,1.955,2.055,2.005,2.005,0.000,7.007,14.000,recut_complete,0.000,1.465,15.465,fly,fly,no,fly,no,audio_candidate_bound,0.9,qwen2.5-omni-7b,contact_gate_pass,confirm,True,True,True,False,0.95,qwen3.5-omni-flash-2026-03-15,"At 00:00.7, the batter is in the follow-through phase of a swing after making contact with the ball; the bat is angled upward and forward, indicating the moment of impact has just occurred.","A sharp, percussive crack consistent with a baseball bat striking a ball is heard at approximately 0.7 seconds into the clip.",,3442bd26032bf825cbd6e9bd5532acca2aa799ebf9e58603b444b903f9ec5392,9d269f63dc860834a2d906128cc0e4f908dfa778f2ec10de76da4aef987a485f,3442bd26032bf825cbd6e9bd5532acca2aa799ebf9e58603b444b903f9ec5392,9d269f63dc860834a2d906128cc0e4f908dfa778f2ec10de76da4aef987a485f,applied
1,36,Codex_Workstation,F_0052,dataset/fly_ball/Codex_Workstation/F_0052,clip_too_short,recut_and_retime,yes,,1.780,1.880,1.765,1.865,1.815,1.835,0.020,7.014,13.835,recut_complete,0.000,0.000,13.835,fly,fly,no,fly,no,audio_candidate_bound,0.9,qwen2.5-omni-7b,contact_gate_pass,confirm,True,True,True,False,0.95,qwen3.5-omni-flash-2026-03-15,"At approximately 0.7 seconds into the clip, the batter (wearing a grey uniform with number 8) is shown completing his swing and making contact with the baseball. The ball is visible moving away from the bat immediately after impact.","A distinct, sharp 'crack' sound consistent with a wooden bat hitting a baseball occurs at the moment of contact.",,f1e21c9ece8dfa7d1122236e5babca9ddab3924fdc21508b12640e2f05f4caa6,d76159ce34f7ee10692d0752cb181faf40b344c724cb0268782cb18325101951,f1e21c9ece8dfa7d1122236e5babca9ddab3924fdc21508b12640e2f05f4caa6,d76159ce34f7ee10692d0752cb181faf40b344c724cb0268782cb18325101951,applied
1,37,Codex_Workstation,F_0053,dataset/fly_ball/Codex_Workstation/F_0053,contact_timestamp_wrong,retime_or_metadata_only,yes,,2.100,2.180,1.955,2.055,2.005,2.005,0.000,7.014,7.014,not_required,0.000,,,line_drive,line_drive,no,line_drive,no,audio_candidate_bound,0.9,qwen2.5-omni-7b,contact_gate_pass,confirm,True,True,True,False,0.95,qwen3.5-omni-flash-2026-03-15,"At approximately 0.6s-0.8s into the clip, the batter is seen completing a full swing and making contact with the ball, which is visible as it begins to travel towards the right side of the frame.","A sharp, distinct 'crack' sound consistent with a baseball bat hitting a ball occurs at roughly 0.7s, matching the visual timing of the swing and contact.",,f250d247c5c0ee5275d7cdf94d487042f305c4e2c7f0e9937890da3ab45ad7b5,2c9144749dc41a26f60af41d0c64d6595bd59aa7dda14b37e4fb0074f9f9e727,f250d247c5c0ee5275d7cdf94d487042f305c4e2c7f0e9937890da3ab45ad7b5,2c9144749dc41a26f60af41d0c64d6595bd59aa7dda14b37e4fb0074f9f9e727,applied
1,38,Codex_Workstation,F_0057,dataset/fly_ball/Codex_Workstation/F_0057,clip_too_short,recut_and_retime,yes,,3.270,3.420,1.955,2.055,2.005,2.005,0.000,7.007,14.000,recut_complete,0.000,1.335,15.335,line_drive,line_drive,no,line_drive,no,audio_candidate_bound,0.9,qwen2.5-omni-7b,contact_gate_pass,confirm,True,True,True,False,0.95,qwen3.5-omni-flash-2026-03-15,"At approximately 0.7s into the clip, the batter (wearing a black jersey with number 2) is shown making contact with the baseball as it arrives at home plate. The bat connects with the ball, and the batter immediately begins his swing follow-through.","A sharp, distinct crack of wood hitting a baseball is audible at the moment of contact, consistent with a live pitch being hit.",,a0ade643cdcd215dc2f4aebfe1a2acf5f1e0a01611e76c3c59b93a1075a1e591,cfa9a0e680aec5ed8497beac88c03a6c198382f8ef3462b20cf531b97ad69054,a0ade643cdcd215dc2f4aebfe1a2acf5f1e0a01611e76c3c59b93a1075a1e591,cfa9a0e680aec5ed8497beac88c03a6c198382f8ef3462b20cf531b97ad69054,applied
1,39,Codex_Workstation,F_0058,dataset/fly_ball/Codex_Workstation/F_0058,clip_too_short,recut_and_retime,yes,,2.230,2.330,1.955,2.055,2.005,2.000,0.005,7.014,14.000,recut_complete,0.000,0.285,14.285,fly,fly,no,fly,no,audio_candidate_bound,0.9,qwen2.5-omni-7b,contact_gate_pass,confirm,True,True,True,False,0.95,qwen3.5-omni-flash-2026-03-15,"At 00:00.7, the batter in the grey uniform is shown making solid contact with the ball; the bat is extended forward and the ball is visible moving away from the plate immediately after impact.","A sharp, high-frequency 'crack' sound consistent with a wooden bat striking a baseball occurs at approximately 0.7 seconds into the clip.",,d0d0cb246732b769b341969c1c978c03be41e46894d0ae967565859632c7b088,d543ce5ad6a300f4d0bffe1232ab895ab1a2797b0e3dbb203cbd62216c7246d8,d0d0cb246732b769b341969c1c978c03be41e46894d0ae967565859632c7b088,d543ce5ad6a300f4d0bffe1232ab895ab1a2797b0e3dbb203cbd62216c7246d8,applied
1,40,Codex_Workstation,F_0060,dataset/fly_ball/Codex_Workstation/F_0060,clip_too_short,recut_and_retime,yes,,3.380,3.420,1.945,2.045,1.995,1.995,0.000,7.007,8.692,recut_partial_context,0.000,1.425,10.117,line_drive,line_drive,no,line_drive,no,audio_candidate_bound,0.9,qwen-omni-turbo-2025-03-26,contact_gate_pass,confirm,True,True,True,False,0.95,qwen3.5-omni-flash-2026-03-15,"At approximately 0.7 seconds into the clip, the batter is seen completing a swing and making contact with the ball as it arrives at home plate. The pitcher has just released the ball, and the catcher is in a crouched position behind the plate.","A sharp, distinct crack of wood or metal hitting a baseball is audible, consistent with a bat making contact with a pitched ball.",,ed7c104cc068471b6a66467525a1d7b5faa7ca65d8c72d2bb781ae2727c0bd34,9912309001384b2b7e69e8ee86131db2fee49502a11377ab131492533f0a34b9,ed7c104cc068471b6a66467525a1d7b5faa7ca65d8c72d2bb781ae2727c0bd34,9912309001384b2b7e69e8ee86131db2fee49502a11377ab131492533f0a34b9,applied
1,41,Codex_Workstation,F_0061,dataset/fly_ball/Codex_Workstation/F_0061,clip_too_short,unchanged_unresolved,no,contact_gate_reject,1.180,1.280,,,1.215,1.235,0.020,7.014,7.014,recut_complete,0.000,,,fly,,no,fly,no,audio_candidate_bound,0.9,qwen-omni-turbo-2025-03-26,contact_gate_reject,reject,False,True,False,False,0.9,qwen3.5-omni-flash-2026-03-15,"The clip shows the pitcher releasing the ball and the batter swinging at it, but the video cuts before contact is made or the ball leaves the bat.",There is no sound of a bat hitting a ball; the audio contains only crowd noise and ambient stadium sounds.,Visual contact between bat and ball is not visible in the excerpt.,b7641f0b98c35ea1ac34ddaeb29b2a4839bde267bce93b520da3b113893359f8,8bcdcb760042b666fe611678d47ff72114607515ae6be1e30042d39ee5a5262f,,,applied
1,42,Codex_Workstation,F_0064,dataset/fly_ball/Codex_Workstation/F_0064,clip_too_short,unchanged_unresolved,no,contact_gate_reject,4.770,4.920,,,1.995,1.995,0.000,7.012,7.012,recut_partial_context,0.000,,,line_drive,,no,line_drive,no,audio_candidate_bound,0.9,qwen-omni-turbo-2025-03-26,contact_gate_reject,reject,False,True,False,False,0.9,qwen3.5-omni-flash-2026-03-15,"The clip shows the pitcher releasing the ball and the batter swinging, but the video cuts off before contact is made or the ball is hit. The batter's follow-through is visible, but no bat-ball impact occurs within the frame.","The audio contains a commentator saying 'And he hits this one hard down' followed by crowd noise, but there is no distinct bat crack sound corresponding to the visual action.",No bat-ball contact is visible in the clip; the swing is incomplete at the cut point.,b11bab4d2778ab2dcdf932664afe50b2e939a6f76c4c63046728d8346cb4c26b,f418cc9b49b704b970a95823429a3908ea14c11575984ccb3e8e42cad1423c76,,,applied
1,43,Codex_Workstation,F_0067,dataset/fly_ball/Codex_Workstation/F_0067,clip_too_short,recut_and_retime,yes,,0.570,0.670,0.555,0.655,0.605,0.625,0.020,7.014,12.625,recut_partial_context,0.000,0.000,12.625,line_drive,line_drive,no,fly,yes,audio_candidate_bound,0.9,qwen-omni-turbo-2025-03-26,contact_gate_pass,confirm,True,True,True,False,0.95,qwen3.5-omni-flash-2026-03-15,"At 0.605s, the batter (wearing a blue jersey with number 2) is in the follow-through phase of his swing after making contact with the ball. The bat is angled upwards and away from the plate, indicating a solid hit.","A sharp, distinct 'crack' sound consistent with a baseball bat hitting a ball occurs at 0.605s.",,77568459a7a84ba48886405b9d7746512171b81fd7bc529a60478b80431b6247,387eaba95f0552e81e7e859d4ea59bddbe082c929036428b24a4ffbb8f737751,77568459a7a84ba48886405b9d7746512171b81fd7bc529a60478b80431b6247,387eaba95f0552e81e7e859d4ea59bddbe082c929036428b24a4ffbb8f737751,applied
1,44,Codex_Workstation,F_0068,dataset/fly_ball/Codex_Workstation/F_0068,clip_too_short,recut_and_retime,yes,,3.600,3.700,1.945,2.045,1.995,1.995,0.000,7.007,14.000,recut_complete,0.000,1.655,15.655,line_drive,line_drive,no,line_drive,no,audio_candidate_bound,0.9,qwen-omni-turbo-2025-03-26,contact_gate_pass,confirm,True,True,True,False,0.95,qwen3.5-omni-flash-2026-03-15,"At approximately 0.7 seconds into the clip, the batter is seen making contact with the ball as it arrives at the plate; the bat swings through and follows through immediately after impact.","A sharp, distinct crack consistent with a baseball bat hitting a pitched ball occurs at around 0.7 seconds.",,20f835e5e4982cba5dce075cdf5d5795ab218d00c18be6eba07f1a419c89ad95,ef3b3a01cfc073d284f01253b6e59486839a052c63765aff89446a64a7482d9b,20f835e5e4982cba5dce075cdf5d5795ab218d00c18be6eba07f1a419c89ad95,ef3b3a01cfc073d284f01253b6e59486839a052c63765aff89446a64a7482d9b,applied
1,45,Codex_Workstation,F_0069,dataset/fly_ball/Codex_Workstation/F_0069,clip_too_short,recut_and_retime,yes,,4.120,4.220,1.955,2.055,2.005,2.005,0.000,7.000,11.277,recut_partial_context,0.000,2.185,13.462,fly,fly,no,fly,no,audio_candidate_bound,0.9,qwen-omni-turbo-2025-03-26,contact_gate_pass,confirm,True,True,True,False,0.95,qwen3.5-omni-flash-2026-03-15,"At 0.7s into the clip, the batter (Guerrero Jr.) is seen making contact with the ball as it arrives at the plate; the bat is in mid-swing and the ball is just leaving the bat face.","A sharp, distinct 'crack' sound consistent with a baseball bat striking a pitched ball occurs precisely around 0.7s.",,490dbb407114f35e2761b50c0347b01c56a77111dc51992887896a9eb180e4dc,b04c1b289d3b9b27eb571a505d76c31fe613924b3d0fb5a419e9f8f465313bb0,490dbb407114f35e2761b50c0347b01c56a77111dc51992887896a9eb180e4dc,b04c1b289d3b9b27eb571a505d76c31fe613924b3d0fb5a419e9f8f465313bb0,applied
1,46,Codex_Workstation,F_0070,dataset/fly_ball/Codex_Workstation/F_0070,contact_timestamp_wrong,unchanged_unresolved,no,contact_gate_reject,3.110,3.210,,,2.845,2.845,0.000,7.014,7.014,not_required,0.000,,,line_drive,,no,line_drive,no,audio_candidate_bound,0.9,qwen-omni-turbo-2025-03-26,contact_gate_reject,reject,False,True,False,False,0.95,qwen3.5-omni-flash-2026-03-15,The clip shows a pitcher throwing a baseball towards home plate and the batter swinging at the pitch. The video ends before the ball makes contact with the bat or any other object.,"A male voice speaks: 'will be his 1,000th.' This is commentary, not a bat-ball impact sound.","Visual evidence does not show contact between the bat and ball; audio evidence is commentary, not a bat crack.",60508971947f07789a0636ad3ca6d383dfa0640a337832cf692aa0e081d2dcf5,c8236dd4107572be5fa06c04d61d3039037a046d773c0b0da3d4056c3404794e,,,applied
1,47,Codex_Workstation,F_0071,dataset/fly_ball/Codex_Workstation/F_0071,contact_timestamp_wrong,unchanged_unresolved,no,contact_gate_reject,1.110,1.210,,,2.015,2.000,0.015,7.014,7.014,recut_complete,0.000,,,fly,,no,fly,no,audio_candidate_bound,0.9,qwen-omni-turbo-2025-03-26,contact_gate_reject,reject,False,False,False,False,0.0,qwen3.5-omni-flash-2026-03-15,The clip shows a wide shot of the outfield with an outfielder running towards a ball in flight; no batter is visible at the plate and no swing occurs.,"A commentator states 'It is playable', which is broadcast commentary describing the play, not a bat-ball crack.","The visual content does not show a batter swinging or making contact with the ball; it shows an outfield view of a fly ball. The audio is commentary, not a bat impact sound.",315c506e3ea4c74c3a7cea2878343315004a485661f7185d09a1f0de8f9cc918,810c8918b3dc3e15e233455cc5d8475e3f4aff8493133bea902a5f92eaf75edc,,,applied
1,48,Codex_Workstation,F_0072,dataset/fly_ball/Codex_Workstation/F_0072,clip_too_short,recut_and_retime,yes,,3.480,3.620,1.955,2.055,2.005,2.005,0.000,7.007,10.581,recut_partial_context,0.000,1.555,12.136,fly,fly,no,fly,no,audio_candidate_bound,0.9,qwen-omni-turbo-2025-03-26,contact_gate_pass,confirm,True,True,True,False,0.95,qwen3.5-omni-flash-2026-03-15,"At 0.7s, the batter (wearing red jersey) is seen in mid-swing making contact with the baseball. The bat connects with the ball, and the batter follows through. The catcher and umpire are visible behind home plate.","A sharp, distinct 'crack' sound consistent with a bat hitting a baseball is audible at approximately 0.7 seconds into the clip.",,f4255e87c56c920b06628a7986095220809548dfc71437a30caea59459876047,0d2ab28f44fbbcae672eb8f035251fc2204c54c9bf9d49ff7d578285a0d99469,f4255e87c56c920b06628a7986095220809548dfc71437a30caea59459876047,0d2ab28f44fbbcae672eb8f035251fc2204c54c9bf9d49ff7d578285a0d99469,applied
1,49,Codex_Workstation,F_0073,dataset/fly_ball/Codex_Workstation/F_0073,clip_too_short,recut_and_retime,yes,,1.030,1.130,1.015,1.115,1.065,1.065,0.000,7.014,13.085,recut_complete,0.000,0.000,13.085,fly,fly,no,fly,no,audio_candidate_bound,0.9,qwen-omni-turbo-2025-03-26,contact_gate_pass,confirm,True,True,True,False,0.95,qwen3.5-omni-flash-2026-03-15,"At approximately 0.6s-0.8s, the batter in the grey uniform swings the bat and makes contact with the incoming pitch. The ball is seen deflecting off the bat immediately after impact.","A distinct, sharp 'crack' sound of a bat hitting a baseball occurs at the moment of contact, consistent with the visual event.",,d12d6960823471623d967f1d67b81f1e303a1a97a3104689d1de4b0c222f2ee1,37ee82289cd84fe19f1c4edf55788a14110d8914d32a3f6ba6a6830435639ba3,d12d6960823471623d967f1d67b81f1e303a1a97a3104689d1de4b0c222f2ee1,37ee82289cd84fe19f1c4edf55788a14110d8914d32a3f6ba6a6830435639ba3,applied
1,50,Codex_Workstation,F_0075,dataset/fly_ball/Codex_Workstation/F_0075,contact_timestamp_wrong,unchanged_unresolved,no,contact_gate_reject,1.380,1.480,,,2.005,2.005,0.000,7.014,7.014,recut_complete,0.000,,,line_drive,,no,line_drive,no,audio_candidate_bound,0.9,qwen-omni-turbo-2025-03-26,contact_gate_reject,reject,False,True,False,False,0.9,qwen3.5-omni-flash-2026-03-15,"The clip shows a wide shot of the field after contact has already occurred. The batter is not visible swinging; instead, an outfielder is seen running in the background tracking a ball that is already in flight. The scoreboard overlay indicates the pitch speed was 97 MPH and the batter (Muncy) had a 1-2 count prior to this moment.","The audio contains a male commentator saying 'Drilled out to right,' which describes the result of the play rather than the sound of the bat hitting the ball. There is no audible bat crack.","The visual excerpt captures the aftermath of the swing (ball in flight), not the swing itself. The candidate sound is commentary describing the event, not the sound of bat-ball contact.",5728d4a80cb50219f7658871083633c1b45af70cb59371218cbe3353a84045c0,f2fca9dd581c57a7b7ef763693af869b6aabffa9a61dba031940f020a962e6a0,,,applied
1,51,Codex_Workstation,F_0077,dataset/fly_ball/Codex_Workstation/F_0077,contact_timestamp_wrong,recut_and_retime,yes,,4.200,4.300,1.955,2.055,2.005,2.005,0.000,7.007,7.094,recut_partial_context,0.000,1.935,9.029,line_drive,line_drive,no,line_drive,no,audio_candidate_bound,0.9,qwen-omni-turbo-2025-03-26,contact_gate_pass,confirm,True,True,True,False,0.95,qwen3.5-omni-flash-2026-03-15,"At approximately 0.6s-0.8s, the batter is shown in a live pitch sequence swinging at the incoming baseball. The bat makes clear contact with the ball, which is visible moving away from the plate immediately after impact.","A sharp, distinct 'crack' sound consistent with a wooden bat striking a baseball occurs at the moment of contact.",,5d538f748495d062c415454d5d56a63b6383e6a1bec4ddcd38f073585ea486d0,c779d568862039f0fd2c54c83f51dbf16df962b51049a0022f45c9664744ff0b,5d538f748495d062c415454d5d56a63b6383e6a1bec4ddcd38f073585ea486d0,c779d568862039f0fd2c54c83f51dbf16df962b51049a0022f45c9664744ff0b,applied
1,52,Codex_Workstation,F_0081,dataset/fly_ball/Codex_Workstation/F_0081,contact_timestamp_wrong,unchanged_unresolved,no,contact_gate_reject,4.310,4.410,,,1.995,1.995,0.000,7.006,7.006,recut_complete,0.000,,,line_drive,,no,line_drive,no,audio_candidate_bound,0.9,qwen-omni-turbo-2025-03-26,contact_gate_reject,reject,False,True,False,False,0.95,qwen3.5-omni-flash-2026-03-15,"The clip shows a pitcher throwing a pitch (a 'floater') and the batter swinging at it, but the clip cuts off before any contact is made between the bat and the ball. The ball is still in the air when the video ends.",A commentator says 'Little floater toward right.' There is no sound of a bat hitting a ball.,No visual or audio evidence of bat-ball contact exists within the provided clip duration.,61b31a5cafc0fc3ff44ec2c8b36f7737454e371718f017f65b58ea402c2fd9f9,ee9c25906d1138b8561f57302c6c51bd42f4112bacd8aec3d43821f7052558cc,,,applied
1,53,Codex_Workstation,F_0082,dataset/fly_ball/Codex_Workstation/F_0082,clip_too_short,recut_and_retime,yes,,4.020,4.120,2.445,2.545,2.495,2.500,0.005,7.006,13.934,recut_complete,0.000,2.085,16.019,fly,fly,no,fly,no,audio_candidate_bound,0.9,qwen-omni-turbo-2025-03-26,contact_gate_pass,confirm,True,True,True,False,0.95,qwen3.5-omni-flash-2026-03-15,"At approximately 0.7 seconds into the clip, the batter is seen making contact with the ball, initiating a swing that follows through immediately after contact.","A distinct bat-ball crack sound occurs at around 0.7 seconds, consistent with a live pitch being hit.",,530b78970cd1cf770cf3db9f6feeb2bf382f6556e3eec9780d8119928911c59a,42344a9bd0472befb10b8c9b32be0d0d0e0029cc1b37a624d7914299a96c1a9b,530b78970cd1cf770cf3db9f6feeb2bf382f6556e3eec9780d8119928911c59a,42344a9bd0472befb10b8c9b32be0d0d0e0029cc1b37a624d7914299a96c1a9b,applied
1,54,Codex_Workstation,F_0083,dataset/fly_ball/Codex_Workstation/F_0083,clip_too_short,unchanged_unresolved,no,contact_gate_reject,1.640,1.740,,,1.675,1.695,0.020,7.014,7.014,recut_complete,0.000,,,fly,,no,fly,no,audio_candidate_bound,0.9,qwen-omni-turbo-2025-03-26,contact_gate_reject,reject,False,True,False,False,0.95,qwen3.5-omni-flash-2026-03-15,"The clip shows the pitcher releasing the ball and the batter swinging at approximately 0.8 seconds into the clip. However, the video cuts off before the bat makes contact with the ball; no impact is visible.","A commentator says 'One two' (count call), followed by crowd noise. There is no sound of a bat hitting a ball.","No visual contact between bat and ball occurs in the clip, and the audio does not contain a bat crack.",68194a01b832ddcb3066243ed890cbbfded42aeba77ed6176fe0f8bdf48156d4,080afdf451a8245165b4820aa2933d83d000ba0db8e0c98d096cb7eb921cc0ac,,,applied
1,55,Codex_Workstation,F_0085,dataset/fly_ball/Codex_Workstation/F_0085,clip_too_short,unchanged_unresolved,no,no_candidate_selected,3.070,3.170,,,,,,7.007,7.007,recut_partial_context,0.000,,,pop_fly,,no,uncertain,no,no_candidate_selected,0.0,qwen-omni-turbo-2025-03-26,,,,,,,,,,,,d0172927b97fe22aa9c27c8d34d75e4ced7f97686c651e0171ee1806a249005d,acf5eec506770cfb89d6519d30875eaee24075d547199fb6f81b6a17dcb30cec,,,applied
1,56,Codex_Workstation,F_0087,dataset/fly_ball/Codex_Workstation/F_0087,clip_too_short,unchanged_unresolved,no,contact_gate_reject,4.180,4.280,,,1.995,1.995,0.000,7.014,7.014,recut_complete,0.000,,,fly,,no,fly,no,audio_candidate_bound,0.9,qwen-omni-turbo-2025-03-26,contact_gate_reject,reject,False,True,False,False,0.0,qwen3.5-omni-flash-2026-03-15,"The clip shows a pitcher throwing and a batter swinging at the ball, but the video cuts off before contact is made. The bat does not appear to hit the ball within the visible frames.","The audio contains commentary ('Everyday action, so JP') and crowd noise, but no distinct bat-ball crack sound.","No visual contact between bat and ball occurs in the clip, and the audio does not contain a bat-ball impact sound.",e594f59883fabb56681b31a96dc00f8d655c7f8a34fe822b24eea2e3059e9071,a032378f9b576b9765b2802580c0f006d9894e954c0313840a8ed523faf870ce,,,applied
1,57,Codex_Workstation,F_0088,dataset/fly_ball/Codex_Workstation/F_0088,semantic_or_schema_review,retime_or_metadata_only,yes,,1.480,1.620,1.495,1.595,1.545,1.550,0.005,7.014,7.014,not_required,0.000,,,line_drive,line_drive,no,line_drive,no,audio_candidate_bound,0.9,qwen-omni-turbo-2025-03-26,contact_gate_pass,confirm,True,True,True,False,0.95,qwen3.5-omni-flash-2026-03-15,"At approximately 0.6s-0.8s in the clip, the batter is seen swinging and making contact with the pitched ball, which appears to be hit towards the right side of the infield. The pitcher has just released the ball, and the batter follows through on the swing.","A distinct 'crack' sound consistent with a bat hitting a baseball occurs at approximately 0.7s, matching the timing of the visual contact.",,67bcc91472754696551a031cae61dc9b3ae9bf0b9144e0921b1b2797c0a51680,fc9dbfeb6c82549dcfc5cebe9992d8b934135d9d68bc6d2663a205257024f863,67bcc91472754696551a031cae61dc9b3ae9bf0b9144e0921b1b2797c0a51680,fc9dbfeb6c82549dcfc5cebe9992d8b934135d9d68bc6d2663a205257024f863,applied
1,58,Codex_Workstation,F_0090,dataset/fly_ball/Codex_Workstation/F_0090,clip_too_short,recut_and_retime,yes,,3.390,3.490,1.955,2.055,2.005,2.005,0.000,7.007,13.871,recut_complete,0.000,1.445,15.316,line_drive,line_drive,no,line_drive,no,audio_candidate_bound,0.9,qwen-omni-turbo-2025-03-26,contact_gate_pass,confirm,True,True,True,False,0.95,qwen3.5-omni-flash-2026-03-15,"At approximately 0.7 seconds into the clip, the batter is seen making contact with the ball as it arrives at the plate; the bat connects with the ball and continues its swing motion immediately after.","A sharp, distinct crack consistent with a baseball bat hitting a ball is audible at the moment of contact.",,89ca34884dc855abe9e7407364dee05dbc724d9cdf79d3c5d6bbbae563bb87a7,8b45d4934abf60ed72960ac2d631c8fbed770d858b66c998dad0f761c7785464,89ca34884dc855abe9e7407364dee05dbc724d9cdf79d3c5d6bbbae563bb87a7,8b45d4934abf60ed72960ac2d631c8fbed770d858b66c998dad0f761c7785464,applied
1,59,Codex_Workstation,F_0091,dataset/fly_ball/Codex_Workstation/F_0091,clip_too_short,recut_and_retime,yes,,2.160,2.260,1.955,2.055,2.005,2.005,0.000,7.014,14.000,recut_complete,0.000,0.215,14.215,fly,fly,no,fly,no,audio_candidate_bound,0.9,qwen-omni-turbo-2025-03-26,contact_gate_pass,confirm,True,True,True,False,0.95,qwen3.5-omni-flash-2026-03-15,"At approximately 0.7 seconds into the clip, the batter is seen in mid-swing making contact with the pitched ball. The bat connects with the ball, and the batter begins to follow through. The pitcher is visible on the mound having just released the ball.","A distinct 'crack' sound of a bat hitting a baseball is audible at the moment of impact, consistent with a live pitch being hit.",,1d99ab132f15f80c274d3f1d67ec567969909d940a450cd4a2f72264e7eee6a9,362f824a75e97bc64c61edc4fdd3330f93337a71ec985ba15803f329ee3a8b6a,1d99ab132f15f80c274d3f1d67ec567969909d940a450cd4a2f72264e7eee6a9,362f824a75e97bc64c61edc4fdd3330f93337a71ec985ba15803f329ee3a8b6a,applied
1,60,Codex_Workstation,F_0092,dataset/fly_ball/Codex_Workstation/F_0092,clip_too_short,recut_and_retime,yes,,1.705,1.805,1.695,1.795,1.745,1.765,0.020,7.014,13.765,recut_complete,0.000,0.000,13.765,pop_fly,pop_fly,no,pop_fly,no,audio_candidate_bound,0.9,qwen-omni-turbo-2025-03-26,contact_gate_pass,confirm,True,True,True,False,0.95,qwen3.5-omni-flash-2026-03-15,"At 0.7 seconds into the clip, the batter is seen making contact with the ball as it arrives at the plate; the bat swings through and follows through immediately after impact.","A sharp, distinct crack of a bat hitting a baseball is audible, consistent with live play timing.",,aac5965259a9bc092a6e6fb83e4d2120ec561960dc2fdfa657e54b257c735607,df96695589bb21b499ef27fbed26ab912b08ecf6724f437acad366ff2e4bb69f,aac5965259a9bc092a6e6fb83e4d2120ec561960dc2fdfa657e54b257c735607,df96695589bb21b499ef27fbed26ab912b08ecf6724f437acad366ff2e4bb69f,applied
1,61,Codex_Workstation,F_0094,dataset/fly_ball/Codex_Workstation/F_0094,clip_too_short,recut_and_retime,yes,,1.370,1.470,1.365,1.465,1.415,1.425,0.010,7.014,12.729,recut_complete,0.000,0.000,12.729,fly,fly,no,fly,no,audio_candidate_bound,0.9,qwen-omni-turbo-2025-03-26,contact_gate_pass,confirm,True,True,True,False,0.95,qwen3.5-omni-flash-2026-03-15,"At 0.7s in the clip, the batter is seen making contact with the ball as it arrives at the plate; the bat is visibly connected to the ball, and the batter begins his follow-through motion immediately after.","A sharp, distinct crack of a baseball bat hitting a ball is audible at approximately 0.7s into the clip.",,24fc47351cca0a7a3e803f96b6bbce0314b4077c7527c1a0fef397347f24a98d,e112cd09a69012f308d64a7ca65d4f43ee14e7f2faa79c27a9e6e423d2b8682c,24fc47351cca0a7a3e803f96b6bbce0314b4077c7527c1a0fef397347f24a98d,e112cd09a69012f308d64a7ca65d4f43ee14e7f2faa79c27a9e6e423d2b8682c,applied
1,62,Codex_Workstation,F_0095,dataset/fly_ball/Codex_Workstation/F_0095,clip_too_short,recut_and_retime,yes,,3.390,3.490,1.945,2.045,1.995,1.995,0.000,7.006,11.406,recut_partial_context,0.000,1.455,12.861,pop_fly,pop_fly,no,pop_fly,no,audio_candidate_bound,0.9,qwen-omni-turbo-2025-03-26,contact_gate_pass,confirm,True,True,True,False,0.95,qwen3.5-omni-flash-2026-03-15,"At 0.7s, the batter in the grey uniform is seen making contact with the ball as it arrives at the plate; the bat is extended and the ball is visible just after impact.","A sharp, high-frequency crack consistent with a baseball bat striking a ball is audible at approximately 0.7s into the clip.",,f762f9d559ac3f2d1d40b25a93413305fb38d86ad9dd9df5829903d4956109f5,64a5ad6b92b2f0ad7f9e967d50cb74c9565bb9dbc86c30bf5ca0f7c063003eb1,f762f9d559ac3f2d1d40b25a93413305fb38d86ad9dd9df5829903d4956109f5,64a5ad6b92b2f0ad7f9e967d50cb74c9565bb9dbc86c30bf5ca0f7c063003eb1,applied
1,63,Codex_Workstation,F_0099,dataset/fly_ball/Codex_Workstation/F_0099,clip_too_short,recut_and_retime,yes,,3.226,3.326,1.945,2.045,1.995,1.995,0.000,7.006,14.000,recut_complete,0.000,1.265,15.265,line_drive,line_drive,no,line_drive,no,audio_candidate_bound,0.9,qwen-omni-turbo-2025-03-26,contact_gate_pass,confirm,True,True,True,False,0.95,qwen3.5-omni-flash-2026-03-15,"At 00:00.7 in the clip, the batter (Busch) is seen making contact with the ball as it arrives at the plate; the bat connects squarely with the pitched ball, and the batter begins his swing follow-through immediately after impact.","A sharp, distinct 'crack' sound consistent with a baseball bat hitting a ball occurs at approximately 0.7 seconds into the clip, matching the timing of the visual contact.",,55d9655857a2f9ea2cea0bead7d6d7bfb67e1175e938e397089be66b14aca3e0,d6f6e004653da964de302b88a2f42175574c1604bcfdfdc5b1a121045cb9bd27,55d9655857a2f9ea2cea0bead7d6d7bfb67e1175e938e397089be66b14aca3e0,d6f6e004653da964de302b88a2f42175574c1604bcfdfdc5b1a121045cb9bd27,applied
1,64,Codex_Workstation,F_0100,dataset/fly_ball/Codex_Workstation/F_0100,contact_timestamp_wrong,recut_and_retime,yes,,2.950,3.050,1.955,2.055,2.005,2.005,0.000,7.007,14.000,recut_complete,0.000,1.345,15.345,line_drive,line_drive,no,line_drive,no,audio_candidate_bound,0.9,qwen-omni-turbo-2025-03-26,contact_gate_pass,confirm,True,True,True,False,0.95,qwen3.5-omni-flash-2026-03-15,"At approximately 0.6-0.8 seconds into the clip, the batter in the blue uniform swings the bat and makes contact with the incoming pitch. The bat connects squarely with the ball, which is seen moving away from the plate immediately after impact.","A sharp, distinct 'crack' sound consistent with a wooden bat hitting a baseball occurs at the moment of visual contact.",,c8e420401b782a509e50c29779485d7d4a883a23acfaa2bb126a4bcd89e33c5c,b64c5ea090759f610a2cfeb8f05672beb1f2b87e84d97a2a5a3395a4a56eb035,c8e420401b782a509e50c29779485d7d4a883a23acfaa2bb126a4bcd89e33c5c,b64c5ea090759f610a2cfeb8f05672beb1f2b87e84d97a2a5a3395a4a56eb035,applied
1,65,Codex_Workstation,F_0102,dataset/fly_ball/Codex_Workstation/F_0102,contact_timestamp_wrong,retime_or_metadata_only,yes,,2.560,2.660,2.675,2.775,2.725,2.725,0.000,7.014,7.014,not_required,0.000,,,line_drive,line_drive,no,line_drive,no,audio_candidate_bound,0.9,qwen-omni-turbo-2025-03-26,contact_gate_pass,confirm,True,True,True,False,0.95,qwen3.5-omni-flash-2026-03-15,"At approximately 0.7 seconds into the clip, a batter wearing a blue jersey and white pants is seen in the middle of a swing. The bat makes contact with the baseball, sending it flying towards the outfield. The camera angle captures the moment of impact clearly.","A sharp, distinct crack sound consistent with a bat hitting a baseball is heard at the same timestamp as the visual contact.",,5408c2e8d7d3f4b2f7b609c10f195b849e79755543930d249420c905df446f53,23be686950bd2d0b4998bb51f6189b3b4ed0a8c0bca52f2f36b89de7551c14d4,5408c2e8d7d3f4b2f7b609c10f195b849e79755543930d249420c905df446f53,23be686950bd2d0b4998bb51f6189b3b4ed0a8c0bca52f2f36b89de7551c14d4,applied
1,66,Codex_Workstation,F_0103,dataset/fly_ball/Codex_Workstation/F_0103,clip_too_short,recut_and_retime,yes,,1.410,1.510,1.405,1.505,1.455,1.475,0.020,7.014,13.475,recut_complete,0.000,0.000,13.475,fly,fly,no,fly,no,audio_candidate_bound,0.9,qwen-omni-turbo-2025-03-26,contact_gate_pass,confirm,True,True,True,False,0.95,qwen3.5-omni-flash-2026-03-15,"At 0.0s the pitcher releases the ball. At approximately 0.65s-0.75s, the batter (wearing a grey uniform with blue helmet) swings and makes contact with the ball, which is visible leaving the bat.","A sharp, distinct crack of a bat hitting a baseball occurs at approximately 0.7 seconds into the clip.",,3893c1994b60ec838fa343afd686b31b3bc23c598b7ee55424bf6513825a6ee2,365aa9e5a1cf896ebe3eb5d999bd57283bb1ccd5efd81fdaba0d53b44e2c09de,3893c1994b60ec838fa343afd686b31b3bc23c598b7ee55424bf6513825a6ee2,365aa9e5a1cf896ebe3eb5d999bd57283bb1ccd5efd81fdaba0d53b44e2c09de,applied
1,67,Codex_Workstation,F_0105,dataset/fly_ball/Codex_Workstation/F_0105,semantic_or_schema_review,retime_or_metadata_only,yes,,0.830,0.930,0.835,0.935,0.885,0.880,0.005,7.014,7.014,not_required,0.000,,,line_drive,line_drive,no,line_drive,no,audio_candidate_bound,0.9,qwen-omni-turbo-2025-03-26,contact_gate_pass,confirm,True,True,True,False,0.95,qwen3.5-omni-flash-2026-03-15,"At approximately 0.7 seconds into the clip, the batter is seen making contact with the pitched ball. The bat connects squarely with the baseball, and the batter's swing continues immediately after impact. The scene shows a live play from a standard broadcast angle.","A sharp, distinct 'crack' sound characteristic of a wooden or metal bat striking a baseball is audible at the moment of contact.",,73bea7cff32fdd2a196d80448570b700aa1de6114dba738a4a9a56f55a29a622,e1e8aca5a6852c1698b7bc8810cb9a031f822484f2e68fc352970824fcdc9aa7,73bea7cff32fdd2a196d80448570b700aa1de6114dba738a4a9a56f55a29a622,e1e8aca5a6852c1698b7bc8810cb9a031f822484f2e68fc352970824fcdc9aa7,applied
1,68,Codex_Workstation,F_0106,dataset/fly_ball/Codex_Workstation/F_0106,clip_too_short,recut_and_retime,yes,,1.780,1.820,1.785,1.885,1.835,1.845,0.010,7.014,13.845,recut_complete,0.000,0.000,13.845,fly,fly,no,fly,no,audio_candidate_bound,0.9,qwen-omni-turbo-2025-03-26,contact_gate_pass,confirm,True,True,True,False,0.95,qwen3.5-omni-flash-2026-03-15,"At 0.7s, the batter is seen making contact with the ball, which is visible as a blur moving away from the bat immediately after impact.","A sharp, distinct 'crack' sound consistent with a baseball bat hitting a ball occurs at approximately 0.7s.",,45800561a0d61524527f8c12c31b19bdc9b99c0ca1c24cdad18077da25b2cf9e,64b0a9ae11dad3ad57485c66bb0677c8cd34e5acfe2783d6e1a08035ca3582f1,45800561a0d61524527f8c12c31b19bdc9b99c0ca1c24cdad18077da25b2cf9e,64b0a9ae11dad3ad57485c66bb0677c8cd34e5acfe2783d6e1a08035ca3582f1,applied
1,69,Codex_Workstation,F_0107,dataset/fly_ball/Codex_Workstation/F_0107,contact_timestamp_wrong,unchanged_unresolved,no,contact_gate_reject,2.490,2.590,,,2.955,2.955,0.000,7.014,7.014,not_required,0.000,,,line_drive,,no,line_drive,no,audio_candidate_bound,0.9,qwen-omni-turbo-2025-03-26,contact_gate_reject,reject,False,True,False,False,0.9,qwen3.5-omni-flash-2026-03-15,The clip shows a pitcher throwing a pitch and the batter swinging. The video ends immediately after the swing begins; there is no visual evidence of the bat making contact with the ball within this excerpt.,The audio contains commentary ('...Don Slide initially then Jim...') but lacks any sound of a bat cracking against a ball.,No bat-ball contact is visible or audible in the clip.,e9aa526289aa4a9ac16133a2dcf7f665c8f393b51d2133515a95364f9cbb014c,68af841256496b5c77a3ca5b452565920a0637b4bc90d90bd8c9fcc26fbdca13,,,applied
1,70,Codex_Workstation,F_0108,dataset/fly_ball/Codex_Workstation/F_0108,clip_too_short,recut_and_retime,yes,,0.800,0.900,0.795,0.895,0.845,0.865,0.020,7.014,12.865,recut_partial_context,0.000,0.000,12.865,fly,fly,no,fly,no,audio_candidate_bound,0.9,qwen-omni-turbo-2025-03-26,contact_gate_pass,confirm,True,True,True,False,0.95,qwen3.5-omni-flash-2026-03-15,"At 00:00.7, the batter in the white uniform is shown mid-swing, making contact with the incoming baseball. The bat connects with the ball, and the batter begins his follow-through.","A sharp, distinct 'crack' sound of a bat hitting a baseball occurs precisely at the moment of visual contact.",,27b197ffad35f80f1d8c10a239c10eeaf5ee79a91846ff4bbc4c2fdfc82adc6f,8a94e06f4630e7792bc87743ede3a9cb8c112b74848037c9ba85b4dc84d53da9,27b197ffad35f80f1d8c10a239c10eeaf5ee79a91846ff4bbc4c2fdfc82adc6f,8a94e06f4630e7792bc87743ede3a9cb8c112b74848037c9ba85b4dc84d53da9,applied
1,71,Codex_Workstation,F_0109,dataset/fly_ball/Codex_Workstation/F_0109,clip_too_short,recut_and_retime,yes,,5.060,5.160,1.965,2.065,2.015,2.015,0.000,7.006,12.322,recut_complete,0.000,3.095,15.417,fly,fly,no,fly,no,audio_candidate_bound,0.9,qwen-omni-turbo-2025-03-26,contact_gate_pass,confirm,True,True,True,False,0.95,qwen3.5-omni-flash-2026-03-15,"At 0.7 seconds into the clip, the batter (Betts) is seen completing his swing and making contact with the baseball, which flies towards left field. The camera follows the ball's trajectory immediately after contact.","A sharp, distinct 'crack' sound consistent with a bat hitting a baseball occurs at approximately 0.7 seconds, coinciding with the visual contact.",,f81707f8d22bfc33f02c9591bb5ebb0e75064b73886b3b85c90ebb742e854c81,d9328d0fbb46269aac49073e2de9d487886a03eec63fddd9342c0968dcd27503,f81707f8d22bfc33f02c9591bb5ebb0e75064b73886b3b85c90ebb742e854c81,d9328d0fbb46269aac49073e2de9d487886a03eec63fddd9342c0968dcd27503,applied
1,72,Codex_Workstation,F_0110,dataset/fly_ball/Codex_Workstation/F_0110,clip_too_short,recut_and_retime,yes,,4.140,4.240,1.965,2.065,2.015,2.015,0.000,7.006,14.000,recut_complete,0.000,2.205,16.205,fly,fly,no,fly,no,audio_candidate_bound,0.9,qwen-omni-turbo-2025-03-26,contact_gate_pass,confirm,True,True,True,False,0.95,qwen3.5-omni-flash-2026-03-15,"At 00:00.7, the batter is seen completing a swing and making contact with the ball, which is visible leaving the bat.",A distinct bat-ball crack sound occurs at approximately 0.7 seconds into the clip.,,a9a4d04a8643c48c9069f4d33013d8b237d18457ae16d1ac95745c20372c41bb,e527451dde454c18cfc0a8dc5c9da8a902cf07499cb08f43acc527b5b20bccb0,a9a4d04a8643c48c9069f4d33013d8b237d18457ae16d1ac95745c20372c41bb,e527451dde454c18cfc0a8dc5c9da8a902cf07499cb08f43acc527b5b20bccb0,applied
1,73,Codex_Workstation,F_0112,dataset/fly_ball/Codex_Workstation/F_0112,clip_too_short,recut_and_retime,yes,,1.320,1.420,1.315,1.415,1.365,1.375,0.010,7.014,13.375,recut_complete,0.000,0.000,13.375,pop_fly,pop_fly,no,pop_fly,no,audio_candidate_bound,0.9,qwen-omni-turbo-2025-03-26,contact_gate_pass,confirm,True,True,True,False,0.95,qwen3.5-omni-flash-2026-03-15,"At 0.7s into the clip, the batter (Ian Happ) makes contact with the pitch; the bat is seen making solid connection with the ball, followed by immediate follow-through.","A sharp, distinct 'crack' sound consistent with a baseball bat striking a pitched ball at approximately 0.7s.",,0f8ff662ca83ebbaf218004fdb59b025f750778fc931dafb81efac1ec1d2b585,0f503353e565cbcb4053c8632a5e8f43dbc0f29d623ad6bd7dea85727f3bc37f,0f8ff662ca83ebbaf218004fdb59b025f750778fc931dafb81efac1ec1d2b585,0f503353e565cbcb4053c8632a5e8f43dbc0f29d623ad6bd7dea85727f3bc37f,applied
1,74,Codex_Workstation,F_0114,dataset/fly_ball/Codex_Workstation/F_0114,contact_timestamp_wrong,recut_and_retime,yes,,2.180,2.220,1.855,1.955,1.905,1.950,0.045,7.014,13.925,recut_complete,0.000,0.000,13.925,fly,fly,no,fly,no,audio_candidate_bound,0.9,qwen-omni-turbo-2025-03-26,contact_gate_pass,confirm,True,True,True,False,0.95,qwen3.5-omni-flash-2026-03-15,"At approximately 0.7 seconds into the clip, the batter (wearing a white uniform with red helmet) is shown in the middle of his swing, making clear contact with the ball. The bat is seen connecting with the baseball, and the player's body continues its follow-through motion immediately after impact.","A sharp, distinct 'crack' sound characteristic of a baseball bat striking a ball is audible at the same timestamp as the visual contact.",,b78d302262bf72578657cb18bf969b148f332b1a6aef9da06e561b6c10ea29c3,3c06dd4c00a33703fa2efc08e9b6fb7276e237856d7d694c328ee653036d16b1,b78d302262bf72578657cb18bf969b148f332b1a6aef9da06e561b6c10ea29c3,3c06dd4c00a33703fa2efc08e9b6fb7276e237856d7d694c328ee653036d16b1,applied
1,75,Codex_Workstation,F_0115,dataset/fly_ball/Codex_Workstation/F_0115,clip_too_short,unchanged_unresolved,no,no_candidate_selected,0.800,0.900,,,,,,7.014,7.014,recut_partial_context,0.000,,,pop_fly,,no,,no,no_candidate_selected,0.0,qwen-omni-turbo-2025-03-26,,,,,,,,,,,,34219d1ffb304a3c57c583c802ebcdc4ae0c9a34bb12fc267c4e317db161ab30,88fd58dc97e94e5a88f36609819c90dfa23b27c8ff152105d0daf52a7eb6f3df,,,applied
1,76,Codex_Workstation,F_0116,dataset/fly_ball/Codex_Workstation/F_0116,clip_too_short,recut_and_retime,yes,,0.900,1.000,0.895,0.995,0.945,0.955,0.010,7.014,12.955,recut_complete,0.000,0.000,12.955,pop_fly,pop_fly,no,pop_fly,no,audio_candidate_bound,0.9,qwen-omni-turbo-2025-03-26,contact_gate_pass,confirm,True,True,True,False,0.95,qwen3.5-omni-flash-2026-03-15,"At 0.7s, the batter is seen making contact with the ball as it approaches the plate; the bat connects squarely with the pitched ball, followed immediately by the batter's swing completion.","A sharp, distinct crack of a bat hitting a baseball at approximately 0.7s into the clip.",,505cc23c9eb350939332fd75b3e26c0f6746e7c019cfc59c131e3279ba776cb2,de516fab0e430a7ac097f72b978b8c0ccce3b77c65ed8ee29aba6b65f39c4432,505cc23c9eb350939332fd75b3e26c0f6746e7c019cfc59c131e3279ba776cb2,de516fab0e430a7ac097f72b978b8c0ccce3b77c65ed8ee29aba6b65f39c4432,applied
1,77,Codex_Workstation,F_0117,dataset/fly_ball/Codex_Workstation/F_0117,clip_too_short,recut_and_retime,yes,,1.840,1.940,1.825,1.925,1.875,1.945,0.070,7.014,13.895,recut_complete,0.000,0.000,13.895,fly,fly,no,fly,no,audio_candidate_bound,0.9,qwen-omni-turbo-2025-03-26,contact_gate_pass,confirm,True,True,True,False,0.95,qwen3.5-omni-flash-2026-03-15,"At approximately 0.7 seconds into the clip, the batter is seen completing a full swing and making contact with the ball, which is visible as it leaves the bat.","A sharp, distinct crack of a bat hitting a baseball is audible at around 0.7 seconds, consistent with live play audio.",,2f7b73d6d9f3da8d63e3813f3fda0654dcdd020847b63e502dfa1d217ac6f1ac,14ecf5c165710128cb24699b75fca40b4b3aa02e8db15fb472e87698bd7ab75a,2f7b73d6d9f3da8d63e3813f3fda0654dcdd020847b63e502dfa1d217ac6f1ac,14ecf5c165710128cb24699b75fca40b4b3aa02e8db15fb472e87698bd7ab75a,applied
1,78,Codex_Workstation,F_0120,dataset/fly_ball/Codex_Workstation/F_0120,clip_too_short,recut_and_retime,yes,,3.860,3.960,1.955,2.055,2.005,2.005,0.000,7.006,14.000,recut_complete,0.040,1.935,15.935,fly,fly,no,fly,no,audio_candidate_bound,0.9,qwen-omni-turbo-2025-03-26,contact_gate_pass,confirm,True,True,True,False,0.95,qwen3.5-omni-flash-2026-03-15,"At approximately 0.7 seconds into the clip, a batter in a white uniform is seen completing a swing at home plate. The bat makes contact with the ball, which immediately flies towards the right field stands.","A sharp, distinct 'crack' sound of a bat hitting a baseball is audible, synchronized with the visual impact.",,9e396e02d20e2bb0942dd53909b161a7e43bc32ce243d4654b81a1a62512a39e,88689bebdf9ec244e0f8ecb30d1fea5dc444b794abe217e5962f34be8b84cdb2,9e396e02d20e2bb0942dd53909b161a7e43bc32ce243d4654b81a1a62512a39e,88689bebdf9ec244e0f8ecb30d1fea5dc444b794abe217e5962f34be8b84cdb2,applied
1,79,Codex_Workstation,F_0121,dataset/fly_ball/Codex_Workstation/F_0121,clip_too_short,recut_and_retime,yes,,1.380,1.480,1.385,1.485,1.435,1.435,0.000,7.007,13.435,recut_complete,0.000,0.000,13.435,pop_fly,pop_fly,no,pop_fly,no,audio_candidate_bound,0.9,qwen-omni-turbo-2025-03-26,contact_gate_pass,confirm,True,True,True,False,0.95,qwen3.5-omni-flash-2026-03-15,"At 0.0s the pitcher releases the ball; at approximately 0.6-0.8s the batter swings and makes contact with the ball, which is seen leaving the bat immediately after contact.","A sharp, distinct 'crack' sound consistent with a bat hitting a baseball occurs at approximately 0.7 seconds into the clip.",,22776eca3dbd60ceefc637abe37d596edd5a444f596152ffbe5840e28182b013,b779139659635d32080c2afa877fa0e56331d00606dda57de04aa541e57710bf,22776eca3dbd60ceefc637abe37d596edd5a444f596152ffbe5840e28182b013,b779139659635d32080c2afa877fa0e56331d00606dda57de04aa541e57710bf,applied
1,80,Codex_Workstation,F_0123,dataset/fly_ball/Codex_Workstation/F_0123,clip_too_short,recut_and_retime,yes,,0.730,0.830,0.755,0.855,0.805,0.825,0.020,7.014,8.158,recut_partial_context,0.000,0.000,8.158,fly,fly,no,fly,no,audio_candidate_bound,0.9,qwen-omni-turbo-2025-03-26,contact_gate_pass,confirm,True,True,True,False,0.95,qwen3.5-omni-flash-2026-03-15,"At approximately 0.7 seconds into the clip, the batter in the grey uniform is shown making contact with the baseball. The bat connects squarely with the ball, and the batter completes his swing motion immediately after contact.","A sharp, distinct 'crack' sound characteristic of a wooden bat hitting a baseball is heard precisely at the moment of visual contact.",,ddaef2007950b31112769f9a5b33299eb0486b72d0c37a724251cec0c08d8f3b,581ddf6de7128ad216f6e4ddf4babb355bddf344e6586e03d16625d555b960a6,ddaef2007950b31112769f9a5b33299eb0486b72d0c37a724251cec0c08d8f3b,581ddf6de7128ad216f6e4ddf4babb355bddf344e6586e03d16625d555b960a6,applied
1,81,Codex_Workstation,F_0124,dataset/fly_ball/Codex_Workstation/F_0124,clip_too_short,recut_and_retime,yes,,2.670,2.770,1.945,2.045,1.995,1.995,0.000,7.014,14.000,recut_complete,0.000,0.735,14.735,fly,fly,no,fly,no,audio_candidate_bound,0.9,qwen-omni-turbo-2025-03-26,contact_gate_pass,confirm,True,True,True,False,0.95,qwen3.5-omni-flash-2026-03-15,"At approximately 0.7 seconds into the clip, the batter (wearing a white uniform with number 96) completes his swing and makes clear contact with the pitched baseball, sending it flying toward the outfield.","A sharp, distinct crack of a wooden bat striking a baseball is heard at the moment of contact.",,775990b0b743b7dacf5aa49c37abd38585b99726ef8a8df27392eab26ca0a237,33f99205dd64e7946988c311e6e28675c190e3820fe537a8704381df9e68ce33,775990b0b743b7dacf5aa49c37abd38585b99726ef8a8df27392eab26ca0a237,33f99205dd64e7946988c311e6e28675c190e3820fe537a8704381df9e68ce33,applied
1,82,Codex_Workstation,F_0125,dataset/fly_ball/Codex_Workstation/F_0125,clip_too_short,unchanged_unresolved,no,no_candidate_selected,2.980,3.080,,,,,,7.000,7.000,recut_partial_context,0.549,,,line_drive,,no,,no,no_candidate_selected,0.0,qwen-omni-turbo-2025-03-26,,,,,,,,,,,,000022799cec96395962c6bd2125290a0a64fa6b353a296b295b10b59950968b,f3c1298c2dfbdba16f6399e9f01941c39279cc139e3b35d60db4c6d7c98485ed,,,applied
1,83,Codex_Workstation,F_0127,dataset/fly_ball/Codex_Workstation/F_0127,clip_too_short,recut_and_retime,yes,,1.320,1.420,1.315,1.415,1.365,1.385,0.020,7.014,13.385,recut_complete,0.000,0.000,13.385,fly,fly,no,fly,no,audio_candidate_bound,0.9,qwen-omni-turbo-2025-03-26,contact_gate_pass,confirm,True,True,True,False,0.95,qwen3.5-omni-flash-2026-03-15,"At approximately 0.7 seconds into the clip, the batter is seen in a live pitch sequence swinging at an incoming baseball and making clear contact with the ball, resulting in the bat bending slightly upon impact.","A distinct, sharp crack of a wooden bat hitting a baseball is audible at the moment of visual contact, consistent with a live swing sound.",,914e93755a3b7e30c381ac0a2045d1278c2d848a41268c1257508cccf025066b,fd150c0851f3d4fbd2d0ad5530de7beb18531329412bdc62666e57a99fd16788,914e93755a3b7e30c381ac0a2045d1278c2d848a41268c1257508cccf025066b,fd150c0851f3d4fbd2d0ad5530de7beb18531329412bdc62666e57a99fd16788,applied
1,84,Codex_Workstation,F_0129,dataset/fly_ball/Codex_Workstation/F_0129,contact_timestamp_wrong,unchanged_unresolved,no,contact_gate_reject,0.800,0.950,,,0.555,0.565,0.010,7.014,7.014,recut_partial_context,0.000,,,line_drive,,no,line_drive,no,audio_candidate_bound,0.9,qwen-omni-turbo-2025-03-26,contact_gate_reject,reject,False,True,False,False,0.0,qwen3.5-omni-flash-2026-03-15,"The clip shows a pitcher delivering a pitch and the batter swinging, but the video ends before contact is made or visible.","The audio contains only the announcer saying 'One two' (count) and crowd noise, with no bat-ball crack sound.",No bat-ball contact is visible or audible in the excerpt.,c7bbcd0cce495baf745837f4b929b085eeaec53874f7503e3eb69c301ee547a7,9c59082af0ef646d8520b1ebdfac21b571e49d1aa1664c31913614f8d97f5b8c,,,applied
1,85,Codex_Workstation,F_0130,dataset/fly_ball/Codex_Workstation/F_0130,contact_timestamp_wrong,unchanged_unresolved,no,contact_gate_reject,2.950,3.050,,,2.005,2.005,0.000,7.014,7.014,recut_complete,0.000,,,fly,,no,fly,no,audio_candidate_bound,0.9,qwen-omni-turbo-2025-03-26,contact_gate_reject,reject,False,True,False,False,0.9,qwen3.5-omni-flash-2026-03-15,"The clip shows a pitcher on the mound throwing a pitch towards home plate. The batter is visible in the box and begins his swing as the ball approaches. However, the clip cuts off before the bat makes contact with the ball or any follow-through is completed.",The audio contains commentary ('Ozzie to right field') but no distinct sound of a bat hitting a baseball.,"Visual evidence does not show the moment of contact between the bat and the ball; the clip ends before contact occurs. Consequently, there is no corresponding bat-ball crack sound.",b54dcb22438e7f381121d609474fca6c79400dc8002d24a52fa269e750fe52c5,0c1b964df5cbd78ac14e904efe8fd64174f78a87547eba2adc5096d9c91366f0,,,applied
1,86,Codex_Workstation,F_0131,dataset/fly_ball/Codex_Workstation/F_0131,contact_timestamp_wrong,recut_and_retime,yes,,1.040,1.150,2.385,2.485,2.435,2.435,0.000,7.007,14.000,recut_complete,1.460,1.035,15.035,fly,fly,no,fly,no,audio_candidate_bound,0.9,qwen-omni-turbo-2025-03-26,contact_gate_pass,confirm,True,True,True,False,0.95,qwen3.5-omni-flash-2026-03-15,"At 0.7s, the batter (wearing a blue jersey with number 16) is shown in the middle of his swing as the ball makes contact with the bat. The bat is extended forward at the point of impact.","A distinct, sharp 'crack' sound consistent with a baseball bat hitting a ball occurs at approximately 0.7 seconds into the clip.",,d05da61c19c29b255e5cafa52356c08588e06eac77ef9ac190098344aa713f95,9a2308e169808496e9451227740690d7b27c65faadb4197ff4de095817137d2d,d05da61c19c29b255e5cafa52356c08588e06eac77ef9ac190098344aa713f95,9a2308e169808496e9451227740690d7b27c65faadb4197ff4de095817137d2d,applied
1,87,Codex_Workstation,F_0132,dataset/fly_ball/Codex_Workstation/F_0132,clip_too_short,unchanged_unresolved,no,contact_gate_reject,1.950,2.150,,,1.995,1.995,0.000,7.007,7.007,recut_complete,5.700,,,fly,,no,fly,no,audio_candidate_bound,0.9,qwen-omni-turbo-2025-03-26,contact_gate_reject,reject,False,True,False,False,0.9,qwen3.5-omni-flash-2026-03-15,"The batter swings at the pitch and makes contact with the ball, but the clip cuts off before the ball is hit or any bat-ball sound occurs.",A commentator says 'for two and a half games.' There is no audible bat crack.,Visual contact occurs but the audio candidate does not match (no bat crack); audio is commentary.,059f5c29559940eeede9993874fa930db8722d091d01b7c9090ecf6b8df7c57d,83dbd75633ad864d5f3b24a943c11dbca52754ae0b9333f72df681db8e6f5745,,,applied
1,88,Codex_Workstation,F_0133,dataset/fly_ball/Codex_Workstation/F_0133,contact_timestamp_wrong,recut_and_retime,yes,,1.950,2.050,1.825,1.925,1.875,1.920,0.045,7.014,13.895,recut_complete,0.000,0.000,13.895,fly,fly,no,fly,no,audio_candidate_bound,0.9,qwen-omni-turbo-2025-03-26,contact_gate_pass,confirm,True,True,True,False,0.95,qwen3.5-omni-flash-2026-03-15,"At 0.7s, the batter (wearing a grey uniform with number 23) is in the middle of a full swing, making contact with the ball which is just leaving the bat barrel. The catcher and umpire are visible behind the plate.","A sharp, distinct crack of a baseball bat hitting a ball is heard precisely at the 0.7s mark, consistent with live play audio.",,df4a0f017cdbeb74a6f8b539350e590be0e972f03b92cfc7b553381ccf4c368e,7882921fe8341ec387f0d9d0ac7a9ae4ef00eaecae2c1d6a9fe1664aade32e93,df4a0f017cdbeb74a6f8b539350e590be0e972f03b92cfc7b553381ccf4c368e,7882921fe8341ec387f0d9d0ac7a9ae4ef00eaecae2c1d6a9fe1664aade32e93,applied
1,89,Codex_Workstation,F_0134,dataset/fly_ball/Codex_Workstation/F_0134,clip_too_short,unchanged_unresolved,no,contact_gate_reject,0.080,0.180,,,2.005,2.005,0.000,7.006,7.006,recut_complete,5.540,,,fly,,no,fly,no,audio_candidate_bound,0.9,qwen-omni-turbo-2025-03-26,contact_gate_reject,reject,False,True,False,False,0.95,qwen3.5-omni-flash-2026-03-15,The clip shows the ball already in flight over the outfield grass and a runner rounding third base. The batter is not visible at the plate during this segment.,The audio contains only stadium crowd noise and no bat-ball impact sound.,The visual excerpt captures the aftermath of the play (ball in outfield) rather than the live pitch and swing/contact. The batter is out of frame.,c33fc3f1466ed4efaadf74151d3c050400ed5f8af2c715f68b3ccabb885d07c8,a8a0761d75cfb5936c906f9f62c47d6a411430ac9c47117fdab7d07c784696d0,,,applied
1,90,Codex_Workstation,F_0135,dataset/fly_ball/Codex_Workstation/F_0135,contact_timestamp_wrong,unchanged_unresolved,no,contact_gate_reject,0.270,0.370,,,2.005,2.005,0.000,7.006,7.006,recut_partial_context,20.360,,,fly,,no,fly,no,audio_candidate_bound,0.9,qwen-omni-turbo-2025-03-26,contact_gate_reject,reject,False,True,False,False,0.0,qwen3.5-omni-flash-2026-03-15,"The clip shows a batter swinging at a pitch and making contact with the ball, but the audio candidate provided is commentary ('...really a nice thing to see') rather than a bat-ball crack.",A male voice speaking commentary: 'It's really a nice thing to see.' No bat-ball impact sound is present in this specific audio segment.,"The visual action (bat-ball contact) occurs, but the provided audio candidate is speech/commentary, not the sound of bat-ball contact.",52f81dbc1e001b7b68070a92150a52ff7a438b6d305644567f55ddc8c36efe78,8f3ed3a339f91b3bf323effb72a435cebdbc45f3de3b915fba8087976f973eaf,,,applied
1,91,Codex_Workstation,F_0136,dataset/fly_ball/Codex_Workstation/F_0136,clip_too_short,unchanged_unresolved,no,contact_gate_reject,0.690,0.790,,,1.995,1.995,0.000,7.000,7.000,recut_complete,2.820,,,fly,,no,fly,no,audio_candidate_bound,0.9,qwen-omni-turbo-2025-03-26,contact_gate_reject,reject,False,True,False,False,0.9,qwen3.5-omni-flash-2026-03-15,"The clip shows a live pitch sequence where the batter swings at the ball (approx 00:01). However, the video cuts off immediately after the swing, before any visible contact between the bat and the ball can be observed.",The audio consists of an announcer saying 'Oh two' (referring to the count) followed by crowd noise. There is no audible sound of a bat cracking against a baseball.,No visual contact or corresponding bat-ball impact sound is present in the excerpt.,0a7d763279c8d631aac62301df5253f45c76912be5b63cec4d83d701aa33ab20,dff0dac7de09eb31adc08eb4a69bcf2a71a3b9171bedf9fd3e673309f0bf4468,,,applied
1,92,Codex_Workstation,F_0138,dataset/fly_ball/Codex_Workstation/F_0138,clip_too_short,unchanged_unresolved,no,contact_gate_reject,1.980,2.080,,,2.005,2.000,0.005,7.006,7.006,recut_complete,0.440,,,fly,,no,fly,no,audio_candidate_bound,0.9,qwen-omni-turbo-2025-03-26,contact_gate_reject,reject,False,True,False,False,0.95,qwen3.5-omni-flash-2026-03-15,The clip shows the pitcher releasing the ball and the batter beginning his swing. The video ends before the bat makes contact with the ball or any follow-through is completed.,A male voice provides broadcast commentary ('what you saw in spring training...'). There is no audible sound of a bat hitting a ball.,"Visual contact between the bat and ball does not occur within the provided excerpt, and there is no corresponding bat-crack audio.",d84d3bdd8d2e362a845fce2759079a75dca653461eeedd6104255fcbbc238e69,fc5b9e612ef4671230d81b5420da50bd1d4b42507a226f4f054ed2de01ae5e8d,,,applied
1,93,Codex_Workstation,F_0139,dataset/fly_ball/Codex_Workstation/F_0139,contact_timestamp_wrong,unchanged_unresolved,no,contact_gate_reject,0.400,0.600,,,2.005,2.005,0.000,7.007,7.007,recut_complete,7.800,,,fly,,no,fly,no,audio_candidate_bound,0.9,qwen-omni-turbo-2025-03-26,contact_gate_reject,reject,False,False,True,False,0.0,qwen3.5-omni-flash-2026-03-15,The video shows an outfielder running in the background towards a fly ball; no batter is visible at the plate during this sequence.,A crowd cheer and a commentator saying 'and see you later' are audible.,"The visual content does not show a batter swinging or making contact with the ball. The clip focuses on an outfielder tracking a fly ball, which contradicts the requirement for a live pitch and swing sequence involving a batter.",af5bf0ca66de5ec7219dc6df8273ec5538103977497bed3e4baeca4cbed3a1ef,f364673fe62cc262476e1ff07333b0479363f2b08a1c88e9455b7b10836e947e,,,applied
1,94,Codex_Workstation,F_0143,dataset/fly_ball/Codex_Workstation/F_0143,clip_too_short,recut_and_retime,yes,,1.800,2.000,1.785,1.885,1.835,1.845,0.010,7.014,13.845,recut_complete,0.000,0.000,13.845,fly,fly,no,fly,no,audio_candidate_bound,0.9,qwen-omni-turbo-2025-03-26,contact_gate_pass,confirm,True,True,True,False,0.95,qwen3.5-omni-flash-2026-03-15,"At approximately 0.7 seconds into the clip, the batter swings and makes contact with the pitched ball. The bat connects with the ball, which is visible as it begins to move away from the plate immediately after impact.","A sharp, distinct crack of a baseball bat hitting a ball is audible at the moment of contact, consistent with a live pitch sequence.",,9e98fb36ca2d429f46ac4f4157f62fd40fd684e43a0e000c1860618d5c817880,bcd6d1a32b311c750e8ffaec2677fc058a58a270701f7651c4fc49e1eeba2c0e,9e98fb36ca2d429f46ac4f4157f62fd40fd684e43a0e000c1860618d5c817880,bcd6d1a32b311c750e8ffaec2677fc058a58a270701f7651c4fc49e1eeba2c0e,applied
1,95,Codex_Workstation,F_0144,dataset/fly_ball/Codex_Workstation/F_0144,contact_timestamp_wrong,unchanged_unresolved,no,contact_gate_reject,0.350,0.550,,,1.625,1.645,0.020,7.006,7.006,recut_complete,0.020,,,fly,,no,fly,no,audio_candidate_bound,0.9,qwen-omni-turbo-2025-03-26,contact_gate_reject,reject,False,True,False,False,0.9,qwen3.5-omni-flash-2026-03-15,"The clip shows a pitcher throwing a baseball towards the batter. The batter swings at the pitch. However, the video cuts off before the ball makes contact with the bat or the swing is completed.","A male voice says 'That also brings up the question.' This sounds like broadcast commentary, not a bat-ball crack.","No bat-ball contact is visible in the clip as it ends prematurely. Additionally, the audio does not contain a bat-ball crack sound.",5ae70d6e80277363876b4ac5dc00c9f0ee8e7def80cc681b87235e20fb38fb1a,7330cb6feb06ff8230acb466c59e6e6cd6b000f710c48457dee9a836edd9e529,,,applied
1,96,Codex_Workstation,F_0146,dataset/fly_ball/Codex_Workstation/F_0146,contact_timestamp_wrong,unchanged_unresolved,no,contact_gate_reject,0.100,0.250,,,1.125,1.125,0.000,7.006,7.006,not_required,1.820,,,line_drive,,no,line_drive,no,audio_candidate_bound,0.9,qwen-omni-turbo-2025-03-26,contact_gate_reject,reject,False,True,False,False,0.9,qwen3.5-omni-flash-2026-03-15,"The clip shows a pitcher throwing a pitch and the batter swinging, but the ball is already in flight or has been hit before the visible frames end; no contact between bat and ball is shown within this excerpt.",No bat-ball crack sound is present; the audio contains only commentary ('...into left center field') and crowd noise.,"The visual evidence does not show the moment of contact between the bat and the ball, and the audio lacks the characteristic bat-ball crack sound.",eca2bba4ff0b839ab3fbf16e43223a28fc88d4b38206b17beef68a0574eaaaf2,d52e101ab64eb68ee86f256f8f3367da46da29324cd639d92f6350999d374d2b,,,applied
1,97,Codex_Workstation,F_0147,dataset/fly_ball/Codex_Workstation/F_0147,clip_too_short,unchanged_unresolved,no,contact_gate_reject,0.050,0.150,,,1.995,1.995,0.000,7.006,7.006,recut_complete,10.780,,,fly,,no,fly,no,audio_candidate_bound,0.9,qwen-omni-turbo-2025-03-26,contact_gate_reject,reject,False,True,False,False,0.95,qwen3.5-omni-flash-2026-03-15,"The clip shows a batter in the middle of a swing at a pitch. The ball appears to make contact with the bat and fly towards the right side of the frame, but the actual moment of impact is not clearly visible within the provided excerpt duration. The clip ends before the full follow-through or clear view of the ball being hit.","The audio contains commentary from a broadcast announcer saying 'Back. He went over two weeks.' This is clearly spoken dialogue, not a bat-ball crack sound.","The audio candidate is commentary, not a bat-ball crack. While a live pitch and swing are visible, the exact moment of contact is not clearly shown within the short excerpt, and the audio does not match the expected sound of bat contact.",040ef1057dd2b7d5f32af3f9fd06200a435c9f2a1705090bc04bc63dc125cac5,c2408e00e0c10e30c7115a87540aa88b47b8e77d372a3b92a78f562bddda77a3,,,applied
1,98,Codex_Workstation,F_0148,dataset/fly_ball/Codex_Workstation/F_0148,clip_too_short,recut_and_retime,yes,,1.960,2.060,1.945,2.045,1.995,1.995,0.000,7.007,14.000,recut_complete,1.200,1.225,15.225,fly,fly,no,fly,no,audio_candidate_bound,0.9,qwen-omni-turbo-2025-03-26,contact_gate_pass,confirm,True,True,True,False,0.95,qwen3.5-omni-flash-2026-03-15,"At approximately 0.7 seconds into the clip, the batter (wearing a white uniform with number 26) is seen completing a swing as the baseball makes contact with the bat. The ball is visible moving away from the bat immediately after impact.","A sharp, distinct 'crack' sound consistent with a bat hitting a baseball occurs at approximately 0.7 seconds, synchronized with the visual contact.",,4ae1964c9b05fe42547f595bee74a38b800831d104160014360a2c9fa3866a04,b63bbf6a062bf0d8fd2149d474d3c91f839176e587323be8c563376cf3ce028f,4ae1964c9b05fe42547f595bee74a38b800831d104160014360a2c9fa3866a04,b63bbf6a062bf0d8fd2149d474d3c91f839176e587323be8c563376cf3ce028f,applied
1,99,Codex_Workstation,F_0149,dataset/fly_ball/Codex_Workstation/F_0149,clip_too_short,unchanged_unresolved,no,contact_gate_reject,1.000,1.100,,,1.045,1.045,0.000,7.014,7.014,recut_complete,0.000,,,fly,,no,fly,no,audio_candidate_bound,0.9,qwen-omni-turbo-2025-03-26,contact_gate_reject,reject,False,True,False,False,0.0,qwen3.5-omni-flash-2026-03-15,"The batter is shown in a live pitch sequence at the plate. The pitcher delivers the ball. The batter swings and makes contact with the ball, which is visible flying towards the outfield. However, the clip ends before any bat-ball crack sound can be heard or visually confirmed as the primary event.","No bat-ball crack sound is present in the audio track. Instead, there is only background stadium noise and commentary.","While the visual evidence shows a live pitch and swing resulting in contact (ball flight), the candidate sound is not a bat-ball crack. The audio contains only ambient crowd noise and commentary, lacking the specific sound of bat meeting ball.",5e34b3300003c23332cf039e5c2311a3901b43ed4f535126e94869712b707fa4,8473d644f133286a22152eb202130231450db6a5fa09b947a0f8d114657bcef0,,,applied
1,100,Codex_Workstation,F_0150,dataset/fly_ball/Codex_Workstation/F_0150,clip_too_short,recut_and_retime,yes,,1.960,2.060,1.955,2.055,2.005,2.005,0.000,7.007,14.000,recut_complete,1.180,1.205,15.205,fly,fly,no,fly,no,audio_candidate_bound,0.9,qwen-omni-turbo-2025-03-26,contact_gate_pass,confirm,True,True,True,False,0.95,qwen3.5-omni-flash-2026-03-15,"At 00:00.6-00:00.8, the batter is in the follow-through phase of a swing after making contact with the ball, which is visible as it leaves the bat and travels toward the infield/outfield.","A sharp, distinct crack consistent with a bat striking a baseball occurs at approximately 00:00.7 seconds.",,f2e6e86af42fb6a314a1969627e3b9009943efebf4600801a7838adaf34b9352,0e56984cf8f4103c671477871890b6bacf208da8bc6f6b8528a9fbc5a644d266,f2e6e86af42fb6a314a1969627e3b9009943efebf4600801a7838adaf34b9352,0e56984cf8f4103c671477871890b6bacf208da8bc6f6b8528a9fbc5a644d266,applied
1,101,Codex_Workstation,F_0151,dataset/fly_ball/Codex_Workstation/F_0151,clip_too_short,recut_and_retime,yes,,1.960,2.060,1.955,2.055,2.005,2.000,0.005,7.007,14.000,recut_complete,0.080,0.105,14.105,fly,fly,no,fly,no,audio_candidate_bound,0.9,qwen-omni-turbo-2025-03-26,contact_gate_pass,confirm,True,True,True,False,0.95,qwen3.5-omni-flash-2026-03-15,"At approximately 0.7 seconds into the clip, the batter (wearing a grey uniform) is seen making contact with the ball as it arrives at home plate. The pitcher has just released the ball, and the catcher is in a squatting position behind the plate. The swing follows through immediately after contact.","A distinct 'crack' sound of a bat hitting a baseball is audible at the moment of contact, consistent with a live pitch sequence.",,aed4f69acdafd66390e2ad43909c453bee39b8429deee41c1ae2922799c94bfa,d6ada3d706a698582840519ab7282e15c3192f18bde794375ede76d8f3d20f30,aed4f69acdafd66390e2ad43909c453bee39b8429deee41c1ae2922799c94bfa,d6ada3d706a698582840519ab7282e15c3192f18bde794375ede76d8f3d20f30,applied
1,102,Codex_Workstation,F_0152,dataset/fly_ball/Codex_Workstation/F_0152,clip_too_short,recut_and_retime,yes,,1.960,2.060,1.955,2.055,2.005,2.005,0.000,7.007,14.000,recut_complete,0.660,0.675,14.675,fly,fly,no,fly,no,audio_candidate_bound,0.9,qwen-omni-turbo-2025-03-26,contact_gate_pass,confirm,True,True,True,False,0.95,qwen3.5-omni-flash-2026-03-15,"At 0.7s into the clip, the batter is seen making contact with the ball; the bat connects with the ball and continues its swing motion immediately after.","A sharp, distinct crack of a bat hitting a baseball occurs at approximately 0.7s, consistent with live play audio.",,5b98d00769e772dace8881abe32bbb9134599692a7db396f8a697750d574d796,569d97a6cc412e3e389d3b7fbe86c4656fa417a9ef5f2c7ce49f985fa0f2d012,5b98d00769e772dace8881abe32bbb9134599692a7db396f8a697750d574d796,569d97a6cc412e3e389d3b7fbe86c4656fa417a9ef5f2c7ce49f985fa0f2d012,applied
1,103,Codex_Workstation,F_0153,dataset/fly_ball/Codex_Workstation/F_0153,contact_timestamp_wrong,unchanged_unresolved,no,contact_gate_reject,0.470,0.570,,,2.005,2.005,0.000,7.006,7.006,recut_complete,14.900,,,fly,,no,fly,no,audio_candidate_bound,0.9,qwen-omni-turbo-2025-03-26,contact_gate_reject,reject,False,True,False,False,0.9,qwen3.5-omni-flash-2026-03-15,"The batter is shown in the middle of a swing at the very beginning of the clip (00:00), but the bat does not make contact with the ball within the visible timeframe. The clip ends immediately after the swing begins.","The audio contains only commentary ('...for Sanchez.') and crowd noise, with no audible sound of a bat hitting a ball.",No visual or auditory evidence of bat-ball contact exists in the provided excerpt.,224add9d82fde18d2fd5de7c4b688e27eca9be4d2f136c93aea7cacb39a6e86f,91f1ed302407beff425eac0226a5d5e211d7ce2935f08de0dcb6a0bbe8d4de3b,,,applied
1,104,Codex_Workstation,F_0154,dataset/fly_ball/Codex_Workstation/F_0154,contact_timestamp_wrong,retime_or_metadata_only,yes,,0.450,0.650,0.795,0.895,0.845,0.845,0.000,7.006,7.006,not_required,15.300,,,line_drive,line_drive,no,line_drive,no,audio_candidate_bound,0.9,qwen-omni-turbo-2025-03-26,contact_gate_pass,confirm,True,True,True,False,0.95,qwen3.5-omni-flash-2026-03-15,"At 00:00.0, the batter is in a ready stance. By 00:00.6-00:00.8, the bat makes clear contact with the incoming baseball, and the batter completes his swing motion immediately after.","A sharp, distinct 'crack' sound consistent with a bat hitting a baseball occurs around 0.7 seconds into the clip.",,8ea5b1978412816af7ec3e7d49057868e0e2eef8b1c7db93011d16445c1d703d,9ef900c1d54f4e5a7c43de0afeda0d845802ce134a3ab9662299148d712a18de,8ea5b1978412816af7ec3e7d49057868e0e2eef8b1c7db93011d16445c1d703d,9ef900c1d54f4e5a7c43de0afeda0d845802ce134a3ab9662299148d712a18de,applied
1,105,Codex_Workstation,F_0155,dataset/fly_ball/Codex_Workstation/F_0155,contact_timestamp_wrong,unchanged_unresolved,no,contact_gate_reject,0.100,0.250,,,2.005,2.005,0.000,7.006,7.006,recut_partial_context,18.125,,,fly,,no,fly,no,audio_candidate_bound,0.9,qwen-omni-turbo-2025-03-26,contact_gate_reject,reject,False,True,False,False,0.95,qwen3.5-omni-flash-2026-03-15,The clip shows a pitcher on the mound in the middle of his throwing motion. The batter is not visible swinging at the ball within this short excerpt.,"A male commentator says '...giving the Brewers some...', which is broadcast commentary, not a bat-ball impact sound.","The visual content does not show a batter making contact with the ball; it only shows the pitcher's delivery. The audio is commentary, not a bat crack.",f077d3f97c51830a953819fa7dfb39b8991f9000b9fce90ebce317cedb59009d,2407052faddfed12c1720cac46dc860cbcc606e3d4c01745b26f0311ce075157,,,applied
1,106,Codex_Workstation,F_0156,dataset/fly_ball/Codex_Workstation/F_0156,contact_timestamp_wrong,unchanged_unresolved,no,contact_gate_reject,0.300,0.500,,,2.005,2.005,0.000,7.007,7.007,recut_complete,10.440,,,fly,,no,fly,no,audio_candidate_bound,0.9,qwen-omni-turbo-2025-03-26,contact_gate_reject,reject,False,False,True,False,0.0,qwen3.5-omni-flash-2026-03-15,The clip shows an outfielder running in the background near the wall; no batter is visible at the plate.,A male commentator says 'places with Turang'.,No batter or swing is visible in the excerpt.,394de701a7531ce40f53cb4f5dc3b2c1f38f56788324519ceb3f5aba4072c93d,ac73c9f5bfd0cce7f58fb6fecb6b915d0f13a455f010b57d159f4698b487d4ae,,,applied
1,107,Codex_Workstation,F_0157,dataset/fly_ball/Codex_Workstation/F_0157,clip_too_short,recut_and_retime,yes,,0.010,0.110,1.955,2.055,2.005,2.000,0.005,7.006,14.000,recut_complete,15.220,13.285,27.285,fly,fly,no,fly,no,audio_candidate_bound,0.9,qwen-omni-turbo-2025-03-26,contact_gate_pass,confirm,True,True,True,False,0.95,qwen3.5-omni-flash-2026-03-15,"At 00:00.7 in the clip, the batter (wearing a white uniform with 'YOUNG' on the back) is seen completing his swing after making contact with the ball. The bat is extended forward, and the ball is visible moving away from the plate toward the outfield.","A sharp, distinct crack of a baseball bat hitting a ball is audible at approximately 0.7 seconds into the clip, coinciding with the visual contact.",,467d0a8054f43045f637feab4622aa7b915895bd5f0af33405842b005f9f8cfd,2c65514883b55869bb7f7b8af85a43894a44a562da30c1f972f322a14c34f6e7,467d0a8054f43045f637feab4622aa7b915895bd5f0af33405842b005f9f8cfd,2c65514883b55869bb7f7b8af85a43894a44a562da30c1f972f322a14c34f6e7,applied
1,108,Codex_Workstation,F_0158,dataset/fly_ball/Codex_Workstation/F_0158,contact_timestamp_wrong,unchanged_unresolved,no,contact_gate_reject,0.870,0.970,,,2.005,2.005,0.000,7.006,7.006,recut_complete,6.540,,,fly,,no,fly,no,audio_candidate_bound,0.9,qwen-omni-turbo-2025-03-26,contact_gate_reject,reject,False,False,False,False,1.0,qwen3.5-omni-flash-2026-03-15,The clip shows a baseball in flight over the outfield grass and an outfielder running towards it. The batter is not visible in the frame during this sequence.,A commentator says 'sends this out to left field.' There is no sound of a bat hitting a ball.,The video excerpt captures the ball after contact has already occurred (outfield fly). It does not show the batter swinging or making contact with the ball.,c89c672f4c3b667a31fef0f5ca204819a6fc7b5c06e8d5deeaa60a7af9465bb9,2a1747ac675673ec7a09370ad77b391322fdb516394295a1273b8a950797950f,,,applied
1,109,Codex_Workstation,F_0159,dataset/fly_ball/Codex_Workstation/F_0159,contact_timestamp_wrong,retime_or_metadata_only,yes,,0.800,0.950,1.595,1.695,1.645,1.645,0.000,7.007,7.007,not_required,1.400,,,line_drive,line_drive,no,line_drive,no,audio_candidate_bound,0.9,qwen-omni-turbo-2025-03-26,contact_gate_pass,confirm,True,True,True,False,0.95,qwen3.5-omni-flash-2026-03-15,"At 0.7s in the clip, the batter is seen making contact with the ball during a live pitch sequence. The swing and follow-through are clearly visible, and the ball is hit as a line drive.","A sharp bat-ball crack sound is audible at approximately 0.7s, consistent with the moment of contact between the bat and the ball.",,0eef62615a04c5ae62ed6ad54f26fa02cf470ccae3a5d8b5f9e725486284d4ac,72dc9f5743bbc0566514735245105452b59085631d4d4ddb147d20a214994bbe,0eef62615a04c5ae62ed6ad54f26fa02cf470ccae3a5d8b5f9e725486284d4ac,72dc9f5743bbc0566514735245105452b59085631d4d4ddb147d20a214994bbe,applied
1,110,Codex_Workstation,F_0160,dataset/fly_ball/Codex_Workstation/F_0160,contact_timestamp_wrong,unchanged_unresolved,no,contact_gate_reject,0.450,0.550,,,4.315,4.315,0.000,7.007,7.007,recut_complete,3.200,,,fly,,no,fly,no,audio_candidate_bound,0.9,qwen-omni-turbo-2025-03-26,contact_gate_reject,reject,False,True,False,False,0.95,qwen3.5-omni-flash-2026-03-15,"The clip shows a wide shot of the outfield with an outfielder running towards the wall to catch a fly ball. No batter is visible in the frame, and no bat-ball contact occurs.","The audio consists of an announcer shouting 'Deep!' followed by crowd noise, but there is no audible bat crack or impact sound.","The visual content does not show a batter making contact with the ball; it only shows the aftermath (ball flight) being tracked by an outfielder. The candidate sound is also commentary/crowd noise, not a bat-ball crack.",d7dcee800dc7000390c5f91337f92dfdc4ecab95fc75790016e03e4cf242042c,ed78da02299ddffe50fcde17ed0243b0d3beba1a4cbcb57165c67e0430cfb178,,,applied
1,111,Codex_Workstation,F_0161,dataset/fly_ball/Codex_Workstation/F_0161,contact_timestamp_wrong,unchanged_unresolved,no,contact_gate_reject,0.430,0.530,,,2.005,2.005,0.000,7.006,7.006,recut_complete,4.160,,,fly,,no,fly,no,audio_candidate_bound,0.9,qwen-omni-turbo-2025-03-26,contact_gate_reject,reject,False,False,True,False,0.0,qwen3.5-omni-flash-2026-03-15,"The clip shows a wide shot of the outfield with a fly ball already in flight towards the right field stands. No batter is visible at the plate, and no swing or contact action occurs within the frame.","A commentator says 'That ball's crushed to right,' which is post-contact commentary describing an event that happened just before the clip started.",The visual evidence does not show a batter swinging or making contact. The footage captures the aftermath (ball in flight) rather than the live pitch sequence and swing.,8f62f0555a5a2d360722a5b3bd18d5ac3d25b3ddb5e690130e3ddb0a72e65fc6,58acdeef23473a9ba9ec3373ca8d6c4f68e160f15452cb9ed789857ee4caf5ac,,,applied
1,112,Codex_Workstation,F_0163,dataset/fly_ball/Codex_Workstation/F_0163,contact_timestamp_wrong,unchanged_unresolved,no,contact_gate_reject,0.050,0.150,,,0.545,0.565,0.020,7.014,7.014,recut_partial_context,0.000,,,fly,,no,fly,no,audio_candidate_bound,0.9,qwen-omni-turbo-2025-03-26,contact_gate_reject,reject,False,True,False,False,0.9,qwen3.5-omni-flash-2026-03-15,"The clip shows a pitcher in the middle of his windup and delivery, releasing the ball towards the batter. The batter is in his stance and begins to swing as the ball approaches, but the clip ends before the bat makes contact with the ball.","A male voiceover commentator says 'The Braves have been playing good.' This is commentary, not a bat-ball impact sound.","The visual evidence does not show the moment of bat-ball contact within the provided clip duration; the clip cuts off just as the batter swings. Consequently, there is no corresponding audio of a bat crack.",153cb0c241d88070f1210e4fa29cb659d959b4cd4bf369d23b001b869c110296,89ccc87607c5eac03cedbb17277efa6d782cdff92d4ac831c5b4d7d254d63d95,,,applied
1,113,Codex_Workstation,F_0165,dataset/fly_ball/Codex_Workstation/F_0165,contact_timestamp_wrong,unchanged_unresolved,no,contact_gate_reject,0.000,0.150,,,2.005,2.005,0.000,7.006,7.006,recut_partial_context,22.079,,,fly,,no,fly,no,audio_candidate_bound,0.9,qwen-omni-turbo-2025-03-26,contact_gate_reject,reject,False,True,False,False,0.95,qwen3.5-omni-flash-2026-03-15,The clip shows a pitcher throwing a baseball and a batter swinging at the ball. The video cuts to black or ends before any contact between the bat and the ball is visible.,"The audio contains a commentator saying 'exclamation point right', which is broadcast commentary, not a bat-ball crack sound.","No visual contact between bat and ball occurs in the clip, and the audio consists of commentary rather than a bat-ball impact sound.",93f772b58c2e7da988d5a71cb782b28f489e15116f98bffab1caab6aaca10cf4,7d088a0843bdeb91156edb86dd8c93595d94a7a77c454545807f069f7dbb56af,,,applied
1,114,Codex_Workstation,F_0166,dataset/fly_ball/Codex_Workstation/F_0166,contact_timestamp_wrong,unchanged_unresolved,no,contact_gate_reject,0.800,0.900,,,1.055,1.055,0.000,7.007,7.007,recut_partial_context,0.480,,,line_drive,,no,line_drive,no,audio_candidate_bound,0.9,qwen-omni-turbo-2025-03-26,contact_gate_reject,reject,False,True,False,False,0.95,qwen3.5-omni-flash-2026-03-15,The clip shows a pitcher throwing a pitch and a batter swinging at the ball. The video ends before the bat makes contact with the ball or the outcome of the swing is visible.,A commentator says 'Two-two' followed by crowd noise. There is no sound of a bat hitting a ball.,"The visual sequence does not show contact between the bat and the ball within the clip duration, and the audio lacks the characteristic sound of a bat crack.",d748ac93222316ce1b4be3a6335bf415ac3a04980f4d930306e502aa90784c66,fb3f7bffa854efb20ed7b0df01f1db1209ad82f0405a3f286d52fbdba90be7a3,,,applied
1,115,Codex_Workstation,F_0167,dataset/fly_ball/Codex_Workstation/F_0167,clip_too_short,recut_and_retime,yes,,1.940,2.040,1.955,2.055,2.005,2.005,0.000,7.000,7.979,recut_partial_context,1.300,1.305,9.284,fly,fly,no,fly,no,audio_candidate_bound,0.9,qwen-omni-turbo-2025-03-26,contact_gate_pass,confirm,True,True,True,False,0.95,qwen3.5-omni-flash-2026-03-15,"At 0.7 seconds into the clip, the batter (Rosario) is shown in a live pitch sequence making contact with the ball; the bat connects with the ball and the batter immediately begins his follow-through motion.","A sharp, distinct crack of wood hitting a baseball is audible at approximately 0.7 seconds.",,487cbc805c3029cf332c359d22c6d20c4d1a4d8b3b0f320deaf5a5bc856ce660,0ec85fa6947e0134825fcbd032f82c7efdde75527829dbd3f11733bf3144c18c,487cbc805c3029cf332c359d22c6d20c4d1a4d8b3b0f320deaf5a5bc856ce660,0ec85fa6947e0134825fcbd032f82c7efdde75527829dbd3f11733bf3144c18c,applied
1,116,Codex_Workstation,F_0168,dataset/fly_ball/Codex_Workstation/F_0168,clip_too_short,recut_and_retime,yes,,0.170,0.270,1.705,1.805,1.755,1.775,0.020,7.006,13.775,recut_complete,1.540,0.000,13.775,fly,fly,no,fly,no,audio_candidate_bound,0.9,qwen-omni-turbo-2025-03-26,contact_gate_pass,confirm,True,True,True,False,0.95,qwen3.5-omni-flash-2026-03-15,"At approximately 0.7 seconds into the clip, the batter in the white uniform is seen making contact with the incoming pitch. The bat connects with the ball, and the batter immediately begins to follow through with the swing.","A sharp, distinct 'crack' sound consistent with a baseball bat hitting a ball occurs at the moment of contact.",,d147933fb4dea54ab3451f9e9498969073705eef63f8ae1a67cfd3004594c2d9,497cc3473e62692c1752cf2903dd63d6aa5ca0a526481a7af60549fa4b4f10ee,d147933fb4dea54ab3451f9e9498969073705eef63f8ae1a67cfd3004594c2d9,497cc3473e62692c1752cf2903dd63d6aa5ca0a526481a7af60549fa4b4f10ee,applied
1,117,Codex_Workstation,F_0169,dataset/fly_ball/Codex_Workstation/F_0169,clip_too_short,unchanged_unresolved,no,contact_gate_reject,0.070,0.170,,,3.955,3.955,0.000,7.006,7.006,recut_complete,5.580,,,fly,,no,fly,no,audio_candidate_bound,0.9,qwen-omni-turbo-2025-03-26,contact_gate_reject,reject,False,True,False,False,0.9,qwen3.5-omni-flash-2026-03-15,The clip shows a batter (Winker) running towards first base after the pitch has already been thrown and the ball is in play. The actual swing and contact are not visible in this excerpt; the runner is already in motion.,"The audio consists of crowd noise and an announcer shouting 'Three!', likely indicating a count or game event, but no distinct bat-ball crack sound is present.",The visual evidence does not show the batter swinging at the pitch or making contact with the ball within the provided clip duration. The action depicted is the aftermath of the swing as the batter runs to first base.,67b715f992fabe86ac68c27738f7a191e2f536decdcf209115723b4a538ef3a9,0bfc76e69c57115fe2758fc2dd0b336e0cdf806d6f716e835b3b46c121c54fe5,,,applied
1,118,Codex_Workstation,F_0171,dataset/fly_ball/Codex_Workstation/F_0171,contact_timestamp_wrong,unchanged_unresolved,no,contact_gate_reject,0.010,0.110,,,2.005,2.005,0.000,7.006,7.006,recut_complete,9.060,,,fly,,no,fly,no,audio_candidate_bound,0.9,qwen-omni-turbo-2025-03-26,contact_gate_reject,reject,False,False,False,False,0.95,qwen3.5-omni-flash-2026-03-15,"The clip shows a medium shot of an Oakland Athletics pitcher (wearing green and yellow cap) looking up at the sky, tracking a ball in flight. No batter is visible, and no swing or contact occurs within the frame.","A commentator says, '...and makes the catch for the first out.' There is no sound of a bat hitting a ball.","The visual content depicts a fielder making a catch (outfield view), not a batter swinging. The audio is commentary describing the result of the play, not a bat-ball impact sound.",92b0ea4f23707ce32bcce086cf450c0e7967eef84c6929bfd53883027201aca0,d9f35a5bde3ed24150f0cd3aef2719840a090ffc7e1190e4ea9fcac6b62176d2,,,applied
1,119,Codex_Workstation,F_0172,dataset/fly_ball/Codex_Workstation/F_0172,contact_timestamp_wrong,unchanged_unresolved,no,contact_gate_reject,0.000,0.100,,,2.335,2.335,0.000,7.006,7.006,recut_complete,6.960,,,fly,,no,fly,no,audio_candidate_bound,0.9,qwen-omni-turbo-2025-03-26,contact_gate_reject,reject,False,True,False,False,0.9,qwen3.5-omni-flash-2026-03-15,"The video shows an outfielder (wearing a white uniform with number 24) jumping to catch a fly ball near the wall. The clip ends as the ball hits his glove and he secures the catch. There is no batter visible in the frame, and no swinging action occurs.","The audio contains a male commentator saying 'Off the glove' followed by crowd noise. This commentary describes the outcome of the play (the ball deflecting off the fielder's glove), not a bat-ball collision.","The visual content shows a defensive play (outfield catch) rather than a live pitch sequence involving a batter. Consequently, there is no bat-ball contact visible or audible in the clip.",345e39b652e4f53cc53c293cec0140b0e6c1f4bfb315230e61d177fc4d6c1e66,74c2f0ae36aa88625181b2b5924f868bc3f9a2dd2889b7f138a155a885434a4e,,,applied
1,120,Codex_Workstation,F_0173,dataset/fly_ball/Codex_Workstation/F_0173,clip_too_short,unchanged_unresolved,no,contact_gate_reject,0.000,0.050,,,1.995,1.995,0.000,7.006,7.006,recut_complete,2.560,,,fly,,no,fly,no,audio_candidate_bound,0.9,qwen-omni-turbo,contact_gate_reject,reject,False,True,False,False,0.95,qwen3.5-omni-flash-2026-03-15,The clip shows the pitcher releasing the ball and the batter swinging at the pitch. The video cuts off immediately after the swing begins; there is no visible contact between the bat and the ball within this excerpt.,"The audio contains a commentator saying 'Will Smith line drive', which is broadcast commentary, not the sound of a bat hitting a ball.","Visual contact is not shown (the clip ends before impact), and the audio is commentary rather than a bat-ball crack.",76583557ee548e6ce0dfdd55c61d1b7a7a48143463fcecc444850e78323c2c28,9e3c506bc6b1978781eb1985fc6c0e1f20fc2bb532a7edb25f70b4f2ac91ef02,,,applied
1,121,Codex_Workstation,F_0174,dataset/fly_ball/Codex_Workstation/F_0174,clip_too_short,unchanged_unresolved,no,contact_gate_reject,0.150,0.250,,,2.005,2.005,0.000,7.006,7.006,recut_complete,28.900,,,fly,,no,fly,no,audio_candidate_bound,0.9,qwen-omni-turbo,contact_gate_reject,reject,False,True,False,False,0.95,qwen3.5-omni-flash-2026-03-15,"The batter completes a swing at the end of the clip, but the ball is not visible and there is no visual indication of contact between bat and ball within the provided timeframe.",The audio contains commentary ('...exactly like he swung') rather than a bat-ball crack sound.,"No visual contact between bat and ball is observable, and the audio does not contain a bat-ball crack.",8292701859ed97382fa4374929a54e4ce03a0ea664c06a2b29e533b9fd785f6d,1729433d3e5d28941297c81300785e69d08ab42032e8f4bf61052fd0913c1d42,,,applied
1,122,Codex_Workstation,F_0175,dataset/fly_ball/Codex_Workstation/F_0175,clip_too_short,recut_and_retime,yes,,1.960,2.060,1.945,2.045,1.995,1.995,0.000,7.007,14.000,recut_complete,1.400,1.415,15.415,fly,fly,no,fly,no,audio_candidate_bound,0.9,qwen-omni-turbo,contact_gate_pass,confirm,True,True,True,False,0.95,qwen3.5-omni-flash-2026-03-15,"At approximately 0.7 seconds into the clip, the batter (wearing a white uniform with blue trim) is shown making contact with the ball as it arrives at the plate. The bat connects squarely with the ball, and the batter completes the swing motion immediately after contact.","A sharp, high-frequency 'crack' sound consistent with a baseball bat striking a pitched ball occurs at approximately 0.7 seconds into the audio track, matching the visual timing of the swing.",,34a655dc689c96145e014fdadfe4db3afc36a52149284d36f35c0b80b02cf083,6273358bd787c4253e758489086e05a5038c06e4cebca11ff0c7817604355f46,34a655dc689c96145e014fdadfe4db3afc36a52149284d36f35c0b80b02cf083,6273358bd787c4253e758489086e05a5038c06e4cebca11ff0c7817604355f46,applied
1,123,Codex_Workstation,F_0176,dataset/fly_ball/Codex_Workstation/F_0176,contact_timestamp_wrong,recut_and_retime,yes,,0.000,0.100,1.955,2.055,2.005,2.005,0.000,7.006,14.000,recut_complete,5.440,3.895,17.895,fly,fly,no,fly,no,audio_candidate_bound,0.9,qwen-omni-turbo,contact_gate_pass,confirm,True,True,True,False,0.95,qwen3.5-omni-flash-2026-03-15,"At 00:00.7 in the clip, the batter is seen completing a swing and making contact with the baseball, which flies towards deep left field.","A sharp, distinct bat-ball crack sound occurs at approximately 00:00.7, coinciding with the visual contact.",,92314c743efb74563a9368acddb62e2ea79a5833b4c966d6266be04feb6ecf8b,c9d6d4de77865e607935d26de45a2bfabfb07464c47c4201a57bb46e1178e3c0,92314c743efb74563a9368acddb62e2ea79a5833b4c966d6266be04feb6ecf8b,c9d6d4de77865e607935d26de45a2bfabfb07464c47c4201a57bb46e1178e3c0,applied
1,124,Codex_Workstation,F_0177,dataset/fly_ball/Codex_Workstation/F_0177,clip_too_short,recut_and_retime,yes,,1.960,2.060,1.955,2.055,2.005,2.000,0.005,7.002,14.000,recut_complete,1.320,1.345,15.345,fly,fly,no,fly,no,audio_candidate_bound,0.9,qwen-omni-turbo,contact_gate_pass,confirm,True,True,True,False,0.95,qwen3.5-omni-flash-2026-03-15,"At approximately 0.7 seconds into the clip, the batter (Suzuki) is seen in a full swing motion making contact with the incoming pitch; the bat connects squarely with the ball, and the batter's follow-through is visible as he begins to turn his body.","A sharp, distinct crack of wood or metal striking a baseball is heard at approximately 0.7 seconds, consistent with a live pitch being hit by the batter.",,37871aa22d19d8da357ad5343cdb994972faa6f8c3e3f90772243bc66689d9dd,0690f81e6e9afb9896fff9898c84c0ab4e9aed97c3d7c73d5113bc0ef6c3c742,37871aa22d19d8da357ad5343cdb994972faa6f8c3e3f90772243bc66689d9dd,0690f81e6e9afb9896fff9898c84c0ab4e9aed97c3d7c73d5113bc0ef6c3c742,applied
1,125,Codex_Workstation,F_0179,dataset/fly_ball/Codex_Workstation/F_0179,clip_too_short,recut_and_retime,yes,,2.800,3.000,1.955,2.055,2.005,2.005,0.000,7.006,6.185,recut_partial_context,16.240,17.055,23.240,fly,fly,no,fly,no,audio_candidate_bound,0.9,qwen-omni-turbo,contact_gate_pass,confirm,True,True,True,False,0.95,qwen3.5-omni-flash-2026-03-15,"At 0.0s, the batter is in a ready stance. At approximately 0.6-0.7s, the bat makes contact with the ball, and the batter completes his swing. The catcher and umpire are visible behind home plate.","A distinct, sharp crack of a baseball bat hitting a ball is heard around the 0.7-second mark, consistent with live play audio.",,ad37e0a347e3d518b33d2a7dd9295371d1fba87b5fd781b063a2d0b9aa2c220a,b11254be0295ba13fc421d9c8edca98ca48d6276c2af8e0a2912ba63ee93a4af,ad37e0a347e3d518b33d2a7dd9295371d1fba87b5fd781b063a2d0b9aa2c220a,b11254be0295ba13fc421d9c8edca98ca48d6276c2af8e0a2912ba63ee93a4af,applied
1,126,Codex_Workstation,F_0180,dataset/fly_ball/Codex_Workstation/F_0180,contact_timestamp_wrong,unchanged_unresolved,no,contact_gate_reject,0.310,0.410,,,2.005,2.000,0.005,7.007,7.007,recut_complete,13.140,,,fly,,no,fly,no,audio_candidate_bound,0.9,qwen-omni-turbo,contact_gate_reject,reject,False,False,True,False,0.9,qwen3.5-omni-flash-2026-03-15,"The clip shows a pitcher (Young) on the mound walking after throwing a pitch; no batter is visible in the frame, and there is no swing or contact shown.","A voiceover commentary states 'Rob Young keeps it off the ground,' which is broadcast narration, not a bat-ball crack.","No batter is visible in the clip; the footage is an aftermath shot of the pitcher, not a live pitch sequence with swing and contact.",f8ffa6504c110c37136181b802223a34bfb469f2016b54cfd57da8b888985b6a,2e9caeeb4581284963f3f94285daa9f0fb8a00b9094bbf76a5c9ba2d572cb4c4,,,applied
1,127,Codex_Workstation,F_0181,dataset/fly_ball/Codex_Workstation/F_0181,clip_too_short,recut_and_retime,yes,,1.980,2.080,1.945,2.045,1.995,1.995,0.000,7.006,14.000,recut_complete,0.140,0.175,14.175,fly,fly,no,fly,no,audio_candidate_bound,0.9,qwen-omni-turbo,contact_gate_pass,confirm,True,True,True,False,0.95,qwen3.5-omni-flash-2026-03-15,"At approximately 0.7 seconds into the clip, the batter is seen making contact with the pitched ball. The bat connects squarely with the ball, and the batter begins his swing follow-through immediately after impact.","A sharp, distinct 'crack' sound consistent with a baseball bat hitting a ball occurs at the moment of visual contact.",,313129420291ee1a763d44ee4f4ba8e9b75636031dc5a9e9e47b0b49472789ed,69304dbadd73cdb29ce1b5daa1cd8c5e9bb7064a9ba102e8fae8f68f5ec5ebe6,313129420291ee1a763d44ee4f4ba8e9b75636031dc5a9e9e47b0b49472789ed,69304dbadd73cdb29ce1b5daa1cd8c5e9bb7064a9ba102e8fae8f68f5ec5ebe6,applied
1,128,Codex_Workstation,F_0182,dataset/fly_ball/Codex_Workstation/F_0182,contact_timestamp_wrong,unchanged_unresolved,no,contact_gate_reject,0.270,0.370,,,2.005,2.005,0.000,7.006,7.006,recut_partial_context,11.380,,,fly,,no,fly,no,audio_candidate_bound,0.9,qwen-omni-turbo,contact_gate_reject,reject,False,False,False,False,0.0,qwen3.5-omni-flash-2026-03-15,"The clip shows a wide shot of an outfielder jogging on the grass field. There is no batter visible, and no pitch or swing sequence occurs.","A commentator says 'He will score,' which is crowd commentary, not a bat-ball crack.","The visual content does not show a batter, a live pitch, or contact. The audio is commentary, not a bat sound.",4674e06857212794434e4aef988f64a47fb7b55646bf5fee8c3058dcd944564a,438b21eb25fd47f9399dbc3b981fcf369c556c6c2c098421523cc50f2f4bc82d,,,applied
1,129,Codex_Workstation,F_0183,dataset/fly_ball/Codex_Workstation/F_0183,contact_timestamp_wrong,unchanged_unresolved,no,contact_gate_reject,0.000,0.100,,,1.995,1.995,0.000,7.007,7.007,recut_partial_context,11.420,,,fly,,no,fly,no,audio_candidate_bound,0.9,qwen-omni-turbo,contact_gate_reject,reject,False,False,True,False,1.0,qwen3.5-omni-flash-2026-03-15,The clip shows a wide shot of an outfield where a runner is jogging towards home plate and an outfielder is running in the background. No batter or pitch sequence is visible.,"A commentator says 'He's there, he's under it'. There is no sound of a bat hitting a ball.",The visual content does not show a batter swinging at a pitch. The clip captures the aftermath of a play (an outfielder catching a fly ball) rather than the swing itself.,a855221042110df11bb9362ceb63c919f7cd9c85aec123b34b777c6553755f76,2cdf6688f03c79259ae7d707a4bb9de65e9e34c37e77d4ff990f4c9b095ffe7f,,,applied
1,130,Codex_Workstation,F_0184,dataset/fly_ball/Codex_Workstation/F_0184,clip_too_short,recut_and_retime,yes,,1.340,1.440,1.345,1.445,1.395,1.405,0.010,7.014,13.405,recut_complete,0.000,0.000,13.405,fly,fly,no,fly,no,audio_candidate_bound,0.9,qwen-omni-turbo,contact_gate_pass,confirm,True,True,True,False,0.95,qwen3.5-omni-flash-2026-03-15,"At approximately 0.7s into the clip, the batter in a grey uniform is shown completing a full swing, making clear contact with the ball which is seen traveling away from the plate.","A sharp, distinct 'crack' sound consistent with a wooden bat striking a baseball occurs at the moment of contact.",,55ff48cdf98b69f016eaa57e353ad3d3784d6ec9511599c550cae0ba86253873,1d146a8eda653edcec7237af99286a026ef850dee994b9b7a5ab98a5eb89c485,55ff48cdf98b69f016eaa57e353ad3d3784d6ec9511599c550cae0ba86253873,1d146a8eda653edcec7237af99286a026ef850dee994b9b7a5ab98a5eb89c485,applied
1,131,Codex_Workstation,F_0185,dataset/fly_ball/Codex_Workstation/F_0185,contact_timestamp_wrong,unchanged_unresolved,no,contact_gate_reject,0.230,0.330,,,2.005,2.005,0.000,7.006,7.006,recut_partial_context,5.480,,,fly,,no,fly,no,audio_candidate_bound,0.9,qwen-omni-turbo,contact_gate_reject,reject,False,True,False,False,0.9,qwen3.5-omni-flash-2026-03-15,"The clip shows a wide shot of the baseball field with players running in the outfield and on the base paths after a play has already been made. There is no batter visible at home plate, nor is there any footage of a pitch being thrown or a swing occurring.","A male announcer says 'Dylan Moore', likely identifying a player involved in the previous play (perhaps the runner who scored or was caught stealing), rather than the sound of a bat hitting a ball.","The visual content does not show a batter swinging or making contact with the ball. The scene depicts the aftermath of a play with runners moving, which contradicts the requirement for a live pitch sequence showing the swing and contact.",97205f98a06993287fda28feacded02d94ca67739b7309eaa5b1b967300ca537,dd022a66332e0e9bc98c2eb260285b773a10ae5f5ac86fce94e88919f61645b5,,,applied
1,132,Codex_Workstation,F_0186,dataset/fly_ball/Codex_Workstation/F_0186,contact_timestamp_wrong,unchanged_unresolved,no,contact_gate_reject,0.000,0.100,,,2.005,2.005,0.000,7.006,7.006,recut_complete,6.160,,,fly,,no,fly,no,audio_candidate_bound,0.9,qwen-omni-turbo,contact_gate_reject,reject,False,False,True,False,0.0,qwen3.5-omni-flash-2026-03-15,"The clip shows an outfielder running back towards the wall to catch a fly ball. No batter is visible in the frame, and no swing or contact action occurs.","A male commentator says 'Right, Jokes goes to the back'. There is no sound of a bat hitting a ball.","The visual content shows only an outfielder tracking a fly ball; there is no visible batter, swing, or contact. The audio is commentary, not a bat-ball crack.",c31798fec72d503f491531b8e0eee33af7c4aedbe3bfe7e535695f85ac80b820,e0ac484c5eba92362c29d5c6082b2142ae71cf5331553a5053457cbb45214483,,,applied
1,133,Codex_Workstation,F_0187,dataset/fly_ball/Codex_Workstation/F_0187,clip_too_short,unchanged_unresolved,no,contact_gate_reject,1.980,2.080,,,1.995,1.995,0.000,7.007,7.007,recut_complete,0.880,,,fly,,no,fly,no,audio_candidate_bound,0.9,qwen-omni-turbo,contact_gate_reject,reject,False,True,False,False,0.9,qwen3.5-omni-flash-2026-03-15,"The clip shows the pitcher delivering a pitch and the batter beginning to swing, but the video cuts off before any bat-ball contact occurs.",The audio contains only ambient crowd noise and stadium sounds; there is no distinct sound of a bat hitting a ball.,Visual evidence shows the swing initiating but not completing with contact; audio lacks the characteristic crack of a bat-ball collision.,3cb50501ba05cc5faa3d50d0bf185fd478e891df30b8e5b6493521edbf0cbb35,5cb105d2f6ea97fc3be36fe96e86876a540e4b36d1b0fbfcd31a7cb32e74894b,,,applied
1,134,Codex_Workstation,F_0189,dataset/fly_ball/Codex_Workstation/F_0189,contact_timestamp_wrong,recut_and_retime,yes,,0.000,0.100,1.765,1.865,1.815,1.835,0.020,7.006,10.060,recut_partial_context,1.420,0.000,10.060,fly,fly,no,fly,no,audio_candidate_bound,0.9,qwen-omni-turbo,contact_gate_pass,confirm,True,True,True,False,0.95,qwen3.5-omni-flash-2026-03-15,"At approximately 0.6s into the clip, the pitcher releases the ball and it arrives at the plate. The batter swings and makes clear contact with the ball at roughly 0.7s, initiating a follow-through motion visible until the end of the clip.","A sharp, distinct bat-ball crack is heard precisely when the visual contact occurs, consistent with a live pitch being struck.",,a7c35e8167e8c823b3da4061a2efebc5bf0728df7906874efd0449e225ab50f0,35a82b73d7284ab6334fcfedca83326927a38b682d2d18b393d39104e44ed1e8,a7c35e8167e8c823b3da4061a2efebc5bf0728df7906874efd0449e225ab50f0,35a82b73d7284ab6334fcfedca83326927a38b682d2d18b393d39104e44ed1e8,applied
1,135,Codex_Workstation,F_0191,dataset/fly_ball/Codex_Workstation/F_0191,contact_timestamp_wrong,unchanged_unresolved,no,contact_gate_reject,0.100,0.200,,,2.045,2.050,0.005,7.006,7.006,recut_partial_context,21.378,,,fly,,no,fly,no,audio_candidate_bound,0.9,qwen-omni-turbo,contact_gate_reject,reject,False,True,False,False,0.95,qwen3.5-omni-flash-2026-03-15,"The video shows a static shot of stadium lights and the upper structure of the stadium. No batter, pitcher, or live play action is visible in the frame.",A commentator says 'Got it in'. There is no sound of a bat hitting a ball.,"No visual evidence of a batter swinging or making contact with a ball. The audio is commentary, not a bat-ball crack.",aa1e10a0306af0aa4144f5e5c4d1d7eb4347788183f7164b99eb9833dc5254be,e93e16c66598efb0750406af5f8f51b75f182692e9d7f99e249adaca9b72b23d,,,applied
1,136,Codex_Workstation,F_0193,dataset/fly_ball/Codex_Workstation/F_0193,contact_timestamp_wrong,recut_and_retime,yes,,1.800,2.000,1.035,1.135,1.085,1.085,0.000,7.014,13.105,recut_complete,0.000,0.000,13.105,fly,fly,no,fly,no,audio_candidate_bound,0.9,qwen-omni-turbo,contact_gate_pass,confirm,True,True,True,False,0.95,qwen3.5-omni-flash-2026-03-15,"At 0.7s, the batter (wearing grey uniform with number 28) is shown in the middle of a swing, making contact with the baseball as it reaches the plate. The bat is visible at the point of impact.","A sharp, distinct crack consistent with a wooden or metal bat hitting a baseball occurs precisely when the visual contact happens.",,24b2bda95d0f9b64908bf1bd3e2c24acbb8943b9e78963d6a66f7fb7e0daedec,5b5a3075c59db1db60df541a2684cfb47b3ce1f34e623a46c0415569c93461c2,24b2bda95d0f9b64908bf1bd3e2c24acbb8943b9e78963d6a66f7fb7e0daedec,5b5a3075c59db1db60df541a2684cfb47b3ce1f34e623a46c0415569c93461c2,applied
1,137,Codex_Workstation,F_0194,dataset/fly_ball/Codex_Workstation/F_0194,clip_too_short,recut_and_retime,yes,,0.660,0.760,0.645,0.745,0.695,0.715,0.020,7.014,12.715,recut_partial_context,0.000,0.000,12.715,fly,fly,no,fly,no,audio_candidate_bound,0.9,qwen-omni-turbo,contact_gate_pass,confirm,True,True,True,False,0.95,qwen3.5-omni-flash-2026-03-15,"At approximately 0.7 seconds into the clip, the batter is seen completing a swing as the ball makes contact with the bat. The bat is in motion and appears to have just struck the ball.","A distinct sound of a bat striking a baseball occurs at around 0.7 seconds, consistent with a live pitch being hit.",,1f2ead803fc2f8c4770168eeefe3e1b749714e7d9cd7f5fa02c79556c07161c8,0480c710a6d98297354cb6afcb439caab346779ae3a008447711108e943efe8e,1f2ead803fc2f8c4770168eeefe3e1b749714e7d9cd7f5fa02c79556c07161c8,0480c710a6d98297354cb6afcb439caab346779ae3a008447711108e943efe8e,applied
1,138,Codex_Workstation,F_0195,dataset/fly_ball/Codex_Workstation/F_0195,contact_timestamp_wrong,unchanged_unresolved,no,contact_gate_reject,0.230,0.330,,,2.035,2.035,0.000,7.007,7.007,recut_complete,5.700,,,fly,,no,fly,no,audio_candidate_bound,0.9,qwen-omni-turbo,contact_gate_reject,reject,False,False,True,False,0.95,qwen3.5-omni-flash-2026-03-15,"The clip shows a wide shot of the outfield where an outfielder is running back towards the wall. No batter is visible in the frame, and no swing or contact action occurs.",A commentator says 'Out toward the wall' followed by crowd noise. There is no sound of a bat hitting a ball.,"The visual content does not show a batter swinging at a pitch; it only shows the aftermath of a hit (the ball in flight/outfielder running). Therefore, the condition for confirming a bat-ball crack with a visible swing cannot be met.",323daf50a99f31a96a432987d7753d22e05b9386998b1ff85490d6ff33ba151f,b8ad5eedfdf8557cb0fd9aa1831fb934547d18daf6a347c65f0c809a26085da6,,,applied
1,139,Codex_Workstation,F_0196,dataset/fly_ball/Codex_Workstation/F_0196,clip_too_short,unchanged_unresolved,no,contact_gate_reject,5.800,6.000,,,1.995,1.995,0.000,7.014,7.014,recut_complete,0.000,,,fly,,no,fly,no,audio_candidate_bound,0.9,qwen-omni-turbo,contact_gate_reject,reject,False,True,False,False,0.95,qwen3.5-omni-flash-2026-03-15,"The batter is shown in the middle of his swing at approximately 0:00-0:01, but the clip ends before contact with the ball is visible. The bat does not visibly connect with a baseball within the provided timeframe.","Audio contains only commentary ('...runners here tonight, the one one') and no sound of a bat hitting a ball.","No visual evidence of bat-ball contact occurred within the clip duration, and the audio lacks any bat-crack sound.",47dabcceda1dde7b70cc2ec463dc8da14863b29714759d44d292d4ff06534ddd,ea63877b192cf7d4b097a7f8789d9c0fbc86a45427c72154fd5df355fa660c25,,,applied
1,140,Codex_Workstation,F_0198,dataset/fly_ball/Codex_Workstation/F_0198,contact_timestamp_wrong,unchanged_unresolved,no,contact_gate_reject,0.050,0.250,,,1.985,1.985,0.000,7.006,7.006,recut_complete,6.760,,,fly,,no,fly,no,audio_candidate_bound,0.9,qwen-omni-turbo,contact_gate_reject,reject,False,False,False,False,0.95,qwen3.5-omni-flash-2026-03-15,"The clip shows a wide shot of the outfield with an outfielder standing in position. No batter is visible at home plate, and no swing or contact occurs within the frame.","The audio contains commentary stating 'the right fielder hit', which describes a play outcome rather than a bat-ball impact sound. There is no audible bat crack.",No batter or swing is visible; the clip focuses on an outfielder after the ball has been hit.,ab0bf1ed43e0f6ec8611ca8dad367f14644efe503060770a71bf07beb7e37526,bb2835adb677d3e793494b14cb810d2f42cfff524a80ffe2303204565d7ffa4f,,,applied
1,141,Codex_Workstation,F_0199,dataset/fly_ball/Codex_Workstation/F_0199,clip_too_short,recut_and_retime,yes,,0.250,0.350,1.945,2.045,1.995,1.995,0.000,7.007,14.000,recut_complete,2.180,0.485,14.485,line_drive,line_drive,no,line_drive,no,audio_candidate_bound,0.9,qwen-omni-turbo,contact_gate_pass,confirm,True,True,True,False,0.95,qwen3.5-omni-flash-2026-03-15,"At approximately 0.7 seconds into the clip, the batter in the white uniform with red sleeves is shown making contact with the ball as the pitcher's arm completes its follow-through. The bat connects squarely with the ball.","A sharp, distinct crack of a baseball bat hitting a ball is audible at the moment of contact.",,d86e4a23fb2f75ed1ecaff49e6d98334fc3f792cafb6a9ac19d67682c22ccc40,a23454df4fb639598f4a1458c32a12259e4d91ab14daaa8405db6534d3642570,d86e4a23fb2f75ed1ecaff49e6d98334fc3f792cafb6a9ac19d67682c22ccc40,a23454df4fb639598f4a1458c32a12259e4d91ab14daaa8405db6534d3642570,applied
1,142,Codex_Workstation,F_0200,dataset/fly_ball/Codex_Workstation/F_0200,contact_timestamp_wrong,unchanged_unresolved,no,contact_gate_reject,0.430,0.530,,,1.065,1.065,0.000,7.007,7.007,not_required,3.100,,,line_drive,,no,line_drive,no,audio_candidate_bound,0.9,qwen-omni-turbo,contact_gate_reject,reject,False,False,True,False,0.0,qwen3.5-omni-flash-2026-03-15,The clip shows an outfielder running towards the left field wall after a ball has already been hit and is in flight. No batter or bat is visible in the frame.,"A male commentator says 'ripped down the left field line', describing the play rather than making a bat crack sound.","The visual evidence does not show a batter swinging at a pitch or making contact with the ball; it only shows the aftermath of the hit (ball flight/outfielder). The audio is commentary, not a bat-ball crack.",9504281d5bc8f853ea6b41c05a9a67c014a80842cccc80a1d814f5016ac3ebe6,bc766e7bc82c1198275055273a069658683e473b2e9bcad6b0d921dd99a343a6,,,applied
1,143,Codex_Workstation,F_0201,dataset/fly_ball/Codex_Workstation/F_0201,contact_timestamp_wrong,unchanged_unresolved,no,contact_gate_reject,0.350,0.550,,,1.985,1.985,0.000,7.007,7.007,recut_complete,9.340,,,fly,,no,fly,no,audio_candidate_bound,0.9,qwen-omni-turbo,contact_gate_reject,reject,False,True,False,False,0.95,qwen3.5-omni-flash-2026-03-15,The clip shows an outfielder (wearing #16) diving near the wall to catch a ball that has already been hit and is in flight. The batter is not visible in the frame; the action focuses entirely on the fielder's attempt to make the play.,"A male commentator says 'It is gone,' indicating the ball is a home run or long fly ball that will clear the fence. There is no sound of a bat cracking against a ball.","The visual content shows only an outfielder reacting to a ball in flight; there is no visible batter swinging or making contact with the ball. The audio is commentary describing the outcome, not a bat-ball impact sound.",6e5ba7fc2ddc41019b585c87962026557d04ee5d7590fe889e40f09d58697150,657d3f25d9b27f912d14983544423189970624d5f3c12a2fb42f1de6a4033127,,,applied
1,144,Codex_Workstation,F_0202,dataset/fly_ball/Codex_Workstation/F_0202,clip_too_short,recut_and_retime,yes,,0.570,0.670,1.945,2.045,1.995,1.995,0.000,7.006,14.000,recut_complete,2.460,1.085,15.085,line_drive,line_drive,no,line_drive,no,audio_candidate_bound,0.9,qwen-omni-turbo,contact_gate_pass,confirm,True,True,True,False,0.95,qwen3.5-omni-flash-2026-03-15,"At approximately 0.7 seconds into the clip, the batter in the white uniform swings and makes solid contact with the incoming pitch, which is visible as a sharp bat-ball impact.","A distinct, loud 'crack' sound consistent with a baseball bat striking a ball is audible at the moment of contact.",,e054adf7cef6e47900a30a361ade1447477597acf62eca19a4c033481613cc1c,5ed2ea7ab07747cfdcddaabeaf79dc29f66d9f5a4c212a03730465dcfde18da8,e054adf7cef6e47900a30a361ade1447477597acf62eca19a4c033481613cc1c,5ed2ea7ab07747cfdcddaabeaf79dc29f66d9f5a4c212a03730465dcfde18da8,applied
1,145,Codex_Workstation,F_0205,dataset/fly_ball/Codex_Workstation/F_0205,contact_timestamp_wrong,unchanged_unresolved,no,contact_gate_reject,0.120,0.280,,,2.005,2.050,0.045,7.006,7.006,recut_complete,3.220,,,pop_fly,,no,pop_fly,no,audio_candidate_bound,0.9,qwen-omni-turbo,contact_gate_reject,reject,False,True,False,False,0.0,qwen3.5-omni-flash-2026-03-15,The clip shows a batter swinging at a pitch and the ball flying into the outfield. The contact between bat and ball occurs before the start of this excerpt.,"No bat-ball crack sound is present in the clip; instead, there is commentary ('...lofted Vasquez...') and crowd noise.","The visual evidence shows the ball already in flight, meaning contact occurred prior to the clip's start. Additionally, the audio does not contain a bat-ball crack.",f96dc1674960892f0a3edf707a39f96d016014dd61f3befabd9f9d0658abc7b8,09f32fcfaa5eafb31bbf4f318380d62b757f04f885431eb8f4dfb8ca53ca9235,,,applied
1,146,Codex_Workstation,F_0208,dataset/fly_ball/Codex_Workstation/F_0208,contact_timestamp_wrong,unchanged_unresolved,no,contact_gate_reject,0.250,0.350,,,1.995,1.995,0.000,7.007,7.007,recut_complete,4.820,,,fly,,no,fly,no,audio_candidate_bound,0.9,qwen-omni-turbo,contact_gate_reject,reject,False,False,True,False,0.95,qwen3.5-omni-flash-2026-03-15,"The clip shows a wide shot of the outfield where a ball is in flight and an outfielder (Doyle) is running towards it. The batter is not visible in the frame, nor is there any visual evidence of a swing or bat-ball contact occurring within this excerpt.",The audio contains commentary ('right at Doyle') rather than a distinct bat-ball crack sound.,The video excerpt focuses entirely on the fielding play (outfielder running to catch/track the ball) after the pitch has already been hit. There is no visual of the batter swinging or making contact with the ball within the provided timeframe.,49771b5b3aa1f7f4c2caec8bf638ac13ecce9daacbf2738f2d54e98612edc84e,31e91ecb3f0c476afd34864de9a95f0670499941ab788f6bc7fb052b0add7dd4,,,applied
1,147,Codex_Workstation,F_0210,dataset/fly_ball/Codex_Workstation/F_0210,clip_too_short,unchanged_unresolved,no,contact_gate_reject,0.190,0.290,,,2.015,2.015,0.000,7.006,7.006,recut_partial_context,5.112,,,line_drive,,no,line_drive,no,audio_candidate_bound,0.9,qwen-omni-turbo,contact_gate_reject,reject,False,True,False,False,0.95,qwen3.5-omni-flash-2026-03-15,"The clip shows the ball in mid-air after being hit, traveling towards the infield/outfield. The batter is not visible in the frame; the focus is on the fielding play and the ball's trajectory.","A commentator says 'Line drive caught', describing the outcome of the play rather than the sound of the bat hitting the ball.",The visual excerpt does not show the batter or the moment of contact (bat-ball collision). It only shows the result of the swing (the ball in flight) and the subsequent commentary describing the catch.,655702e272adabc5891e6d7081781c04423caa2ab6e81c67fb96288b84220922,7240f9db6017a346e1e9d38ab9c616adb7a50976baa2d6ae5bc4d56c14e74009,,,applied
1,148,Codex_Workstation,F_0211,dataset/fly_ball/Codex_Workstation/F_0211,clip_too_short,recut_and_retime,yes,,0.330,0.430,0.955,1.055,1.005,1.015,0.010,7.006,13.015,recut_complete,0.620,0.000,13.015,line_drive,line_drive,no,line_drive,no,audio_candidate_bound,0.9,qwen-omni-turbo,contact_gate_pass,confirm,True,True,True,False,0.95,qwen3.5-omni-flash-2026-03-15,"At 00:00.68, the batter in the white uniform is shown making contact with the ball; the bat connects with the pitched ball and immediately begins its follow-through motion.","A sharp, distinct 'crack' sound consistent with a baseball bat striking a ball occurs at approximately 00:00.7.",,c074f3f2f8514eecb768b06a9e0e792559a28f1569786879b8ec4a4bf057b5c4,c77554e60ab92831524c1b6852a7e58272f8faa50b88adf28e030aae240f0ebe,c074f3f2f8514eecb768b06a9e0e792559a28f1569786879b8ec4a4bf057b5c4,c77554e60ab92831524c1b6852a7e58272f8faa50b88adf28e030aae240f0ebe,applied
1,149,Codex_Workstation,F_0212,dataset/fly_ball/Codex_Workstation/F_0212,clip_too_short,recut_and_retime,yes,,1.960,2.060,1.955,2.055,2.005,2.005,0.000,7.007,11.014,recut_partial_context,7.540,7.555,18.569,fly,fly,no,fly,no,audio_candidate_bound,0.9,qwen-omni-turbo,contact_gate_pass,confirm,True,True,True,False,0.95,qwen3.5-omni-flash-2026-03-15,"At approximately 0.7 seconds into the clip, the batter (wearing a white uniform with number 15) is shown in the middle of his swing, making contact with the incoming pitch. The bat connects with the ball, and the batter begins his follow-through motion immediately after impact.","A sharp, distinct 'crack' sound characteristic of a baseball bat hitting a ball is audible at the moment of visual contact.",,acbc0a32ead2dfaf9d84ace46d31ca3404ef1aafd9d5e0edc271b475c5343851,e363bffcdb6f680bec3825042a5514a9b88b7c3cea7874eba6adeed0b8cd84a9,acbc0a32ead2dfaf9d84ace46d31ca3404ef1aafd9d5e0edc271b475c5343851,e363bffcdb6f680bec3825042a5514a9b88b7c3cea7874eba6adeed0b8cd84a9,applied
1,150,Codex_Workstation,F_0213,dataset/fly_ball/Codex_Workstation/F_0213,contact_timestamp_wrong,retime_or_metadata_only,yes,,3.090,3.190,1.975,2.075,2.025,2.025,0.000,7.006,7.006,not_required,1.720,,,line_drive,line_drive,no,line_drive,no,audio_candidate_bound,0.9,qwen-omni-turbo,contact_gate_pass,confirm,True,True,True,False,0.95,qwen3.5-omni-flash-2026-03-15,"At 00:00.7, the batter (wearing a white uniform with red trim) is in mid-swing and makes clear contact with the incoming baseball. The bat connects with the ball, causing an immediate deflection of the bat and the ball's trajectory.","A sharp, high-frequency 'crack' sound consistent with a wooden or metal bat striking a baseball occurs at approximately 0.7 seconds into the clip.",,536864b6c730c5336d365e01a2e95caf0c75a96b31e2a8ee9f54e3078da1b79c,0b0d7b76c4c58787186c06ebf5d0ec035d7076046306241dce2c14bf2f0960b5,536864b6c730c5336d365e01a2e95caf0c75a96b31e2a8ee9f54e3078da1b79c,0b0d7b76c4c58787186c06ebf5d0ec035d7076046306241dce2c14bf2f0960b5,applied
1,151,Codex_Workstation,F_0217,dataset/fly_ball/Codex_Workstation/F_0217,clip_too_short,recut_and_retime,yes,,0.800,0.900,1.355,1.455,1.405,1.415,0.010,7.007,13.415,recut_complete,0.480,0.000,13.415,fly,fly,no,fly,no,audio_candidate_bound,0.9,qwen-omni-turbo,contact_gate_pass,confirm,True,True,True,False,0.95,qwen3.5-omni-flash-2026-03-15,"At 00:00.7, the batter in an orange jersey is shown mid-swing as the ball makes contact with the bat. The follow-through of the swing is visible immediately after contact.","A sharp, distinct crack of a bat hitting a baseball is audible at approximately 00:00.7, consistent with the visual timing of contact.",,62754b865f7da6146c83bfaeed81fa73a7d20eacb737a41c857489aee524028c,867282c6449aec4d2b3a36f424592966c8478ee8d773dfd1a4bf94a3a583020c,62754b865f7da6146c83bfaeed81fa73a7d20eacb737a41c857489aee524028c,867282c6449aec4d2b3a36f424592966c8478ee8d773dfd1a4bf94a3a583020c,applied
1,152,Codex_Workstation,F_0218,dataset/fly_ball/Codex_Workstation/F_0218,clip_too_short,recut_and_retime,yes,,0.110,0.210,1.955,2.055,2.005,2.005,0.000,7.007,12.907,recut_complete,14.060,12.135,25.042,fly,fly,no,fly,no,audio_candidate_bound,0.9,qwen-omni-turbo-latest,contact_gate_pass,confirm,True,True,True,False,0.95,qwen3.5-omni-flash-2026-03-15,"At approximately 0.7 seconds into the clip, the batter (wearing a grey uniform with number 25) is in full swing, making contact with the ball as it crosses home plate. The bat connects squarely with the baseball, and the batter's follow-through motion is clearly visible.","A sharp, distinct 'crack' sound consistent with a baseball bat hitting a ball is audible at the moment of contact.",,083659d7d5dd683eb19b12ae4bf8ca85e0f4ca8170a3cd1b84e6dd0711718e04,41ae9a41c78897cdd11156f0fb65301e443f94ebd2fe5fbbaf48c65962851051,083659d7d5dd683eb19b12ae4bf8ca85e0f4ca8170a3cd1b84e6dd0711718e04,41ae9a41c78897cdd11156f0fb65301e443f94ebd2fe5fbbaf48c65962851051,applied
1,153,Codex_Workstation,F_0219,dataset/fly_ball/Codex_Workstation/F_0219,clip_too_short,unchanged_unresolved,no,contact_gate_reject,0.390,0.490,,,2.005,2.005,0.000,7.006,7.006,recut_partial_context,18.959,,,fly,,no,fly,no,audio_candidate_bound,0.9,qwen-omni-turbo-latest,contact_gate_reject,reject,False,False,True,False,0.9,qwen3.5-omni-flash-2026-03-15,"The clip shows a wide shot of the baseball field with an outfielder running and catching a fly ball. No batter is visible in the frame, and no swing or contact action occurs.","A male commentator says 'team leader in home...', which is broadcast commentary rather than a bat-ball impact sound.","The visual content does not show a batter swinging at a pitch or making contact; it only shows the aftermath (an outfield catch). The audio is commentary, not a bat crack.",96109e28febc3fe6ca4fc36623525342b1fba549e02010e554c60bf6bfacf290,23131b796d0ccf5b4629c394a84cf6dbf7f0ae8b2a1f936e98873db5fd382339,,,applied
1,154,Codex_Workstation,F_0221,dataset/fly_ball/Codex_Workstation/F_0221,clip_too_short,recut_and_retime,yes,,1.340,1.440,1.325,1.425,1.375,1.395,0.020,7.014,13.395,recut_complete,0.000,0.000,13.395,fly,fly,no,fly,no,audio_candidate_bound,0.9,qwen-omni-turbo-latest,contact_gate_pass,confirm,True,True,True,False,0.95,qwen3.5-omni-flash-2026-03-15,"At approximately 0.7s into the clip, the batter in the dark jersey is seen completing a full swing and making contact with the ball, which is visible leaving the bat barrel.","A sharp, percussive 'crack' sound consistent with a baseball bat striking a ball occurs at the same timestamp as the visual contact.",,ff284fe13acf1954bac5fdbea0c99d4cd2b4bf482ac1f3c6e1d501e721a4b278,a9ed56919981e7ef05f24ea619615079d3136ab13662fb98796edc4f10f53f2f,ff284fe13acf1954bac5fdbea0c99d4cd2b4bf482ac1f3c6e1d501e721a4b278,a9ed56919981e7ef05f24ea619615079d3136ab13662fb98796edc4f10f53f2f,applied
1,155,Codex_Workstation,F_0223,dataset/fly_ball/Codex_Workstation/F_0223,contact_timestamp_wrong,unchanged_unresolved,no,contact_gate_reject,0.450,0.550,,,1.995,1.995,0.000,7.006,7.006,recut_complete,14.120,,,fly,,no,fly,no,audio_candidate_bound,0.9,qwen-omni-turbo-latest,contact_gate_reject,reject,False,True,False,False,0.95,qwen3.5-omni-flash-2026-03-15,The clip shows a batter swinging at a pitch and making contact with the ball. The ball is seen flying into the outfield.,A commentator's voice is heard saying 'down to get that slider and'. There is no audible bat-ball crack.,"The audio candidate does not contain the sound of a bat hitting a ball. Instead, it contains commentary.",3111f8d5c24cb69de3d961af44c1e13e3396de0ad9210af33e86ccae84a9d931,b3cafd611eb4235742d864e926f408e0826cb00df50c78037df8b2f87f53bbc8,,,applied
1,156,Codex_Workstation,F_0224,dataset/fly_ball/Codex_Workstation/F_0224,clip_too_short,unchanged_unresolved,no,contact_gate_reject,0.290,0.390,,,1.995,2.000,0.005,7.007,7.007,recut_complete,3.100,,,line_drive,,no,line_drive,no,audio_candidate_bound,0.95,qwen3.5-omni-flash,contact_gate_reject,reject,False,True,False,False,0.9,qwen3.5-omni-flash-2026-03-15,The clip shows a wide shot of the outfield with multiple players running. The ball is already in flight and traveling towards the wall; no batter or swing action is visible within the frame.,The audio contains commentary ('...in into right center field') rather than a bat-ball crack sound.,"The visual content shows the aftermath of contact (ball in flight) rather than the pitch arrival and swing itself. Additionally, the audio does not contain the expected bat-ball crack.",f406996c83ca84ead8d981f5fe7c1c6cc9d924b830c0e3f21b85297fe4155190,8f341d5bd85d8909c25341283df72c4b3106e5ca5930354de06ff87595c0ef15,,,applied
1,157,Codex_Workstation,F_0225,dataset/fly_ball/Codex_Workstation/F_0225,contact_timestamp_wrong,unchanged_unresolved,no,contact_gate_reject,0.800,0.900,,,1.425,1.430,0.005,7.014,7.014,recut_complete,0.000,,,fly,,no,fly,no,audio_candidate_bound,0.95,qwen3.5-omni-flash,contact_gate_reject,reject,False,True,False,False,0.9,qwen3.5-omni-flash-2026-03-15,"The batter is shown in the middle of his swing at the end of the clip (approx. 1.3s-1.4s), but the ball is not visible and there is no visual indication of contact being made within the provided excerpt duration.","The audio consists of a commentator saying 'He's open at first and now' followed by crowd noise, with no discernible bat-ball crack.",Visual evidence does not show contact; audio evidence does not contain a bat-ball crack.,c56012eef8fa77ffe841c840d6073ac66b920af559e2b04ba27f4775ffa66f66,73864a8db483a5af8ad350cb480f6aaea2f1d06e70cb8fe9a04b851031ba133c,,,applied
1,158,Codex_Workstation,F_0226,dataset/fly_ball/Codex_Workstation/F_0226,contact_timestamp_wrong,recut_and_retime,yes,,0.800,0.950,0.315,0.415,0.365,0.370,0.005,7.014,12.385,recut_partial_context,0.000,0.000,12.385,fly,fly,no,fly,no,audio_candidate_bound,0.95,qwen3.5-omni-flash,contact_gate_pass,confirm,True,True,True,False,0.95,qwen3.5-omni-flash-2026-03-15,"At approximately 0.37 seconds into the clip, the batter (wearing an orange jersey) is seen completing a full swing as the baseball makes contact with the bat near home plate. The ball is deflected upward immediately after impact.","A sharp, high-frequency 'crack' sound consistent with a wooden or metal bat striking a baseball occurs at 0.365 seconds, coinciding with the visual contact.",,e5d446a90dfb48b832f605c57525647cd5531b4ab50d480ba534fe89b31ed757,1a0047a9a43c32f72c45321c57c4e75043e0c9446d4b9e62cb7c9901d86a9d32,e5d446a90dfb48b832f605c57525647cd5531b4ab50d480ba534fe89b31ed757,1a0047a9a43c32f72c45321c57c4e75043e0c9446d4b9e62cb7c9901d86a9d32,applied
1,159,Codex_Workstation,F_0227,dataset/fly_ball/Codex_Workstation/F_0227,contact_timestamp_wrong,unchanged_unresolved,no,contact_gate_reject,0.400,0.600,,,1.955,1.960,0.005,7.006,7.006,recut_complete,3.840,,,fly,,no,fly,no,audio_candidate_bound,0.95,qwen3.5-omni-flash,contact_gate_reject,reject,False,True,False,False,0.95,qwen3.5-omni-flash-2026-03-15,The clip shows a static view of the scoreboard in the outfield stands with no batter visible at home plate. The camera does not capture a pitch arrival or a swing.,"A commentator shouts 'third and!', which is part of a play-by-play description rather than a bat-ball crack sound.","The visual excerpt fails to show a batter swinging at a pitch, making it impossible to confirm a bat-ball contact event.",978f524062aad37f39e380741a52985672583ae189607dfb50aa6daf99679857,364d1436da6c604965bc044020df613cd6d8089995d5d84f545d91994eb460d3,,,applied
1,160,Codex_Workstation,F_0228,dataset/fly_ball/Codex_Workstation/F_0228,clip_too_short,recut_and_retime,yes,,1.080,1.180,1.075,1.175,1.125,1.130,0.005,7.014,13.145,recut_complete,0.000,0.000,13.145,fly,fly,no,fly,no,audio_candidate_bound,0.95,qwen3.5-omni-flash,contact_gate_pass,confirm,True,True,True,False,0.95,qwen3.5-omni-flash-2026-03-15,"At 0.7s in the clip, the batter is seen making contact with the ball as it arrives from the pitcher; the bat connects squarely with the ball and the batter begins his follow-through motion immediately after.","A sharp, distinct crack sound consistent with a baseball bat striking a pitched ball is audible at approximately 0.7s, coinciding with the visual contact.",,e05aa6e899d29b5aabdef79469fcd486e64d3522a85b4011542b704fe7195f85,75627193666fbddd6d8ccad64c9ecc623763c9a94a9c1cf0de20647d02e55d2a,e05aa6e899d29b5aabdef79469fcd486e64d3522a85b4011542b704fe7195f85,75627193666fbddd6d8ccad64c9ecc623763c9a94a9c1cf0de20647d02e55d2a,applied
1,161,Codex_Workstation,F_0229,dataset/fly_ball/Codex_Workstation/F_0229,clip_too_short,unchanged_unresolved,no,no_candidate_selected,0.000,0.090,,,,,,7.006,7.006,recut_complete,5.540,,,fly,,no,fly,no,no_candidate_selected,0.95,qwen3.5-omni-flash,,,,,,,,,,,,cf46425746639b0e76d93e6011277f3830efe2a7ef42998e93c80d6ef785f77f,a8382f684157d5825ffe8cb1c625ae33dbe6b19c62d12b78b4589f91cce3a1b8,,,applied
1,162,Codex_Workstation,F_0230,dataset/fly_ball/Codex_Workstation/F_0230,clip_too_short,unchanged_unresolved,no,contact_gate_reject,5.200,5.300,,,1.995,2.000,0.005,7.006,7.006,recut_partial_context,19.293,,,fly,,no,fly,no,audio_candidate_bound,0.95,qwen3.5-omni-flash,contact_gate_reject,reject,False,True,False,False,0.95,qwen3.5-omni-flash-2026-03-15,"The clip shows a pitcher delivering a pitch and the batter swinging at it, but the video cuts before contact is made or visible.",The audio contains only commentary ('two out') with no audible bat-ball impact sound.,"Visual contact between bat and ball is not visible in the clip, and there is no corresponding bat crack sound.",ecd1c53f9bb4c6de243184038d21c75095acfeca8fc170a9d52ab669afdaf203,81b941be3f631a7b80380b562854d5a0b0758a18b703f4ca0b927da57071eaf5,,,applied
1,163,Codex_Workstation,F_0231,dataset/fly_ball/Codex_Workstation/F_0231,contact_timestamp_wrong,unchanged_unresolved,no,contact_gate_reject,0.000,0.150,,,0.415,0.420,0.005,7.006,7.006,recut_complete,6.340,,,fly,,no,fly,no,audio_candidate_bound,0.95,qwen3.5-omni-flash,contact_gate_reject,reject,False,False,False,False,0.0,qwen3.5-omni-flash-2026-03-15,The video shows an outfielder running towards the wall in a wide shot; no batter is visible in the frame.,"The audio contains a commentator saying 'drives one to the wall' and crowd noise, but no distinct bat-ball crack sound.","No batter or swing is visible in the clip, and the audio does not contain a bat-ball impact sound.",2db6de45adaa6f06f0d803455ed20cd008880a3bc8010a1dfec8c9e2f776b21e,3d5803c6905feabfa355e7221ded0fcf5ddc5f52ce295e35b215c899d4cedf77,,,applied
1,164,Codex_Workstation,F_0232,dataset/fly_ball/Codex_Workstation/F_0232,contact_timestamp_wrong,unchanged_unresolved,no,no_candidate_selected,0.860,0.960,,,,,,7.006,7.006,recut_complete,8.980,,,fly,,no,uncertain,no,no_candidate_selected,0.95,qwen3.5-omni-flash,,,,,,,,,,,,bae02ffe56c354e2c2954d91808c480a68d55b88c643d0622cac0a9af1f73be7,921c468dad60740b199781f53283c14f5c03ed35cb93dcd92bfe62e57f1bd60d,,,applied
1,165,Codex_Workstation,F_0234,dataset/fly_ball/Codex_Workstation/F_0234,clip_too_short,unchanged_unresolved,no,contact_gate_reject,0.250,0.350,,,2.005,2.000,0.005,7.006,7.006,recut_complete,13.280,,,fly,,no,fly,no,audio_candidate_bound,0.92,qwen3.5-omni-flash,contact_gate_reject,reject,False,True,False,False,0.9,qwen3.5-omni-flash-2026-03-15,The clip shows a pitcher on the mound in the middle of his delivery motion (wind-up and arm acceleration). The batter is not yet fully set or swinging; the ball has not reached the plate within this short excerpt.,"The audio contains only commentary ('...ianos, you're able to') and stadium ambience. There is no bat-ball crack sound present.",Visuals show the pitch in flight but before contact could occur; audio does not contain the candidate sound (bat-ball crack).,5a9e7da9583d87a377a20b32ba49baa38a9d16513c78b1c039ed7507eac6f836,3141b25bf9dbc6b69bee6a50013529f45d36a41104360c9a7b86804fdddefbf5,,,applied
1,166,Codex_Workstation,F_0235,dataset/fly_ball/Codex_Workstation/F_0235,contact_timestamp_wrong,unchanged_unresolved,no,contact_gate_reject,1.980,2.080,,,1.995,2.000,0.005,7.007,7.007,recut_partial_context,13.760,,,fly,,no,fly,no,audio_candidate_bound,0.95,qwen3.5-omni-flash,contact_gate_reject,reject,False,True,False,False,0.9,qwen3.5-omni-flash-2026-03-15,The clip shows a wide shot of the baseball field with a pitcher throwing a pitch towards home plate. The batter is in stance but does not swing within the visible duration of the clip. No contact between bat and ball is shown.,The audio contains commentary ('...won 13 of their last') rather than a bat-ball crack sound.,"No visual contact (bat hitting ball) occurred in the clip, and the audio consists of commentary rather than a bat-ball impact sound.",2c413919a3dacf59c3ed480a6eaf97028980e51f7421316c048bd1abb2e4ce3b,7d3d7a4f8ce5ce5fec7c6fe8ce3d83364e9dfc39f595db829aa8ae79c7c25b28,,,applied
1,167,Codex_Workstation,F_0236,dataset/fly_ball/Codex_Workstation/F_0236,clip_too_short,unchanged_unresolved,no,contact_gate_reject,1.420,1.520,,,2.005,2.000,0.005,7.006,7.006,recut_partial_context,7.998,,,fly,,no,fly,no,audio_candidate_bound,0.92,qwen3.5-omni-flash,contact_gate_reject,reject,False,True,False,False,0.95,qwen3.5-omni-flash-2026-03-15,"The clip shows a pitcher in a red uniform throwing a pitch from the mound. The batter, wearing a white uniform with number 23, swings at the ball. The video ends immediately as the batter makes contact and begins his follow-through; the ball is not yet visible in flight.","The audio contains commentary stating 'Showing some hops Newman.' This is clearly broadcast commentary, not the sound of a bat hitting a ball.","The candidate sound is commentary, not a bat-ball crack.",0f1f285320a7bfe802c1eed585dcc79611e02a5b0a45d3fa1e65615c9f1f996d,30889798446a1b385cb0a023eb05bb1092c9578eafaeb94f8b4c1c8c0fc1dcc7,,,applied
1,168,Codex_Workstation,F_0237,dataset/fly_ball/Codex_Workstation/F_0237,contact_timestamp_wrong,recut_and_retime,yes,,0.800,0.900,1.635,1.735,1.685,1.740,0.055,7.007,11.562,recut_partial_context,1.180,0.000,11.562,line_drive,line_drive,no,line_drive,no,audio_candidate_bound,0.92,qwen3.5-omni-flash,contact_gate_pass,confirm,True,True,True,False,0.95,qwen3.5-omni-flash-2026-03-15,"At approximately 0.7s into the clip, the batter in the white uniform swings the bat and makes contact with the incoming pitch. The ball is seen deflecting off the bat.","A distinct, sharp 'crack' sound consistent with a baseball bat hitting a ball is heard at the moment of contact.",,0e7b62de7f41c259b6b4d8d1fbfd145b761d05bf56caf076be42ee286dacb9b7,b2ef88313d4e29b69d0bbb699320f9de012ce3bc21d00e467d5c9f30cbc599dc,0e7b62de7f41c259b6b4d8d1fbfd145b761d05bf56caf076be42ee286dacb9b7,b2ef88313d4e29b69d0bbb699320f9de012ce3bc21d00e467d5c9f30cbc599dc,applied
1,169,Codex_Workstation,F_0238,dataset/fly_ball/Codex_Workstation/F_0238,clip_too_short,unchanged_unresolved,no,contact_gate_reject,1.960,2.060,,,2.005,2.000,0.005,7.006,7.006,recut_complete,0.040,,,fly,,no,fly,no,audio_candidate_bound,0.95,qwen3.5-omni-flash,contact_gate_reject,reject,False,True,False,False,0.95,qwen3.5-omni-flash-2026-03-15,"The pitcher delivers the ball and the batter swings at the pitch. The clip ends just as the bat makes contact with the ball, but there is no visible follow-through or confirmation of a solid hit.",No bat-ball crack sound is audible in the clip; only ambient stadium noise and a faint voiceover are present.,"Visual contact is not fully captured within the clip duration, and no bat-ball crack sound is present.",69904268395ae4a292f1af051084189cbf97d4c923909585b52fa7e1e024e245,bd33f7d732214ff7bcd387af7a9ada1bfc5600feda936d3c5640b3b5838039d3,,,applied
1,170,Codex_Workstation,F_0239,dataset/fly_ball/Codex_Workstation/F_0239,clip_too_short,recut_and_retime,yes,,0.630,0.730,0.935,1.035,0.985,1.000,0.015,7.006,13.005,recut_complete,0.320,0.000,13.005,fly,fly,no,fly,no,audio_candidate_bound,0.95,qwen3.5-omni-flash,contact_gate_pass,confirm,True,True,True,False,0.95,qwen3.5-omni-flash-2026-03-15,"At approximately 0.6s into the clip, the batter (Gurriel Jr.) is seen swinging and making contact with the pitch. The bat connects with the ball, which is visible in flight immediately after impact.","A sharp, distinct 'crack' sound of a bat hitting a baseball occurs at approximately 0.7s, consistent with live play audio.",,b6280a2046fdacf08c76e87de2fcff25b6d26b4c176d66e08ad4d2e8c6af6f5c,efa484c044184dc42c2d1a75f594c4a5d5850be878ca46f95c73fe69c29b967f,b6280a2046fdacf08c76e87de2fcff25b6d26b4c176d66e08ad4d2e8c6af6f5c,efa484c044184dc42c2d1a75f594c4a5d5850be878ca46f95c73fe69c29b967f,applied
1,171,Codex_Workstation,F_0241,dataset/fly_ball/Codex_Workstation/F_0241,contact_timestamp_wrong,unchanged_unresolved,no,contact_gate_reject,0.050,0.150,,,0.775,0.780,0.005,7.007,7.007,recut_partial_context,0.280,,,fly,,no,fly,no,audio_candidate_bound,0.95,qwen3.5-omni-flash,contact_gate_reject,reject,False,True,False,False,0.0,qwen3.5-omni-flash-2026-03-15,The clip shows a pitcher on the mound and a batter in the box waiting for the pitch. The video ends before the ball reaches the plate or the batter swings.,A commentator says 'Chance for the Sox to pass.' There is no sound of a bat hitting a ball.,No contact between bat and ball is visible; the clip ends before the pitch arrives at the plate.,6d9be9f0d9b3caf225acd4d1b7043e1862b277fdaad66160e77fdce15d6fd125,0ae0d2e6925d581186486d0efca161e99b844b81bed82bc4dc831b585d91d899,,,applied
1,172,Codex_Workstation,F_0242,dataset/fly_ball/Codex_Workstation/F_0242,clip_too_short,recut_and_retime,yes,,1.940,2.040,1.945,2.045,1.995,2.000,0.005,7.006,14.000,recut_complete,1.440,1.445,15.445,fly,fly,no,fly,no,audio_candidate_bound,0.98,qwen3.5-omni-flash,contact_gate_pass,confirm,True,True,True,False,0.95,qwen3.5-omni-flash-2026-03-15,"At 0.7s, the batter (Jose Altuve) is in mid-swing, making contact with the ball which is seen leaving the bat barrel. The camera angle is from behind the pitcher, showing the live action.","A sharp, distinct 'crack' sound of a baseball bat hitting a ball occurs at approximately 0.7 seconds into the clip.",,1ec13ead68205495ab6d292cff132dfe1d5aca449658049b23f1d8930765f16f,bda2340d87ba516f742842c530aced45b877f394ceefd2e120269c4eb6153e55,1ec13ead68205495ab6d292cff132dfe1d5aca449658049b23f1d8930765f16f,bda2340d87ba516f742842c530aced45b877f394ceefd2e120269c4eb6153e55,applied
1,173,Codex_Workstation,F_0243,dataset/fly_ball/Codex_Workstation/F_0243,contact_timestamp_wrong,recut_and_retime,yes,,1.060,1.160,1.935,2.035,1.985,2.000,0.015,7.000,7.755,recut_partial_context,1.589,0.834,8.589,fly,fly,no,fly,no,audio_candidate_bound,0.95,qwen3.5-omni-flash,contact_gate_pass,confirm,True,True,True,False,0.95,qwen3.5-omni-flash-2026-03-15,"At 0.7s, the batter in the grey uniform is shown making contact with the ball; the bat is at the point of impact and beginning its follow-through motion towards the right side of the frame.","A sharp, distinct crack of a baseball bat striking a ball is heard clearly at the moment of visual contact.",,0c0644cc995297021ebff361b82739a0240d1c288cec92dc0835a90241b08fcd,c323d9e48940bc5d1bdacc67a338d3ba46662c09eab68de0cc7668e9a55185a5,0c0644cc995297021ebff361b82739a0240d1c288cec92dc0835a90241b08fcd,c323d9e48940bc5d1bdacc67a338d3ba46662c09eab68de0cc7668e9a55185a5,applied
1,174,Codex_Workstation,F_0244,dataset/fly_ball/Codex_Workstation/F_0244,clip_too_short,unchanged_unresolved,no,no_candidate_selected,0.210,0.310,,,,,,7.006,7.006,recut_complete,2.360,,,fly,,no,pop_fly,no,no_candidate_selected,0.95,qwen3.5-omni-flash,,,,,,,,,,,,8e5cd55a49881e2e5d358aa56148910533aff3a03376c41afd228c1d0b136f86,6752a8aa6caba447813fc3bb103c9f9b17a95b3dbfc2f3e41ac44e12bdc3b667,,,applied
1,175,Codex_Workstation,F_0246,dataset/fly_ball/Codex_Workstation/F_0246,clip_too_short,recut_and_retime,yes,,0.190,0.290,1.945,2.045,1.995,2.000,0.005,7.007,14.000,recut_complete,3.420,1.675,15.675,line_drive,line_drive,no,line_drive,no,audio_candidate_bound,0.95,qwen3.5-omni-flash,contact_gate_pass,confirm,True,True,True,False,0.95,qwen3.5-omni-flash-2026-03-15,"At approximately 0.7 seconds into the clip, the batter (wearing a light blue jersey) completes his swing as the ball makes contact with the bat. The bat is seen moving forward immediately after impact, and the ball is visible leaving the bat's sweet spot.","A sharp, distinct crack of a bat hitting a baseball occurs at roughly 0.7 seconds into the audio track, consistent with live contact during a pitch.",,72fa2c6e12b2b2b2f8619bee62409bb830813812338fae3201e334d1ddeedd1b,c3210b643a658335ed3dd331b0c8ee012016233eeb41388885c3a628494a5d4d,72fa2c6e12b2b2b2f8619bee62409bb830813812338fae3201e334d1ddeedd1b,c3210b643a658335ed3dd331b0c8ee012016233eeb41388885c3a628494a5d4d,applied
1,176,Codex_Workstation,F_0248,dataset/fly_ball/Codex_Workstation/F_0248,clip_too_short,unchanged_unresolved,no,contact_gate_reject,1.960,2.060,,,2.005,2.010,0.005,7.006,7.006,recut_complete,1.420,,,fly,,no,fly,no,audio_candidate_bound,0.95,qwen3.5-omni-flash,contact_gate_reject,reject,False,True,False,False,0.9,qwen3.5-omni-flash-2026-03-15,The batter swings at the pitch but makes no contact; the ball is not struck by the bat in the visible clip.,No distinct bat-ball crack sound is present; only general crowd noise and broadcast ambience are audible.,"The visual evidence shows a swing without contact, and the audio lacks a bat-ball impact sound.",4a91965f675ea04de6c16a0cd88f48f1e7eb9a42e1249098ea5ac346b4cd711e,2477c964070a57a863b08c0807c334688f0f7d48de17f90c5280e595005b8397,,,applied
1,177,Codex_Workstation,F_0249,dataset/fly_ball/Codex_Workstation/F_0249,clip_too_short,recut_and_retime,yes,,1.640,1.740,1.635,1.735,1.685,1.700,0.015,7.014,13.695,recut_complete,0.000,0.000,13.695,fly,fly,no,fly,no,audio_candidate_bound,0.95,qwen3.5-omni-flash,contact_gate_pass,confirm,True,True,True,False,0.95,qwen3.5-omni-flash-2026-03-15,"At approximately 0.7 seconds into the clip, the batter is seen making contact with the pitched ball. The bat connects squarely with the ball, and the batter immediately begins his follow-through motion. The camera angle captures the pitch arriving from the pitcher, the swing, and the point of contact.","A sharp, distinct 'crack' sound consistent with a baseball bat hitting a baseball is audible at the moment of contact, synchronized with the visual event.",,5a4bd6fc3401c0f5a9291a824bf4d177dae03a80424120bfb7d1a36713f28b6d,87562c7e036d059861b6405f08eb6fe61b87e58797b07d02b76213abfc7dc8d6,5a4bd6fc3401c0f5a9291a824bf4d177dae03a80424120bfb7d1a36713f28b6d,87562c7e036d059861b6405f08eb6fe61b87e58797b07d02b76213abfc7dc8d6,applied
1,178,Codex_Workstation,F_0250,dataset/fly_ball/Codex_Workstation/F_0250,clip_too_short,unchanged_unresolved,no,contact_gate_reject,1.020,1.120,,,2.005,2.000,0.005,7.007,7.007,recut_complete,2.480,,,fly,,no,fly,no,audio_candidate_bound,0.95,qwen3.5-omni-flash,contact_gate_reject,reject,False,True,False,False,0.9,qwen3.5-omni-flash-2026-03-15,"The batter is visible in the box and begins his swing as the pitch approaches. However, the clip ends before the bat makes contact with the ball; the ball is seen flying away from the plate area after the batter's follow-through, but no visual impact between bat and ball occurs within the provided excerpt.","A single sharp 'crack' sound of a bat hitting a ball is audible at approximately 0.7 seconds into the clip, which does not align with any visible contact event in the video.",The audio candidate (bat-ball crack) does not correspond to any visible bat-ball contact in the video footage.,f2061b9eb6be71df9ac4c3c6152468f502f09fd45ba4567395dfe5a9f4ce0266,72862f820129fbea159f65b81c0617d0d71bc3a3419db22d2cff50059b28336f,,,applied
1,179,Codex_Workstation,F_0251,dataset/fly_ball/Codex_Workstation/F_0251,clip_too_short,recut_and_retime,yes,,0.980,1.080,1.955,2.055,2.005,2.000,0.005,7.000,7.955,recut_partial_context,2.460,1.505,9.460,pop_fly,pop_fly,no,pop_fly,no,audio_candidate_bound,0.95,qwen3.5-omni-flash,contact_gate_pass,confirm,True,True,True,False,0.95,qwen3.5-omni-flash-2026-03-15,"At 0.7s, the batter is in the middle of his swing as the ball reaches the plate; the bat makes visible contact with the ball, and the batter begins to follow through.","A sharp, distinct 'crack' sound consistent with a baseball bat hitting a ball occurs at approximately 0.7 seconds into the clip.",,b84d8d2a034fd2fa6ea63cfc947a322cfc8f9edafc317820a6cc66df5c6e5133,cbda10e1fcd57fa0157e0ba3d303b7e851a49d99d79875da0260b46d2f05a10c,b84d8d2a034fd2fa6ea63cfc947a322cfc8f9edafc317820a6cc66df5c6e5133,cbda10e1fcd57fa0157e0ba3d303b7e851a49d99d79875da0260b46d2f05a10c,applied
1,180,Codex_Workstation,F_0252,dataset/fly_ball/Codex_Workstation/F_0252,clip_too_short,unchanged_unresolved,no,no_candidate_selected,0.130,0.230,,,,,,7.007,7.007,recut_complete,8.740,,,fly,,no,uncertain,no,no_candidate_selected,1.0,qwen3.5-omni-plus,,,,,,,,,,,,cf7b1117c93508e05b94bc444a986cbc2ea8614f7000f8ecd0b9630974c26c7a,4c9662b3616ae860c8718eeb01dabad76da813123103000e0defd6a1f32fc157,,,applied
1,181,Codex_Workstation,F_0254,dataset/fly_ball/Codex_Workstation/F_0254,contact_timestamp_wrong,unchanged_unresolved,no,contact_gate_reject,0.800,1.000,,,2.005,2.000,0.005,7.006,7.006,recut_complete,7.060,,,fly,,no,fly,no,audio_candidate_bound,0.95,qwen3.5-omni-flash,contact_gate_reject,reject,False,False,False,False,0.95,qwen3.5-omni-flash-2026-03-15,"The clip shows two outfielders (wearing white uniforms with red accents) running in the outfield towards a fly ball. The camera tracks their movement and the ball's flight path. There is no batter visible, no pitch arrival, and no swing or contact action.",A male commentator says 'Reynolds the call' over background stadium crowd noise. No bat-ball crack is audible.,The excerpt shows an outfield play (fly ball catch attempt) rather than a batter swinging at a pitch. No visual contact between bat and ball occurs.,f0a1db12c0cc77745e8ecc63cf724b41602d48d82f051bde88ee16e57a5cf0b4,099b1532bdf24f59f971c6b416466bb618160fc44f89a9e5578da9fd440cfc7d,,,applied
1,182,Codex_Workstation,F_0255,dataset/fly_ball/Codex_Workstation/F_0255,clip_too_short,recut_and_retime,yes,,1.960,2.060,1.945,2.045,1.995,2.000,0.005,7.006,9.943,recut_partial_context,1.420,1.435,11.378,fly,fly,no,fly,no,audio_candidate_bound,0.95,qwen3.5-omni-flash,contact_gate_pass,confirm,True,True,True,False,0.95,qwen3.5-omni-flash-2026-03-15,"At approximately 0.7 seconds into the clip, the pitcher releases the ball, and the batter swings, making clear contact with the ball. The bat is seen striking the ball, followed by the immediate follow-through of the swing.","A sharp, distinct crack sound consistent with a baseball bat hitting a ball is heard at the moment of contact.",,23458a03178a659f986a49c05c637f3a4a9bf44fcce45419a60745ec785b941f,0e126f789146475d55871ea004a70ca3811e5db5b4c1a2e14f89c546a8d2ed49,23458a03178a659f986a49c05c637f3a4a9bf44fcce45419a60745ec785b941f,0e126f789146475d55871ea004a70ca3811e5db5b4c1a2e14f89c546a8d2ed49,applied
1,183,Codex_Workstation,F_0257,dataset/fly_ball/Codex_Workstation/F_0257,clip_too_short,unchanged_unresolved,no,contact_gate_reject,1.780,1.880,,,1.825,1.840,0.015,7.014,7.014,recut_complete,0.000,,,fly,,no,fly,no,audio_candidate_bound,0.95,qwen3.5-omni-flash,contact_gate_reject,reject,False,True,False,False,0.9,qwen3.5-omni-flash-2026-03-15,"The batter swings at the pitch in the clip, but the bat misses the ball entirely; no contact is visible.",No bat-ball crack sound is present; only ambient stadium noise and a brief audio fragment.,"Visual evidence shows the batter missing the ball; no contact occurred, so the candidate sound cannot be a bat-ball crack.",bb56685ba7df9a43f8bb26b0ba0f0cc116ba23b40b8356b12e640c6c4ad893d6,a63dfae9168c3f1b94060c8f5400237bcd2e81ae6202160867a66281cd2ae8a2,,,applied
1,184,Codex_Workstation,F_0258,dataset/fly_ball/Codex_Workstation/F_0258,contact_timestamp_wrong,recut_and_retime,yes,,0.270,0.370,1.945,2.045,1.995,2.000,0.005,7.006,12.199,recut_complete,3.240,1.325,13.524,fly,fly,no,fly,no,audio_candidate_bound,0.95,qwen3.5-omni-flash,contact_gate_pass,confirm,True,True,True,False,0.95,qwen3.5-omni-flash-2026-03-15,"At approximately 0.7 seconds into the clip, the batter is seen making contact with the ball as it arrives at home plate. The bat connects with the ball and the batter immediately begins his follow-through motion. The ball is visible moving away from the bat.","A sharp, distinct crack of a baseball bat hitting a ball is audible, coinciding precisely with the visual moment of contact.",,99caba10614c1621ba8c05b5fcf6b36b807e0c2e115190a57832c9a9226ee1ae,6b7cb52ae84be7f63e6febb08dd4185e6d683eeba7cc217d85505312600d36e6,99caba10614c1621ba8c05b5fcf6b36b807e0c2e115190a57832c9a9226ee1ae,6b7cb52ae84be7f63e6febb08dd4185e6d683eeba7cc217d85505312600d36e6,applied
1,185,Codex_Workstation,F_0260,dataset/fly_ball/Codex_Workstation/F_0260,clip_too_short,unchanged_unresolved,no,contact_gate_reject,1.980,2.080,,,2.005,2.000,0.005,7.006,7.006,recut_complete,0.220,,,fly,,no,pop_fly,no,audio_candidate_bound,0.95,qwen3.5-omni-flash,contact_gate_reject,reject,False,True,False,False,0.9,qwen3.5-omni-flash-2026-03-15,The pitcher releases the ball at 00:00. The batter begins a swing at approximately 00:01.2. The clip ends before contact is made or the bat passes the plate.,"The audio contains crowd noise and stadium ambience, but no distinct bat-ball crack sound.",Visual contact is not shown; the clip cuts off before the swing completes.,9e73655cc2ec04a60a00c4d25e648dfa3d95b9c4d8f558669f7d1b6d2146278b,b3cefeb9e26384c6d3a0c65ee11195da623f6bc6fc9b61d759fbee0344c8925c,,,applied
1,186,Codex_Workstation,F_0261,dataset/fly_ball/Codex_Workstation/F_0261,clip_too_short,unchanged_unresolved,no,contact_gate_reject,1.960,2.060,,,1.995,2.000,0.005,7.006,7.006,recut_complete,0.340,,,fly,,no,fly,no,audio_candidate_bound,0.95,qwen3.5-omni-flash,contact_gate_reject,reject,False,True,False,False,0.0,qwen3.5-omni-flash-2026-03-15,The pitcher releases the ball at 00:00. The batter begins his swing around 00:00.5. The clip ends abruptly at 00:01.4 before the bat makes contact with the ball or completes its swing. No contact is visible.,A male announcer says 'on the three two here as this...' over stadium ambience. There is no audible bat-ball crack.,"No visual contact between bat and ball occurs within the clip duration, and there is no corresponding audio evidence of a bat crack.",9bced7c03781e66f91912891f5280eebb8fd100b6fb67b721dbe95d4f8bd7a41,43014b3f484a5ec179c0f00115c75f419bd6a7ab5beb17abe3d8657c97ea7902,,,applied
1,187,Codex_Workstation,F_0264,dataset/fly_ball/Codex_Workstation/F_0264,contact_timestamp_wrong,unchanged_unresolved,no,contact_gate_reject,0.000,0.150,,,1.545,1.500,0.045,7.007,7.007,not_required,1.780,,,line_drive,,no,line_drive,no,audio_candidate_bound,0.95,qwen3.5-omni-flash,contact_gate_reject,reject,False,True,False,False,0.9,qwen3.5-omni-flash-2026-03-15,"The clip shows a batter swinging at a pitch, but the video cuts to an outfielder catching the ball before any bat-ball contact is visible. The visual sequence ends with the catch.",The audio contains crowd noise and a commentator saying 'And a line drive caught.' There is no audible bat crack.,"No bat-ball contact is visible in the clip as it cuts to the catch, and the audio does not contain a bat crack.",990f4cebeabfa7e3ec16912ffeadd8a0a5bb346cdd0f08f22eaf13dcc7bc7e80,0f99e4ca235a89df273345422d454f4d074c640873a4a6d04e20c19afdca240b,,,applied
1,188,Codex_Workstation,F_0265,dataset/fly_ball/Codex_Workstation/F_0265,contact_timestamp_wrong,unchanged_unresolved,no,contact_gate_reject,0.000,0.100,,,2.005,2.005,0.000,7.007,7.007,recut_complete,4.680,,,fly,,no,fly,no,audio_candidate_bound,0.95,qwen3.5-omni-flash,contact_gate_reject,reject,False,True,True,False,0.0,qwen3.5-omni-flash-2026-03-15,"The clip shows a high-angle view of the left-field foul pole and the outfield wall with advertisements (Budweiser, GDI+, Inova). The camera is tracking a ball already in flight; no batter or swing is visible in the frame.",The audio contains an announcer saying 'back and kissed' over crowd noise. There is no distinct bat-ball crack sound present in this short excerpt.,"The visual content does not show a batter swinging or making contact; it only shows the ball in flight. Therefore, the condition requiring visible contact cannot be met.",9fd172c3a7241df64e685c00ba57784e67d054cf1154982d60f141be72d4c26d,645905db386d5b494382e93f3cd7056154063b4857a40f8400ad8033fd2932e3,,,applied
1,189,Codex_Workstation,F_0267,dataset/fly_ball/Codex_Workstation/F_0267,clip_too_short,unchanged_unresolved,no,contact_gate_reject,1.980,2.080,,,1.995,2.000,0.005,7.006,7.006,recut_complete,1.440,,,fly,,no,fly,no,audio_candidate_bound,0.95,qwen3.5-omni-flash,contact_gate_reject,reject,False,True,False,False,0.95,qwen3.5-omni-flash-2026-03-15,The clip shows the pitcher releasing the ball and the batter swinging at the incoming pitch. The video cuts off before contact is made or the ball leaves the bat.,"A commentator says 'to hit the three one fly', indicating the outcome of the play rather than a bat-ball impact sound.","The visual evidence does not show the moment of contact between the bat and the ball; the swing is shown but the clip ends before contact occurs. Additionally, the audio is commentary describing the play, not the sound of the bat hitting the ball.",818a1ebcf6e0cf125f7999b6b297a6f22ff0c4512cb96d890792661470428e52,442e2ffdf9df0134dce1fd7609fd5ea7323d74f95c4da3eaefaa95594315c50c,,,applied
1,190,Codex_Workstation,F_0268,dataset/fly_ball/Codex_Workstation/F_0268,clip_too_short,unchanged_unresolved,no,contact_gate_reject,1.960,2.060,,,1.995,2.000,0.005,7.007,7.007,recut_partial_context,1.460,,,fly,,no,fly,no,audio_candidate_bound,0.95,qwen3.5-omni-flash,contact_gate_reject,reject,False,True,False,False,0.95,qwen3.5-omni-flash-2026-03-15,The clip shows a pitcher throwing a baseball and the batter swinging at it. The video cuts off before any contact between the bat and ball can be seen.,The audio contains crowd noise and stadium ambience but no distinct sound of a bat hitting a ball.,No visual or audible evidence of bat-ball contact is present in the excerpt.,467273a7749366ed06eaa1c563fc3384aa14f2e92c1154d650f3715d26083525,1240fab31ba2ccb3e50cc7b20ce2a8084abab35147220b95b1b8059cee15f732,,,applied
1,191,Codex_Workstation,F_0269,dataset/fly_ball/Codex_Workstation/F_0269,clip_too_short,recut_and_retime,yes,,1.960,2.060,1.945,2.045,1.995,2.000,0.005,7.007,14.000,recut_complete,1.380,1.395,15.395,fly,fly,no,fly,no,audio_candidate_bound,0.95,qwen3.5-omni-flash,contact_gate_pass,confirm,True,True,True,False,0.95,qwen3.5-omni-flash-2026-03-15,"At approximately 0.7s into the clip, the batter (wearing a teal jersey) is seen completing his swing as the ball makes contact with the bat, sending it towards the infield. The pitcher in red has already released the ball.","A sharp, distinct crack of wood hitting a baseball is audible at 0.7s, consistent with a live pitch being struck by the batter.",,218d3cfcba9812515946f938267961d12adcd0f6812efe443b905b1c36bec6c0,0ff4ec327e70cf95eda2a62f6a07421c6b514f473de80086fa44cc0518f7cff9,218d3cfcba9812515946f938267961d12adcd0f6812efe443b905b1c36bec6c0,0ff4ec327e70cf95eda2a62f6a07421c6b514f473de80086fa44cc0518f7cff9,applied
1,192,Codex_Workstation,F_0270,dataset/fly_ball/Codex_Workstation/F_0270,clip_too_short,recut_and_retime,yes,,0.270,0.370,1.715,1.815,1.765,1.770,0.005,7.007,13.785,recut_complete,1.460,0.000,13.785,line_drive,line_drive,no,line_drive,no,audio_candidate_bound,0.95,qwen3.5-omni-plus,contact_gate_pass,confirm,True,True,True,False,0.95,qwen3.5-omni-flash-2026-03-15,"At 00:00.6-00:00.8, the batter in the white uniform (number 5) swings the bat and makes contact with the incoming pitch; the ball is seen moving off the bat immediately after impact.","A sharp, distinct 'crack' sound consistent with a baseball bat striking a ball occurs at approximately 0.7 seconds into the clip.",,5f16a6ff32b50efe9c19b2ca22b76d029fe9a20c8be5fc79db0256496f21c69a,2f928067eb6dee3ffdf004fff85f3e8933ac5b92c9808ee6b9af0a9887153d4f,5f16a6ff32b50efe9c19b2ca22b76d029fe9a20c8be5fc79db0256496f21c69a,2f928067eb6dee3ffdf004fff85f3e8933ac5b92c9808ee6b9af0a9887153d4f,applied
1,193,Codex_Workstation,F_0271,dataset/fly_ball/Codex_Workstation/F_0271,clip_too_short,recut_and_retime,yes,,0.370,0.470,1.935,2.035,1.985,2.000,0.015,7.006,8.832,recut_partial_context,3.060,1.485,10.317,line_drive,line_drive,no,line_drive,no,audio_candidate_bound,0.95,qwen3.5-omni-flash,contact_gate_pass,confirm,True,True,True,False,0.95,qwen3.5-omni-flash-2026-03-15,"At 00:00.7 in the clip, the batter is seen completing a full swing and making contact with the baseball. The ball is visible leaving the bat at this moment.","A sharp, distinct 'crack' sound consistent with a wooden bat hitting a baseball occurs at approximately 00:00.7, coinciding with the visual contact.",,6cdae3a7ee0a5cf569d5a70e0eb2d14df8f8a87c0b7f70229d2a6c36df22b2cd,920e6bdf0175078ec91e44473d37fff4962995bf229242ae11d3cfff22d33078,6cdae3a7ee0a5cf569d5a70e0eb2d14df8f8a87c0b7f70229d2a6c36df22b2cd,920e6bdf0175078ec91e44473d37fff4962995bf229242ae11d3cfff22d33078,applied
1,194,Codex_Workstation,F_0273,dataset/fly_ball/Codex_Workstation/F_0273,clip_too_short,recut_and_retime,yes,,1.960,2.060,1.945,2.045,1.995,2.000,0.005,7.006,8.785,recut_partial_context,1.340,1.365,10.150,fly,fly,no,fly,no,audio_candidate_bound,0.95,qwen3.5-omni-flash,contact_gate_pass,confirm,True,True,True,False,0.95,qwen3.5-omni-flash-2026-03-15,"At approximately 0.7 seconds into the clip, the batter is seen completing a swing as the baseball makes contact with the bat near home plate. The ball is visible moving away from the bat immediately after impact.","A sharp, distinct crack of a bat hitting a baseball is audible at the moment of contact.",,20ddf35bf49734bd856acfddfa7bfcac95224d9bff7bcbba009b7639ffc8b1d3,c13ba2767233ba821f1d2e8f1329f8eceb8a1217133293508448ce06da99fd34,20ddf35bf49734bd856acfddfa7bfcac95224d9bff7bcbba009b7639ffc8b1d3,c13ba2767233ba821f1d2e8f1329f8eceb8a1217133293508448ce06da99fd34,applied
1,195,Codex_Workstation,F_0275,dataset/fly_ball/Codex_Workstation/F_0275,clip_too_short,recut_and_retime,yes,,1.960,2.060,1.945,2.045,1.995,2.000,0.005,7.006,9.941,recut_partial_context,1.540,1.555,11.496,fly,fly,no,fly,no,audio_candidate_bound,0.98,qwen3.5-omni-flash,contact_gate_pass,confirm,True,True,True,False,0.95,qwen3.5-omni-flash-2026-03-15,"At 00:00.7, the batter is in the middle of a swing, making contact with the baseball as it arrives at the plate. The bat connects with the ball, and the batter immediately begins his follow-through motion.","A sharp, distinct crack of a wooden bat hitting a baseball is audible, consistent with live play contact.",,2dc6a0e0cdd03cf3bd7641867cdbc9b57272ce74748103bebbfeaa16d43036fe,b85b8e05feac9c018a7c4abb5803df32e96f7035008a1ef6d4f778cced91b876,2dc6a0e0cdd03cf3bd7641867cdbc9b57272ce74748103bebbfeaa16d43036fe,b85b8e05feac9c018a7c4abb5803df32e96f7035008a1ef6d4f778cced91b876,applied
1,196,Codex_Workstation,F_0277,dataset/fly_ball/Codex_Workstation/F_0277,clip_too_short,recut_and_retime,yes,,0.510,0.610,1.915,2.015,1.965,2.000,0.035,7.006,9.726,recut_partial_context,1.420,0.000,9.726,fly,fly,no,fly,no,audio_candidate_bound,0.95,qwen3.5-omni-flash,contact_gate_pass,confirm,True,True,True,False,1.0,qwen3.5-omni-flash-2026-03-15,"At 0.7s, the batter is in mid-swing making contact with the ball; the bat connects with the ball and the batter completes the swing.",A sharp crack of a bat hitting a baseball is audible at approximately 0.7 seconds.,,9b7d8549183fd05f16887246a8c80d069b24b0dbe97e600b7043489927ae79d0,12399593ad7192a4827e299ffb4357a180063e060632a8fd78ece703d64e4aa2,9b7d8549183fd05f16887246a8c80d069b24b0dbe97e600b7043489927ae79d0,12399593ad7192a4827e299ffb4357a180063e060632a8fd78ece703d64e4aa2,applied
1,197,Codex_Workstation,F_0278,dataset/fly_ball/Codex_Workstation/F_0278,clip_too_short,recut_and_retime,yes,,1.940,2.040,1.945,2.045,1.995,2.000,0.005,7.007,14.000,recut_complete,1.460,1.465,15.465,fly,fly,no,fly,no,audio_candidate_bound,0.95,qwen3.5-omni-flash,contact_gate_pass,confirm,True,True,True,False,0.95,qwen3.5-omni-flash-2026-03-15,"At 0.7s, the batter (wearing a white uniform with red sleeves) is seen completing the swing as the ball makes contact with the bat; the bat is visibly in motion and the ball is just leaving the barrel.","A sharp, percussive crack consistent with a bat striking a baseball, occurring at approximately 0.7 seconds into the clip.",,a68b8ad0cd731373d25087419ed0fda5b0fb7771f1bff5f4a5f7aa530a55dd69,c1dfd175bde6b7945efa25b14021a9104428c2d35526724474b2d30485876237,a68b8ad0cd731373d25087419ed0fda5b0fb7771f1bff5f4a5f7aa530a55dd69,c1dfd175bde6b7945efa25b14021a9104428c2d35526724474b2d30485876237,applied
1,198,Codex_Workstation,F_0279,dataset/fly_ball/Codex_Workstation/F_0279,contact_timestamp_wrong,recut_and_retime,yes,,0.100,0.300,1.945,2.045,1.995,2.000,0.005,7.006,8.407,recut_partial_context,3.460,2.065,10.472,line_drive,line_drive,no,line_drive,no,audio_candidate_bound,0.95,qwen3.5-omni-flash,contact_gate_pass,confirm,True,True,True,False,0.95,qwen3.5-omni-flash-2026-03-15,"At 00:00.6-00:00.8, the batter (wearing a grey uniform) is seen completing a swing as the ball makes contact with the bat; the bat is visible moving through the zone and the ball appears to be in flight immediately after impact.","A sharp, distinct 'crack' sound of a bat hitting a baseball occurs at approximately 00:00.7, consistent with live play audio.",,0e2d370147f5f7b02e15be90cbbae851aafadf8c4041bb0632f8c6200a644666,3802b221a13aa61cbb5a33786dff78d84ae6dd9ee068885b877c21d2b876abce,0e2d370147f5f7b02e15be90cbbae851aafadf8c4041bb0632f8c6200a644666,3802b221a13aa61cbb5a33786dff78d84ae6dd9ee068885b877c21d2b876abce,applied
1,199,Codex_Workstation,F_0281,dataset/fly_ball/Codex_Workstation/F_0281,contact_timestamp_wrong,unchanged_unresolved,no,contact_gate_reject,0.500,0.700,,,1.995,2.000,0.005,7.007,7.007,recut_partial_context,5.080,,,line_drive,,no,line_drive,no,audio_candidate_bound,0.92,qwen3.5-omni-flash,contact_gate_reject,reject,False,True,False,False,0.95,qwen3.5-omni-flash-2026-03-15,The clip shows a pitcher on the mound throwing a pitch and a batter swinging at the ball. The video ends just as the bat makes contact with the ball or immediately after; there is no clear view of the ball leaving the bat.,A sharp 'crack' sound consistent with a bat hitting a baseball.,Visual contact is not clearly visible within the short excerpt provided.,ae8f16ded4715d7e440ab6f979399845325a73b71be7d9bf3ef4ead2e937f526,71872f27f08e70aab93a939e126d705dc26214310dfa50080ed77c60e9ef092b,,,applied
1,200,Codex_Workstation,F_0283,dataset/fly_ball/Codex_Workstation/F_0283,clip_too_short,recut_and_retime,yes,,1.960,2.060,1.945,2.045,1.995,2.000,0.005,7.007,14.000,recut_complete,0.780,0.805,14.805,fly,fly,no,fly,no,audio_candidate_bound,0.98,qwen3.5-omni-flash,contact_gate_pass,confirm,True,True,True,False,0.95,qwen3.5-omni-flash-2026-03-15,"At approximately 0.7 seconds into the clip, the batter (Altuve) makes clear contact with the incoming pitch, shown by the bat connecting with the ball and the immediate follow-through of the swing.","A sharp, distinct bat-ball crack sound is heard at 0.7 seconds, consistent with a live hit in baseball.",,1ef8e8ad6b50458e24cb7c960b0ea7124afdfd62ef4f927274b57434a71973d8,fb873f5bd43d80c0d721130aff1067f9dcd6bc57e9cc050bb1537ad1f4cdf7e7,1ef8e8ad6b50458e24cb7c960b0ea7124afdfd62ef4f927274b57434a71973d8,fb873f5bd43d80c0d721130aff1067f9dcd6bc57e9cc050bb1537ad1f4cdf7e7,applied
1,201,Codex_Workstation,F_0284,dataset/fly_ball/Codex_Workstation/F_0284,clip_too_short,recut_and_retime,yes,,1.560,1.660,1.555,1.655,1.605,1.610,0.005,5.488,13.615,recut_complete,0.000,0.000,13.615,fly,fly,no,fly,no,audio_candidate_bound,0.95,qwen3.5-omni-flash,contact_gate_pass,confirm,True,True,True,False,1.0,qwen3.5-omni-flash-2026-03-15,"At approximately 0.6s-0.8s, the batter in the white uniform with red trim swings the bat and makes contact with the incoming pitch. The ball is visible moving away from the bat immediately after impact.","A sharp, distinct crack of a bat hitting a baseball occurs at roughly 0.7s into the clip, consistent with live contact.",,5b42e101bd5e1dd83b24570bbd7447e5f8e24edc3d019e89d9620b1c6e7d1b1d,c9f10dadf7adf177cd5144c5e97a166187063d05fc32ce0774d30bff8ce8c072,5b42e101bd5e1dd83b24570bbd7447e5f8e24edc3d019e89d9620b1c6e7d1b1d,c9f10dadf7adf177cd5144c5e97a166187063d05fc32ce0774d30bff8ce8c072,applied
1,202,Codex_Workstation,F_0285,dataset/fly_ball/Codex_Workstation/F_0285,clip_too_short,recut_and_retime,yes,,1.020,1.120,1.015,1.115,1.065,1.080,0.015,7.014,13.085,recut_complete,0.000,0.000,13.085,fly,fly,no,fly,no,audio_candidate_bound,0.95,qwen3.5-omni-flash,contact_gate_pass,confirm,True,True,True,False,0.95,qwen3.5-omni-flash-2026-03-15,"At 0.0s, the pitcher releases the ball; at approximately 0.7s, the batter swings and makes solid contact with the ball, visible as a distinct bat-ball impact followed by the start of the swing follow-through.","A sharp, loud crack consistent with a baseball bat striking a pitched ball is heard at around 0.7s, matching the visual timing.",,8fc19658968c0ab241d149aa61f547d448732fc7294c1496794e4ceefd0972ca,02b811bf15942edcd018b497f8cd6826145283f6ebb5efbe7c10be98f8809987,8fc19658968c0ab241d149aa61f547d448732fc7294c1496794e4ceefd0972ca,02b811bf15942edcd018b497f8cd6826145283f6ebb5efbe7c10be98f8809987,applied
1,203,Codex_Workstation,F_0286,dataset/fly_ball/Codex_Workstation/F_0286,clip_too_short,unchanged_unresolved,no,contact_gate_reject,1.320,1.420,,,2.785,2.800,0.015,7.014,7.014,recut_complete,0.000,,,fly,,no,fly,no,audio_candidate_bound,0.95,qwen3.5-omni-flash,contact_gate_reject,reject,False,True,False,False,0.95,qwen3.5-omni-flash-2026-03-15,The clip shows the pitcher throwing a pitch and the batter swinging at it. The video ends immediately as the bat makes contact with the ball; there is no visible follow-through or confirmation of the hit in this short excerpt.,A male announcer says 'line drive to right center' before the sound of the bat hitting the ball occurs. The audio candidate (if any) corresponds to commentary rather than the bat crack itself within the provided timeframe.,"The visual evidence does not show the full swing or immediate follow-through required for confirmation. Additionally, the audio appears to be commentary ('line drive to right center') rather than the bat-ball contact sound.",b3f0374919fc9976a1aeb03602e164db309c8bcdbb73b3424c2fcc4172b3f4db,90a46e10bdc6794922c4baabdaa3b10e9a331e3fb4a57cf08632e180d54a83f5,,,applied
1,204,Codex_Workstation,F_0287,dataset/fly_ball/Codex_Workstation/F_0287,contact_timestamp_wrong,unchanged_unresolved,no,contact_gate_reject,0.100,0.200,,,1.975,1.975,0.000,3.086,3.086,recut_complete,2.660,,,fly,,no,fly,no,audio_candidate_bound,0.95,qwen3.5-omni-flash,contact_gate_reject,reject,False,True,True,False,0.0,qwen3.5-omni-flash-2026-03-15,The clip shows a wide shot of the baseball field with runners on base and an outfielder running; no batter is visible in the frame during this segment.,A male announcer says 'Going to the air to left center field pretty...',No visual contact between bat and ball is visible in the clip; the excerpt focuses on the ball's flight and the fielders' reaction rather than the swing itself.,5a4d7075726444e3b36a6fa18486fdf5fc9652877d40a3ce7e6e982d834f5b6b,3f24809a384495861b207af18a162e9a2765f44652b44b06e43a78ed0c8c6cba,,,applied
1,205,Codex_Workstation,F_0288,dataset/fly_ball/Codex_Workstation/F_0288,clip_too_short,recut_and_retime,yes,,1.970,2.070,1.945,2.045,1.995,2.000,0.005,7.006,14.000,recut_complete,0.140,0.175,14.175,fly,fly,no,fly,no,audio_candidate_bound,0.95,qwen3.5-omni-flash,contact_gate_pass,confirm,True,True,True,False,0.95,qwen3.5-omni-flash-2026-03-15,"At approximately 0.7 seconds into the clip, the batter in the white uniform swings and makes contact with the incoming pitch. The bat connects with the ball, and the batter begins his follow-through motion.","A sharp, distinct crack of a baseball bat hitting a ball is audible at the moment of contact.",,0fe98ae3a377f83e6334a73f152e804db3741474ede4c50d5155c91699bf327e,51153c28f252678fa7bab96e88ec290b229cd4980c6af986980e38907466eaec,0fe98ae3a377f83e6334a73f152e804db3741474ede4c50d5155c91699bf327e,51153c28f252678fa7bab96e88ec290b229cd4980c6af986980e38907466eaec,applied
1,206,Codex_Workstation,F_0289,dataset/fly_ball/Codex_Workstation/F_0289,clip_too_short,unchanged_unresolved,no,contact_gate_reject,1.430,1.530,,,1.465,1.470,0.005,7.014,7.014,recut_complete,0.000,,,fly,,no,fly,no,audio_candidate_bound,0.95,qwen3.5-omni-plus,contact_gate_reject,reject,False,True,False,False,0.95,qwen3.5-omni-flash-2026-03-15,The clip shows the pitcher releasing the ball and the batter swinging at a pitch that is still in flight or just arriving at the plate. The clip ends before any contact can be visually confirmed.,The audio contains commentary ('Everyone's going to see those numbers') rather than a bat-ball crack sound.,"No visual contact between bat and ball is visible in the excerpt, and the audible content is commentary, not a bat-ball impact sound.",6609cedb043d17971b78ed87b0cd87adba24f15d9f89db9f59e032c76e10c948,f93c105286156cb399f222cece8db59cd07a12678c0ee532ff460469333c2f29,,,applied
1,207,Codex_Workstation,F_0290,dataset/fly_ball/Codex_Workstation/F_0290,clip_too_short,recut_and_retime,yes,,1.670,1.770,1.665,1.765,1.715,1.720,0.005,7.014,13.735,recut_complete,0.000,0.000,13.735,fly,fly,no,fly,no,audio_candidate_bound,0.95,qwen3.5-omni-flash,contact_gate_pass,confirm,True,True,True,False,0.95,qwen3.5-omni-flash-2026-03-15,"At approximately 0.6-0.8 seconds into the clip, the batter in the right-handed box swings the bat and makes clear contact with the incoming pitch. The ball is seen deflecting off the bat towards the field immediately after impact.","A sharp, distinct 'crack' sound characteristic of a baseball bat hitting a baseball occurs at approximately 0.7 seconds, perfectly synchronized with the visual contact.",,cbc0fb0d9402c9a76cdbc1884e1ad80b5e0e15a7f6cdd7f8c441eb73344e9ce2,b927ed1449a7aa767aa6dded9edae5e1475483bb1f827d4d16b248b15f2ea58b,cbc0fb0d9402c9a76cdbc1884e1ad80b5e0e15a7f6cdd7f8c441eb73344e9ce2,b927ed1449a7aa767aa6dded9edae5e1475483bb1f827d4d16b248b15f2ea58b,applied
1,208,Codex_Workstation,F_0291,dataset/fly_ball/Codex_Workstation/F_0291,clip_too_short,unchanged_unresolved,no,contact_gate_reject,1.970,2.070,,,1.995,2.000,0.005,5.598,5.598,recut_complete,1.100,,,fly,,no,fly,no,audio_candidate_bound,0.95,qwen3.5-omni-flash,contact_gate_reject,reject,False,True,False,False,0.95,qwen3.5-omni-flash-2026-03-15,The clip shows a pitcher throwing a pitch and a batter swinging at the ball. The video cuts off immediately after the swing begins; there is no visual evidence of the bat making contact with the ball within this excerpt.,The audio contains only the announcer saying 'Next pitch from Disclafani' and does not contain a bat-ball crack sound.,"No visible bat-ball contact occurred in the clip, and the audio candidate is commentary, not a bat crack.",9235bea935ebca5356c6db38d223462eb2d4a5c1cab309abba78b62a69387437,97a2889cd89415e794ac79c1a0a78b5b1d45e8d76c9bf4cd6b733e649cfa2047,,,applied
1,209,Codex_Workstation,F_0292,dataset/fly_ball/Codex_Workstation/F_0292,clip_too_short,recut_and_retime,yes,,1.970,2.070,1.955,2.055,2.005,2.000,0.005,7.007,14.000,recut_complete,3.600,3.615,17.615,fly,fly,no,fly,no,audio_candidate_bound,0.95,qwen3.5-omni-flash,contact_gate_pass,confirm,True,True,True,False,0.95,qwen3.5-omni-flash-2026-03-15,"At 0.7 seconds into the clip, the batter (wearing a grey uniform with number 2) is seen making contact with the ball as it arrives at the plate. The bat connects with the ball, and the batter begins his follow-through motion immediately after impact.","A sharp, distinct crack of a baseball bat hitting a ball is audible at approximately 0.7 seconds, consistent with live play audio.",,daa75d4abd56e95fe56fa61fdafb4d6b7d6986a2a1ec0bf9d0f77dd10091a449,f14eb8fc017bb5b89f0d8d17d2e77b791cffb66e623a1ec6443cc29958218013,daa75d4abd56e95fe56fa61fdafb4d6b7d6986a2a1ec0bf9d0f77dd10091a449,f14eb8fc017bb5b89f0d8d17d2e77b791cffb66e623a1ec6443cc29958218013,applied
1,210,Codex_Workstation,F_0293,dataset/fly_ball/Codex_Workstation/F_0293,clip_too_short,unchanged_unresolved,no,contact_gate_reject,4.350,4.450,,,1.995,2.000,0.005,7.007,7.007,recut_complete,1.400,,,fly,,no,fly,no,audio_candidate_bound,0.95,qwen3.5-omni-flash,contact_gate_reject,reject,False,True,False,False,0.95,qwen3.5-omni-flash-2026-03-15,The clip shows a wide shot of the stadium scoreboard and crowd. The batter is visible in the on-deck circle or dugout area but does not swing at a pitch within this excerpt. No contact between bat and ball is shown.,No bat-ball crack sound is present. The audio consists of ambient stadium noise and commentary.,The visual sequence does not show a batter swinging and making contact with the ball. The clip ends before any pitch is delivered to the plate or swung at.,d7bd7adec3bec8fba1c3e4307daae2617ebb68b80f5faad5df1ee9924ace4996,6960c7082bddb9b86780d3647782746dfa5e8fd07b139c6240587cbb908b3b7c,,,applied
1,211,Codex_Workstation,F_0294,dataset/fly_ball/Codex_Workstation/F_0294,clip_too_short,unchanged_unresolved,no,contact_gate_reject,1.970,2.070,,,2.005,2.000,0.005,7.007,7.007,recut_complete,2.480,,,fly,,no,fly,no,audio_candidate_bound,0.95,qwen3.5-omni-flash,contact_gate_reject,reject,False,False,True,False,0.95,qwen3.5-omni-flash-2026-03-15,"The clip shows a wide shot of the outfield with an outfielder running towards the wall and a fly ball in flight. The batter is not visible in the frame, nor is there any visual evidence of a swing or bat-ball contact occurring within the excerpt.","A commentator exclaims 'To left field, forget it!' indicating a home run or deep fly ball has just occurred. There is no audible bat crack sound.","The video excerpt captures the aftermath of the hit (ball flight/outfield reaction) rather than the live pitch, swing, and contact. The batter is not visible, and the audio does not contain the sound of bat-ball contact.",5108716e909bf992aa983b88e67e0288cb1c4ad313f0125f8197c9b0a1ae0dc2,bde1e1e544b252ae7c7746132596f7d2ad6b587efc1971cb0a08e0463d058845,,,applied
1,212,Codex_Workstation,F_0295,dataset/fly_ball/Codex_Workstation/F_0295,clip_too_short,unchanged_unresolved,no,no_candidate_selected,4.030,4.130,,,,,,7.000,7.000,recut_partial_context,5.372,,,fly,,no,uncertain,no,no_candidate_selected,0.95,qwen3.5-omni-flash,,,,,,,,,,,,2c5aff3e1c080381c91495ce7267ebfcd7df7fa5b179a379b3facaac2b0f2ef6,758cbc5c52f39e777b12994246bff8736c9de5ba578905e476b4a230cb585475,,,applied
1,213,Codex_Workstation,F_0296,dataset/fly_ball/Codex_Workstation/F_0296,clip_too_short,recut_and_retime,yes,,1.970,2.070,1.955,2.055,2.005,2.000,0.005,7.007,14.000,recut_complete,1.480,1.505,15.505,fly,fly,no,fly,no,audio_candidate_bound,0.95,qwen3.5-omni-flash,contact_gate_pass,confirm,True,True,True,False,0.95,qwen3.5-omni-flash-2026-03-15,"At 0.7s, the batter (wearing a white uniform with red trim) is in mid-swing, making contact with the ball; the bat is visible connecting with the ball, and the batter's follow-through is captured immediately after.","A sharp, distinct bat-ball crack sound occurs at approximately 0.7s, consistent with a live pitch being hit by the batter.",,bb40edd5f0e805449cc9483b6d2ac3b925818cb286775ee9e55125c9a23f3337,1b8cde4ff843fc860be4dc4ef70e42c6a64e65d52282b8f3efbc384e2151860d,bb40edd5f0e805449cc9483b6d2ac3b925818cb286775ee9e55125c9a23f3337,1b8cde4ff843fc860be4dc4ef70e42c6a64e65d52282b8f3efbc384e2151860d,applied
1,214,Codex_Workstation,F_0297,dataset/fly_ball/Codex_Workstation/F_0297,clip_too_short,unchanged_unresolved,no,contact_gate_reject,1.030,1.130,,,1.065,1.070,0.005,7.014,7.014,recut_complete,0.000,,,fly,,no,fly,no,audio_candidate_bound,0.95,qwen3.5-omni-flash,contact_gate_reject,reject,False,True,False,False,0.0,qwen3.5-omni-flash-2026-03-15,The clip shows the pitcher releasing the ball and the batter beginning his swing. The video cuts off before the bat makes contact with the ball.,"A sharp sound is heard, but it corresponds to the visual moment of the pitch arrival or a glove impact, not a bat-ball crack, as no contact occurs visually.",The visual evidence does not show the bat making contact with the ball; the clip ends just before contact would occur.,6beef715e2155941aa84ee4a81c7801c42a5fb1e3dcc1448f22778dc398b361a,767f3c74373990cfdb40faf3954d502cb540e5d3aa30bbf93aa204ba4510107a,,,applied
1,215,Codex_Workstation,F_0298,dataset/fly_ball/Codex_Workstation/F_0298,clip_too_short,unchanged_unresolved,no,contact_gate_reject,1.970,2.070,,,2.005,2.010,0.005,7.006,7.006,recut_complete,15.920,,,fly,,no,fly,no,audio_candidate_bound,0.92,qwen3.5-omni-flash,contact_gate_reject,reject,False,True,False,False,0.9,qwen3.5-omni-flash-2026-03-15,"The clip shows a wide shot of the baseball field with a pitcher on the mound and a batter at the plate. The ball is in flight towards the batter, but the clip ends before the batter makes contact or swings.","The audio contains a commentator saying 'He's going to long way' which is clearly commentary, not a bat-ball crack.","No visual contact between bat and ball occurs within the clip duration, and the audible content is commentary rather than a bat-ball impact sound.",5d21284f790a7395a6668a0a374414db915b33118ce3580a7a45c4eae4703c06,687335539728e0188b5f7811b79a1afd5c788934bceb18fe0fc4cee52b811c36,,,applied
1,216,Codex_Workstation,F_0299,dataset/fly_ball/Codex_Workstation/F_0299,clip_too_short,unchanged_unresolved,no,no_candidate_selected,1.970,2.070,,,,,,7.007,7.007,recut_partial_context,11.740,,,fly,,no,uncertain,no,no_candidate_selected,0.95,qwen3.5-omni-flash,,,,,,,,,,,,fe24fc5c99cc1cbbc692769c783917ad0e3f855de0abb2cc0b09deca0de03bf7,d77423c9ddecd6ab377a4779e3bc13c94f4dea09fe1d1fb0b2a010e7135b4308,,,applied
1,217,Codex_Workstation,F_0300,dataset/fly_ball/Codex_Workstation/F_0300,clip_too_short,unchanged_unresolved,no,no_candidate_selected,1.950,2.050,,,,,,7.006,7.006,recut_complete,12.420,,,fly,,no,other,no,no_candidate_selected,0.95,qwen3.5-omni-flash,,,,,,,,,,,,f4973e98a0d673f62b17813a811d914d93f015e3258e0d5ca8bdb7be7745619c,7d83f44e9105fc357399fec60f8314fa6fed52d6fca08218eca933e92265afa7,,,applied
1,218,Codex_Workstation,F_0301,dataset/fly_ball/Codex_Workstation/F_0301,clip_too_short,unchanged_unresolved,no,no_candidate_selected,1.950,2.050,,,,,,7.007,7.007,recut_complete,4.980,,,fly,,no,uncertain,no,no_candidate_selected,0.0,qwen3.5-omni-flash,,,,,,,,,,,,89d38a14d04c0afa293ab0f27d3faba574a58ea44ff1b039af770fd9c39b72bc,c9abaa7db8e125d975dd57542c1a1550c3a7f53de69bb6a9b6f50852c20a1c75,,,applied
1,219,Codex_Workstation,F_0303,dataset/fly_ball/Codex_Workstation/F_0303,clip_too_short,unchanged_unresolved,no,no_candidate_selected,1.950,2.050,,,,,,7.007,7.007,recut_complete,10.920,,,fly,,no,uncertain,no,no_candidate_selected,0.95,qwen3.5-omni-flash,,,,,,,,,,,,285e919b51b73fc7ebda0f493ac59b120ebedf2392f5768c573acd487d2216c1,ef685b96949fe8d195061a40ee8baa69373336e8defd853de5945edb0966374b,,,applied
1,220,Codex_Workstation,F_0305,dataset/fly_ball/Codex_Workstation/F_0305,contact_timestamp_wrong,unchanged_unresolved,no,contact_gate_reject,1.950,2.050,,,1.965,2.000,0.035,7.007,7.007,recut_complete,7.020,,,fly,,no,fly,no,audio_candidate_bound,0.95,qwen3.5-omni-flash,contact_gate_reject,reject,False,True,False,False,0.9,qwen3.5-omni-flash-2026-03-15,The clip shows the pitcher releasing the ball and the batter swinging. The clip ends just as the bat makes contact with the ball; there is no visible follow-through or subsequent ball flight within the excerpt.,"A commentator says 'And he skies it,' followed by crowd noise. There is no distinct bat-ball crack sound in the audio.","No bat-ball contact sound is present in the audio, and visual contact occurs at the very end of the clip (approx. 1.4s), which does not align with the candidate time of 0.7s.",37bdf84d09779ec973068c0358fe124fd5b878d61ec715d84b9cea8f3e356192,f423a842c03f8fafaf7d1aee0628f3250ef6dda0569a58cd91dfc9bd3a1f7044,,,applied
1,221,Codex_Workstation,F_0306,dataset/fly_ball/Codex_Workstation/F_0306,clip_too_short,unchanged_unresolved,no,contact_gate_reject,1.950,2.050,,,1.995,2.000,0.005,7.006,7.006,recut_complete,4.140,,,fly,,no,line_drive,no,audio_candidate_bound,0.95,qwen3.5-omni-flash,contact_gate_reject,reject,False,True,False,False,0.9,qwen3.5-omni-flash-2026-03-15,The clip shows a high-angle shot of the outfield where an outfielder is running towards a fly ball. The batter is not visible in the frame. No contact between bat and ball occurs within the visible duration.,"The audio contains crowd noise and an announcer saying 'center, Bichette back,' but there is no sound of a bat hitting a ball.","The visual evidence does not show a batter swinging or making contact with the ball; it only shows the aftermath (outfielder tracking a fly ball). Therefore, the candidate sound cannot be a bat-ball crack.",747ba7c189ec1c5ef437030d13e4e42dfaba0a1a2b98d76b0283ed9380fb924d,c133f5310f745bce73501997c751e97b3c34aee28e73813317cf6c9296525391,,,applied
1,222,Codex_Workstation,F_0307,dataset/fly_ball/Codex_Workstation/F_0307,contact_timestamp_wrong,unchanged_unresolved,no,contact_gate_reject,1.950,2.050,,,2.005,2.005,0.000,7.007,7.007,recut_complete,3.520,,,fly,,no,fly,no,audio_candidate_bound,0.95,qwen3.5-omni-flash,contact_gate_reject,reject,False,True,False,False,0.0,qwen3.5-omni-flash-2026-03-15,The clip shows a wide shot of the stadium and scoreboard with no visible batter or swing sequence. The camera is static on the outfield view.,A commentator says 'And it is gone' which implies the ball has already left the field of play; there is no bat crack sound present.,"The visual excerpt does not show a batter swinging or making contact. It only shows the aftermath (ball in flight/outfield) and the scoreboard. The audio commentary describes the result after the fact, not the moment of contact.",952e2d7e5a10712a4defadde0c5e24c8092b292189cd30d60fd415fd8eb7320c,10de02515c52a7c7729a57893bb05d78fe51ef499092931dc92b66209b0902a5,,,applied
1,223,Codex_Workstation,F_0308,dataset/fly_ball/Codex_Workstation/F_0308,clip_too_short,recut_and_retime,yes,,1.370,1.470,1.375,1.475,1.425,1.430,0.005,7.014,13.445,recut_complete,0.000,0.000,13.445,fly,fly,no,fly,no,audio_candidate_bound,0.95,qwen3.5-omni-flash,contact_gate_pass,confirm,True,True,True,False,0.95,qwen3.5-omni-flash-2026-03-15,"At 0.0s the pitcher releases the ball. By 0.7s the batter swings and makes contact with the ball, which is visible as it flies away from the plate.",A sharp 'crack' sound consistent with a bat hitting a baseball occurs at approximately 0.7 seconds into the clip.,,4685873ff9e5e608d33377e830e8838659393d89b38d8c99ff22a23fe8cd0168,dbc0320c10005e0e9df28a517394fcbd33902ea6ca85f1c3e2aaa32b54035714,4685873ff9e5e608d33377e830e8838659393d89b38d8c99ff22a23fe8cd0168,dbc0320c10005e0e9df28a517394fcbd33902ea6ca85f1c3e2aaa32b54035714,applied
1,224,Codex_Workstation,F_0309,dataset/fly_ball/Codex_Workstation/F_0309,clip_too_short,recut_and_retime,yes,,1.950,2.050,1.945,2.045,1.995,2.000,0.005,7.007,14.000,recut_complete,4.020,3.985,17.985,fly,fly,no,fly,no,audio_candidate_bound,0.95,qwen3.5-omni-flash,contact_gate_pass,confirm,True,True,True,False,0.95,qwen3.5-omni-flash-2026-03-15,"At 0.7s in the clip, the batter is seen making contact with the ball as it crosses the plate; the bat connects with the ball, and the batter's swing continues forward immediately after.","A sharp, distinct crack of a bat hitting a baseball is audible at approximately 0.7 seconds into the clip, matching the timing of the visual contact.",,59e7004887d030cabf6c9a814f33488f83f934e08c1d03a88f203f30c58e4f15,ee6add902fe90de5f4e8661d39c0021c6c144feb31ff9bb17e41b92d528972dc,59e7004887d030cabf6c9a814f33488f83f934e08c1d03a88f203f30c58e4f15,ee6add902fe90de5f4e8661d39c0021c6c144feb31ff9bb17e41b92d528972dc,applied
1,225,Codex_Workstation,F_0310,dataset/fly_ball/Codex_Workstation/F_0310,clip_too_short,unchanged_unresolved,no,contact_gate_reject,1.950,2.050,,,2.005,2.008,0.003,7.006,7.006,recut_complete,16.100,,,fly,,no,fly,no,audio_candidate_bound,0.95,qwen3.5-omni-flash,contact_gate_reject,reject,False,False,False,False,0.95,qwen3.5-omni-flash-2026-03-15,"The video shows a batter in a white uniform running towards first base after presumably hitting the ball. The clip captures the runner already in motion and does not show the pitch arriving, the swing, or any contact with the ball.","The audio contains crowd noise and commentary ('...to get that run back...'), but no distinct bat-ball crack sound is audible.","The visual content depicts a runner on base, not the live action of a pitch and swing with contact. Consequently, there is no visible bat-ball contact to confirm the candidate.",805dfbfdb9f86c4b4ef0cc3c8344337bbf877de3331d6cc167984c9b55e7e87f,89299fb12b49cbd25428c1f6848ecbd9abc804d04d22ed368a62309e3ac0880c,,,applied
1,226,Codex_Workstation,F_0312,dataset/fly_ball/Codex_Workstation/F_0312,clip_too_short,unchanged_unresolved,no,contact_gate_reject,1.950,2.050,,,0.725,0.720,0.005,7.007,7.007,recut_complete,9.620,,,fly,,no,fly,no,audio_candidate_bound,0.95,qwen3.5-omni-flash,contact_gate_reject,reject,False,False,False,False,1.0,qwen3.5-omni-flash-2026-03-15,The video shows an outfielder running in the background towards a ball that has already been hit and is in flight. No batter or bat swing is visible in the clip.,"The audio contains a commentator saying 'Kef into second', which is broadcast commentary describing the play's outcome, not a bat-ball crack sound.","The visual content does not show a batter swinging at a pitch; it only shows an outfielder reacting to a fly ball. The audio is commentary, not the sound of contact.",af8aa349042549e3b3dc68536f57b514f8b00553e7de040ca07df3e271993629,679898d373a5af0caf812a069f6358fcdc7e52843831f9fad263d7756bcdb601,,,applied
1,227,Codex_Workstation,F_0313,dataset/fly_ball/Codex_Workstation/F_0313,clip_too_short,unchanged_unresolved,no,no_candidate_selected,1.950,2.050,,,,,,7.006,7.006,recut_partial_context,6.140,,,fly,,no,fly,no,no_candidate_selected,0.0,qwen3.5-omni-flash,,,,,,,,,,,,203faa3bc37439578f96de68f1f745b7d501b368cbaba3b047d2415e0c2a2d09,affd094c204dc6a7a68baa22e0763b88dad9931d03b42f90678a2bea8b3a4261,,,applied
1,228,Codex_Workstation,F_0314,dataset/fly_ball/Codex_Workstation/F_0314,clip_too_short,unchanged_unresolved,no,no_candidate_selected,4.294,4.394,,,,,,7.006,7.006,recut_partial_context,19.176,,,fly,,no,uncertain,no,no_candidate_selected,0.95,qwen3.5-omni-flash,,,,,,,,,,,,cb42332a1347581d4b8214abe17a4792296b45d5eb632fd5fe835c9d70e0a9ec,b4e3f10ad71df6afbef19cc8b23276a198a942cf363095e4d15bdee9aeedf968,,,applied
1,229,Codex_Workstation,F_0315,dataset/fly_ball/Codex_Workstation/F_0315,contact_timestamp_wrong,unchanged_unresolved,no,contact_gate_reject,1.950,2.050,,,1.995,2.000,0.005,7.006,7.006,recut_complete,0.440,,,fly,,no,fly,no,audio_candidate_bound,0.95,qwen3.5-omni-flash,contact_gate_reject,reject,False,True,False,False,0.95,qwen3.5-omni-flash-2026-03-15,The clip shows a batter (Christian Vazquez) standing at the plate in a ready stance. The pitcher is visible on the mound but does not release the ball within the provided timeframe. No swing or contact occurs.,"A commentator says 'big two out hit', which sounds like post-play commentary or a recap rather than live action sound during the pitch sequence shown.",No bat-ball contact is visible; the clip ends before a pitch is delivered or a swing occurs.,fb5f3794fac7fb4efe8ef20e34e28692cf359bf0ae7b1c499be593c56475feeb,cd95c9955dd38ca7549e1bb7066c29ecfac2c9599772d35e066119d0239a4b74,,,applied
1,230,Codex_Workstation,F_0316,dataset/fly_ball/Codex_Workstation/F_0316,clip_too_short,recut_and_retime,yes,,1.950,2.050,1.955,2.055,2.005,2.005,0.000,7.006,14.000,recut_complete,6.480,6.495,20.495,fly,fly,no,fly,no,audio_candidate_bound,0.95,qwen3.5-omni-flash,contact_gate_pass,confirm,True,True,True,False,0.95,qwen3.5-omni-flash-2026-03-15,"At approximately 0.7 seconds into the clip, the batter (wearing a white uniform with red accents) is seen completing a full swing, making clear contact with the incoming baseball. The bat connects with the ball, and the batter immediately begins his follow-through motion.","A distinct, sharp 'crack' sound consistent with a wooden bat striking a baseball is audible at approximately 0.7 seconds into the clip, coinciding perfectly with the visual contact.",,e06ebd85146aa5b754f06cba8c857e9285d7fc1554dfe924e58ea81948c44c1c,5068e130b15388d0b83a625bd2a0970f04b9f69602fe8be99d215be0755c86ae,e06ebd85146aa5b754f06cba8c857e9285d7fc1554dfe924e58ea81948c44c1c,5068e130b15388d0b83a625bd2a0970f04b9f69602fe8be99d215be0755c86ae,applied
1,231,Codex_Workstation,F_0318,dataset/fly_ball/Codex_Workstation/F_0318,clip_too_short,unchanged_unresolved,no,contact_gate_reject,0.610,0.710,,,0.665,0.670,0.005,7.014,7.014,recut_partial_context,0.000,,,fly,,no,fly,no,audio_candidate_bound,0.95,qwen3.5-omni-flash,contact_gate_reject,reject,False,True,False,False,0.95,qwen3.5-omni-flash-2026-03-15,"The clip shows the pitcher releasing the ball and the batter beginning to swing, but the video cuts before any visible contact between bat and ball occurs.","A male voice announces 'Justin Robleski', which is commentary or a player introduction, not a bat-ball crack sound.","No visual contact between bat and ball is visible in the excerpt, and the audio consists of commentary rather than a bat-ball impact sound.",e31f00f7a994c1024d7f1c86e64ddc20cdef3aa5d7a0227a10e608af4bf5ea5e,deff3dbdc8ccc6155ab7581a5fd8aec2993d61517b99db65f50467347cd892ea,,,applied
1,232,Codex_Workstation,F_0319,dataset/fly_ball/Codex_Workstation/F_0319,source_recovery_required,unchanged_unresolved,no,contact_gate_reject,3.050,3.150,,,1.995,2.000,0.005,7.006,7.006,recut_partial_context,16.140,,,line_drive,,no,line_drive,no,audio_candidate_bound,0.9,qwen3.5-omni-flash,contact_gate_reject,reject,False,True,False,False,0.95,qwen3.5-omni-flash-2026-03-15,The clip shows a crowd shot and then cuts to an outfielder (wearing number 27) watching the ball fly into the stands; no batter is visible in the frame during this sequence.,"A male announcer says 'down 0-2', which is commentary describing the count, not a bat-ball impact sound.","The visual excerpt does not show a batter swinging or making contact; it shows an outfielder after the play has concluded. The audio is commentary, not a bat crack.",1d3a5351b1ed83172dfa5ccbf54d32b5597424adaffefd869e8fbe456331095c,b4c5f7ac2a5a8c773e93677db175788b3acca4a17951aa56a8a1bee4da87205e,,,applied
1,233,Codex_Workstation,F_0320,dataset/fly_ball/Codex_Workstation/F_0320,contact_timestamp_wrong,unchanged_unresolved,no,no_candidate_selected,1.950,2.050,,,,,,7.006,7.006,recut_complete,11.500,,,fly,,no,uncertain,no,no_candidate_selected,0.95,qwen3.5-omni-flash,,,,,,,,,,,,e2f5e56e12bf604f5a7d1ce775af4e9adc24350221592c8c51a658c67a655717,dd08ddf5271006e629ef9d5b64f23a05ca973f5b12ab94413c7878b25a878cf6,,,applied
1,234,Codex_Workstation,F_0322,dataset/fly_ball/Codex_Workstation/F_0322,contact_timestamp_wrong,unchanged_unresolved,no,no_candidate_selected,1.950,2.050,,,,,,7.006,7.006,recut_complete,6.680,,,line_drive,,no,uncertain,no,no_candidate_selected,0.0,qwen3.5-omni-flash,,,,,,,,,,,,e89fccd8390d29aa9b9a0199b7be8d19f37a7113cde845bf30bfa07f84563de6,46439f82af1350cd7ddb7db27a3a72745d810e3914a513d04e2364fa78628c38,,,applied
1,235,Codex_Workstation,F_0323,dataset/fly_ball/Codex_Workstation/F_0323,contact_timestamp_wrong,unchanged_unresolved,no,no_candidate_selected,1.950,2.050,,,,,,7.007,7.007,recut_complete,11.940,,,fly,,no,uncertain,no,no_candidate_selected,0.95,qwen3.5-omni-flash,,,,,,,,,,,,88081942f5a95fc0a71c383a2ad163199cc59935afcd4cbec424c001f055e58c,02f156c6e83c843987e88ff889d6fd33b0ef50f585fdebd8ba9e4546affe1b96,,,applied
1,236,Codex_Workstation,F_0324,dataset/fly_ball/Codex_Workstation/F_0324,source_recovery_required,unchanged_unresolved,no,no_candidate_selected,1.950,2.050,,,,,,7.007,7.007,recut_complete,5.300,,,line_drive,,no,uncertain,no,no_candidate_selected,0.95,qwen3.5-omni-flash,,,,,,,,,,,,b6cc190b26a0a54f64ae711b5f276f1556ba3968f169f173da7bd06749e72f18,ada14dc4b3afceca5029e30995288e4830d8b203d2b010701ab393c5d5d803fa,,,applied
1,237,Codex_Workstation,F_0325,dataset/fly_ball/Codex_Workstation/F_0325,clip_too_short,unchanged_unresolved,no,contact_gate_reject,1.950,2.050,,,2.005,2.000,0.005,7.006,7.006,recut_partial_context,19.620,,,fly,,no,fly,no,audio_candidate_bound,0.95,qwen3.5-omni-flash,contact_gate_reject,reject,False,True,False,False,0.0,qwen3.5-omni-flash-2026-03-15,"The clip shows a close-up of a baseball player in a Milwaukee Brewers jersey standing near the dugout or on-deck circle. He is not at the plate swinging; there is no batter visible, and no pitch sequence occurs.","A male voice says 'Right here' followed by crowd noise, but there is no sound of a bat striking a ball.","No batter is visible, and no swing or contact occurs in the clip. The candidate audio does not match any visual event.",36397770ee75a9f0143892b92fcf41d745940c1f7502633a6b4a432ff3e50da3,042cbebefd4e38af6d59d1bb1202749224ce3614f3421ac2591f007ff950d1e9,,,applied
1,238,Codex_Workstation,F_0326,dataset/fly_ball/Codex_Workstation/F_0326,contact_timestamp_wrong,unchanged_unresolved,no,no_candidate_selected,1.950,2.050,,,,,,7.007,7.007,not_required,15.960,,,line_drive,,no,uncertain,no,no_candidate_selected,0.9,qwen3.5-omni-flash,,,,,,,,,,,,c089e9db7007370a80c1d65d3b9e8371101a5d6656e62c4286a31cab9f40c03c,6dcf8f1e61dd7dbcf6a283b7e148dc0a01d46b43f7f5068df4e22ab2d0b1105f,,,applied
1,239,Codex_Workstation,F_0328,dataset/fly_ball/Codex_Workstation/F_0328,contact_timestamp_wrong,unchanged_unresolved,no,contact_gate_reject,2.990,3.090,,,1.225,1.225,0.000,7.006,7.006,not_required,9.500,,,line_drive,,no,line_drive,no,audio_candidate_bound,0.92,qwen3.5-omni-flash,contact_gate_reject,reject,False,True,False,False,0.95,qwen3.5-omni-flash-2026-03-15,"The video shows a batter in a live pitch sequence swinging at a ball. However, the clip ends before any contact between the bat and the ball is visible. The final frame shows the batter completing his swing with the ball already past him.","The audio contains a male announcer saying 'And Riley Green', which is commentary, not a bat-ball crack sound.","No visual contact between bat and ball is visible in the clip, and the audio candidate is commentary rather than a bat-ball impact sound.",ebbb67a5d927bc2ff12df6331e0588a47f86bcd5ad3427f2420c5fc5ec16914a,2a0b9ef5517ced837a8fe8c302d4ae9d07e0632a4a75c95da1c1c623fe0c0d6b,,,applied
1,240,Codex_Workstation,F_0330,dataset/fly_ball/Codex_Workstation/F_0330,contact_timestamp_wrong,unchanged_unresolved,no,no_candidate_selected,1.950,2.050,,,,,,7.007,7.007,recut_partial_context,16.180,,,fly,,no,uncertain,no,no_candidate_selected,0.95,qwen3.5-omni-flash,,,,,,,,,,,,82398324503b0e9098661064d64e40cd36bc8c44c7b68d549d0f8826dec222d4,b9635e90f7282e139f6d562c63d36514d2facd96b1adc18ab83780252b7f5e18,,,applied
1,241,Codex_Workstation,F_0331,dataset/fly_ball/Codex_Workstation/F_0331,contact_timestamp_wrong,unchanged_unresolved,no,audio_visual_time_mismatch,1.950,2.050,,,1.855,0.000,1.855,7.007,7.007,not_required,3.300,,,line_drive,,no,line_drive,no,audio_visual_time_mismatch,0.95,qwen3.5-omni-flash,,,,,,,,,,,,d13d1424c837aa6b6f01b3a98350194c3ccfaf5846634283f4b321ae1ded2111,1833feaa841bd93e8403504b27786596c865aa335ce47db4288f226cfbc1904c,,,applied
