repair_batch,repair_batch_index,collector,sample_id,main_relative_path,primary_error,result,changed,unresolved_reason,before_event_start,before_event_end,after_event_start,after_event_end,selected_candidate_time,visual_contact_time,audio_visual_offset,before_duration,after_duration,recut_status,source_clip_start_before,source_clip_start_after,source_clip_end_after,before_trajectory,after_trajectory,trajectory_changed,qwen_binding_status,qwen_confidence,qwen_model,before_video_sha256,before_audio_sha256,after_video_sha256,after_audio_sha256,apply_mode
1,1,Codex_Workstation,F_0001,dataset/fly_ball/Codex_Workstation/F_0001,clip_too_short,recut_and_retime,yes,,0.940,1.040,0.925,1.025,0.975,0.980,0.005,7.014,12.995,recut_complete,0.000,0.000,12.995,fly,fly,no,audio_candidate_bound,0.95,qwen3.5-omni-flash-2026-03-15,30b1b1750852195fc8ee8c29a03e4f1b08a5d7a444482ab51c6180d143fd4daf,8f7413b5ef12bba39ce684a7034fc69c60206fe457c043620d59b4663ccfa957,eb26303e22fa7aa3f577b5d88cae8cf00e2c0c0e27ad5163f5ac7291aab60162,440c1d7d1ed0118a6db43b56e576966bacc1f2f7b62b8dff53aacd7f4498e762,applied
1,2,Codex_Workstation,F_0002,dataset/fly_ball/Codex_Workstation/F_0002,clip_too_short,recut_and_retime,yes,,1.250,1.350,1.245,1.345,1.295,1.300,0.005,7.014,13.315,recut_complete,0.000,0.000,13.315,fly,fly,no,audio_candidate_bound,0.95,qwen3.5-omni-flash-2026-03-15,2115558c3cfc1f16299fb6d705249f1454ddfac47f0a68dc8daeec772ee31963,ef83b7e3513493bb22280cf4fe0631ebef996604cc59226504b171d55c958a32,87fcfd7e5efc3cfd49e8d75512c4e870be794614d6fd8a5f50dfb4124a5ceecb,8e248702ab326e3943dd23124187b92fdee5cf90e19df44028f4e4db0aa5fddb,applied
1,3,Codex_Workstation,F_0004,dataset/fly_ball/Codex_Workstation/F_0004,clip_too_short,recut_and_retime,yes,,3.400,3.500,1.955,2.055,2.005,2.000,0.005,7.014,14.000,recut_complete,0.000,1.435,15.435,line_drive,line_drive,no,audio_candidate_bound,0.95,qwen3.5-omni-flash-2026-03-15,fbf872fa4c7f1639c6ce25218885870236fcafd6b10178100bd778282e5ee607,94b5e4f6eb74e806d06305c1448cc08f517c168419c9abc96c82d55bb72f8fa9,f27faf32b109d0af428d617a9258913d23f8537aa8c62335b02f9659c828af40,5700ac0bc639161f257c3d9c3270f7f4b5f31b1c2b0611d3bbc120e7a65f91d4,applied
1,4,Codex_Workstation,F_0005,dataset/fly_ball/Codex_Workstation/F_0005,clip_too_short,recut_and_retime,yes,,1.580,1.680,1.575,1.675,1.625,1.630,0.005,7.014,13.635,recut_complete,0.000,0.000,13.635,fly,fly,no,audio_candidate_bound,0.95,qwen3.5-omni-flash-2026-03-15,7df8b6ff35d94edde95e666ae230beb8fbc0c92d5fcde758923a9eda7add7eff,5c070cb7a020b6e776e3a1b282a5a656137e804cbba8b18e01c4792b1e718fc4,b642960ef383031b024d5015d9f7b5a0b5351c8977ee4f0a9dc7532a37eb6059,dfd9640382aa714753f94311d681b9aa8aeb38b9fbcdf042af658fca117d0d20,applied
1,5,Codex_Workstation,F_0006,dataset/fly_ball/Codex_Workstation/F_0006,clip_too_short,recut_and_retime,yes,,0.790,0.890,0.785,0.885,0.835,0.840,0.005,7.014,12.845,recut_partial_context,0.000,0.000,12.845,pop_fly,pop_fly,no,audio_candidate_bound,0.95,qwen3.5-omni-flash-2026-03-15,9d8db8797c60247ba3409f864e2c27142129c9b80fa15bbc9a17d5ecc5726c06,10a56f3fb7d6dc5dcdde934a6b23f0e6713e1ed317cc16668e0953f50b329dcc,a93b2c74f570c7025b921b07065146e23e4576b6dcae10d863829d7fb1992b69,b8e3917adaf7438d103fc8a4e2421bca9674826e02eaf37a4122a38e51dfe162,applied
1,6,Codex_Workstation,F_0008,dataset/fly_ball/Codex_Workstation/F_0008,clip_too_short,recut_and_retime,yes,,3.400,3.500,1.945,2.045,1.995,2.000,0.005,7.007,14.000,recut_complete,0.000,1.465,15.465,fly,fly,no,audio_candidate_bound,0.95,qwen3.5-omni-flash-2026-03-15,d1493d82465282bc984c30c57602f9cbc6c754cd9e1ffbce13385a1249b398b0,dbfd306ac447935409bf6aa7bf7860a2ec576b0b903bf5d3ed6813314edcf141,8a7bda430686f40f2ef897844a67949312c83e35223e0a6c1003b6185ea75ef4,58f9e9748bb543cc4b39472eb8d0c05aeb1e1b34acd49c2c2928e2860aef13e4,applied
1,7,Codex_Workstation,F_0010,dataset/fly_ball/Codex_Workstation/F_0010,clip_too_short,recut_and_retime,yes,,3.390,3.490,1.955,2.055,2.005,2.000,0.005,7.007,14.000,recut_complete,0.000,1.455,15.455,line_drive,line_drive,no,audio_candidate_bound,0.95,qwen3.5-omni-flash-2026-03-15,bbc3b4250dc6ec6dc6ca284e036b64eda11c481aae0c2b6f768064c034ff12e3,a7b8c6e15c2ac8a2100ddc39142a59b3afbdbc3d88489571100a52014d28b9e0,9b1605303c76d5f26b93cd0899dbaa9a51ea0700e6aac3d255f57f7af7624097,cac1be9746cf44ee7a9c926dbd11e62a23fd7560e57c615f35b88129058335ad,applied
1,8,Codex_Workstation,F_0011,dataset/fly_ball/Codex_Workstation/F_0011,clip_too_short,recut_and_retime,yes,,1.060,1.160,1.055,1.155,1.105,1.120,0.015,7.014,13.125,recut_complete,0.000,0.000,13.125,fly,fly,no,audio_candidate_bound,0.95,qwen3.5-omni-flash-2026-03-15,6f79c704ed719f26e0f66a8ec271f9e8fac390c59cd4420478207ff956c4a5d3,fbc955b610229d9526bc19b6f8762e28ef98bb06f44429b6d1e87afb830316dd,2bbd352990510f29895767d93c9fea4c6894e103ce0f492c094091e2fb988a5c,48ba28c2203b53d14ae0c38c4a20e5c73411ca30c8d2312b435740cf7a688a00,applied
1,9,Codex_Workstation,F_0012,dataset/fly_ball/Codex_Workstation/F_0012,clip_too_short,recut_and_retime,yes,,3.370,3.470,1.965,2.065,2.015,2.030,0.015,7.015,14.000,recut_complete,0.000,1.435,15.435,line_drive,line_drive,no,audio_candidate_bound,0.98,qwen3.5-omni-flash-2026-03-15,0529674f696049cf92e043cbe3fb6b5e7d4acf095dedef7a6ab64832ca86485e,277f6e21b159871667948ac78e43634ac61936b26aaff410e42deb31a7484c38,0992c7bc8c2715da87f0ac486f26c7c5a81a5c3f082cbe8480dfcfcf020d4808,b5bd6c7cd1205040d2becf6661b06d2a5f125bcb29683313ad8b91314dc5f564,applied
1,10,Codex_Workstation,F_0013,dataset/fly_ball/Codex_Workstation/F_0013,clip_too_short,recut_and_retime,yes,,3.300,3.400,1.955,2.055,2.005,2.010,0.005,7.006,14.000,recut_complete,0.000,1.365,15.365,pop_fly,pop_fly,no,audio_candidate_bound,0.95,qwen3.5-omni-flash-2026-03-15,125d28deb86b66a958d49abfc48c99588d7092524a473def271fcd806cbb756e,fe3a7c23e90c6c62096f4923e6a732a3ea5eeb21de9d70ee29ce47afbceb4710,f7f4afa7ac29d22b92c841c4e80ec0a8450fb0be42e479822129de104da6eb39,27a6a4bc1da5420ade6060ecdd6e3b6b13cd4fe09ee3906b088d9c889092d9c3,applied
1,11,Codex_Workstation,F_0014,dataset/fly_ball/Codex_Workstation/F_0014,clip_too_short,recut_and_retime,yes,,1.090,1.190,1.085,1.185,1.135,1.140,0.005,7.014,13.155,recut_complete,0.000,0.000,13.155,fly,fly,no,audio_candidate_bound,0.95,qwen3.5-omni-flash-2026-03-15,430ad9a21ec0673a7def046ad31719d1b32839dbcdde039d9d79c67553a51617,fe6972be34a49add3fef734b663a2b7d7b990c705ae71d2305cacf58268334ce,e479b231921a9f727707ae2170dbd097dfd6cb86681b008f3157b091d312b8e0,ebb14e858c436061d572b70f83fd2015613dec9f7351e81a7e6bad1bb8b631d7,applied
1,12,Codex_Workstation,F_0016,dataset/fly_ball/Codex_Workstation/F_0016,clip_too_short,recut_and_retime,yes,,3.660,3.760,1.955,2.055,2.005,2.005,0.000,7.014,14.000,recut_complete,0.000,1.725,15.725,line_drive,fly,yes,audio_candidate_bound,0.95,qwen3.5-omni-flash-2026-03-15,830a36ec6240193faeefc062e173b7e8f3c120a32119d4477af4cc4aac16b84f,03aab816ffd0a3af0ad0629102f71e4da9e4eb2479b785bfc83b1e201865fd8d,9d3d42d614350f1d5d6fedda87a458b81724804f12b22046a00113a74e5a16c8,0aaef5e26a12777c2943c445583896228e79231256429e2d5258bef7b685f8f7,applied
1,13,Codex_Workstation,F_0018,dataset/fly_ball/Codex_Workstation/F_0018,clip_too_short,recut_and_retime,yes,,1.920,2.020,1.905,2.005,1.955,2.000,0.045,7.014,9.059,recut_partial_context,0.000,0.000,9.059,fly,fly,no,audio_candidate_bound,0.95,qwen3.5-omni-flash-2026-03-15,852b44b7980182cb85c4506133e52a823af06fb8ebe7f4edec633447f9235bab,8553cdfe512c0b8663353c6d83f0fa5c01ddd66370b466d2859e6de6e02715c0,d5188a51a3605780c6046a55e6e4ad3068a9a8828eed487d2dec174d466d0215,741114ad88ce9d3ab56f6579469f9ee4d4aef4d85f4ffff35ae5bae6a1590d81,applied
1,14,Codex_Workstation,F_0019,dataset/fly_ball/Codex_Workstation/F_0019,clip_too_short,recut_and_retime,yes,,3.980,4.120,1.945,2.045,1.995,2.000,0.005,7.014,14.000,recut_complete,0.000,2.015,16.015,line_drive,fly,yes,audio_candidate_bound,0.95,qwen3.5-omni-flash-2026-03-15,3effbf1cf7733dfa384fe798151ec49dd36455c9ed2cb454e648a8495fd8c72c,f7e6cb9e4b037482fab0118352475336c68055b39f46d0110059fbf1988026ae,aa87f52e34b9425aa0990996d5fe98362fe40250111b3b53d4ac372382658d92,7c7619d825cd7dfb7e5cb6d59c9275b6c5504f65d8368016bdbe516b4518a6ed,applied
1,15,Codex_Workstation,F_0022,dataset/fly_ball/Codex_Workstation/F_0022,clip_too_short,recut_and_retime,yes,,3.440,3.540,1.955,2.055,2.005,2.000,0.005,7.007,14.000,recut_complete,0.000,1.495,15.495,line_drive,line_drive,no,audio_candidate_bound,0.95,qwen3.5-omni-flash-2026-03-15,32d20ac127632c0095916cc1c80ecdb11bb3862690a9321f4207b006dac1c043,18e36940c9bb143bede2f0dc30393fc17347ecee31bf346b426baed82ce62e27,c1ade490fca54aa59218034d67d7fcb8d67df95ac01284c79898a0604875696d,0b2f14317aeefbcc586c3ae91930786eacb293fbf079205b288a5f2aefbeb146,applied
1,16,Codex_Workstation,F_0025,dataset/fly_ball/Codex_Workstation/F_0025,clip_too_short,recut_and_retime,yes,,0.960,1.060,0.945,1.045,0.995,1.000,0.005,7.014,13.015,recut_complete,0.000,0.000,13.015,fly,fly,no,audio_candidate_bound,0.95,qwen3.5-omni-flash-2026-03-15,c639e3813e844714333aee70665e81db47597ace4e765037df0e8a9cec9d2dbf,37d73bc2f3b31f6dd0d63845df9a7974611ea1c5fb0e58978d155f54fef8dbb1,3460599976a5f965f903a5715e030579d5433e5554ee0f88a7d1a2d4b3096bf2,68bc92bb77a29e48a75398f1320b050e1e3b94aab981ffb2f1ec64cd1f370690,applied
1,17,Codex_Workstation,F_0026,dataset/fly_ball/Codex_Workstation/F_0026,clip_too_short,recut_and_retime,yes,,2.300,2.400,1.945,2.045,1.995,2.000,0.005,7.014,14.000,recut_complete,0.000,0.355,14.355,fly,fly,no,audio_candidate_bound,0.95,qwen3.5-omni-flash-2026-03-15,857e343e19646f4c4ca24ce30660fe166d833c6426aade2a8be5d68eeb613d2c,aa1ddc208a4097b13f62aa095c8596a2aaff331663cf7c9447125941392e8e3d,c6d953766249de230a06590ef447ede66644e57a7e2746487729381d1e46164e,4017950eb24977ab6b1385d571f7e03f3e4ec6d2f768dee8c8ec821082635583,applied
1,18,Codex_Workstation,F_0027,dataset/fly_ball/Codex_Workstation/F_0027,contact_timestamp_wrong,recut_and_retime,yes,,0.590,0.690,0.685,0.785,0.735,0.740,0.005,7.014,12.755,recut_partial_context,0.000,0.000,12.755,line_drive,line_drive,no,audio_candidate_bound,0.95,qwen3.5-omni-flash-2026-03-15,ba7a3ed237b5609ca1b758734911e14f836e73e668888abf9a9c90abd6703389,9a0aeb6dae475b4059a7777ad387aa851c29e447c98e31d2c171ca7c19de5049,15e160dfccd660ee70d4d48dc21b8013b36dee281dd04da3fbb1a32663a31592,a14e465be8e4f034505e0232e936c54d06d5fe6a13441ed52a14ff79c992208c,applied
1,19,Codex_Workstation,F_0028,dataset/fly_ball/Codex_Workstation/F_0028,contact_timestamp_wrong,recut_and_retime,yes,,0.910,1.010,0.715,0.815,0.765,0.780,0.015,7.014,12.785,recut_partial_context,0.000,0.000,12.785,fly,fly,no,audio_candidate_bound,0.95,qwen3.5-omni-flash-2026-03-15,635b94b475e5e9f1208491f5994e5299b9c0b30d32303acc7d79212e789a237b,b4934063f62256c51ef02b71886771ab2a881fbef8bf98846a138093df8103b2,7be57c1663f6eb250e1abc616d0bd9ebe10fbef433a734b57660d29300ce7a0b,fb42d549e95be9a627527486679f33d0fe3f44b447c2eadb556965b8afe250ed,applied
1,20,Codex_Workstation,F_0029,dataset/fly_ball/Codex_Workstation/F_0029,clip_too_short,recut_and_retime,yes,,3.170,3.270,1.965,2.065,2.015,2.000,0.015,7.007,14.000,recut_complete,0.000,1.235,15.235,line_drive,line_drive,no,audio_candidate_bound,0.98,qwen3.5-omni-flash-2026-03-15,028a28e4a24ec45a39781100823b06f3a5cd618ecb19526556a9dd5ca7adb20d,f3f536f705fdcf3fbd510ee730124bea89d926dd843120ca23d6323768b45af7,f15e66eb3ae92e3dd8cb8f888b18f02dbbbfa08dc2732889f2c6938b046ff421,342aaf3cad4da84780968b7f816e46a48aba92d1983999a4cfd7d376be55f03a,applied
1,21,Codex_Workstation,F_0030,dataset/fly_ball/Codex_Workstation/F_0030,clip_too_short,recut_and_retime,yes,,4.670,4.770,1.965,2.065,2.015,2.015,0.000,7.007,14.000,recut_complete,0.000,2.785,16.785,line_drive,line_drive,no,audio_candidate_bound,0.95,qwen3.5-omni-flash-2026-03-15,aaf2de972b88f4eb62986ffac89c0a74877535db6eae75ecc595a91bf93b6930,6e0fa23848ca125db54a31083b2872881fba6e7517c7f6825361737e9e41683e,4d958d1ea3396f6ff17becaf977a1bda775547050269aa2f6c62d593f696c66c,5995f866ebe3467d77f45a64ad820bfc1dacf47a3bbfa8d6929a664cba3938ee,applied
1,22,Codex_Workstation,F_0032,dataset/fly_ball/Codex_Workstation/F_0032,clip_too_short,recut_and_retime,yes,,3.410,3.510,1.945,2.045,1.995,2.000,0.005,7.006,14.000,recut_complete,0.000,1.465,15.465,line_drive,line_drive,no,audio_candidate_bound,0.95,qwen3.5-omni-flash-2026-03-15,2cfd5707e669c21bc729900dd5b98b3599e2639f9fa0b1b16de69ea611150b4b,73f4061e35a156f3ea05432b574226fdff66613121e50c86e2f339da0a1e5f84,8fcdae08163da403602bae1f497461718819c9c9220782a837af70a693381f4c,ef79c00645a96051606df2d61f481b2da155eb3e5454437311798394977c21f1,applied
1,23,Codex_Workstation,F_0034,dataset/fly_ball/Codex_Workstation/F_0034,contact_timestamp_wrong,recut_and_retime,yes,,3.230,3.330,1.945,2.045,1.995,2.000,0.005,7.014,14.000,recut_complete,0.000,1.395,15.395,fly,fly,no,audio_candidate_bound,0.95,qwen3.5-omni-flash-2026-03-15,0f5eac3dddb0d0bebd71f8ced241052895c09ee9a6a1830ceafbe3fbae0e0b86,9b79fe3cf68e21a16edab348db5b1976a17a1d8b4f0726ddac338a733e6885f7,759d1d94d75ff9785caa2dcedf5095aae472014de286ae38c116b9ae95b41aca,7d77f719ebcf0d1618a6ee7046a80cdac7705355ca20591ac6da12877bcc789b,applied
1,24,Codex_Workstation,F_0035,dataset/fly_ball/Codex_Workstation/F_0035,clip_too_short,recut_and_retime,yes,,3.170,3.270,1.935,2.035,1.985,2.000,0.015,7.006,9.717,recut_partial_context,0.000,1.225,10.942,line_drive,line_drive,no,audio_candidate_bound,0.95,qwen3.5-omni-flash-2026-03-15,f7cfa7bcd88dfee180ee7bb0f7a9e7d0b1f5bc3789da51b5ef14aa90996b5e8a,9f2bc69c9de3f58191309f99daa0367f1dd230bab5cfd156c7695d2d86760e60,4f84eae0a4e241a9bcb3caad438e1955e71c8baf6d26dbad2a6be899e81bf595,9f0ef13d4ddb59ec703d5f575a3350cf4545467fa445836ec57dbb2d18cb91c9,applied
1,25,Codex_Workstation,F_0036,dataset/fly_ball/Codex_Workstation/F_0036,clip_too_short,recut_and_retime,yes,,3.410,3.510,1.955,2.055,2.005,2.005,0.000,7.012,14.000,recut_complete,0.000,1.505,15.505,line_drive,line_drive,no,audio_candidate_bound,0.95,qwen3.5-omni-flash-2026-03-15,ffeeb607f7e40a9b057e539898d79adbc2e198e4025c5647049fd87edb1988dc,c1bb5a54a611602b31986b319192ed7632a184c008f0a1c0a2eb9f88488753e2,8b5cdfe56677412e849b2a2af8a71500ae649d4fa20af46f76270c503cc8f394,162745a14d5baa22a2292351ef2cac59519360a1fed15fad340970f669960a29,applied
1,26,Codex_Workstation,F_0037,dataset/fly_ball/Codex_Workstation/F_0037,clip_too_short,recut_and_retime,yes,,1.600,1.700,1.585,1.685,1.635,1.650,0.015,7.014,13.655,recut_complete,0.000,0.000,13.655,fly,fly,no,audio_candidate_bound,0.95,qwen3.5-omni-flash-2026-03-15,fda6ddfb8898c1638fa57c5ebc3e9d9bcb28d6931971b18f4f733f27a50666c7,2a723ace70492262433d7e7244bc6fd1b881dc1eca9f29c01b57c1de6efb11aa,7b1c32772bdab539648ac9070e34fd7c75440a57ec7097e7f8388dc6017b5a96,2f76ff484fbd901595843cfc9734bf531db481da4c3e07bc92bba33cdb6c96c7,applied
1,27,Codex_Workstation,F_0040,dataset/fly_ball/Codex_Workstation/F_0040,contact_timestamp_wrong,recut_and_retime,yes,,0.883,0.983,0.755,0.855,0.805,0.820,0.015,7.014,12.825,recut_partial_context,0.000,0.000,12.825,pop_fly,pop_fly,no,audio_candidate_bound,0.95,qwen3.5-omni-flash-2026-03-15,be06f2ead4752fb12837a23bcf4e5a7a7f446ded5f11d29bdb6263ae26350e2a,6b845582ceaff7aa121d4a316479ba587a6320c785b0940db1b49298aad8df04,94dbdf3ac54b9f3ed0e35224bd3586d2a782f5397f8ddb66689989a2e1566466,9c4cff17db8c29a3e270184bc1c2d46aca79be6df5b6cac8eea197c9602351b4,applied
1,28,Codex_Workstation,F_0041,dataset/fly_ball/Codex_Workstation/F_0041,clip_too_short,recut_and_retime,yes,,3.390,3.490,1.955,2.055,2.005,2.000,0.005,7.006,10.426,recut_partial_context,0.000,1.455,11.881,fly,fly,no,audio_candidate_bound,0.95,qwen3.5-omni-flash-2026-03-15,dd49ede825599077a3bf26465dfcef21e5c1c0f6133d10c5655b0faaa7d49272,18b2a11218db3b3ec6726209564ac4c867bb6ac50fa3703b9f2202e7b47f1b5b,9e4b9e14afe66b95375b68a640769760b3d23186b7ee1d07240e57df697f1f77,93081e561fecee565b9ffbaa9961b1ae2fa0f20f2e5e1a9e7ec112a048d56bba,applied
1,29,Codex_Workstation,F_0043,dataset/fly_ball/Codex_Workstation/F_0043,clip_too_short,recut_and_retime,yes,,1.700,1.800,1.695,1.795,1.745,1.750,0.005,7.014,13.755,recut_complete,0.000,0.000,13.755,pop_fly,pop_fly,no,audio_candidate_bound,0.95,qwen3.5-omni-flash-2026-03-15,1715dd431f6da90e4bc836cc4182d94bcf70d7ca6cf5511ce09ce4216dc791b6,60ca573ea007f4192f53c91b32a5868958e4e5e9e7348213fa14ef2563d92e73,5ea8d39835b8eec74743a458098b9473058a453ebc5b8b75068a00a8da64215f,33e99dc8af2ba04af84a97b22502db4a3e0023d95cf43029cdd8b6be8e321c79,applied
1,30,Codex_Workstation,F_0044,dataset/fly_ball/Codex_Workstation/F_0044,clip_too_short,recut_and_retime,yes,,3.330,3.430,1.965,2.065,2.015,2.000,0.015,7.006,14.000,recut_complete,0.000,1.405,15.405,line_drive,line_drive,no,audio_candidate_bound,0.9,qwen2.5-omni-7b,44987d5021b513e22475c469a85fd4c4c943793f6befe6fcd4ad49db07d8672d,c80940f19b75a8d8b76a57b51cbc8225cc49a69209cc1f896d7478ae4e956460,ff1e6a66d825f1f4b3f491bb53895b57cd6f297098f13b3e0ed094716bf8d712,38adefd192eb06a1a5d2c04e607c9b151e9a00c2f3a8d278f9962012d7da2bbc,applied
1,31,Codex_Workstation,F_0046,dataset/fly_ball/Codex_Workstation/F_0046,clip_too_short,recut_and_retime,yes,,0.870,0.970,0.855,0.955,0.905,0.925,0.020,7.014,12.925,recut_partial_context,0.000,0.000,12.925,fly,fly,no,audio_candidate_bound,0.9,qwen2.5-omni-7b,33c60da15fb7f22cdcbc8e86d3fa350fc81dd125b3f696de47bf479eaea18476,92a5acdb2e05230b760fe55e380fe62fcf1e803216cdf20c788667c975b0e190,cda074a4e9844b65a8e2eb11d647ff0fa6adf081859fb1a75fee676be86a4067,df549c02ebb8fa6cdbf513caf08d19b8602e4ea806bccfc32e48a30d2921bf4d,applied
1,32,Codex_Workstation,F_0047,dataset/fly_ball/Codex_Workstation/F_0047,clip_too_short,recut_and_retime,yes,,3.400,3.500,1.955,2.055,2.005,2.005,0.000,7.013,14.000,recut_complete,0.000,1.405,15.405,line_drive,line_drive,no,audio_candidate_bound,0.9,qwen2.5-omni-7b,66659a842cd47c88ac90654359fbca4030d1a5cda55d95016d632361e2581c86,5c85b464bbb5d445dff5e57ab772393e3de1225d9ee5bc94b9fd02d82f60ef9c,d84ef44b57135f9871b5764fedf33478e8c06ee4f9c97d9145cb35805c4c0f9b,35579742956e0ae20889ef37b05af86b92f9007f7b1afe2d684284c671118106,applied
1,33,Codex_Workstation,F_0048,dataset/fly_ball/Codex_Workstation/F_0048,contact_timestamp_wrong,retime_or_metadata_only,yes,,2.820,2.920,2.015,2.115,2.065,2.065,0.000,7.014,7.014,not_required,0.000,,,line_drive,line_drive,no,audio_candidate_bound,0.9,qwen2.5-omni-7b,f86c05442e466286a2c4f844b5f325a91cedcfb455c0001fa468f6a1f4421f5c,a248c1f707f0535f812eedff9e3f6a5a37fdd131793f4a23ef1b83ab690730b5,f86c05442e466286a2c4f844b5f325a91cedcfb455c0001fa468f6a1f4421f5c,a248c1f707f0535f812eedff9e3f6a5a37fdd131793f4a23ef1b83ab690730b5,applied
1,34,Codex_Workstation,F_0049,dataset/fly_ball/Codex_Workstation/F_0049,clip_too_short,recut_and_retime,yes,,3.390,3.490,1.965,2.065,2.015,2.000,0.015,7.000,14.000,recut_complete,0.000,1.455,15.455,line_drive,line_drive,no,audio_candidate_bound,0.9,qwen2.5-omni-7b,4de4b1ee1f995e560ccc320a06eb4457d25b48e742a274928c7ba5013fa89e2c,c9161b093bde0713c109470d992ccd4704662a7bd73fbb2d5a39df9c67a23f85,28bbec9c4d20b88cefd023fa399f2e2c71d8894c98f729bf5cf4c77a3056d4fc,cfb38a804d347652d06e186fdb33f520fca811ba2cfbea3e959063b3297931ea,applied
1,35,Codex_Workstation,F_0051,dataset/fly_ball/Codex_Workstation/F_0051,clip_too_short,recut_and_retime,yes,,3.400,3.500,1.955,2.055,2.005,2.005,0.000,7.007,14.000,recut_complete,0.000,1.465,15.465,fly,fly,no,audio_candidate_bound,0.9,qwen2.5-omni-7b,1b109b05fce6c78c25edfa3bc12a273c1caf8802515dfc107ac555acd3a898de,b034f84f535379426d50ea74dab1c9f769f13029cae68f0947223c5b6a45fa23,3442bd26032bf825cbd6e9bd5532acca2aa799ebf9e58603b444b903f9ec5392,9d269f63dc860834a2d906128cc0e4f908dfa778f2ec10de76da4aef987a485f,applied
1,36,Codex_Workstation,F_0052,dataset/fly_ball/Codex_Workstation/F_0052,clip_too_short,recut_and_retime,yes,,1.780,1.880,1.765,1.865,1.815,1.835,0.020,7.014,13.835,recut_complete,0.000,0.000,13.835,fly,fly,no,audio_candidate_bound,0.9,qwen2.5-omni-7b,a1dc57b0f2bc03c8d51657cf7e4b60bc03d594a9af000de531bcc459dec9b321,40154d3a8883cb1059dc9ab32324ef1457745056776c08b7f7b6f1a4e709774a,f1e21c9ece8dfa7d1122236e5babca9ddab3924fdc21508b12640e2f05f4caa6,d76159ce34f7ee10692d0752cb181faf40b344c724cb0268782cb18325101951,applied
1,37,Codex_Workstation,F_0053,dataset/fly_ball/Codex_Workstation/F_0053,contact_timestamp_wrong,retime_or_metadata_only,yes,,2.100,2.180,1.955,2.055,2.005,2.005,0.000,7.014,7.014,not_required,0.000,,,line_drive,line_drive,no,audio_candidate_bound,0.9,qwen2.5-omni-7b,f250d247c5c0ee5275d7cdf94d487042f305c4e2c7f0e9937890da3ab45ad7b5,2c9144749dc41a26f60af41d0c64d6595bd59aa7dda14b37e4fb0074f9f9e727,f250d247c5c0ee5275d7cdf94d487042f305c4e2c7f0e9937890da3ab45ad7b5,2c9144749dc41a26f60af41d0c64d6595bd59aa7dda14b37e4fb0074f9f9e727,applied
1,38,Codex_Workstation,F_0057,dataset/fly_ball/Codex_Workstation/F_0057,clip_too_short,recut_and_retime,yes,,3.270,3.420,1.955,2.055,2.005,2.005,0.000,7.007,14.000,recut_complete,0.000,1.335,15.335,line_drive,line_drive,no,audio_candidate_bound,0.9,qwen2.5-omni-7b,bba464f0208ef72948bb6454445d7d73026ab83d6da64926feaa9aabc17730a9,1bfddf3932d8ecb94eed462322a0c91bc2742461f33df830fd1d9ffe2f9ceb29,a0ade643cdcd215dc2f4aebfe1a2acf5f1e0a01611e76c3c59b93a1075a1e591,cfa9a0e680aec5ed8497beac88c03a6c198382f8ef3462b20cf531b97ad69054,applied
1,39,Codex_Workstation,F_0058,dataset/fly_ball/Codex_Workstation/F_0058,clip_too_short,recut_and_retime,yes,,2.230,2.330,1.955,2.055,2.005,2.000,0.005,7.014,14.000,recut_complete,0.000,0.285,14.285,fly,fly,no,audio_candidate_bound,0.9,qwen2.5-omni-7b,f2c44d287acadcc665abb48d7e768d8bcda70bb656c9cac2786df98422ca9002,2c5b2321c432f96018769a76a7e709d32da836a46f78094ef6670f67ac070c9e,d0d0cb246732b769b341969c1c978c03be41e46894d0ae967565859632c7b088,d543ce5ad6a300f4d0bffe1232ab895ab1a2797b0e3dbb203cbd62216c7246d8,applied
1,40,Codex_Workstation,F_0060,dataset/fly_ball/Codex_Workstation/F_0060,clip_too_short,recut_and_retime,yes,,3.380,3.420,1.945,2.045,1.995,1.995,0.000,7.007,8.692,recut_partial_context,0.000,1.425,10.117,line_drive,line_drive,no,audio_candidate_bound,0.9,qwen-omni-turbo-2025-03-26,15b55d01750297d876aacd43381fbc0139da00cb18341f9677dd445e55e4a02b,6c57adf9d95ec4f6fefa573e00dab18ac68799bcb07421f75ccabb38d695b56c,ed7c104cc068471b6a66467525a1d7b5faa7ca65d8c72d2bb781ae2727c0bd34,9912309001384b2b7e69e8ee86131db2fee49502a11377ab131492533f0a34b9,applied
1,41,Codex_Workstation,F_0061,dataset/fly_ball/Codex_Workstation/F_0061,clip_too_short,recut_and_retime,yes,,1.180,1.280,1.165,1.265,1.215,1.235,0.020,7.014,13.235,recut_complete,0.000,0.000,13.235,fly,fly,no,audio_candidate_bound,0.9,qwen-omni-turbo-2025-03-26,b7641f0b98c35ea1ac34ddaeb29b2a4839bde267bce93b520da3b113893359f8,8bcdcb760042b666fe611678d47ff72114607515ae6be1e30042d39ee5a5262f,94a3f3d3a41edcfa2eb3f065581f509c660e72ee25281b6c3dd16223d7bd6c86,fba69209a0e3ec6c4d6211e70de509c015f91cce8454503d921aa0b9021a2d4b,applied
1,42,Codex_Workstation,F_0064,dataset/fly_ball/Codex_Workstation/F_0064,clip_too_short,recut_and_retime,yes,,4.770,4.920,1.945,2.045,1.995,1.995,0.000,7.012,7.350,recut_partial_context,0.000,2.925,10.275,line_drive,line_drive,no,audio_candidate_bound,0.9,qwen-omni-turbo-2025-03-26,b11bab4d2778ab2dcdf932664afe50b2e939a6f76c4c63046728d8346cb4c26b,f418cc9b49b704b970a95823429a3908ea14c11575984ccb3e8e42cad1423c76,0bbc0d3cf6b89c9762bc681346471955cdaa82c75645833e6ba65fdd10d8bd16,020af985c995d8802c9605643e1959923a888a19cc22d813dac486b5db3dcd08,applied
1,43,Codex_Workstation,F_0067,dataset/fly_ball/Codex_Workstation/F_0067,clip_too_short,recut_and_retime,yes,,0.570,0.670,0.555,0.655,0.605,0.625,0.020,7.014,12.625,recut_partial_context,0.000,0.000,12.625,line_drive,fly,yes,audio_candidate_bound,0.9,qwen-omni-turbo-2025-03-26,9217b69fd60176001fe47b0f09e9351981fe6351ef258f0f17426b0fb403f6ee,51282d6b20125458ce24ecc61c9f2122e18d4148e7cc238afc3c7c06093c2bdb,77568459a7a84ba48886405b9d7746512171b81fd7bc529a60478b80431b6247,387eaba95f0552e81e7e859d4ea59bddbe082c929036428b24a4ffbb8f737751,applied
1,44,Codex_Workstation,F_0068,dataset/fly_ball/Codex_Workstation/F_0068,clip_too_short,recut_and_retime,yes,,3.600,3.700,1.945,2.045,1.995,1.995,0.000,7.007,14.000,recut_complete,0.000,1.655,15.655,line_drive,line_drive,no,audio_candidate_bound,0.9,qwen-omni-turbo-2025-03-26,a3945c090160f98737cdbc41db945ca81a52582647cf9bbb424dd4c7913650c9,f74aa298072d09f598106cc0459069e253eb1f51b3e4b70a088d3b4e36ae75cf,20f835e5e4982cba5dce075cdf5d5795ab218d00c18be6eba07f1a419c89ad95,ef3b3a01cfc073d284f01253b6e59486839a052c63765aff89446a64a7482d9b,applied
1,45,Codex_Workstation,F_0069,dataset/fly_ball/Codex_Workstation/F_0069,clip_too_short,recut_and_retime,yes,,4.120,4.220,1.955,2.055,2.005,2.005,0.000,7.000,11.277,recut_partial_context,0.000,2.185,13.462,fly,fly,no,audio_candidate_bound,0.9,qwen-omni-turbo-2025-03-26,8ddca895d45c5638ac6580964c9659865eefdd3b9b0049214fab22607bb0672d,950686c81a0036c9ca6dacb7058a3f6780d8467e1e63ef2781dd886958fefdfb,490dbb407114f35e2761b50c0347b01c56a77111dc51992887896a9eb180e4dc,b04c1b289d3b9b27eb571a505d76c31fe613924b3d0fb5a419e9f8f465313bb0,applied
1,46,Codex_Workstation,F_0070,dataset/fly_ball/Codex_Workstation/F_0070,contact_timestamp_wrong,retime_or_metadata_only,yes,,3.110,3.210,2.795,2.895,2.845,2.845,0.000,7.014,7.014,not_required,0.000,,,line_drive,line_drive,no,audio_candidate_bound,0.9,qwen-omni-turbo-2025-03-26,60508971947f07789a0636ad3ca6d383dfa0640a337832cf692aa0e081d2dcf5,c8236dd4107572be5fa06c04d61d3039037a046d773c0b0da3d4056c3404794e,60508971947f07789a0636ad3ca6d383dfa0640a337832cf692aa0e081d2dcf5,c8236dd4107572be5fa06c04d61d3039037a046d773c0b0da3d4056c3404794e,applied
1,47,Codex_Workstation,F_0071,dataset/fly_ball/Codex_Workstation/F_0071,contact_timestamp_wrong,recut_and_retime,yes,,1.110,1.210,1.965,2.065,2.015,2.000,0.015,7.014,14.000,recut_complete,0.000,3.145,17.145,fly,fly,no,audio_candidate_bound,0.9,qwen-omni-turbo-2025-03-26,315c506e3ea4c74c3a7cea2878343315004a485661f7185d09a1f0de8f9cc918,810c8918b3dc3e15e233455cc5d8475e3f4aff8493133bea902a5f92eaf75edc,573776ec21b06f1172cdfbcc6cdd8accfd957d0ce3cdaff22e69b4f6898b43cf,f1e54511b4bcc88533b41ca9b14ae52318b918ac26b3fb93eafd4b20d8a97db6,applied
1,48,Codex_Workstation,F_0072,dataset/fly_ball/Codex_Workstation/F_0072,clip_too_short,recut_and_retime,yes,,3.480,3.620,1.955,2.055,2.005,2.005,0.000,7.007,10.581,recut_partial_context,0.000,1.555,12.136,fly,fly,no,audio_candidate_bound,0.9,qwen-omni-turbo-2025-03-26,1e49d73afe551fd188dce30464c474d51dab32b3737853bfb61844ff672c2ff7,69c782ab58b091f96d9432067fa8343fbb6fddc0f5117dd13ef86a3655270826,f4255e87c56c920b06628a7986095220809548dfc71437a30caea59459876047,0d2ab28f44fbbcae672eb8f035251fc2204c54c9bf9d49ff7d578285a0d99469,applied
1,49,Codex_Workstation,F_0073,dataset/fly_ball/Codex_Workstation/F_0073,clip_too_short,recut_and_retime,yes,,1.030,1.130,1.015,1.115,1.065,1.065,0.000,7.014,13.085,recut_complete,0.000,0.000,13.085,fly,fly,no,audio_candidate_bound,0.9,qwen-omni-turbo-2025-03-26,9806ac047ba8cd25f5ea7bee2ffc3233301357a799eaae80244cfcab258ced58,f8034bb7335b94a5010db86f2aa7a1cd55b7d7e7fdc90474da20a53b1d906e6f,d12d6960823471623d967f1d67b81f1e303a1a97a3104689d1de4b0c222f2ee1,37ee82289cd84fe19f1c4edf55788a14110d8914d32a3f6ba6a6830435639ba3,applied
1,50,Codex_Workstation,F_0075,dataset/fly_ball/Codex_Workstation/F_0075,contact_timestamp_wrong,recut_and_retime,yes,,1.380,1.480,1.955,2.055,2.005,2.005,0.000,7.014,14.000,recut_complete,0.000,1.635,15.635,line_drive,line_drive,no,audio_candidate_bound,0.9,qwen-omni-turbo-2025-03-26,5728d4a80cb50219f7658871083633c1b45af70cb59371218cbe3353a84045c0,f2fca9dd581c57a7b7ef763693af869b6aabffa9a61dba031940f020a962e6a0,aae18da953f3869f985f643bf6558438de317fccd460aa6ba44e7287a0ffa99a,200388ef9816726b03e82f4d9c4c43979ab955f04bc9da531ea29a28be46814f,applied
1,51,Codex_Workstation,F_0077,dataset/fly_ball/Codex_Workstation/F_0077,contact_timestamp_wrong,recut_and_retime,yes,,4.200,4.300,1.955,2.055,2.005,2.005,0.000,7.007,7.094,recut_partial_context,0.000,1.935,9.029,line_drive,line_drive,no,audio_candidate_bound,0.9,qwen-omni-turbo-2025-03-26,2275c0a36749563428de89fec9196549a3c871d14d2d0efcb6126df07474893e,6f91f4f4e48096fcb4ff0d3d4cc7fc07a173f67dcefbdf7ac6dfdc713c4f2c07,5d538f748495d062c415454d5d56a63b6383e6a1bec4ddcd38f073585ea486d0,c779d568862039f0fd2c54c83f51dbf16df962b51049a0022f45c9664744ff0b,applied
1,52,Codex_Workstation,F_0081,dataset/fly_ball/Codex_Workstation/F_0081,contact_timestamp_wrong,recut_and_retime,yes,,4.310,4.410,1.945,2.045,1.995,1.995,0.000,7.006,14.000,recut_complete,0.000,2.795,16.795,line_drive,line_drive,no,audio_candidate_bound,0.9,qwen-omni-turbo-2025-03-26,61b31a5cafc0fc3ff44ec2c8b36f7737454e371718f017f65b58ea402c2fd9f9,ee9c25906d1138b8561f57302c6c51bd42f4112bacd8aec3d43821f7052558cc,c3a20f72523a9f643e0c15bbc98804289c29821cb121d1f657998f76b1dd14fd,851bf0cc067e1670abd4585ff84bd455243d5f4358007f0a992b85b843a8be28,applied
1,53,Codex_Workstation,F_0082,dataset/fly_ball/Codex_Workstation/F_0082,clip_too_short,recut_and_retime,yes,,4.020,4.120,2.445,2.545,2.495,2.500,0.005,7.006,13.934,recut_complete,0.000,2.085,16.019,fly,fly,no,audio_candidate_bound,0.9,qwen-omni-turbo-2025-03-26,6d658cc643ae60de058769f151b0891231080c25228413975d88d69068ee3a8f,4ccc742cc8c578193988c7b663cfbe9804f130f4f250f524a3747c6bd621b3ed,530b78970cd1cf770cf3db9f6feeb2bf382f6556e3eec9780d8119928911c59a,42344a9bd0472befb10b8c9b32be0d0d0e0029cc1b37a624d7914299a96c1a9b,applied
1,54,Codex_Workstation,F_0083,dataset/fly_ball/Codex_Workstation/F_0083,clip_too_short,recut_and_retime,yes,,1.640,1.740,1.625,1.725,1.675,1.695,0.020,7.014,13.695,recut_complete,0.000,0.000,13.695,fly,fly,no,audio_candidate_bound,0.9,qwen-omni-turbo-2025-03-26,68194a01b832ddcb3066243ed890cbbfded42aeba77ed6176fe0f8bdf48156d4,080afdf451a8245165b4820aa2933d83d000ba0db8e0c98d096cb7eb921cc0ac,54b54f837e1bc14f98a04b330774fec97ad1ac7e185722c2970eff0cc4f1bd67,80698c766da3c38e163895d8d1f99009855b33d78ea1f0b0a10fd13929579dc1,applied
1,55,Codex_Workstation,F_0085,dataset/fly_ball/Codex_Workstation/F_0085,clip_too_short,unchanged_unresolved,no,no_candidate_selected,3.070,3.170,,,,,,7.007,7.007,recut_partial_context,0.000,,,pop_fly,,no,no_candidate_selected,0.0,qwen-omni-turbo-2025-03-26,d0172927b97fe22aa9c27c8d34d75e4ced7f97686c651e0171ee1806a249005d,acf5eec506770cfb89d6519d30875eaee24075d547199fb6f81b6a17dcb30cec,,,applied
1,56,Codex_Workstation,F_0087,dataset/fly_ball/Codex_Workstation/F_0087,clip_too_short,recut_and_retime,yes,,4.180,4.280,1.945,2.045,1.995,1.995,0.000,7.014,14.000,recut_complete,0.000,2.195,16.195,fly,fly,no,audio_candidate_bound,0.9,qwen-omni-turbo-2025-03-26,e594f59883fabb56681b31a96dc00f8d655c7f8a34fe822b24eea2e3059e9071,a032378f9b576b9765b2802580c0f006d9894e954c0313840a8ed523faf870ce,1b99e2e1a81f710730d515eedc6bc489e9cf15a9e6db14ac6203a33b46039a31,6be71296d3dd47ac2c358a6f84ae0abfe941dbabbcc302affe72453ab8c02457,applied
1,57,Codex_Workstation,F_0088,dataset/fly_ball/Codex_Workstation/F_0088,semantic_or_schema_review,retime_or_metadata_only,yes,,1.480,1.620,1.495,1.595,1.545,1.550,0.005,7.014,7.014,not_required,0.000,,,line_drive,line_drive,no,audio_candidate_bound,0.9,qwen-omni-turbo-2025-03-26,67bcc91472754696551a031cae61dc9b3ae9bf0b9144e0921b1b2797c0a51680,fc9dbfeb6c82549dcfc5cebe9992d8b934135d9d68bc6d2663a205257024f863,67bcc91472754696551a031cae61dc9b3ae9bf0b9144e0921b1b2797c0a51680,fc9dbfeb6c82549dcfc5cebe9992d8b934135d9d68bc6d2663a205257024f863,applied
1,58,Codex_Workstation,F_0090,dataset/fly_ball/Codex_Workstation/F_0090,clip_too_short,recut_and_retime,yes,,3.390,3.490,1.955,2.055,2.005,2.005,0.000,7.007,13.871,recut_complete,0.000,1.445,15.316,line_drive,line_drive,no,audio_candidate_bound,0.9,qwen-omni-turbo-2025-03-26,4b0a3e6caee07be4d2004eb03f8b3bc1246791fa3540956a0fa3329f47743284,4f84c56cbb71fbba2001123c47e33cc03d780f5faf929868c4e83df08b3c9222,89ca34884dc855abe9e7407364dee05dbc724d9cdf79d3c5d6bbbae563bb87a7,8b45d4934abf60ed72960ac2d631c8fbed770d858b66c998dad0f761c7785464,applied
1,59,Codex_Workstation,F_0091,dataset/fly_ball/Codex_Workstation/F_0091,clip_too_short,recut_and_retime,yes,,2.160,2.260,1.955,2.055,2.005,2.005,0.000,7.014,14.000,recut_complete,0.000,0.215,14.215,fly,fly,no,audio_candidate_bound,0.9,qwen-omni-turbo-2025-03-26,a5045b7a6545a6e48cbd686e6fdc92b1e73923174293f66662e27ee5f72b4645,03d840414500b585dde1327f44945fc2400de701959ae28c8f0b43659ff6aeca,1d99ab132f15f80c274d3f1d67ec567969909d940a450cd4a2f72264e7eee6a9,362f824a75e97bc64c61edc4fdd3330f93337a71ec985ba15803f329ee3a8b6a,applied
1,60,Codex_Workstation,F_0092,dataset/fly_ball/Codex_Workstation/F_0092,clip_too_short,recut_and_retime,yes,,1.705,1.805,1.695,1.795,1.745,1.765,0.020,7.014,13.765,recut_complete,0.000,0.000,13.765,pop_fly,pop_fly,no,audio_candidate_bound,0.9,qwen-omni-turbo-2025-03-26,6e08c606bcf9899bc7d691ee06bbcec2eb89c376222376b7c384a1ba5db7673c,40f5f7c1e9b37825c985790767069b05ca652263d574e37fd34f77fa72878e98,aac5965259a9bc092a6e6fb83e4d2120ec561960dc2fdfa657e54b257c735607,df96695589bb21b499ef27fbed26ab912b08ecf6724f437acad366ff2e4bb69f,applied
1,61,Codex_Workstation,F_0094,dataset/fly_ball/Codex_Workstation/F_0094,clip_too_short,recut_and_retime,yes,,1.370,1.470,1.365,1.465,1.415,1.425,0.010,7.014,12.729,recut_complete,0.000,0.000,12.729,fly,fly,no,audio_candidate_bound,0.9,qwen-omni-turbo-2025-03-26,16aea051db1a0698742a7808a3f29a9a759a080422f2b6ac0b92503c702a2fa2,e17d91b381e35aedd3de00e79f8b8d487fcefcaa2131358ca17129c74d4e0088,24fc47351cca0a7a3e803f96b6bbce0314b4077c7527c1a0fef397347f24a98d,e112cd09a69012f308d64a7ca65d4f43ee14e7f2faa79c27a9e6e423d2b8682c,applied
1,62,Codex_Workstation,F_0095,dataset/fly_ball/Codex_Workstation/F_0095,clip_too_short,recut_and_retime,yes,,3.390,3.490,1.945,2.045,1.995,1.995,0.000,7.006,11.406,recut_partial_context,0.000,1.455,12.861,pop_fly,pop_fly,no,audio_candidate_bound,0.9,qwen-omni-turbo-2025-03-26,56af7d4e2d0e904c1b2dc303d7076f7d4fad57b830d5a92f8925a0d8ce7812ff,0583493c27b0b5132282342932babd940593589bdbf3dae1945b3f9ee77758f2,f762f9d559ac3f2d1d40b25a93413305fb38d86ad9dd9df5829903d4956109f5,64a5ad6b92b2f0ad7f9e967d50cb74c9565bb9dbc86c30bf5ca0f7c063003eb1,applied
1,63,Codex_Workstation,F_0099,dataset/fly_ball/Codex_Workstation/F_0099,clip_too_short,recut_and_retime,yes,,3.226,3.326,1.945,2.045,1.995,1.995,0.000,7.006,14.000,recut_complete,0.000,1.265,15.265,line_drive,line_drive,no,audio_candidate_bound,0.9,qwen-omni-turbo-2025-03-26,63404b01967ee73faa36e43e2662958256963b02aef3703f48dc794a1cd4c0d2,d0eaf0f486190cc700115156b41d4d7b8c97f8927bcaad3728b822a7b738543f,55d9655857a2f9ea2cea0bead7d6d7bfb67e1175e938e397089be66b14aca3e0,d6f6e004653da964de302b88a2f42175574c1604bcfdfdc5b1a121045cb9bd27,applied
1,64,Codex_Workstation,F_0100,dataset/fly_ball/Codex_Workstation/F_0100,contact_timestamp_wrong,recut_and_retime,yes,,2.950,3.050,1.955,2.055,2.005,2.005,0.000,7.007,14.000,recut_complete,0.000,1.345,15.345,line_drive,line_drive,no,audio_candidate_bound,0.9,qwen-omni-turbo-2025-03-26,0a1202b404eb10b4ccf21ad8c3b74133f38db62fbdae72824c5ba759b7b62571,5951a5cad131b3d965caf2b189a1f4edcbbf15add5fd2a5b3c16a83a54f9cb2a,c8e420401b782a509e50c29779485d7d4a883a23acfaa2bb126a4bcd89e33c5c,b64c5ea090759f610a2cfeb8f05672beb1f2b87e84d97a2a5a3395a4a56eb035,applied
1,65,Codex_Workstation,F_0102,dataset/fly_ball/Codex_Workstation/F_0102,contact_timestamp_wrong,retime_or_metadata_only,yes,,2.560,2.660,2.675,2.775,2.725,2.725,0.000,7.014,7.014,not_required,0.000,,,line_drive,line_drive,no,audio_candidate_bound,0.9,qwen-omni-turbo-2025-03-26,5408c2e8d7d3f4b2f7b609c10f195b849e79755543930d249420c905df446f53,23be686950bd2d0b4998bb51f6189b3b4ed0a8c0bca52f2f36b89de7551c14d4,5408c2e8d7d3f4b2f7b609c10f195b849e79755543930d249420c905df446f53,23be686950bd2d0b4998bb51f6189b3b4ed0a8c0bca52f2f36b89de7551c14d4,applied
1,66,Codex_Workstation,F_0103,dataset/fly_ball/Codex_Workstation/F_0103,clip_too_short,recut_and_retime,yes,,1.410,1.510,1.405,1.505,1.455,1.475,0.020,7.014,13.475,recut_complete,0.000,0.000,13.475,fly,fly,no,audio_candidate_bound,0.9,qwen-omni-turbo-2025-03-26,4b0ce7b2743898ae51b895de78f5e363617eb366a6a604c9b69b71cce8285abe,7ebb8793f8a79bbfe60bb8ce84a4984fb3a3655c4e68f36479252e97988a219f,3893c1994b60ec838fa343afd686b31b3bc23c598b7ee55424bf6513825a6ee2,365aa9e5a1cf896ebe3eb5d999bd57283bb1ccd5efd81fdaba0d53b44e2c09de,applied
1,67,Codex_Workstation,F_0105,dataset/fly_ball/Codex_Workstation/F_0105,semantic_or_schema_review,retime_or_metadata_only,yes,,0.830,0.930,0.835,0.935,0.885,0.880,0.005,7.014,7.014,not_required,0.000,,,line_drive,line_drive,no,audio_candidate_bound,0.9,qwen-omni-turbo-2025-03-26,73bea7cff32fdd2a196d80448570b700aa1de6114dba738a4a9a56f55a29a622,e1e8aca5a6852c1698b7bc8810cb9a031f822484f2e68fc352970824fcdc9aa7,73bea7cff32fdd2a196d80448570b700aa1de6114dba738a4a9a56f55a29a622,e1e8aca5a6852c1698b7bc8810cb9a031f822484f2e68fc352970824fcdc9aa7,applied
1,68,Codex_Workstation,F_0106,dataset/fly_ball/Codex_Workstation/F_0106,clip_too_short,recut_and_retime,yes,,1.780,1.820,1.785,1.885,1.835,1.845,0.010,7.014,13.845,recut_complete,0.000,0.000,13.845,fly,fly,no,audio_candidate_bound,0.9,qwen-omni-turbo-2025-03-26,ddf9e96154c1df5d6a4fbffc326e10f90e5143d72da6f6f59f48acdaa4c5b077,3bbde51307a976ed1845949841a747bf7e907dbde6e7fedb2d4b9ddd85da765a,45800561a0d61524527f8c12c31b19bdc9b99c0ca1c24cdad18077da25b2cf9e,64b0a9ae11dad3ad57485c66bb0677c8cd34e5acfe2783d6e1a08035ca3582f1,applied
1,69,Codex_Workstation,F_0107,dataset/fly_ball/Codex_Workstation/F_0107,contact_timestamp_wrong,retime_or_metadata_only,yes,,2.490,2.590,2.905,3.005,2.955,2.955,0.000,7.014,7.014,not_required,0.000,,,line_drive,line_drive,no,audio_candidate_bound,0.9,qwen-omni-turbo-2025-03-26,e9aa526289aa4a9ac16133a2dcf7f665c8f393b51d2133515a95364f9cbb014c,68af841256496b5c77a3ca5b452565920a0637b4bc90d90bd8c9fcc26fbdca13,e9aa526289aa4a9ac16133a2dcf7f665c8f393b51d2133515a95364f9cbb014c,68af841256496b5c77a3ca5b452565920a0637b4bc90d90bd8c9fcc26fbdca13,applied
1,70,Codex_Workstation,F_0108,dataset/fly_ball/Codex_Workstation/F_0108,clip_too_short,recut_and_retime,yes,,0.800,0.900,0.795,0.895,0.845,0.865,0.020,7.014,12.865,recut_partial_context,0.000,0.000,12.865,fly,fly,no,audio_candidate_bound,0.9,qwen-omni-turbo-2025-03-26,a36f6e55a8f171a4752232a735f51037c525674805a833abad8b12684310e843,00de3f39aa04818b9b4bf40366f8a9cbe424f84852828558be7f786fc6667827,27b197ffad35f80f1d8c10a239c10eeaf5ee79a91846ff4bbc4c2fdfc82adc6f,8a94e06f4630e7792bc87743ede3a9cb8c112b74848037c9ba85b4dc84d53da9,applied
1,71,Codex_Workstation,F_0109,dataset/fly_ball/Codex_Workstation/F_0109,clip_too_short,recut_and_retime,yes,,5.060,5.160,1.965,2.065,2.015,2.015,0.000,7.006,12.322,recut_complete,0.000,3.095,15.417,fly,fly,no,audio_candidate_bound,0.9,qwen-omni-turbo-2025-03-26,35f4b7a2aa947d2b395bcb417202734fd82be7ba61864b57fe1e62c72f20941b,9184ebbf14842ab220800702ea4fdddf96a775eebdc9dfb5e057828aba5edf75,f81707f8d22bfc33f02c9591bb5ebb0e75064b73886b3b85c90ebb742e854c81,d9328d0fbb46269aac49073e2de9d487886a03eec63fddd9342c0968dcd27503,applied
1,72,Codex_Workstation,F_0110,dataset/fly_ball/Codex_Workstation/F_0110,clip_too_short,recut_and_retime,yes,,4.140,4.240,1.965,2.065,2.015,2.015,0.000,7.006,14.000,recut_complete,0.000,2.205,16.205,fly,fly,no,audio_candidate_bound,0.9,qwen-omni-turbo-2025-03-26,366615a882a2a4eb66b92fedb5fe79ec18e89fa1d2ac08fac83ad6c28dca797b,021cae1dfeb5bbe878028559950771850b202cb3894287223b973a5d49f5cda0,a9a4d04a8643c48c9069f4d33013d8b237d18457ae16d1ac95745c20372c41bb,e527451dde454c18cfc0a8dc5c9da8a902cf07499cb08f43acc527b5b20bccb0,applied
1,73,Codex_Workstation,F_0112,dataset/fly_ball/Codex_Workstation/F_0112,clip_too_short,recut_and_retime,yes,,1.320,1.420,1.315,1.415,1.365,1.375,0.010,7.014,13.375,recut_complete,0.000,0.000,13.375,pop_fly,pop_fly,no,audio_candidate_bound,0.9,qwen-omni-turbo-2025-03-26,9072723c723a79a8fcc68fefbe72ba4062eccb2db06c175b7edd07bbf035e548,e4e1d3a0b9dfe53170ecbc704f3c6262ba1cb0da1a215d02346023ba9b175c94,0f8ff662ca83ebbaf218004fdb59b025f750778fc931dafb81efac1ec1d2b585,0f503353e565cbcb4053c8632a5e8f43dbc0f29d623ad6bd7dea85727f3bc37f,applied
1,74,Codex_Workstation,F_0114,dataset/fly_ball/Codex_Workstation/F_0114,contact_timestamp_wrong,recut_and_retime,yes,,2.180,2.220,1.855,1.955,1.905,1.950,0.045,7.014,13.925,recut_complete,0.000,0.000,13.925,fly,fly,no,audio_candidate_bound,0.9,qwen-omni-turbo-2025-03-26,ca97b2d3da1dbe8d2d6d12e8af55ff4a1e7997d033ea8a5010cea9bbfd8d3b4a,fc0f47057e18670ea5c99704afe03fe6920d721c0cb68d548837a412e3457a0b,b78d302262bf72578657cb18bf969b148f332b1a6aef9da06e561b6c10ea29c3,3c06dd4c00a33703fa2efc08e9b6fb7276e237856d7d694c328ee653036d16b1,applied
1,75,Codex_Workstation,F_0115,dataset/fly_ball/Codex_Workstation/F_0115,clip_too_short,unchanged_unresolved,no,no_candidate_selected,0.800,0.900,,,,,,7.014,7.014,recut_partial_context,0.000,,,pop_fly,,no,no_candidate_selected,0.0,qwen-omni-turbo-2025-03-26,34219d1ffb304a3c57c583c802ebcdc4ae0c9a34bb12fc267c4e317db161ab30,88fd58dc97e94e5a88f36609819c90dfa23b27c8ff152105d0daf52a7eb6f3df,,,applied
1,76,Codex_Workstation,F_0116,dataset/fly_ball/Codex_Workstation/F_0116,clip_too_short,recut_and_retime,yes,,0.900,1.000,0.895,0.995,0.945,0.955,0.010,7.014,12.955,recut_complete,0.000,0.000,12.955,pop_fly,pop_fly,no,audio_candidate_bound,0.9,qwen-omni-turbo-2025-03-26,f346dd5139c720c7c4a655971efbee80880ae7afc21a8399468514f1d000fcce,2c158cf7920499938e8aaab86f234999b5c05c65cc05aea28b53b928c040802f,505cc23c9eb350939332fd75b3e26c0f6746e7c019cfc59c131e3279ba776cb2,de516fab0e430a7ac097f72b978b8c0ccce3b77c65ed8ee29aba6b65f39c4432,applied
1,77,Codex_Workstation,F_0117,dataset/fly_ball/Codex_Workstation/F_0117,clip_too_short,recut_and_retime,yes,,1.840,1.940,1.825,1.925,1.875,1.945,0.070,7.014,13.895,recut_complete,0.000,0.000,13.895,fly,fly,no,audio_candidate_bound,0.9,qwen-omni-turbo-2025-03-26,69d3bb8adae1ebf2555d4ccebc83f2cf112b3629030c766257c48398b6d5d5b6,f3052ed609d49d5c51205023eb46da35d2aae23a2944df85a3a72660b45fb534,2f7b73d6d9f3da8d63e3813f3fda0654dcdd020847b63e502dfa1d217ac6f1ac,14ecf5c165710128cb24699b75fca40b4b3aa02e8db15fb472e87698bd7ab75a,applied
1,78,Codex_Workstation,F_0120,dataset/fly_ball/Codex_Workstation/F_0120,clip_too_short,recut_and_retime,yes,,3.860,3.960,1.955,2.055,2.005,2.005,0.000,7.006,14.000,recut_complete,0.040,1.935,15.935,fly,fly,no,audio_candidate_bound,0.9,qwen-omni-turbo-2025-03-26,3994f67d080ecea06b3d5ac7cd38b128b3a3978455fd1904840d69531a384768,c104bae73a7ed7990c0c99c1f50d0cb16780be896fb5a534c054c6ed850ff79f,9e396e02d20e2bb0942dd53909b161a7e43bc32ce243d4654b81a1a62512a39e,88689bebdf9ec244e0f8ecb30d1fea5dc444b794abe217e5962f34be8b84cdb2,applied
1,79,Codex_Workstation,F_0121,dataset/fly_ball/Codex_Workstation/F_0121,clip_too_short,recut_and_retime,yes,,1.380,1.480,1.385,1.485,1.435,1.435,0.000,7.007,13.435,recut_complete,0.000,0.000,13.435,pop_fly,pop_fly,no,audio_candidate_bound,0.9,qwen-omni-turbo-2025-03-26,7647e43536df8d5589f2723c9ce46137adaa2864da41d3efcfa3c2b35713c894,14e47c68bbe694d095dfb2bdb6afe22a0cf9ca9579025235d517475191d99a24,22776eca3dbd60ceefc637abe37d596edd5a444f596152ffbe5840e28182b013,b779139659635d32080c2afa877fa0e56331d00606dda57de04aa541e57710bf,applied
1,80,Codex_Workstation,F_0123,dataset/fly_ball/Codex_Workstation/F_0123,clip_too_short,recut_and_retime,yes,,0.730,0.830,0.755,0.855,0.805,0.825,0.020,7.014,8.158,recut_partial_context,0.000,0.000,8.158,fly,fly,no,audio_candidate_bound,0.9,qwen-omni-turbo-2025-03-26,9b9eb22fdd3824594ca34ff759ae994b953ee5a15913e91590ef98c3f1276a90,4154ed3ca821db49f71b4cbc29243208214c8b1ee2808029ab2daac3e843e762,ddaef2007950b31112769f9a5b33299eb0486b72d0c37a724251cec0c08d8f3b,581ddf6de7128ad216f6e4ddf4babb355bddf344e6586e03d16625d555b960a6,applied
1,81,Codex_Workstation,F_0124,dataset/fly_ball/Codex_Workstation/F_0124,clip_too_short,recut_and_retime,yes,,2.670,2.770,1.945,2.045,1.995,1.995,0.000,7.014,14.000,recut_complete,0.000,0.735,14.735,fly,fly,no,audio_candidate_bound,0.9,qwen-omni-turbo-2025-03-26,1d334762630b85156702e575f6043a5b43cc3b546c4fc49915b88d79cf43b272,4488cc3675319697da29e11164b58caa56657618b6d37f862dc84202ed65a9f6,775990b0b743b7dacf5aa49c37abd38585b99726ef8a8df27392eab26ca0a237,33f99205dd64e7946988c311e6e28675c190e3820fe537a8704381df9e68ce33,applied
1,82,Codex_Workstation,F_0125,dataset/fly_ball/Codex_Workstation/F_0125,clip_too_short,unchanged_unresolved,no,no_candidate_selected,2.980,3.080,,,,,,7.000,7.000,recut_partial_context,0.549,,,line_drive,,no,no_candidate_selected,0.0,qwen-omni-turbo-2025-03-26,000022799cec96395962c6bd2125290a0a64fa6b353a296b295b10b59950968b,f3c1298c2dfbdba16f6399e9f01941c39279cc139e3b35d60db4c6d7c98485ed,,,applied
1,83,Codex_Workstation,F_0127,dataset/fly_ball/Codex_Workstation/F_0127,clip_too_short,recut_and_retime,yes,,1.320,1.420,1.315,1.415,1.365,1.385,0.020,7.014,13.385,recut_complete,0.000,0.000,13.385,fly,fly,no,audio_candidate_bound,0.9,qwen-omni-turbo-2025-03-26,6a9f71ec1fcf446641a5abd7f510ede4223832ec83ff574caad6de1d9dfcb47c,da8506f84b29b8d886bdedcd41f4e5c27421a2a9de515bc4c5bce63fb6760d92,914e93755a3b7e30c381ac0a2045d1278c2d848a41268c1257508cccf025066b,fd150c0851f3d4fbd2d0ad5530de7beb18531329412bdc62666e57a99fd16788,applied
1,84,Codex_Workstation,F_0129,dataset/fly_ball/Codex_Workstation/F_0129,contact_timestamp_wrong,recut_and_retime,yes,,0.800,0.950,0.505,0.605,0.555,0.565,0.010,7.014,12.565,recut_partial_context,0.000,0.000,12.565,line_drive,line_drive,no,audio_candidate_bound,0.9,qwen-omni-turbo-2025-03-26,c7bbcd0cce495baf745837f4b929b085eeaec53874f7503e3eb69c301ee547a7,9c59082af0ef646d8520b1ebdfac21b571e49d1aa1664c31913614f8d97f5b8c,97fee2963c1373c810c4ecad4d7a9d32b3057075ee40fc159eb46e7460d65c4d,db25e944de20d5c66e3364090fc9307d0528936752c606046167a21a8c004e04,applied
1,85,Codex_Workstation,F_0130,dataset/fly_ball/Codex_Workstation/F_0130,contact_timestamp_wrong,recut_and_retime,yes,,2.950,3.050,1.955,2.055,2.005,2.005,0.000,7.014,14.000,recut_complete,0.000,1.845,15.845,fly,fly,no,audio_candidate_bound,0.9,qwen-omni-turbo-2025-03-26,b54dcb22438e7f381121d609474fca6c79400dc8002d24a52fa269e750fe52c5,0c1b964df5cbd78ac14e904efe8fd64174f78a87547eba2adc5096d9c91366f0,1285e5aaa3c2b3a4baed9496928ee270785a8af31d025209e2fed0f6545895a6,921f7faf46a41d391c38fa1bcd805cfd5069568d93750b31ebf1d6bb63be80fc,applied
1,86,Codex_Workstation,F_0131,dataset/fly_ball/Codex_Workstation/F_0131,contact_timestamp_wrong,recut_and_retime,yes,,1.040,1.150,2.385,2.485,2.435,2.435,0.000,7.007,14.000,recut_complete,1.460,1.035,15.035,fly,fly,no,audio_candidate_bound,0.9,qwen-omni-turbo-2025-03-26,8bf6debf934f26e28010476a607d3742aba65dac4d94313d9d8f4a88ea77cfd7,612f21148412f4b60abed9268702a3a477d90f1101506da397b782c6a220255e,d05da61c19c29b255e5cafa52356c08588e06eac77ef9ac190098344aa713f95,9a2308e169808496e9451227740690d7b27c65faadb4197ff4de095817137d2d,applied
1,87,Codex_Workstation,F_0132,dataset/fly_ball/Codex_Workstation/F_0132,clip_too_short,recut_and_retime,yes,,1.950,2.150,1.945,2.045,1.995,1.995,0.000,7.007,14.000,recut_complete,5.700,5.725,19.725,fly,fly,no,audio_candidate_bound,0.9,qwen-omni-turbo-2025-03-26,059f5c29559940eeede9993874fa930db8722d091d01b7c9090ecf6b8df7c57d,83dbd75633ad864d5f3b24a943c11dbca52754ae0b9333f72df681db8e6f5745,cb967c9e2805987a82c6d48b5213f924e300d3376daadbbf267b6404217fee68,2fc3796626bb07589ded52b2323d43051ac2ccf22c93c9f64e4a2997a03e0685,applied
1,88,Codex_Workstation,F_0133,dataset/fly_ball/Codex_Workstation/F_0133,contact_timestamp_wrong,recut_and_retime,yes,,1.950,2.050,1.825,1.925,1.875,1.920,0.045,7.014,13.895,recut_complete,0.000,0.000,13.895,fly,fly,no,audio_candidate_bound,0.9,qwen-omni-turbo-2025-03-26,d8cfc167f694fdd3700d65e373653e62a7c30cb825ffdf18756e3020336ec3ef,1e91e6b5deb8aa901ee64feacacb722c168e87a5138745fe9e6dbc20f7118da1,df4a0f017cdbeb74a6f8b539350e590be0e972f03b92cfc7b553381ccf4c368e,7882921fe8341ec387f0d9d0ac7a9ae4ef00eaecae2c1d6a9fe1664aade32e93,applied
1,89,Codex_Workstation,F_0134,dataset/fly_ball/Codex_Workstation/F_0134,clip_too_short,recut_and_retime,yes,,0.080,0.180,1.955,2.055,2.005,2.005,0.000,7.006,14.000,recut_complete,5.540,3.615,17.615,fly,fly,no,audio_candidate_bound,0.9,qwen-omni-turbo-2025-03-26,c33fc3f1466ed4efaadf74151d3c050400ed5f8af2c715f68b3ccabb885d07c8,a8a0761d75cfb5936c906f9f62c47d6a411430ac9c47117fdab7d07c784696d0,546190c6e00721eb19d610989ffc3b04f7fee92cc6bd366cacce5b2a3eeb5ac0,c95f96bb8690e8b8da10563a71a874856349e8f5cee797cf3bf838be94e78221,applied
1,90,Codex_Workstation,F_0135,dataset/fly_ball/Codex_Workstation/F_0135,contact_timestamp_wrong,recut_and_retime,yes,,0.270,0.370,1.955,2.055,2.005,2.005,0.000,7.006,10.929,recut_partial_context,20.360,19.485,30.414,fly,fly,no,audio_candidate_bound,0.9,qwen-omni-turbo-2025-03-26,52f81dbc1e001b7b68070a92150a52ff7a438b6d305644567f55ddc8c36efe78,8f3ed3a339f91b3bf323effb72a435cebdbc45f3de3b915fba8087976f973eaf,c45d5380d193ea251d82e463f430fbefde91a639cb6c9a0a836c692273604b05,d12f38cb277688d377dfaf41f6060700144fc2acef0aafe516a90ca76f17faa4,applied
1,91,Codex_Workstation,F_0136,dataset/fly_ball/Codex_Workstation/F_0136,clip_too_short,recut_and_retime,yes,,0.690,0.790,1.945,2.045,1.995,1.995,0.000,7.000,14.000,recut_complete,2.820,1.565,15.565,fly,fly,no,audio_candidate_bound,0.9,qwen-omni-turbo-2025-03-26,0a7d763279c8d631aac62301df5253f45c76912be5b63cec4d83d701aa33ab20,dff0dac7de09eb31adc08eb4a69bcf2a71a3b9171bedf9fd3e673309f0bf4468,4bbaa903f8163696a292267ea0753c0702ac3d65827d3c88d55b343d9d11b00e,58256c3bddec6b313b34ff33296b9743de7ddac9993e689b683d1b9068cf5855,applied
1,92,Codex_Workstation,F_0138,dataset/fly_ball/Codex_Workstation/F_0138,clip_too_short,recut_and_retime,yes,,1.980,2.080,1.955,2.055,2.005,2.000,0.005,7.006,14.000,recut_complete,0.440,0.475,14.475,fly,fly,no,audio_candidate_bound,0.9,qwen-omni-turbo-2025-03-26,d84d3bdd8d2e362a845fce2759079a75dca653461eeedd6104255fcbbc238e69,fc5b9e612ef4671230d81b5420da50bd1d4b42507a226f4f054ed2de01ae5e8d,ab20c82c8dbe8999187b53b9609ce00fd49d1ee54143764e38b8f93eca23ea06,1263f1ffe7fbf4f92d9baa90a114544d23e25066bb828c4623673fb494240127,applied
1,93,Codex_Workstation,F_0139,dataset/fly_ball/Codex_Workstation/F_0139,contact_timestamp_wrong,recut_and_retime,yes,,0.400,0.600,1.955,2.055,2.005,2.005,0.000,7.007,14.000,recut_complete,7.800,6.595,20.595,fly,fly,no,audio_candidate_bound,0.9,qwen-omni-turbo-2025-03-26,af5bf0ca66de5ec7219dc6df8273ec5538103977497bed3e4baeca4cbed3a1ef,f364673fe62cc262476e1ff07333b0479363f2b08a1c88e9455b7b10836e947e,b1e536240aa91df7ad39c70d4dd6a80dc0cd9fb950832e46f0e55c6099cd3a4c,6b6612ff0b385a054725d804ddc4d2506c0decde710c920ddc46996358b0a77c,applied
1,94,Codex_Workstation,F_0143,dataset/fly_ball/Codex_Workstation/F_0143,clip_too_short,recut_and_retime,yes,,1.800,2.000,1.785,1.885,1.835,1.845,0.010,7.014,13.845,recut_complete,0.000,0.000,13.845,fly,fly,no,audio_candidate_bound,0.9,qwen-omni-turbo-2025-03-26,ff8426880f34147ad49376ab893f35ec37e2041dfeaf85124c204b2f476c179c,fb34d6b411685f35f416a19c1ea92632e59d2a0463b5c4f57fafeae92db17a3f,9e98fb36ca2d429f46ac4f4157f62fd40fd684e43a0e000c1860618d5c817880,bcd6d1a32b311c750e8ffaec2677fc058a58a270701f7651c4fc49e1eeba2c0e,applied
1,95,Codex_Workstation,F_0144,dataset/fly_ball/Codex_Workstation/F_0144,contact_timestamp_wrong,recut_and_retime,yes,,0.350,0.550,1.575,1.675,1.625,1.645,0.020,7.006,13.645,recut_complete,0.020,0.000,13.645,fly,fly,no,audio_candidate_bound,0.9,qwen-omni-turbo-2025-03-26,5ae70d6e80277363876b4ac5dc00c9f0ee8e7def80cc681b87235e20fb38fb1a,7330cb6feb06ff8230acb466c59e6e6cd6b000f710c48457dee9a836edd9e529,e79ea8ec4a1deb393bfb91f6e1a4f765a64019fc300d72401cd96973d6c8cdb1,de3fd4ab8cf725b8b18d9b290ef60676650f5ceded12084695979ae4f6232b30,applied
1,96,Codex_Workstation,F_0146,dataset/fly_ball/Codex_Workstation/F_0146,contact_timestamp_wrong,retime_or_metadata_only,yes,,0.100,0.250,1.075,1.175,1.125,1.125,0.000,7.006,7.006,not_required,1.820,,,line_drive,line_drive,no,audio_candidate_bound,0.9,qwen-omni-turbo-2025-03-26,eca2bba4ff0b839ab3fbf16e43223a28fc88d4b38206b17beef68a0574eaaaf2,d52e101ab64eb68ee86f256f8f3367da46da29324cd639d92f6350999d374d2b,eca2bba4ff0b839ab3fbf16e43223a28fc88d4b38206b17beef68a0574eaaaf2,d52e101ab64eb68ee86f256f8f3367da46da29324cd639d92f6350999d374d2b,applied
1,97,Codex_Workstation,F_0147,dataset/fly_ball/Codex_Workstation/F_0147,clip_too_short,recut_and_retime,yes,,0.050,0.150,1.945,2.045,1.995,1.995,0.000,7.006,14.000,recut_complete,10.780,8.865,22.865,fly,fly,no,audio_candidate_bound,0.9,qwen-omni-turbo-2025-03-26,040ef1057dd2b7d5f32af3f9fd06200a435c9f2a1705090bc04bc63dc125cac5,c2408e00e0c10e30c7115a87540aa88b47b8e77d372a3b92a78f562bddda77a3,41ab894dfb2cb771e3b5331a9a10b53c6e583836016d785034195ac1b53c53b3,1e9cad565f592d83c7c82b44c10b0503d12c247303f79acc55753864ec4e9a81,applied
1,98,Codex_Workstation,F_0148,dataset/fly_ball/Codex_Workstation/F_0148,clip_too_short,recut_and_retime,yes,,1.960,2.060,1.945,2.045,1.995,1.995,0.000,7.007,14.000,recut_complete,1.200,1.225,15.225,fly,fly,no,audio_candidate_bound,0.9,qwen-omni-turbo-2025-03-26,c0c40244215ffbe6065ad7bbdca1336b8c8592ecafaaad15caea59cb5f546056,4d1028377621d1b53ae81b7b374e4ecc3f34f8bd3007232b3816549a1c8e3231,4ae1964c9b05fe42547f595bee74a38b800831d104160014360a2c9fa3866a04,b63bbf6a062bf0d8fd2149d474d3c91f839176e587323be8c563376cf3ce028f,applied
1,99,Codex_Workstation,F_0149,dataset/fly_ball/Codex_Workstation/F_0149,clip_too_short,recut_and_retime,yes,,1.000,1.100,0.995,1.095,1.045,1.045,0.000,7.014,13.065,recut_complete,0.000,0.000,13.065,fly,fly,no,audio_candidate_bound,0.9,qwen-omni-turbo-2025-03-26,5e34b3300003c23332cf039e5c2311a3901b43ed4f535126e94869712b707fa4,8473d644f133286a22152eb202130231450db6a5fa09b947a0f8d114657bcef0,b6f35b5af1aab4644b075705c3a08eefcc20c14881b2df66ee16c8769f1c5f0a,d52004364f006c5cb373c8da3ebafa5d6c82ea697efdbb883dfa91ec8d0c8713,applied
1,100,Codex_Workstation,F_0150,dataset/fly_ball/Codex_Workstation/F_0150,clip_too_short,recut_and_retime,yes,,1.960,2.060,1.955,2.055,2.005,2.005,0.000,7.007,14.000,recut_complete,1.180,1.205,15.205,fly,fly,no,audio_candidate_bound,0.9,qwen-omni-turbo-2025-03-26,2a29f813fb71aa32f2da8f01d0f71f26e145f5443a306d74adbdff11fdcca7dc,34f8f5f41dbca7b7a09aa7eb4cdd5105806b7be9783cc4578a76ed01e6684115,f2e6e86af42fb6a314a1969627e3b9009943efebf4600801a7838adaf34b9352,0e56984cf8f4103c671477871890b6bacf208da8bc6f6b8528a9fbc5a644d266,applied
1,101,Codex_Workstation,F_0151,dataset/fly_ball/Codex_Workstation/F_0151,clip_too_short,recut_and_retime,yes,,1.960,2.060,1.955,2.055,2.005,2.000,0.005,7.007,14.000,recut_complete,0.080,0.105,14.105,fly,fly,no,audio_candidate_bound,0.9,qwen-omni-turbo-2025-03-26,b59e426ebd0af184c59aa9c974a49cf4a40fcef05bbc9e66560960be4b916280,d8aba954e5021be903ee396e5cdf0fbc351c0bf7f042ae6c3f1432dad31b6530,aed4f69acdafd66390e2ad43909c453bee39b8429deee41c1ae2922799c94bfa,d6ada3d706a698582840519ab7282e15c3192f18bde794375ede76d8f3d20f30,applied
1,102,Codex_Workstation,F_0152,dataset/fly_ball/Codex_Workstation/F_0152,clip_too_short,recut_and_retime,yes,,1.960,2.060,1.955,2.055,2.005,2.005,0.000,7.007,14.000,recut_complete,0.660,0.675,14.675,fly,fly,no,audio_candidate_bound,0.9,qwen-omni-turbo-2025-03-26,a1f6bd056c0716b50fdb3caa34cb146a29af7b742048e5e98f00bc37fcec8b90,438f416e553e547adea1d8f7da65f019633538273c3e75277c8e82b0492576ff,5b98d00769e772dace8881abe32bbb9134599692a7db396f8a697750d574d796,569d97a6cc412e3e389d3b7fbe86c4656fa417a9ef5f2c7ce49f985fa0f2d012,applied
1,103,Codex_Workstation,F_0153,dataset/fly_ball/Codex_Workstation/F_0153,contact_timestamp_wrong,recut_and_retime,yes,,0.470,0.570,1.955,2.055,2.005,2.005,0.000,7.006,12.304,recut_complete,14.900,13.655,25.959,fly,fly,no,audio_candidate_bound,0.9,qwen-omni-turbo-2025-03-26,224add9d82fde18d2fd5de7c4b688e27eca9be4d2f136c93aea7cacb39a6e86f,91f1ed302407beff425eac0226a5d5e211d7ce2935f08de0dcb6a0bbe8d4de3b,32545acf27d9d2bccbbffdfae5542bdddf0228e5a81eee22c14637d9a18bde22,075cb971898cb0b2e45efada455d0129da72e97d393a7695ff164a2e05360490,applied
1,104,Codex_Workstation,F_0154,dataset/fly_ball/Codex_Workstation/F_0154,contact_timestamp_wrong,retime_or_metadata_only,yes,,0.450,0.650,0.795,0.895,0.845,0.845,0.000,7.006,7.006,not_required,15.300,,,line_drive,line_drive,no,audio_candidate_bound,0.9,qwen-omni-turbo-2025-03-26,8ea5b1978412816af7ec3e7d49057868e0e2eef8b1c7db93011d16445c1d703d,9ef900c1d54f4e5a7c43de0afeda0d845802ce134a3ab9662299148d712a18de,8ea5b1978412816af7ec3e7d49057868e0e2eef8b1c7db93011d16445c1d703d,9ef900c1d54f4e5a7c43de0afeda0d845802ce134a3ab9662299148d712a18de,applied
1,105,Codex_Workstation,F_0155,dataset/fly_ball/Codex_Workstation/F_0155,contact_timestamp_wrong,recut_and_retime,yes,,0.100,0.250,1.955,2.055,2.005,2.005,0.000,7.006,8.485,recut_partial_context,18.125,16.640,25.125,fly,fly,no,audio_candidate_bound,0.9,qwen-omni-turbo-2025-03-26,f077d3f97c51830a953819fa7dfb39b8991f9000b9fce90ebce317cedb59009d,2407052faddfed12c1720cac46dc860cbcc606e3d4c01745b26f0311ce075157,05d960232ffc4b9c08e60132efdc9d80d747365adbb2463b61c9bcbdb899b031,7ea66c9f7d7cace44c166f1542c4db931aecab0ec4096efd70cc4b9fefc1d708,applied
1,106,Codex_Workstation,F_0156,dataset/fly_ball/Codex_Workstation/F_0156,contact_timestamp_wrong,recut_and_retime,yes,,0.300,0.500,1.955,2.055,2.005,2.005,0.000,7.007,14.000,recut_complete,10.440,8.635,22.635,fly,fly,no,audio_candidate_bound,0.9,qwen-omni-turbo-2025-03-26,394de701a7531ce40f53cb4f5dc3b2c1f38f56788324519ceb3f5aba4072c93d,ac73c9f5bfd0cce7f58fb6fecb6b915d0f13a455f010b57d159f4698b487d4ae,aadd20a24cb177841a8579eea41b6a58f31dcbd11ca51b67d6090fb8383ef383,a5e62d62c6b3c7f0c20b6b4f9691271ecf5fd0a950b40367ed57383a5b6dab3c,applied
1,107,Codex_Workstation,F_0157,dataset/fly_ball/Codex_Workstation/F_0157,clip_too_short,recut_and_retime,yes,,0.010,0.110,1.955,2.055,2.005,2.000,0.005,7.006,14.000,recut_complete,15.220,13.285,27.285,fly,fly,no,audio_candidate_bound,0.9,qwen-omni-turbo-2025-03-26,9dbb76869336a49c516545a3f69cc9c4986df0c20cbf4950734d5eb5945bab1d,6518b3a81d18c1b23f178d3f7a4d8e559c4fa093006532af427e342401a462da,467d0a8054f43045f637feab4622aa7b915895bd5f0af33405842b005f9f8cfd,2c65514883b55869bb7f7b8af85a43894a44a562da30c1f972f322a14c34f6e7,applied
1,108,Codex_Workstation,F_0158,dataset/fly_ball/Codex_Workstation/F_0158,contact_timestamp_wrong,recut_and_retime,yes,,0.870,0.970,1.955,2.055,2.005,2.005,0.000,7.006,14.000,recut_complete,6.540,5.035,19.035,fly,fly,no,audio_candidate_bound,0.9,qwen-omni-turbo-2025-03-26,c89c672f4c3b667a31fef0f5ca204819a6fc7b5c06e8d5deeaa60a7af9465bb9,2a1747ac675673ec7a09370ad77b391322fdb516394295a1273b8a950797950f,bf0a8b8c9c754eec0bb68d60ff0b529ab7b910b6f2ed48d31ba7de56dcd81116,349c2f355413c19824b7c5dbab9c45f50dc48575c1f11e214811376b7bd5200c,applied
1,109,Codex_Workstation,F_0159,dataset/fly_ball/Codex_Workstation/F_0159,contact_timestamp_wrong,retime_or_metadata_only,yes,,0.800,0.950,1.595,1.695,1.645,1.645,0.000,7.007,7.007,not_required,1.400,,,line_drive,line_drive,no,audio_candidate_bound,0.9,qwen-omni-turbo-2025-03-26,0eef62615a04c5ae62ed6ad54f26fa02cf470ccae3a5d8b5f9e725486284d4ac,72dc9f5743bbc0566514735245105452b59085631d4d4ddb147d20a214994bbe,0eef62615a04c5ae62ed6ad54f26fa02cf470ccae3a5d8b5f9e725486284d4ac,72dc9f5743bbc0566514735245105452b59085631d4d4ddb147d20a214994bbe,applied
1,110,Codex_Workstation,F_0160,dataset/fly_ball/Codex_Workstation/F_0160,contact_timestamp_wrong,recut_and_retime,yes,,0.450,0.550,4.265,4.365,4.315,4.315,0.000,7.007,14.000,recut_complete,3.200,1.875,15.875,fly,fly,no,audio_candidate_bound,0.9,qwen-omni-turbo-2025-03-26,d7dcee800dc7000390c5f91337f92dfdc4ecab95fc75790016e03e4cf242042c,ed78da02299ddffe50fcde17ed0243b0d3beba1a4cbcb57165c67e0430cfb178,f3b5eecc89d0bbac2c1cffe6254d394d97155061b70ae8737cf07bb6449b237a,68d79300ae4dfc77a1e456af9cd67dcc2549ae3833a3054d8b6f86f94127352e,applied
1,111,Codex_Workstation,F_0161,dataset/fly_ball/Codex_Workstation/F_0161,contact_timestamp_wrong,recut_and_retime,yes,,0.430,0.530,1.955,2.055,2.005,2.005,0.000,7.006,14.000,recut_complete,4.160,2.175,16.175,fly,fly,no,audio_candidate_bound,0.9,qwen-omni-turbo-2025-03-26,8f62f0555a5a2d360722a5b3bd18d5ac3d25b3ddb5e690130e3ddb0a72e65fc6,58acdeef23473a9ba9ec3373ca8d6c4f68e160f15452cb9ed789857ee4caf5ac,e50ab8da96a8e905fc1583deef967459e24faea3dfd66b72ee3870783e246130,fef030548a049ad2543a4d210ebc30fd18740885004f1ebc561a3c612d97ae95,applied
1,112,Codex_Workstation,F_0163,dataset/fly_ball/Codex_Workstation/F_0163,contact_timestamp_wrong,recut_and_retime,yes,,0.050,0.150,0.495,0.595,0.545,0.565,0.020,7.014,12.565,recut_partial_context,0.000,0.000,12.565,fly,fly,no,audio_candidate_bound,0.9,qwen-omni-turbo-2025-03-26,153cb0c241d88070f1210e4fa29cb659d959b4cd4bf369d23b001b869c110296,89ccc87607c5eac03cedbb17277efa6d782cdff92d4ac831c5b4d7d254d63d95,c8237872aeab983fdb2fdc04631bde5cc8ad7e30fc1f3cc7bc7e4542e1d4279a,591547d6637539028091f6784c26d1367603b4e30e446be1985a02c5f516fa73,applied
1,113,Codex_Workstation,F_0165,dataset/fly_ball/Codex_Workstation/F_0165,contact_timestamp_wrong,recut_and_retime,yes,,0.000,0.150,1.955,2.055,2.005,2.005,0.000,7.006,8.265,recut_partial_context,22.079,20.814,29.079,fly,fly,no,audio_candidate_bound,0.9,qwen-omni-turbo-2025-03-26,93f772b58c2e7da988d5a71cb782b28f489e15116f98bffab1caab6aaca10cf4,7d088a0843bdeb91156edb86dd8c93595d94a7a77c454545807f069f7dbb56af,de089c1ed8af9036b77f7e65c116473dbd783dc18ad666cebf2af17f96b6d96d,60b69e72cbe078d7e0192f1f5d941c95e99a192e8d708461c6ea78c8a1ca82fb,applied
1,114,Codex_Workstation,F_0166,dataset/fly_ball/Codex_Workstation/F_0166,contact_timestamp_wrong,recut_and_retime,yes,,0.800,0.900,1.005,1.105,1.055,1.055,0.000,7.007,10.260,recut_partial_context,0.480,0.000,10.260,line_drive,line_drive,no,audio_candidate_bound,0.9,qwen-omni-turbo-2025-03-26,d748ac93222316ce1b4be3a6335bf415ac3a04980f4d930306e502aa90784c66,fb3f7bffa854efb20ed7b0df01f1db1209ad82f0405a3f286d52fbdba90be7a3,7ba8e6eb84c580f8cecf4e7df3a51bbc92efe95361e55f668fccc77ea5e29daa,c645c34cea8e45f5af426928331c98ff9b6e375f2793a2dcce8aad01f2ea4661,applied
1,115,Codex_Workstation,F_0167,dataset/fly_ball/Codex_Workstation/F_0167,clip_too_short,recut_and_retime,yes,,1.940,2.040,1.955,2.055,2.005,2.005,0.000,7.000,7.979,recut_partial_context,1.300,1.305,9.284,fly,fly,no,audio_candidate_bound,0.9,qwen-omni-turbo-2025-03-26,29bdc6bbbd55bbccf7ebfac223f160ac88647f5a3179c015d816c75a7dffc3c9,5dc1c348ded05cd35c5f16c25bbdea002af4b41ec83360894955fe17f3ce531f,487cbc805c3029cf332c359d22c6d20c4d1a4d8b3b0f320deaf5a5bc856ce660,0ec85fa6947e0134825fcbd032f82c7efdde75527829dbd3f11733bf3144c18c,applied
1,116,Codex_Workstation,F_0168,dataset/fly_ball/Codex_Workstation/F_0168,clip_too_short,recut_and_retime,yes,,0.170,0.270,1.705,1.805,1.755,1.775,0.020,7.006,13.775,recut_complete,1.540,0.000,13.775,fly,fly,no,audio_candidate_bound,0.9,qwen-omni-turbo-2025-03-26,8a7b99fa439110da2d6c197125dc9d4d392bf5443314e193877c2d966980b21a,3b2112c1744036a17abfe1fc6ef279528a94c575d65cde2f76a6bd384661b689,d147933fb4dea54ab3451f9e9498969073705eef63f8ae1a67cfd3004594c2d9,497cc3473e62692c1752cf2903dd63d6aa5ca0a526481a7af60549fa4b4f10ee,applied
1,117,Codex_Workstation,F_0169,dataset/fly_ball/Codex_Workstation/F_0169,clip_too_short,recut_and_retime,yes,,0.070,0.170,3.905,4.005,3.955,3.955,0.000,7.006,14.000,recut_complete,5.580,3.655,17.655,fly,fly,no,audio_candidate_bound,0.9,qwen-omni-turbo-2025-03-26,67b715f992fabe86ac68c27738f7a191e2f536decdcf209115723b4a538ef3a9,0bfc76e69c57115fe2758fc2dd0b336e0cdf806d6f716e835b3b46c121c54fe5,b131341de65acef6dfc9ac6c981c6702b0228d5a6dfab656010d44c9e6522520,65905941e1ea49c6f0d665da772eb95ff6b0bf5607d81735a25d6bd088839497,applied
1,118,Codex_Workstation,F_0171,dataset/fly_ball/Codex_Workstation/F_0171,contact_timestamp_wrong,recut_and_retime,yes,,0.010,0.110,1.955,2.055,2.005,2.005,0.000,7.006,14.000,recut_complete,9.060,7.265,21.265,fly,fly,no,audio_candidate_bound,0.9,qwen-omni-turbo-2025-03-26,92b0ea4f23707ce32bcce086cf450c0e7967eef84c6929bfd53883027201aca0,d9f35a5bde3ed24150f0cd3aef2719840a090ffc7e1190e4ea9fcac6b62176d2,1555ad31caf4eb33e3e050db03101e650a8ed3e7f35ad4e6aa4cb0b970465032,1094a6afdb9f243381e21a9404cffcdd8de47daee95a1190a2eb4d43a421c955,applied
1,119,Codex_Workstation,F_0172,dataset/fly_ball/Codex_Workstation/F_0172,contact_timestamp_wrong,recut_and_retime,yes,,0.000,0.100,2.285,2.385,2.335,2.335,0.000,7.006,14.000,recut_complete,6.960,6.655,20.655,fly,fly,no,audio_candidate_bound,0.9,qwen-omni-turbo-2025-03-26,345e39b652e4f53cc53c293cec0140b0e6c1f4bfb315230e61d177fc4d6c1e66,74c2f0ae36aa88625181b2b5924f868bc3f9a2dd2889b7f138a155a885434a4e,9494090c4efda65e6e6c89d93fc9f5dbe3ea7aa84688fa9ff09d6cb0a7f971b2,8a64ff1496858dc7c8176458ab40eee2bc5c63aba873b136f0182c77a420f80d,applied
1,120,Codex_Workstation,F_0173,dataset/fly_ball/Codex_Workstation/F_0173,clip_too_short,recut_and_retime,yes,,0.000,0.050,1.945,2.045,1.995,1.995,0.000,7.006,13.062,recut_complete,2.560,0.585,13.647,fly,fly,no,audio_candidate_bound,0.9,qwen-omni-turbo,76583557ee548e6ce0dfdd55c61d1b7a7a48143463fcecc444850e78323c2c28,9e3c506bc6b1978781eb1985fc6c0e1f20fc2bb532a7edb25f70b4f2ac91ef02,bf3fd6d4838f3fab04d4c3cd798fa657f82b75798ac4c01098b9fbf30ee4eb81,04ec61e969931d25c5cf626a536a4b7e2c5f7a83a13c5b794a73daba0150d1ae,applied
1,121,Codex_Workstation,F_0174,dataset/fly_ball/Codex_Workstation/F_0174,clip_too_short,recut_and_retime,yes,,0.150,0.250,1.955,2.055,2.005,2.005,0.000,7.006,13.715,recut_complete,28.900,27.115,40.830,fly,fly,no,audio_candidate_bound,0.9,qwen-omni-turbo,8292701859ed97382fa4374929a54e4ce03a0ea664c06a2b29e533b9fd785f6d,1729433d3e5d28941297c81300785e69d08ab42032e8f4bf61052fd0913c1d42,1a68ccb34b98689fa36417bbf0832ed6d070fe3caf73429f9222781cc8ce2643,af27b1a311d134c936701513d86e9796bd8d207fd96d94df2d5b3b893d28d503,applied
1,122,Codex_Workstation,F_0175,dataset/fly_ball/Codex_Workstation/F_0175,clip_too_short,recut_and_retime,yes,,1.960,2.060,1.945,2.045,1.995,1.995,0.000,7.007,14.000,recut_complete,1.400,1.415,15.415,fly,fly,no,audio_candidate_bound,0.9,qwen-omni-turbo,b3c36c8f6291a31bfdf00007c291a410bbe84848227ce4576940248ae3c390c4,fcab0d2b9cd6edda98fa069ba3cdd4a6a8ef34c6e8a41c88b083f7a774779813,34a655dc689c96145e014fdadfe4db3afc36a52149284d36f35c0b80b02cf083,6273358bd787c4253e758489086e05a5038c06e4cebca11ff0c7817604355f46,applied
1,123,Codex_Workstation,F_0176,dataset/fly_ball/Codex_Workstation/F_0176,contact_timestamp_wrong,recut_and_retime,yes,,0.000,0.100,1.955,2.055,2.005,2.005,0.000,7.006,14.000,recut_complete,5.440,3.895,17.895,fly,fly,no,audio_candidate_bound,0.9,qwen-omni-turbo,c75e3a58d491396f256fc798e6aed8492f6d04dd2b14b89809f2420a8aafc296,ac2d928a798e4f113af2b7aaaca8a2a9ff2408a2122c35e3de1ff11c05c831fe,92314c743efb74563a9368acddb62e2ea79a5833b4c966d6266be04feb6ecf8b,c9d6d4de77865e607935d26de45a2bfabfb07464c47c4201a57bb46e1178e3c0,applied
1,124,Codex_Workstation,F_0177,dataset/fly_ball/Codex_Workstation/F_0177,clip_too_short,recut_and_retime,yes,,1.960,2.060,1.955,2.055,2.005,2.000,0.005,7.002,14.000,recut_complete,1.320,1.345,15.345,fly,fly,no,audio_candidate_bound,0.9,qwen-omni-turbo,44e9edd1d641f42ceca15e04333c5215ae945304a81c2f52549fc97475140c28,79dc35e87f19fc20d8179b95469f021d69efb8cadffbb1571371b5512a8e4bc0,37871aa22d19d8da357ad5343cdb994972faa6f8c3e3f90772243bc66689d9dd,0690f81e6e9afb9896fff9898c84c0ab4e9aed97c3d7c73d5113bc0ef6c3c742,applied
1,125,Codex_Workstation,F_0179,dataset/fly_ball/Codex_Workstation/F_0179,clip_too_short,recut_and_retime,yes,,2.800,3.000,1.955,2.055,2.005,2.005,0.000,7.006,6.185,recut_partial_context,16.240,17.055,23.240,fly,fly,no,audio_candidate_bound,0.9,qwen-omni-turbo,254879a10b02c66804fce9f1538f3e300dbef68abb46f7a7d1c30abba3592c62,9d5c05df59f3882a792c0ac9cb68a8cb35f1ba8b9609c5a4cc2e34a936a07b98,ad37e0a347e3d518b33d2a7dd9295371d1fba87b5fd781b063a2d0b9aa2c220a,b11254be0295ba13fc421d9c8edca98ca48d6276c2af8e0a2912ba63ee93a4af,applied
1,126,Codex_Workstation,F_0180,dataset/fly_ball/Codex_Workstation/F_0180,contact_timestamp_wrong,recut_and_retime,yes,,0.310,0.410,1.955,2.055,2.005,2.000,0.005,7.007,14.000,recut_complete,13.140,11.705,25.705,fly,fly,no,audio_candidate_bound,0.9,qwen-omni-turbo,f8ffa6504c110c37136181b802223a34bfb469f2016b54cfd57da8b888985b6a,2e9caeeb4581284963f3f94285daa9f0fb8a00b9094bbf76a5c9ba2d572cb4c4,c168d3bac51063f66d52175139d1f19dbd66a62f2fc5f03b85eb535db742ebcd,b6d196ab4c91c782d237d0d7ec9cdbae41fe12e39d376e90cbac640b693e205e,applied
1,127,Codex_Workstation,F_0181,dataset/fly_ball/Codex_Workstation/F_0181,clip_too_short,recut_and_retime,yes,,1.980,2.080,1.945,2.045,1.995,1.995,0.000,7.006,14.000,recut_complete,0.140,0.175,14.175,fly,fly,no,audio_candidate_bound,0.9,qwen-omni-turbo,3220201cc64f4a2d24f3506950233195b42fbdc51f81fe90817a89374ad90883,6f3fe86e12d4b239981501a7607997a21e70dc9dca7e24be0e13a30cd5974ce6,313129420291ee1a763d44ee4f4ba8e9b75636031dc5a9e9e47b0b49472789ed,69304dbadd73cdb29ce1b5daa1cd8c5e9bb7064a9ba102e8fae8f68f5ec5ebe6,applied
1,128,Codex_Workstation,F_0182,dataset/fly_ball/Codex_Workstation/F_0182,contact_timestamp_wrong,recut_and_retime,yes,,0.270,0.370,1.955,2.055,2.005,2.005,0.000,7.006,9.244,recut_partial_context,11.380,11.255,20.499,fly,fly,no,audio_candidate_bound,0.9,qwen-omni-turbo,4674e06857212794434e4aef988f64a47fb7b55646bf5fee8c3058dcd944564a,438b21eb25fd47f9399dbc3b981fcf369c556c6c2c098421523cc50f2f4bc82d,7452602ea2f44ab6f71369000fb35d7949ad96d49cc3abef0a12339baea35083,7fccae0d2cee160c29147066049ab4564823b4c77aa146251e255aafef0b2c24,applied
1,129,Codex_Workstation,F_0183,dataset/fly_ball/Codex_Workstation/F_0183,contact_timestamp_wrong,recut_and_retime,yes,,0.000,0.100,1.945,2.045,1.995,1.995,0.000,7.007,10.623,recut_partial_context,11.420,10.465,21.088,fly,fly,no,audio_candidate_bound,0.9,qwen-omni-turbo,a855221042110df11bb9362ceb63c919f7cd9c85aec123b34b777c6553755f76,2cdf6688f03c79259ae7d707a4bb9de65e9e34c37e77d4ff990f4c9b095ffe7f,6543705fd9ed7f8ae48d8bf4e5f8d28d546ea60bfdeea8dd6dcdab63541e551a,238ca4cb299a4efe92651e670a20c62edafeb137f8d4fd684e3c5abb5e365fd8,applied
1,130,Codex_Workstation,F_0184,dataset/fly_ball/Codex_Workstation/F_0184,clip_too_short,recut_and_retime,yes,,1.340,1.440,1.345,1.445,1.395,1.405,0.010,7.014,13.405,recut_complete,0.000,0.000,13.405,fly,fly,no,audio_candidate_bound,0.9,qwen-omni-turbo,079b7a1db48794ef4619edaa078e4c8677d7e3578a1f85925011c2bc7e50a45d,d95a576188c9eef601d39f5df52c138912bfef19855a814443bb13496fe5c547,55ff48cdf98b69f016eaa57e353ad3d3784d6ec9511599c550cae0ba86253873,1d146a8eda653edcec7237af99286a026ef850dee994b9b7a5ab98a5eb89c485,applied
1,131,Codex_Workstation,F_0185,dataset/fly_ball/Codex_Workstation/F_0185,contact_timestamp_wrong,recut_and_retime,yes,,0.230,0.330,1.955,2.055,2.005,2.005,0.000,7.006,7.177,recut_partial_context,5.480,5.495,12.672,fly,fly,no,audio_candidate_bound,0.9,qwen-omni-turbo,97205f98a06993287fda28feacded02d94ca67739b7309eaa5b1b967300ca537,dd022a66332e0e9bc98c2eb260285b773a10ae5f5ac86fce94e88919f61645b5,78ecf8013498b6d13e92c5f1ed4865cc87181c6adbde29ea65990a8a2d68fc0e,061769b35a07f167705096307c4180655fe206f4f2b81c08c08ead79478fd835,applied
1,132,Codex_Workstation,F_0186,dataset/fly_ball/Codex_Workstation/F_0186,contact_timestamp_wrong,recut_and_retime,yes,,0.000,0.100,1.955,2.055,2.005,2.005,0.000,7.006,14.000,recut_complete,6.160,4.735,18.735,fly,fly,no,audio_candidate_bound,0.9,qwen-omni-turbo,c31798fec72d503f491531b8e0eee33af7c4aedbe3bfe7e535695f85ac80b820,e0ac484c5eba92362c29d5c6082b2142ae71cf5331553a5053457cbb45214483,0a41f7cf5025c71ca861042e8f58ccc43211a4c85258b250e0a6e7fdd369e6ff,412096b5dfee90fb2065541248fcd389f285bc56add5bb06c3c3f26c1d6cf2aa,applied
1,133,Codex_Workstation,F_0187,dataset/fly_ball/Codex_Workstation/F_0187,clip_too_short,recut_and_retime,yes,,1.980,2.080,1.945,2.045,1.995,1.995,0.000,7.007,14.000,recut_complete,0.880,0.915,14.915,fly,fly,no,audio_candidate_bound,0.9,qwen-omni-turbo,3cb50501ba05cc5faa3d50d0bf185fd478e891df30b8e5b6493521edbf0cbb35,5cb105d2f6ea97fc3be36fe96e86876a540e4b36d1b0fbfcd31a7cb32e74894b,e8c5e3d92fcd1fa9a5dce0e458aafdbd13a93848be4ae3d96531bc64bab2c449,345b568405d44db6a9c8c09e1ea231c4c5542d00f69c99faae35a2c4953c19ff,applied
1,134,Codex_Workstation,F_0189,dataset/fly_ball/Codex_Workstation/F_0189,contact_timestamp_wrong,recut_and_retime,yes,,0.000,0.100,1.765,1.865,1.815,1.835,0.020,7.006,10.060,recut_partial_context,1.420,0.000,10.060,fly,fly,no,audio_candidate_bound,0.9,qwen-omni-turbo,58f49e8effac73e3b7a6f6e99fd7df4b70520bac556d470564fedf0a8014d397,0e0be093317434570a69dbb96240f8ce11d7a0e3d738870c56cee4828cef4098,a7c35e8167e8c823b3da4061a2efebc5bf0728df7906874efd0449e225ab50f0,35a82b73d7284ab6334fcfedca83326927a38b682d2d18b393d39104e44ed1e8,applied
1,135,Codex_Workstation,F_0191,dataset/fly_ball/Codex_Workstation/F_0191,contact_timestamp_wrong,recut_and_retime,yes,,0.100,0.200,1.995,2.095,2.045,2.050,0.005,7.006,8.445,recut_partial_context,21.378,19.933,28.378,fly,fly,no,audio_candidate_bound,0.9,qwen-omni-turbo,aa1e10a0306af0aa4144f5e5c4d1d7eb4347788183f7164b99eb9833dc5254be,e93e16c66598efb0750406af5f8f51b75f182692e9d7f99e249adaca9b72b23d,9534d7eb83282fa40124681b810e0566ecba28b593611697bd615c4779774145,1ed7fc857e2c7ea014ff01b439e9168eabb976b52cf937763d389a59a955f3a2,applied
1,136,Codex_Workstation,F_0193,dataset/fly_ball/Codex_Workstation/F_0193,contact_timestamp_wrong,recut_and_retime,yes,,1.800,2.000,1.035,1.135,1.085,1.085,0.000,7.014,13.105,recut_complete,0.000,0.000,13.105,fly,fly,no,audio_candidate_bound,0.9,qwen-omni-turbo,02ca7df46382ffe35b2c1e47465db5c91716d5cc1026aaef969d2a061cb423eb,d35ba2aedd80ffbb9e28755a4467eb87fe0da2d485a4685494ae6c8b046c810a,24b2bda95d0f9b64908bf1bd3e2c24acbb8943b9e78963d6a66f7fb7e0daedec,5b5a3075c59db1db60df541a2684cfb47b3ce1f34e623a46c0415569c93461c2,applied
1,137,Codex_Workstation,F_0194,dataset/fly_ball/Codex_Workstation/F_0194,clip_too_short,recut_and_retime,yes,,0.660,0.760,0.645,0.745,0.695,0.715,0.020,7.014,12.715,recut_partial_context,0.000,0.000,12.715,fly,fly,no,audio_candidate_bound,0.9,qwen-omni-turbo,216f5a9ee7753c1e721f85e259aee0b44c2077b1a0a9943ceea885989bfcf64f,74363bb5f5af7f9cf1ca26a060c187232328cbd7a28ca2324329dc352b57aa94,1f2ead803fc2f8c4770168eeefe3e1b749714e7d9cd7f5fa02c79556c07161c8,0480c710a6d98297354cb6afcb439caab346779ae3a008447711108e943efe8e,applied
1,138,Codex_Workstation,F_0195,dataset/fly_ball/Codex_Workstation/F_0195,contact_timestamp_wrong,recut_and_retime,yes,,0.230,0.330,1.985,2.085,2.035,2.035,0.000,7.007,14.000,recut_complete,5.700,3.795,17.795,fly,fly,no,audio_candidate_bound,0.9,qwen-omni-turbo,323daf50a99f31a96a432987d7753d22e05b9386998b1ff85490d6ff33ba151f,b8ad5eedfdf8557cb0fd9aa1831fb934547d18daf6a347c65f0c809a26085da6,022b634f0f7084ab102537ea941026a131dedbfecab2bdca98e3b1604ec5d097,cef2db738767a05e03ad126c24dfcbf20fda44fd47d3c8cd8bd1d9e6cc5c6c9c,applied
1,139,Codex_Workstation,F_0196,dataset/fly_ball/Codex_Workstation/F_0196,clip_too_short,recut_and_retime,yes,,5.800,6.000,1.945,2.045,1.995,1.995,0.000,7.014,14.000,recut_complete,0.000,3.985,17.985,fly,fly,no,audio_candidate_bound,0.9,qwen-omni-turbo,47dabcceda1dde7b70cc2ec463dc8da14863b29714759d44d292d4ff06534ddd,ea63877b192cf7d4b097a7f8789d9c0fbc86a45427c72154fd5df355fa660c25,84ad34fa064b47306a100e6216cafb0f43690f84f125c29fbecddf518d8d7800,3740231a741e6e8f2d808ffc31492bd27f9b54c37f547c265e687729e635b046,applied
1,140,Codex_Workstation,F_0198,dataset/fly_ball/Codex_Workstation/F_0198,contact_timestamp_wrong,recut_and_retime,yes,,0.050,0.250,1.935,2.035,1.985,1.985,0.000,7.006,14.000,recut_complete,6.760,5.565,19.565,fly,fly,no,audio_candidate_bound,0.9,qwen-omni-turbo,ab0bf1ed43e0f6ec8611ca8dad367f14644efe503060770a71bf07beb7e37526,bb2835adb677d3e793494b14cb810d2f42cfff524a80ffe2303204565d7ffa4f,d6e5f68172acb9ad9dccea33665331076687d1c3e0f5a323fba3a85889ef4fcf,082803ca04b9d14d13057f990610d9e0644762d0ed67e75e7478e3fa5d0a5480,applied
1,141,Codex_Workstation,F_0199,dataset/fly_ball/Codex_Workstation/F_0199,clip_too_short,recut_and_retime,yes,,0.250,0.350,1.945,2.045,1.995,1.995,0.000,7.007,14.000,recut_complete,2.180,0.485,14.485,line_drive,line_drive,no,audio_candidate_bound,0.9,qwen-omni-turbo,d633a19a262a794bab84dcbdce9fa2cf5ff07bba441e15e58b63be71f8cf539d,495514a2bb3cb0d686711c4a7aefd86c14961092b863b4fd5fe6861ea3b5c755,d86e4a23fb2f75ed1ecaff49e6d98334fc3f792cafb6a9ac19d67682c22ccc40,a23454df4fb639598f4a1458c32a12259e4d91ab14daaa8405db6534d3642570,applied
1,142,Codex_Workstation,F_0200,dataset/fly_ball/Codex_Workstation/F_0200,contact_timestamp_wrong,retime_or_metadata_only,yes,,0.430,0.530,1.015,1.115,1.065,1.065,0.000,7.007,7.007,not_required,3.100,,,line_drive,line_drive,no,audio_candidate_bound,0.9,qwen-omni-turbo,9504281d5bc8f853ea6b41c05a9a67c014a80842cccc80a1d814f5016ac3ebe6,bc766e7bc82c1198275055273a069658683e473b2e9bcad6b0d921dd99a343a6,9504281d5bc8f853ea6b41c05a9a67c014a80842cccc80a1d814f5016ac3ebe6,bc766e7bc82c1198275055273a069658683e473b2e9bcad6b0d921dd99a343a6,applied
1,143,Codex_Workstation,F_0201,dataset/fly_ball/Codex_Workstation/F_0201,contact_timestamp_wrong,recut_and_retime,yes,,0.350,0.550,1.935,2.035,1.985,1.985,0.000,7.007,14.000,recut_complete,9.340,7.465,21.465,fly,fly,no,audio_candidate_bound,0.9,qwen-omni-turbo,6e5ba7fc2ddc41019b585c87962026557d04ee5d7590fe889e40f09d58697150,657d3f25d9b27f912d14983544423189970624d5f3c12a2fb42f1de6a4033127,23a8774dcdb138e8efc4dd4fd7d1c7a9855a883fca28e2055e6d24e91172ee6c,8a2ce913905332dc640b05d4b1b119008d0cf59eced0da56dcb3cf6d77d45c63,applied
1,144,Codex_Workstation,F_0202,dataset/fly_ball/Codex_Workstation/F_0202,clip_too_short,recut_and_retime,yes,,0.570,0.670,1.945,2.045,1.995,1.995,0.000,7.006,14.000,recut_complete,2.460,1.085,15.085,line_drive,line_drive,no,audio_candidate_bound,0.9,qwen-omni-turbo,2b26699e6c99005efcd6b27b4b8ce659091889c00e95257c678b0f19fd59ab15,5973cda6c344b91ca3f26b6b8411f15813312f10d95271082141effb0c69b2bc,e054adf7cef6e47900a30a361ade1447477597acf62eca19a4c033481613cc1c,5ed2ea7ab07747cfdcddaabeaf79dc29f66d9f5a4c212a03730465dcfde18da8,applied
1,145,Codex_Workstation,F_0205,dataset/fly_ball/Codex_Workstation/F_0205,contact_timestamp_wrong,recut_and_retime,yes,,0.120,0.280,1.955,2.055,2.005,2.050,0.045,7.006,12.950,recut_complete,3.220,2.565,15.515,pop_fly,pop_fly,no,audio_candidate_bound,0.9,qwen-omni-turbo,f96dc1674960892f0a3edf707a39f96d016014dd61f3befabd9f9d0658abc7b8,09f32fcfaa5eafb31bbf4f318380d62b757f04f885431eb8f4dfb8ca53ca9235,ab79fbcf9949dae840272c3aba5485610c13bf21025aec6855819985f6f42b13,d248c388db568fa3114d26a6f2c321413eabb9b54a2f0857d96d67a3fe64392d,applied
1,146,Codex_Workstation,F_0208,dataset/fly_ball/Codex_Workstation/F_0208,contact_timestamp_wrong,recut_and_retime,yes,,0.250,0.350,1.945,2.045,1.995,1.995,0.000,7.007,14.000,recut_complete,4.820,4.025,18.025,fly,fly,no,audio_candidate_bound,0.9,qwen-omni-turbo,49771b5b3aa1f7f4c2caec8bf638ac13ecce9daacbf2738f2d54e98612edc84e,31e91ecb3f0c476afd34864de9a95f0670499941ab788f6bc7fb052b0add7dd4,8f24540e86bef4fb9fdf7642e96f2b8714dbdbcf69ff7f488c1eb248699b1c07,90a484fd8a50c965dc04a5ebba3aba45106792db752eda33c7f7a79b349ad41c,applied
1,147,Codex_Workstation,F_0210,dataset/fly_ball/Codex_Workstation/F_0210,clip_too_short,recut_and_retime,yes,,0.190,0.290,1.965,2.065,2.015,2.015,0.000,7.006,8.745,recut_partial_context,5.112,3.367,12.112,line_drive,line_drive,no,audio_candidate_bound,0.9,qwen-omni-turbo,655702e272adabc5891e6d7081781c04423caa2ab6e81c67fb96288b84220922,7240f9db6017a346e1e9d38ab9c616adb7a50976baa2d6ae5bc4d56c14e74009,128f52d19b3514818f5f1e15d6f8084df51db1ed628c3a14f26e33859f2f5da0,ff2d48654d2cff476d4e2f5b1fab4033ffe26c84a6c36b859c83a022700d2df8,applied
1,148,Codex_Workstation,F_0211,dataset/fly_ball/Codex_Workstation/F_0211,clip_too_short,recut_and_retime,yes,,0.330,0.430,0.955,1.055,1.005,1.015,0.010,7.006,13.015,recut_complete,0.620,0.000,13.015,line_drive,line_drive,no,audio_candidate_bound,0.9,qwen-omni-turbo,4b94bde629b1026d98eccfac973f512711359b971a9f6d6823b2b3130760d7ee,ad4d96b7e82b813a32948a82fbc9251b9d9ada49d614ef54d8326ed9a7de1778,c074f3f2f8514eecb768b06a9e0e792559a28f1569786879b8ec4a4bf057b5c4,c77554e60ab92831524c1b6852a7e58272f8faa50b88adf28e030aae240f0ebe,applied
1,149,Codex_Workstation,F_0212,dataset/fly_ball/Codex_Workstation/F_0212,clip_too_short,recut_and_retime,yes,,1.960,2.060,1.955,2.055,2.005,2.005,0.000,7.007,11.014,recut_partial_context,7.540,7.555,18.569,fly,fly,no,audio_candidate_bound,0.9,qwen-omni-turbo,0bd9b2d71e673f17a39a757c518e2cd22159630bab16490bcc2eb2892fcf823c,2dfc24827978c3ee6e7afd9b206e2d2c692bd47884d824a1d8d919d29e4c7da5,acbc0a32ead2dfaf9d84ace46d31ca3404ef1aafd9d5e0edc271b475c5343851,e363bffcdb6f680bec3825042a5514a9b88b7c3cea7874eba6adeed0b8cd84a9,applied
1,150,Codex_Workstation,F_0213,dataset/fly_ball/Codex_Workstation/F_0213,contact_timestamp_wrong,retime_or_metadata_only,yes,,3.090,3.190,1.975,2.075,2.025,2.025,0.000,7.006,7.006,not_required,1.720,,,line_drive,line_drive,no,audio_candidate_bound,0.9,qwen-omni-turbo,536864b6c730c5336d365e01a2e95caf0c75a96b31e2a8ee9f54e3078da1b79c,0b0d7b76c4c58787186c06ebf5d0ec035d7076046306241dce2c14bf2f0960b5,536864b6c730c5336d365e01a2e95caf0c75a96b31e2a8ee9f54e3078da1b79c,0b0d7b76c4c58787186c06ebf5d0ec035d7076046306241dce2c14bf2f0960b5,applied
1,151,Codex_Workstation,F_0217,dataset/fly_ball/Codex_Workstation/F_0217,clip_too_short,recut_and_retime,yes,,0.800,0.900,1.355,1.455,1.405,1.415,0.010,7.007,13.415,recut_complete,0.480,0.000,13.415,fly,fly,no,audio_candidate_bound,0.9,qwen-omni-turbo,31a8950ac734626bbbe593f1ae8080270fd98254f0f4b4801683f74763a3bd9e,527ffb2d647fbd42de6aa8ce877cda24be0e7cc23d5a5628207a117a14c8aa6e,62754b865f7da6146c83bfaeed81fa73a7d20eacb737a41c857489aee524028c,867282c6449aec4d2b3a36f424592966c8478ee8d773dfd1a4bf94a3a583020c,applied
1,152,Codex_Workstation,F_0218,dataset/fly_ball/Codex_Workstation/F_0218,clip_too_short,recut_and_retime,yes,,0.110,0.210,1.955,2.055,2.005,2.005,0.000,7.007,12.907,recut_complete,14.060,12.135,25.042,fly,fly,no,audio_candidate_bound,0.9,qwen-omni-turbo-latest,acdbbbd34aaf6b1253c2ad506e6eff5940b243681444719854428634e418030d,b0c60e52f36e266822d814e1dcddc5ea70f6d29b0fde81bd6d1667c16251eec2,083659d7d5dd683eb19b12ae4bf8ca85e0f4ca8170a3cd1b84e6dd0711718e04,41ae9a41c78897cdd11156f0fb65301e443f94ebd2fe5fbbaf48c65962851051,applied
1,153,Codex_Workstation,F_0219,dataset/fly_ball/Codex_Workstation/F_0219,clip_too_short,recut_and_retime,yes,,0.390,0.490,1.955,2.055,2.005,2.005,0.000,7.006,8.585,recut_partial_context,18.959,17.374,25.959,fly,fly,no,audio_candidate_bound,0.9,qwen-omni-turbo-latest,96109e28febc3fe6ca4fc36623525342b1fba549e02010e554c60bf6bfacf290,23131b796d0ccf5b4629c394a84cf6dbf7f0ae8b2a1f936e98873db5fd382339,a645efbd5ecdd8c9e25ed8af68222ec12b4f493053531dac6d35f1c29b0a137e,446c2909587be18adbbf92e4c1e30fe070f496f7943e706856238f13cb061d7a,applied
1,154,Codex_Workstation,F_0221,dataset/fly_ball/Codex_Workstation/F_0221,clip_too_short,recut_and_retime,yes,,1.340,1.440,1.325,1.425,1.375,1.395,0.020,7.014,13.395,recut_complete,0.000,0.000,13.395,fly,fly,no,audio_candidate_bound,0.9,qwen-omni-turbo-latest,ba8682561b20b2f2749ae58fe0e7ee46efb0f9fd43ffe87414ca735965647429,e32535cd159a8af77889fde41fbc54f40a62df8a0c3f4eca833f83a90265ef1c,ff284fe13acf1954bac5fdbea0c99d4cd2b4bf482ac1f3c6e1d501e721a4b278,a9ed56919981e7ef05f24ea619615079d3136ab13662fb98796edc4f10f53f2f,applied
1,155,Codex_Workstation,F_0223,dataset/fly_ball/Codex_Workstation/F_0223,contact_timestamp_wrong,recut_and_retime,yes,,0.450,0.550,1.945,2.045,1.995,1.995,0.000,7.006,12.818,recut_complete,14.120,13.225,26.043,fly,fly,no,audio_candidate_bound,0.9,qwen-omni-turbo-latest,3111f8d5c24cb69de3d961af44c1e13e3396de0ad9210af33e86ccae84a9d931,b3cafd611eb4235742d864e926f408e0826cb00df50c78037df8b2f87f53bbc8,970397216a05e5d2a63f6f4769e134b2f1313fe874c185bb41c4453be7d6a694,92b95afb265e2997e0c407c22744336f73f7ab0340010ffa682b4d9aa838850b,applied
1,156,Codex_Workstation,F_0224,dataset/fly_ball/Codex_Workstation/F_0224,clip_too_short,recut_and_retime,yes,,0.290,0.390,1.945,2.045,1.995,2.000,0.005,7.007,14.000,recut_complete,3.100,1.415,15.415,line_drive,line_drive,no,audio_candidate_bound,0.95,qwen3.5-omni-flash,f406996c83ca84ead8d981f5fe7c1c6cc9d924b830c0e3f21b85297fe4155190,8f341d5bd85d8909c25341283df72c4b3106e5ca5930354de06ff87595c0ef15,d68275ae8fc48ebb93ed8be73a4ecbeb68507037486beda703002432bb24aeb6,70bc441d096aca6ab5a37f9cca8138b6841586b755b683f93c66d9260f7a806b,applied
1,157,Codex_Workstation,F_0225,dataset/fly_ball/Codex_Workstation/F_0225,contact_timestamp_wrong,recut_and_retime,yes,,0.800,0.900,1.375,1.475,1.425,1.430,0.005,7.014,13.445,recut_complete,0.000,0.000,13.445,fly,fly,no,audio_candidate_bound,0.95,qwen3.5-omni-flash,c56012eef8fa77ffe841c840d6073ac66b920af559e2b04ba27f4775ffa66f66,73864a8db483a5af8ad350cb480f6aaea2f1d06e70cb8fe9a04b851031ba133c,092f671138fa97a0ac33c5d6e0a6ecd36b76b9d20078e0cf6734783ce5f31c39,1c2e6b3226c0938688a286a742de2f2820e1b6b065d8451605f9dab9d58e5a45,applied
1,158,Codex_Workstation,F_0226,dataset/fly_ball/Codex_Workstation/F_0226,contact_timestamp_wrong,recut_and_retime,yes,,0.800,0.950,0.315,0.415,0.365,0.370,0.005,7.014,12.385,recut_partial_context,0.000,0.000,12.385,fly,fly,no,audio_candidate_bound,0.95,qwen3.5-omni-flash,bde431db2682bef187563ba7841efb593b000dd21f5e5fcd4b0cfb8bbefab8e1,b3ac09e03072a4659a128d1d613ab01668ac5504c52468905d9a3536a84fca7f,e5d446a90dfb48b832f605c57525647cd5531b4ab50d480ba534fe89b31ed757,1a0047a9a43c32f72c45321c57c4e75043e0c9446d4b9e62cb7c9901d86a9d32,applied
1,159,Codex_Workstation,F_0227,dataset/fly_ball/Codex_Workstation/F_0227,contact_timestamp_wrong,recut_and_retime,yes,,0.400,0.600,1.905,2.005,1.955,1.960,0.005,7.006,14.000,recut_complete,3.840,2.765,16.765,fly,fly,no,audio_candidate_bound,0.95,qwen3.5-omni-flash,978f524062aad37f39e380741a52985672583ae189607dfb50aa6daf99679857,364d1436da6c604965bc044020df613cd6d8089995d5d84f545d91994eb460d3,d3d1b00d2427da6ac690c371b9d99da3708c8f90e9a05cab02740be08e56c43e,e38496c56d0c468a10afb96cc49d6d39b5d388c5f10aff91609ea22133e8f1ed,applied
1,160,Codex_Workstation,F_0228,dataset/fly_ball/Codex_Workstation/F_0228,clip_too_short,recut_and_retime,yes,,1.080,1.180,1.075,1.175,1.125,1.130,0.005,7.014,13.145,recut_complete,0.000,0.000,13.145,fly,fly,no,audio_candidate_bound,0.95,qwen3.5-omni-flash,bc742a12801ca39920d734e9f8c75f1a193da7c1d29ad387f5e302d41f0e0dd5,67720613996dd08cea6735cedf7ef857f94f5e2ef2865858373b0d45f7eb52e7,e05aa6e899d29b5aabdef79469fcd486e64d3522a85b4011542b704fe7195f85,75627193666fbddd6d8ccad64c9ecc623763c9a94a9c1cf0de20647d02e55d2a,applied
1,161,Codex_Workstation,F_0229,dataset/fly_ball/Codex_Workstation/F_0229,clip_too_short,unchanged_unresolved,no,no_candidate_selected,0.000,0.090,,,,,,7.006,7.006,recut_complete,5.540,,,fly,,no,no_candidate_selected,0.95,qwen3.5-omni-flash,cf46425746639b0e76d93e6011277f3830efe2a7ef42998e93c80d6ef785f77f,a8382f684157d5825ffe8cb1c625ae33dbe6b19c62d12b78b4589f91cce3a1b8,,,applied
1,162,Codex_Workstation,F_0230,dataset/fly_ball/Codex_Workstation/F_0230,clip_too_short,recut_and_retime,yes,,5.200,5.300,1.945,2.045,1.995,2.000,0.005,7.006,3.735,recut_partial_context,19.293,22.558,26.293,fly,fly,no,audio_candidate_bound,0.95,qwen3.5-omni-flash,ecd1c53f9bb4c6de243184038d21c75095acfeca8fc170a9d52ab669afdaf203,81b941be3f631a7b80380b562854d5a0b0758a18b703f4ca0b927da57071eaf5,c226d0206ebba6a07346c97ce0aaa3648890193862a39ecc30ceb6d0edc88da4,17946077557ab88fb422288983756ade566284b72339b9fe14294639afe0fac7,applied
1,163,Codex_Workstation,F_0231,dataset/fly_ball/Codex_Workstation/F_0231,contact_timestamp_wrong,recut_and_retime,yes,,0.000,0.150,0.365,0.465,0.415,0.420,0.005,7.006,14.000,recut_complete,6.340,5.225,19.225,fly,fly,no,audio_candidate_bound,0.95,qwen3.5-omni-flash,2db6de45adaa6f06f0d803455ed20cd008880a3bc8010a1dfec8c9e2f776b21e,3d5803c6905feabfa355e7221ded0fcf5ddc5f52ce295e35b215c899d4cedf77,193f96b106356627695ddfb46883c3c535570803df2c0b2bda967e9a23bd9d01,478460b7e3b4bf21ddd4188cc52cae816c3043ccb0d7eb1eb96ed9aae466d6c7,applied
1,164,Codex_Workstation,F_0232,dataset/fly_ball/Codex_Workstation/F_0232,contact_timestamp_wrong,unchanged_unresolved,no,no_candidate_selected,0.860,0.960,,,,,,7.006,7.006,recut_complete,8.980,,,fly,,no,no_candidate_selected,0.95,qwen3.5-omni-flash,bae02ffe56c354e2c2954d91808c480a68d55b88c643d0622cac0a9af1f73be7,921c468dad60740b199781f53283c14f5c03ed35cb93dcd92bfe62e57f1bd60d,,,applied
1,165,Codex_Workstation,F_0234,dataset/fly_ball/Codex_Workstation/F_0234,clip_too_short,recut_and_retime,yes,,0.250,0.350,1.955,2.055,2.005,2.000,0.005,7.006,12.189,recut_complete,13.280,11.585,23.774,fly,fly,no,audio_candidate_bound,0.92,qwen3.5-omni-flash,5a9e7da9583d87a377a20b32ba49baa38a9d16513c78b1c039ed7507eac6f836,3141b25bf9dbc6b69bee6a50013529f45d36a41104360c9a7b86804fdddefbf5,5125b5f1d8d611ce9de217a7b0d77b2981d59ddf6667c89783c5039d64adf33f,16d6efb217ffa015ed172241dd1dbbf416c9f3b5faedf277fc68a0242011d126,applied
1,166,Codex_Workstation,F_0235,dataset/fly_ball/Codex_Workstation/F_0235,contact_timestamp_wrong,recut_and_retime,yes,,1.980,2.080,1.945,2.045,1.995,2.000,0.005,7.007,11.347,recut_partial_context,13.760,14.095,25.442,fly,fly,no,audio_candidate_bound,0.95,qwen3.5-omni-flash,2c413919a3dacf59c3ed480a6eaf97028980e51f7421316c048bd1abb2e4ce3b,7d3d7a4f8ce5ce5fec7c6fe8ce3d83364e9dfc39f595db829aa8ae79c7c25b28,521f61b364c64341c794a5fa589ad07ac141793b0999685e4cda1ec7c143af27,8a6df761ef1d95b89b0776dc3918fa91eff5a231bcf021f604e06e9cdb14a06a,applied
1,167,Codex_Workstation,F_0236,dataset/fly_ball/Codex_Workstation/F_0236,clip_too_short,recut_and_retime,yes,,1.420,1.520,1.955,2.055,2.005,2.000,0.005,7.006,7.605,recut_partial_context,7.998,7.393,14.998,fly,fly,no,audio_candidate_bound,0.92,qwen3.5-omni-flash,0f1f285320a7bfe802c1eed585dcc79611e02a5b0a45d3fa1e65615c9f1f996d,30889798446a1b385cb0a023eb05bb1092c9578eafaeb94f8b4c1c8c0fc1dcc7,f6a291de72ad148875ddcc9cc1025e84bb6537a035410aa65e448efc7f3c94d1,6da0a0df0e9b5bcc083e104e755c555272c3d08acad3cba61ab4f4b9eff97500,applied
1,168,Codex_Workstation,F_0237,dataset/fly_ball/Codex_Workstation/F_0237,contact_timestamp_wrong,recut_and_retime,yes,,0.800,0.900,1.635,1.735,1.685,1.740,0.055,7.007,11.562,recut_partial_context,1.180,0.000,11.562,line_drive,line_drive,no,audio_candidate_bound,0.92,qwen3.5-omni-flash,5702cf7aea30975939c2c9b3718dc8f97351b9f9d8ad33dca73b24ac86bf3cb3,0e39f78319d50cdb14204d48264c180acdaf7bb15946e59dd1407a0005236c65,0e7b62de7f41c259b6b4d8d1fbfd145b761d05bf56caf076be42ee286dacb9b7,b2ef88313d4e29b69d0bbb699320f9de012ce3bc21d00e467d5c9f30cbc599dc,applied
1,169,Codex_Workstation,F_0238,dataset/fly_ball/Codex_Workstation/F_0238,clip_too_short,recut_and_retime,yes,,1.960,2.060,1.955,2.055,2.005,2.000,0.005,7.006,14.000,recut_complete,0.040,0.055,14.055,fly,fly,no,audio_candidate_bound,0.95,qwen3.5-omni-flash,69904268395ae4a292f1af051084189cbf97d4c923909585b52fa7e1e024e245,bd33f7d732214ff7bcd387af7a9ada1bfc5600feda936d3c5640b3b5838039d3,b03890d3bdee277a4bb9a090b1ad28d7ea8a8fdfbcf42e6cc7203a4885836959,99a9b02f672a52aaea9248e1f3890009512dcc54d2082687564893e9869d57d0,applied
1,170,Codex_Workstation,F_0239,dataset/fly_ball/Codex_Workstation/F_0239,clip_too_short,recut_and_retime,yes,,0.630,0.730,0.935,1.035,0.985,1.000,0.015,7.006,13.005,recut_complete,0.320,0.000,13.005,fly,fly,no,audio_candidate_bound,0.95,qwen3.5-omni-flash,f4359f11b688649cc4ba2547567d84115869469677d7faa9d8fc004526a9fee8,017c91e487184fe56256c218578000ac961767089b2a739740da85bfe4a75438,b6280a2046fdacf08c76e87de2fcff25b6d26b4c176d66e08ad4d2e8c6af6f5c,efa484c044184dc42c2d1a75f594c4a5d5850be878ca46f95c73fe69c29b967f,applied
1,171,Codex_Workstation,F_0241,dataset/fly_ball/Codex_Workstation/F_0241,contact_timestamp_wrong,recut_and_retime,yes,,0.050,0.150,0.725,0.825,0.775,0.780,0.005,7.007,12.785,recut_partial_context,0.280,0.000,12.785,fly,fly,no,audio_candidate_bound,0.95,qwen3.5-omni-flash,6d9be9f0d9b3caf225acd4d1b7043e1862b277fdaad66160e77fdce15d6fd125,0ae0d2e6925d581186486d0efca161e99b844b81bed82bc4dc831b585d91d899,f17a40163d6fcba965d6d5327a9fbca3c6f1ac22dec1b57020eeb068f2a3b2a6,9f7200d84d04396bbd70d61d70ccf471aa0611d3b3ce72866e52b2ecc2282438,applied
1,172,Codex_Workstation,F_0242,dataset/fly_ball/Codex_Workstation/F_0242,clip_too_short,recut_and_retime,yes,,1.940,2.040,1.945,2.045,1.995,2.000,0.005,7.006,14.000,recut_complete,1.440,1.445,15.445,fly,fly,no,audio_candidate_bound,0.98,qwen3.5-omni-flash,2bc9752e30ff6127977d7b67c602f72183a823a99f5265f7df5bf2f2b10a64a4,7a013ee83e48dc324598e878ffbdd82c69050277d68d7fc50c2ba70dcd7a3197,1ec13ead68205495ab6d292cff132dfe1d5aca449658049b23f1d8930765f16f,bda2340d87ba516f742842c530aced45b877f394ceefd2e120269c4eb6153e55,applied
1,173,Codex_Workstation,F_0243,dataset/fly_ball/Codex_Workstation/F_0243,contact_timestamp_wrong,recut_and_retime,yes,,1.060,1.160,1.935,2.035,1.985,2.000,0.015,7.000,7.755,recut_partial_context,1.589,0.834,8.589,fly,fly,no,audio_candidate_bound,0.95,qwen3.5-omni-flash,5508136145a01e2d879d6d3fe862f1286ed71ec0dc7be5e50bbec3075f4b85a5,6aa24aeae7244a1eace9064fd6cf3899161efb3a4c2912178a3ef364d4d7b421,0c0644cc995297021ebff361b82739a0240d1c288cec92dc0835a90241b08fcd,c323d9e48940bc5d1bdacc67a338d3ba46662c09eab68de0cc7668e9a55185a5,applied
1,174,Codex_Workstation,F_0244,dataset/fly_ball/Codex_Workstation/F_0244,clip_too_short,unchanged_unresolved,no,no_candidate_selected,0.210,0.310,,,,,,7.006,7.006,recut_complete,2.360,,,fly,,no,no_candidate_selected,0.95,qwen3.5-omni-flash,8e5cd55a49881e2e5d358aa56148910533aff3a03376c41afd228c1d0b136f86,6752a8aa6caba447813fc3bb103c9f9b17a95b3dbfc2f3e41ac44e12bdc3b667,,,applied
1,175,Codex_Workstation,F_0246,dataset/fly_ball/Codex_Workstation/F_0246,clip_too_short,recut_and_retime,yes,,0.190,0.290,1.945,2.045,1.995,2.000,0.005,7.007,14.000,recut_complete,3.420,1.675,15.675,line_drive,line_drive,no,audio_candidate_bound,0.95,qwen3.5-omni-flash,3e9235231382100a2f98472933b195f820640b8e2101ed0182614b7c685e0356,cb8dae16d8ab05a6ec0be6410a638dfbe4b5f4bf44cdbb66e82f52808133c7f9,72fa2c6e12b2b2b2f8619bee62409bb830813812338fae3201e334d1ddeedd1b,c3210b643a658335ed3dd331b0c8ee012016233eeb41388885c3a628494a5d4d,applied
1,176,Codex_Workstation,F_0248,dataset/fly_ball/Codex_Workstation/F_0248,clip_too_short,recut_and_retime,yes,,1.960,2.060,1.955,2.055,2.005,2.010,0.005,7.006,14.000,recut_complete,1.420,1.435,15.435,fly,fly,no,audio_candidate_bound,0.95,qwen3.5-omni-flash,4a91965f675ea04de6c16a0cd88f48f1e7eb9a42e1249098ea5ac346b4cd711e,2477c964070a57a863b08c0807c334688f0f7d48de17f90c5280e595005b8397,412a07163bf66ccb9015ac1ef17228bd7d51ba5c707d3bd8328f6afa2bbb426b,6d24be40869e2e949dcd96b2845abe1428b0bf73b2154932d018074aefea8598,applied
1,177,Codex_Workstation,F_0249,dataset/fly_ball/Codex_Workstation/F_0249,clip_too_short,recut_and_retime,yes,,1.640,1.740,1.635,1.735,1.685,1.700,0.015,7.014,13.695,recut_complete,0.000,0.000,13.695,fly,fly,no,audio_candidate_bound,0.95,qwen3.5-omni-flash,ebfc074dd660e2e0212cc68a91f7e8277cd772d1990173b699dd160cba328772,d6c2f9e4a38e40a754c926dd5bbda96887bb3984bdd406f13c51ac9270e656f5,5a4bd6fc3401c0f5a9291a824bf4d177dae03a80424120bfb7d1a36713f28b6d,87562c7e036d059861b6405f08eb6fe61b87e58797b07d02b76213abfc7dc8d6,applied
1,178,Codex_Workstation,F_0250,dataset/fly_ball/Codex_Workstation/F_0250,clip_too_short,recut_and_retime,yes,,1.020,1.120,1.955,2.055,2.005,2.000,0.005,7.007,14.000,recut_complete,2.480,1.555,15.555,fly,fly,no,audio_candidate_bound,0.95,qwen3.5-omni-flash,f2061b9eb6be71df9ac4c3c6152468f502f09fd45ba4567395dfe5a9f4ce0266,72862f820129fbea159f65b81c0617d0d71bc3a3419db22d2cff50059b28336f,43b46c7c1a583443f17b3db9850ab4dd1846684dd069b115d0257b60c29104ae,5427674ccfbc9e04b8aeae849e5c0155d76b31aecb5f2417c938dbf3b480d218,applied
1,179,Codex_Workstation,F_0251,dataset/fly_ball/Codex_Workstation/F_0251,clip_too_short,recut_and_retime,yes,,0.980,1.080,1.955,2.055,2.005,2.000,0.005,7.000,7.955,recut_partial_context,2.460,1.505,9.460,pop_fly,pop_fly,no,audio_candidate_bound,0.95,qwen3.5-omni-flash,81beff3be7f766ddc83eacfa0ea92f4af1062f3599c9418ca755a2a6e0f23d23,a4adc73e76bd4a67958fdd2d26b2e0bd137483fdde1f02c9681dcce222f6bb4a,b84d8d2a034fd2fa6ea63cfc947a322cfc8f9edafc317820a6cc66df5c6e5133,cbda10e1fcd57fa0157e0ba3d303b7e851a49d99d79875da0260b46d2f05a10c,applied
1,180,Codex_Workstation,F_0252,dataset/fly_ball/Codex_Workstation/F_0252,clip_too_short,unchanged_unresolved,no,no_candidate_selected,0.130,0.230,,,,,,7.007,7.007,recut_complete,8.740,,,fly,,no,no_candidate_selected,1.0,qwen3.5-omni-plus,cf7b1117c93508e05b94bc444a986cbc2ea8614f7000f8ecd0b9630974c26c7a,4c9662b3616ae860c8718eeb01dabad76da813123103000e0defd6a1f32fc157,,,applied
1,181,Codex_Workstation,F_0254,dataset/fly_ball/Codex_Workstation/F_0254,contact_timestamp_wrong,recut_and_retime,yes,,0.800,1.000,1.955,2.055,2.005,2.000,0.005,7.006,14.000,recut_complete,7.060,6.485,20.485,fly,fly,no,audio_candidate_bound,0.95,qwen3.5-omni-flash,f0a1db12c0cc77745e8ecc63cf724b41602d48d82f051bde88ee16e57a5cf0b4,099b1532bdf24f59f971c6b416466bb618160fc44f89a9e5578da9fd440cfc7d,b9d65452e1ecb655e19fc7570d1b54a58fc4d389cac9847b4f3a8eba5d3b1d85,e5db8f5fd16b0f2b4656efde27a66e10ea0bf00f6174b519a8c0941032f4c87b,applied
1,182,Codex_Workstation,F_0255,dataset/fly_ball/Codex_Workstation/F_0255,clip_too_short,recut_and_retime,yes,,1.960,2.060,1.945,2.045,1.995,2.000,0.005,7.006,9.943,recut_partial_context,1.420,1.435,11.378,fly,fly,no,audio_candidate_bound,0.95,qwen3.5-omni-flash,e2c011b608d3c63d8a8eb0e3b60a42ac54b07b01a7d9a5f8bc5895dc364c6093,424dd818e89b2008207bd6b496c940546fe4f26a302498b41571fe6840cab4f3,23458a03178a659f986a49c05c637f3a4a9bf44fcce45419a60745ec785b941f,0e126f789146475d55871ea004a70ca3811e5db5b4c1a2e14f89c546a8d2ed49,applied
1,183,Codex_Workstation,F_0257,dataset/fly_ball/Codex_Workstation/F_0257,clip_too_short,recut_and_retime,yes,,1.780,1.880,1.775,1.875,1.825,1.840,0.015,7.014,13.845,recut_complete,0.000,0.000,13.845,fly,fly,no,audio_candidate_bound,0.95,qwen3.5-omni-flash,bb56685ba7df9a43f8bb26b0ba0f0cc116ba23b40b8356b12e640c6c4ad893d6,a63dfae9168c3f1b94060c8f5400237bcd2e81ae6202160867a66281cd2ae8a2,f22c95a4ad81cd8a9fff80d96cb9a1fe2e2cb287a70b8be33f44178e77923568,8b0ad4c75c8506219b5090cca9cc24203412438b53d8e7540a6c4851858f3c3d,applied
1,184,Codex_Workstation,F_0258,dataset/fly_ball/Codex_Workstation/F_0258,contact_timestamp_wrong,recut_and_retime,yes,,0.270,0.370,1.945,2.045,1.995,2.000,0.005,7.006,12.199,recut_complete,3.240,1.325,13.524,fly,fly,no,audio_candidate_bound,0.95,qwen3.5-omni-flash,01b0e661d3455359eda79672b5fa60dca507a35da4a3db357d375f4d108cb45e,0cf8d11333928fda571da0c36a1f7fa892b0b5fea85e2db8de55fb3391806450,99caba10614c1621ba8c05b5fcf6b36b807e0c2e115190a57832c9a9226ee1ae,6b7cb52ae84be7f63e6febb08dd4185e6d683eeba7cc217d85505312600d36e6,applied
1,185,Codex_Workstation,F_0260,dataset/fly_ball/Codex_Workstation/F_0260,clip_too_short,recut_and_retime,yes,,1.980,2.080,1.955,2.055,2.005,2.000,0.005,7.006,14.000,recut_complete,0.220,0.255,14.255,fly,pop_fly,yes,audio_candidate_bound,0.95,qwen3.5-omni-flash,9e73655cc2ec04a60a00c4d25e648dfa3d95b9c4d8f558669f7d1b6d2146278b,b3cefeb9e26384c6d3a0c65ee11195da623f6bc6fc9b61d759fbee0344c8925c,a8da2358aa3d427cca55d788aef0dc69faa45a776ef4958c14a9d11961118246,fb487961643327f2fa5f7a974d325ae4926fa952384bdc3095c4a96fb9199dfb,applied
1,186,Codex_Workstation,F_0261,dataset/fly_ball/Codex_Workstation/F_0261,clip_too_short,recut_and_retime,yes,,1.960,2.060,1.945,2.045,1.995,2.000,0.005,7.006,14.000,recut_complete,0.340,0.365,14.365,fly,fly,no,audio_candidate_bound,0.95,qwen3.5-omni-flash,9bced7c03781e66f91912891f5280eebb8fd100b6fb67b721dbe95d4f8bd7a41,43014b3f484a5ec179c0f00115c75f419bd6a7ab5beb17abe3d8657c97ea7902,9f6735ad2fb937a8f6a9c54757189e7dd5d187feabf464031410864567dfaf2a,4507c03c95d55c63810c1a6078b2e84baec4f2938777749725b60f226b1b650b,applied
1,187,Codex_Workstation,F_0264,dataset/fly_ball/Codex_Workstation/F_0264,contact_timestamp_wrong,retime_or_metadata_only,yes,,0.000,0.150,1.495,1.595,1.545,1.500,0.045,7.007,7.007,not_required,1.780,,,line_drive,line_drive,no,audio_candidate_bound,0.95,qwen3.5-omni-flash,990f4cebeabfa7e3ec16912ffeadd8a0a5bb346cdd0f08f22eaf13dcc7bc7e80,0f99e4ca235a89df273345422d454f4d074c640873a4a6d04e20c19afdca240b,990f4cebeabfa7e3ec16912ffeadd8a0a5bb346cdd0f08f22eaf13dcc7bc7e80,0f99e4ca235a89df273345422d454f4d074c640873a4a6d04e20c19afdca240b,applied
1,188,Codex_Workstation,F_0265,dataset/fly_ball/Codex_Workstation/F_0265,contact_timestamp_wrong,recut_and_retime,yes,,0.000,0.100,1.955,2.055,2.005,2.005,0.000,7.007,14.000,recut_complete,4.680,3.015,17.015,fly,fly,no,audio_candidate_bound,0.95,qwen3.5-omni-flash,9fd172c3a7241df64e685c00ba57784e67d054cf1154982d60f141be72d4c26d,645905db386d5b494382e93f3cd7056154063b4857a40f8400ad8033fd2932e3,184861027696b6ebbfed0ae1b190c653b93f36176e019c068402194e01498edb,6b6b6aed06e53fe87be58e814af71e359348e1fb8704925d906f23463c252d1d,applied
1,189,Codex_Workstation,F_0267,dataset/fly_ball/Codex_Workstation/F_0267,clip_too_short,recut_and_retime,yes,,1.980,2.080,1.945,2.045,1.995,2.000,0.005,7.006,14.000,recut_complete,1.440,1.475,15.475,fly,fly,no,audio_candidate_bound,0.95,qwen3.5-omni-flash,818a1ebcf6e0cf125f7999b6b297a6f22ff0c4512cb96d890792661470428e52,442e2ffdf9df0134dce1fd7609fd5ea7323d74f95c4da3eaefaa95594315c50c,881071a3e9a99b93969ae0584dc252cc82d109bd6c637edcbb1657f03fc11901,057a9feccac37e7efdb46d1fc3a648ab4d1c8f56dc010e7f55c88dc4906641a1,applied
1,190,Codex_Workstation,F_0268,dataset/fly_ball/Codex_Workstation/F_0268,clip_too_short,recut_and_retime,yes,,1.960,2.060,1.945,2.045,1.995,2.000,0.005,7.007,9.058,recut_partial_context,1.460,1.485,10.543,fly,fly,no,audio_candidate_bound,0.95,qwen3.5-omni-flash,467273a7749366ed06eaa1c563fc3384aa14f2e92c1154d650f3715d26083525,1240fab31ba2ccb3e50cc7b20ce2a8084abab35147220b95b1b8059cee15f732,8004015c49d039fed4c4ed4722f0332f7a74331edcde42d328ab834d079873e1,bb760b8f160fa7df04a10a7195540081c902ecb12beb221783b5dd39700505b1,applied
1,191,Codex_Workstation,F_0269,dataset/fly_ball/Codex_Workstation/F_0269,clip_too_short,recut_and_retime,yes,,1.960,2.060,1.945,2.045,1.995,2.000,0.005,7.007,14.000,recut_complete,1.380,1.395,15.395,fly,fly,no,audio_candidate_bound,0.95,qwen3.5-omni-flash,53df53747c086e58c3fc3d7ddbcf922272d7ca572dec49deede962323d9bb91d,2d906875c396fad7c476dba56c569a138ce0a86e37f48b9dd3458a28dbbb2c50,218d3cfcba9812515946f938267961d12adcd0f6812efe443b905b1c36bec6c0,0ff4ec327e70cf95eda2a62f6a07421c6b514f473de80086fa44cc0518f7cff9,applied
1,192,Codex_Workstation,F_0270,dataset/fly_ball/Codex_Workstation/F_0270,clip_too_short,recut_and_retime,yes,,0.270,0.370,1.715,1.815,1.765,1.770,0.005,7.007,13.785,recut_complete,1.460,0.000,13.785,line_drive,line_drive,no,audio_candidate_bound,0.95,qwen3.5-omni-plus,cf5f9ee17f13c1351cb9210c0288ba36ecba07a5865d846ec901848aee687d68,788020a9b20f49d40f9eb5e8efef8d10fee53a053b55faee138389479da20d5e,5f16a6ff32b50efe9c19b2ca22b76d029fe9a20c8be5fc79db0256496f21c69a,2f928067eb6dee3ffdf004fff85f3e8933ac5b92c9808ee6b9af0a9887153d4f,applied
1,193,Codex_Workstation,F_0271,dataset/fly_ball/Codex_Workstation/F_0271,clip_too_short,recut_and_retime,yes,,0.370,0.470,1.935,2.035,1.985,2.000,0.015,7.006,8.832,recut_partial_context,3.060,1.485,10.317,line_drive,line_drive,no,audio_candidate_bound,0.95,qwen3.5-omni-flash,36d0c76d35a4e5c0c347ef59eb70a94a1b27744320dddebeb37b5e272352ee9b,2dbe424c5b7183d572429b7792986a190026b12a49cdb9a361a473ff5d3a290c,6cdae3a7ee0a5cf569d5a70e0eb2d14df8f8a87c0b7f70229d2a6c36df22b2cd,920e6bdf0175078ec91e44473d37fff4962995bf229242ae11d3cfff22d33078,applied
1,194,Codex_Workstation,F_0273,dataset/fly_ball/Codex_Workstation/F_0273,clip_too_short,recut_and_retime,yes,,1.960,2.060,1.945,2.045,1.995,2.000,0.005,7.006,8.785,recut_partial_context,1.340,1.365,10.150,fly,fly,no,audio_candidate_bound,0.95,qwen3.5-omni-flash,9b46b4eb54508a357fe17fb9c1932f69eedfe8fd0ed7fc2d6463813280ca8c11,674ceae3654e9d3de57ea9297498a192160f2c8906b35bc0451a317c4cca59c6,20ddf35bf49734bd856acfddfa7bfcac95224d9bff7bcbba009b7639ffc8b1d3,c13ba2767233ba821f1d2e8f1329f8eceb8a1217133293508448ce06da99fd34,applied
1,195,Codex_Workstation,F_0275,dataset/fly_ball/Codex_Workstation/F_0275,clip_too_short,recut_and_retime,yes,,1.960,2.060,1.945,2.045,1.995,2.000,0.005,7.006,9.941,recut_partial_context,1.540,1.555,11.496,fly,fly,no,audio_candidate_bound,0.98,qwen3.5-omni-flash,79d12a458b3c22cf6ccf0eeca4b6a3f49e0701a0a10b089ca7341f014e5fa785,593b3a35703707ff86ac6d748f5831e80e4d18efa153225c07fbf26e8981045c,2dc6a0e0cdd03cf3bd7641867cdbc9b57272ce74748103bebbfeaa16d43036fe,b85b8e05feac9c018a7c4abb5803df32e96f7035008a1ef6d4f778cced91b876,applied
1,196,Codex_Workstation,F_0277,dataset/fly_ball/Codex_Workstation/F_0277,clip_too_short,recut_and_retime,yes,,0.510,0.610,1.915,2.015,1.965,2.000,0.035,7.006,9.726,recut_partial_context,1.420,0.000,9.726,fly,fly,no,audio_candidate_bound,0.95,qwen3.5-omni-flash,77e617a59d6d8dd67a56bdd90a096275f29e050d9f04386619f4425e2b83fd90,68f449db0ff2fe920b249df9487800dc54b4a9ff5bc35970f88d4d3d91c68913,9b7d8549183fd05f16887246a8c80d069b24b0dbe97e600b7043489927ae79d0,12399593ad7192a4827e299ffb4357a180063e060632a8fd78ece703d64e4aa2,applied
1,197,Codex_Workstation,F_0278,dataset/fly_ball/Codex_Workstation/F_0278,clip_too_short,recut_and_retime,yes,,1.940,2.040,1.945,2.045,1.995,2.000,0.005,7.007,14.000,recut_complete,1.460,1.465,15.465,fly,fly,no,audio_candidate_bound,0.95,qwen3.5-omni-flash,eae80e8c948309cb7fefca30d944dad8a6a0535edf7d14a88cd99763a11618d7,6d8a8e00170cb7d3834dc3a62ac508d85104d276c82f3ba00cddef1e81085beb,a68b8ad0cd731373d25087419ed0fda5b0fb7771f1bff5f4a5f7aa530a55dd69,c1dfd175bde6b7945efa25b14021a9104428c2d35526724474b2d30485876237,applied
1,198,Codex_Workstation,F_0279,dataset/fly_ball/Codex_Workstation/F_0279,contact_timestamp_wrong,recut_and_retime,yes,,0.100,0.300,1.945,2.045,1.995,2.000,0.005,7.006,8.407,recut_partial_context,3.460,2.065,10.472,line_drive,line_drive,no,audio_candidate_bound,0.95,qwen3.5-omni-flash,4a5b7b83aac95bb34fd53128e9ce97d29c459408c6423311fb3f299339d4bd59,635070ed9da7f146a711c98b50f10487971503ab70c00be652dbf3aff1bf9f26,0e2d370147f5f7b02e15be90cbbae851aafadf8c4041bb0632f8c6200a644666,3802b221a13aa61cbb5a33786dff78d84ae6dd9ee068885b877c21d2b876abce,applied
1,199,Codex_Workstation,F_0281,dataset/fly_ball/Codex_Workstation/F_0281,contact_timestamp_wrong,recut_and_retime,yes,,0.500,0.700,1.945,2.045,1.995,2.000,0.005,7.007,10.665,recut_partial_context,5.080,3.375,14.040,line_drive,line_drive,no,audio_candidate_bound,0.92,qwen3.5-omni-flash,ae8f16ded4715d7e440ab6f979399845325a73b71be7d9bf3ef4ead2e937f526,71872f27f08e70aab93a939e126d705dc26214310dfa50080ed77c60e9ef092b,4ab2b162cd6db4d578855b4207b321629f3e94df59d69caf99a2237cdbe37e84,7079d4061446126b2589854024e443553706eb5d6ae6a9e2927191a470ba5c29,applied
1,200,Codex_Workstation,F_0283,dataset/fly_ball/Codex_Workstation/F_0283,clip_too_short,recut_and_retime,yes,,1.960,2.060,1.945,2.045,1.995,2.000,0.005,7.007,14.000,recut_complete,0.780,0.805,14.805,fly,fly,no,audio_candidate_bound,0.98,qwen3.5-omni-flash,2b1207003fb9e31cd76af348ab2fcd40999dc330ec8505e9bc510521b17d4226,eeb6140b459ed6eaf361f4b7096740e08c7e793d1f99fb8ae53a674eb2e00b94,1ef8e8ad6b50458e24cb7c960b0ea7124afdfd62ef4f927274b57434a71973d8,fb873f5bd43d80c0d721130aff1067f9dcd6bc57e9cc050bb1537ad1f4cdf7e7,applied
1,201,Codex_Workstation,F_0284,dataset/fly_ball/Codex_Workstation/F_0284,clip_too_short,recut_and_retime,yes,,1.560,1.660,1.555,1.655,1.605,1.610,0.005,5.488,13.615,recut_complete,0.000,0.000,13.615,fly,fly,no,audio_candidate_bound,0.95,qwen3.5-omni-flash,48cbc55c4ff8b1ed447bd0c62eb3fbcad4722465369a26091720f5e84b7d853e,64a75084cf778742a85e3229bb2893e2ec8489232a51092677ab6f9ed038e103,5b42e101bd5e1dd83b24570bbd7447e5f8e24edc3d019e89d9620b1c6e7d1b1d,c9f10dadf7adf177cd5144c5e97a166187063d05fc32ce0774d30bff8ce8c072,applied
1,202,Codex_Workstation,F_0285,dataset/fly_ball/Codex_Workstation/F_0285,clip_too_short,recut_and_retime,yes,,1.020,1.120,1.015,1.115,1.065,1.080,0.015,7.014,13.085,recut_complete,0.000,0.000,13.085,fly,fly,no,audio_candidate_bound,0.95,qwen3.5-omni-flash,db7f900df5172116a4672e2360758f4146a4f1496e966828d2766faa8c194bb3,c7ed061a5652bf4d1896305c3bf3250b8fefdb94fca7d062e6c578bd5b5ff938,8fc19658968c0ab241d149aa61f547d448732fc7294c1496794e4ceefd0972ca,02b811bf15942edcd018b497f8cd6826145283f6ebb5efbe7c10be98f8809987,applied
1,203,Codex_Workstation,F_0286,dataset/fly_ball/Codex_Workstation/F_0286,clip_too_short,recut_and_retime,yes,,1.320,1.420,2.735,2.835,2.785,2.800,0.015,7.014,13.385,recut_complete,0.000,0.000,13.385,fly,fly,no,audio_candidate_bound,0.95,qwen3.5-omni-flash,b3f0374919fc9976a1aeb03602e164db309c8bcdbb73b3424c2fcc4172b3f4db,90a46e10bdc6794922c4baabdaa3b10e9a331e3fb4a57cf08632e180d54a83f5,be270e8af6d4590af828300ce3ef7824e273bf1d953b6cf8a6911150c60c8204,3a0578f6f6dba3acebe571e1a07347c24587823813d6dff32a27963211a20367,applied
1,204,Codex_Workstation,F_0287,dataset/fly_ball/Codex_Workstation/F_0287,contact_timestamp_wrong,recut_and_retime,yes,,0.100,0.200,1.925,2.025,1.975,1.975,0.000,3.086,14.000,recut_complete,2.660,2.625,16.625,fly,fly,no,audio_candidate_bound,0.95,qwen3.5-omni-flash,5a4d7075726444e3b36a6fa18486fdf5fc9652877d40a3ce7e6e982d834f5b6b,3f24809a384495861b207af18a162e9a2765f44652b44b06e43a78ed0c8c6cba,5ccc888e5f784511e5eb7fcebebe8a1ae9d588cd4c7ce7b8f1fbd5179d5e881a,c8f63d6e970371bb9178625d52aaa43511a4fec8c9b3aecc1efb1cd6d2f8a4c2,applied
1,205,Codex_Workstation,F_0288,dataset/fly_ball/Codex_Workstation/F_0288,clip_too_short,recut_and_retime,yes,,1.970,2.070,1.945,2.045,1.995,2.000,0.005,7.006,14.000,recut_complete,0.140,0.175,14.175,fly,fly,no,audio_candidate_bound,0.95,qwen3.5-omni-flash,8e173b590baf0ce4eee8b27651ab8770c506f01525ec30268478cd6ca2a94ba1,d50121b8e88d6ebae04794fe25af1d9aaef34b7d60232dabc9178eb3fd8efe2d,0fe98ae3a377f83e6334a73f152e804db3741474ede4c50d5155c91699bf327e,51153c28f252678fa7bab96e88ec290b229cd4980c6af986980e38907466eaec,applied
1,206,Codex_Workstation,F_0289,dataset/fly_ball/Codex_Workstation/F_0289,clip_too_short,recut_and_retime,yes,,1.430,1.530,1.415,1.515,1.465,1.470,0.005,7.014,13.485,recut_complete,0.000,0.000,13.485,fly,fly,no,audio_candidate_bound,0.95,qwen3.5-omni-plus,6609cedb043d17971b78ed87b0cd87adba24f15d9f89db9f59e032c76e10c948,f93c105286156cb399f222cece8db59cd07a12678c0ee532ff460469333c2f29,8195350e5c254260cc04dae70417141332c59ea62e5cd8570a7a7afd4b39f4b2,9e43f6e6d46b6716b4abed592da6e7f789c02ff60f7a91fa6902dc972574d05b,applied
1,207,Codex_Workstation,F_0290,dataset/fly_ball/Codex_Workstation/F_0290,clip_too_short,recut_and_retime,yes,,1.670,1.770,1.665,1.765,1.715,1.720,0.005,7.014,13.735,recut_complete,0.000,0.000,13.735,fly,fly,no,audio_candidate_bound,0.95,qwen3.5-omni-flash,08226588881a33d0cde3e759f5b55635d03def1e9a8f13d05798afd8a2705e56,ff35998adcdc143bb1145b94dafc9f472895bce5de486683007ff7fc41a5f146,cbc0fb0d9402c9a76cdbc1884e1ad80b5e0e15a7f6cdd7f8c441eb73344e9ce2,b927ed1449a7aa767aa6dded9edae5e1475483bb1f827d4d16b248b15f2ea58b,applied
1,208,Codex_Workstation,F_0291,dataset/fly_ball/Codex_Workstation/F_0291,clip_too_short,recut_and_retime,yes,,1.970,2.070,1.945,2.045,1.995,2.000,0.005,5.598,14.000,recut_complete,1.100,1.135,15.135,fly,fly,no,audio_candidate_bound,0.95,qwen3.5-omni-flash,9235bea935ebca5356c6db38d223462eb2d4a5c1cab309abba78b62a69387437,97a2889cd89415e794ac79c1a0a78b5b1d45e8d76c9bf4cd6b733e649cfa2047,f55e5d4640a8fc54a9e99edee965810190ef88d987fdaa2a1a702a570c01b96d,fd26f78e5231158def47e7743d79ce2b0ac8b078e07541af1162b60687b116ff,applied
1,209,Codex_Workstation,F_0292,dataset/fly_ball/Codex_Workstation/F_0292,clip_too_short,recut_and_retime,yes,,1.970,2.070,1.955,2.055,2.005,2.000,0.005,7.007,14.000,recut_complete,3.600,3.615,17.615,fly,fly,no,audio_candidate_bound,0.95,qwen3.5-omni-flash,1c6b97da561ded484464d47d2ee74bde6d6e99c9d2e82a9623789f3f48ccc4a6,a5e990024b6223f294af1c849da5b7d3e1218ac91c3a5f675afc4ad2a16b79cd,daa75d4abd56e95fe56fa61fdafb4d6b7d6986a2a1ec0bf9d0f77dd10091a449,f14eb8fc017bb5b89f0d8d17d2e77b791cffb66e623a1ec6443cc29958218013,applied
1,210,Codex_Workstation,F_0293,dataset/fly_ball/Codex_Workstation/F_0293,clip_too_short,recut_and_retime,yes,,4.350,4.450,1.945,2.045,1.995,2.000,0.005,7.007,14.000,recut_complete,1.400,3.825,17.825,fly,fly,no,audio_candidate_bound,0.95,qwen3.5-omni-flash,d7bd7adec3bec8fba1c3e4307daae2617ebb68b80f5faad5df1ee9924ace4996,6960c7082bddb9b86780d3647782746dfa5e8fd07b139c6240587cbb908b3b7c,9ce2be5c6a289cc24e2f020ce4bf4477a2d774cdf756c49cd68a550131759083,166ad3a4092e030bee4d5ded9839208f5cc097a6d3249bf07d10ec23989e6e59,applied
1,211,Codex_Workstation,F_0294,dataset/fly_ball/Codex_Workstation/F_0294,clip_too_short,recut_and_retime,yes,,1.970,2.070,1.955,2.055,2.005,2.000,0.005,7.007,14.000,recut_complete,2.480,2.505,16.505,fly,fly,no,audio_candidate_bound,0.95,qwen3.5-omni-flash,5108716e909bf992aa983b88e67e0288cb1c4ad313f0125f8197c9b0a1ae0dc2,bde1e1e544b252ae7c7746132596f7d2ad6b587efc1971cb0a08e0463d058845,f05d4a4fa304e6e659db77cc238994a080357cb9a530d8dbca23c977eca497ca,5fe41cb77808ac6419457a4635391c696f57d9a642cba35159ae8b4f6c92a00a,applied
1,212,Codex_Workstation,F_0295,dataset/fly_ball/Codex_Workstation/F_0295,clip_too_short,unchanged_unresolved,no,no_candidate_selected,4.030,4.130,,,,,,7.000,7.000,recut_partial_context,5.372,,,fly,,no,no_candidate_selected,0.95,qwen3.5-omni-flash,2c5aff3e1c080381c91495ce7267ebfcd7df7fa5b179a379b3facaac2b0f2ef6,758cbc5c52f39e777b12994246bff8736c9de5ba578905e476b4a230cb585475,,,applied
1,213,Codex_Workstation,F_0296,dataset/fly_ball/Codex_Workstation/F_0296,clip_too_short,recut_and_retime,yes,,1.970,2.070,1.955,2.055,2.005,2.000,0.005,7.007,14.000,recut_complete,1.480,1.505,15.505,fly,fly,no,audio_candidate_bound,0.95,qwen3.5-omni-flash,a2b3d386cec978a7dbed8e893b635047fde06aa6183302e16b0e6b9394897a63,5f0440341ec86724a7d7a2695f1e942d918cdb5b5b677eaab0db167d7bf4006d,bb40edd5f0e805449cc9483b6d2ac3b925818cb286775ee9e55125c9a23f3337,1b8cde4ff843fc860be4dc4ef70e42c6a64e65d52282b8f3efbc384e2151860d,applied
1,214,Codex_Workstation,F_0297,dataset/fly_ball/Codex_Workstation/F_0297,clip_too_short,recut_and_retime,yes,,1.030,1.130,1.015,1.115,1.065,1.070,0.005,7.014,13.085,recut_complete,0.000,0.000,13.085,fly,fly,no,audio_candidate_bound,0.95,qwen3.5-omni-flash,6beef715e2155941aa84ee4a81c7801c42a5fb1e3dcc1448f22778dc398b361a,767f3c74373990cfdb40faf3954d502cb540e5d3aa30bbf93aa204ba4510107a,1c1373194d47a56c12fd982c775165cb251444afb8ea5f5d10e4d9f27b4fa1ce,80aa46e8fea83d51ecd57f4ebc3190080bc1ff92c3559f0ff7c06ab6dcf0ed39,applied
1,215,Codex_Workstation,F_0298,dataset/fly_ball/Codex_Workstation/F_0298,clip_too_short,recut_and_retime,yes,,1.970,2.070,1.955,2.055,2.005,2.010,0.005,7.006,14.000,recut_complete,15.920,15.945,29.945,fly,fly,no,audio_candidate_bound,0.92,qwen3.5-omni-flash,5d21284f790a7395a6668a0a374414db915b33118ce3580a7a45c4eae4703c06,687335539728e0188b5f7811b79a1afd5c788934bceb18fe0fc4cee52b811c36,6a33aa790c6b5833ef633c259a0e73f6e9bf8ae187b544ebf7b65c510f93ee48,0d50447c06edaadb50cdb3ed71aa2677d2afdb999b25e4ceb482c87d48825e26,applied
1,216,Codex_Workstation,F_0299,dataset/fly_ball/Codex_Workstation/F_0299,clip_too_short,unchanged_unresolved,no,no_candidate_selected,1.970,2.070,,,,,,7.007,7.007,recut_partial_context,11.740,,,fly,,no,no_candidate_selected,0.95,qwen3.5-omni-flash,fe24fc5c99cc1cbbc692769c783917ad0e3f855de0abb2cc0b09deca0de03bf7,d77423c9ddecd6ab377a4779e3bc13c94f4dea09fe1d1fb0b2a010e7135b4308,,,applied
1,217,Codex_Workstation,F_0300,dataset/fly_ball/Codex_Workstation/F_0300,clip_too_short,unchanged_unresolved,no,no_candidate_selected,1.950,2.050,,,,,,7.006,7.006,recut_complete,12.420,,,fly,,no,no_candidate_selected,0.95,qwen3.5-omni-flash,f4973e98a0d673f62b17813a811d914d93f015e3258e0d5ca8bdb7be7745619c,7d83f44e9105fc357399fec60f8314fa6fed52d6fca08218eca933e92265afa7,,,applied
1,218,Codex_Workstation,F_0301,dataset/fly_ball/Codex_Workstation/F_0301,clip_too_short,unchanged_unresolved,no,no_candidate_selected,1.950,2.050,,,,,,7.007,7.007,recut_complete,4.980,,,fly,,no,no_candidate_selected,0.0,qwen3.5-omni-flash,89d38a14d04c0afa293ab0f27d3faba574a58ea44ff1b039af770fd9c39b72bc,c9abaa7db8e125d975dd57542c1a1550c3a7f53de69bb6a9b6f50852c20a1c75,,,applied
1,219,Codex_Workstation,F_0303,dataset/fly_ball/Codex_Workstation/F_0303,clip_too_short,unchanged_unresolved,no,no_candidate_selected,1.950,2.050,,,,,,7.007,7.007,recut_complete,10.920,,,fly,,no,no_candidate_selected,0.95,qwen3.5-omni-flash,285e919b51b73fc7ebda0f493ac59b120ebedf2392f5768c573acd487d2216c1,ef685b96949fe8d195061a40ee8baa69373336e8defd853de5945edb0966374b,,,applied
1,220,Codex_Workstation,F_0305,dataset/fly_ball/Codex_Workstation/F_0305,contact_timestamp_wrong,recut_and_retime,yes,,1.950,2.050,1.915,2.015,1.965,2.000,0.035,7.007,13.368,recut_complete,7.020,6.635,20.003,fly,fly,no,audio_candidate_bound,0.95,qwen3.5-omni-flash,37bdf84d09779ec973068c0358fe124fd5b878d61ec715d84b9cea8f3e356192,f423a842c03f8fafaf7d1aee0628f3250ef6dda0569a58cd91dfc9bd3a1f7044,01dd2d120a29d9d060f3fbe33c8d4b41bf352d8e813e7b4c0e8d18ff7dcee61f,4bf20020bbb60edb8029f85b56c4be6e3d5f8834130cf32253c83c49d23608bf,applied
1,221,Codex_Workstation,F_0306,dataset/fly_ball/Codex_Workstation/F_0306,clip_too_short,recut_and_retime,yes,,1.950,2.050,1.945,2.045,1.995,2.000,0.005,7.006,12.492,recut_complete,4.140,4.175,16.667,fly,line_drive,yes,audio_candidate_bound,0.95,qwen3.5-omni-flash,747ba7c189ec1c5ef437030d13e4e42dfaba0a1a2b98d76b0283ed9380fb924d,c133f5310f745bce73501997c751e97b3c34aee28e73813317cf6c9296525391,c8fb15bc7ddccc57eb142a2a5094934fda393ef520b7093fd91fab8a057e9397,f8f3dbea2e8bb4baa32cf6deac5359653654a3e093f398d4c9a8c1488d6cff26,applied
1,222,Codex_Workstation,F_0307,dataset/fly_ball/Codex_Workstation/F_0307,contact_timestamp_wrong,recut_and_retime,yes,,1.950,2.050,1.955,2.055,2.005,2.005,0.000,7.007,14.000,recut_complete,3.520,3.095,17.095,fly,fly,no,audio_candidate_bound,0.95,qwen3.5-omni-flash,952e2d7e5a10712a4defadde0c5e24c8092b292189cd30d60fd415fd8eb7320c,10de02515c52a7c7729a57893bb05d78fe51ef499092931dc92b66209b0902a5,b9cbcec60dde81f4ff583ea43bf883d697ad6fc9efbcac7ef7a7a12d22bec4a5,55d46dbdbbf452da61644e28b0ce00926b216b8604b64023ddb7734836ca3873,applied
1,223,Codex_Workstation,F_0308,dataset/fly_ball/Codex_Workstation/F_0308,clip_too_short,recut_and_retime,yes,,1.370,1.470,1.375,1.475,1.425,1.430,0.005,7.014,13.445,recut_complete,0.000,0.000,13.445,fly,fly,no,audio_candidate_bound,0.95,qwen3.5-omni-flash,8b79a9ff8b33b0c378b0c143b7ba6eb972e2a634fba32ba01b3118ce12f47210,5b2b6cd24287bd02bf11b9a422bc704c13a84bbcd1947d3805c21e927d17b07f,4685873ff9e5e608d33377e830e8838659393d89b38d8c99ff22a23fe8cd0168,dbc0320c10005e0e9df28a517394fcbd33902ea6ca85f1c3e2aaa32b54035714,applied
1,224,Codex_Workstation,F_0309,dataset/fly_ball/Codex_Workstation/F_0309,clip_too_short,recut_and_retime,yes,,1.950,2.050,1.945,2.045,1.995,2.000,0.005,7.007,14.000,recut_complete,4.020,3.985,17.985,fly,fly,no,audio_candidate_bound,0.95,qwen3.5-omni-flash,e7b352f4cbcd261667adebc46ae6c7ccac1dc906985b6c33bbe00f272989f1f2,483c9ba31b88bf6c6c391c898cd849475b00c4860386c44a83da58954f951795,59e7004887d030cabf6c9a814f33488f83f934e08c1d03a88f203f30c58e4f15,ee6add902fe90de5f4e8661d39c0021c6c144feb31ff9bb17e41b92d528972dc,applied
1,225,Codex_Workstation,F_0310,dataset/fly_ball/Codex_Workstation/F_0310,clip_too_short,recut_and_retime,yes,,1.950,2.050,1.955,2.055,2.005,2.008,0.003,7.006,13.064,recut_complete,16.100,16.115,29.179,fly,fly,no,audio_candidate_bound,0.95,qwen3.5-omni-flash,805dfbfdb9f86c4b4ef0cc3c8344337bbf877de3331d6cc167984c9b55e7e87f,89299fb12b49cbd25428c1f6848ecbd9abc804d04d22ed368a62309e3ac0880c,c8546b38053f3e470eca89c699aa186485dd9451c792f201e2154f968e94caeb,92c713f1576035379e5a33bcd994af71152ff16933ae409122c601775897a432,applied
1,226,Codex_Workstation,F_0312,dataset/fly_ball/Codex_Workstation/F_0312,clip_too_short,recut_and_retime,yes,,1.950,2.050,0.675,0.775,0.725,0.720,0.005,7.007,14.000,recut_complete,9.620,9.575,23.575,fly,fly,no,audio_candidate_bound,0.95,qwen3.5-omni-flash,af8aa349042549e3b3dc68536f57b514f8b00553e7de040ca07df3e271993629,679898d373a5af0caf812a069f6358fcdc7e52843831f9fad263d7756bcdb601,f40a95b92366c8cd0619237a4f4e469139c659bf0aafe99c49baf33023a190bc,226b8f76b10581dc6b64ac23fe9db5eb565bcd37b8d0adc3d80cb4879ab11779,applied
1,227,Codex_Workstation,F_0313,dataset/fly_ball/Codex_Workstation/F_0313,clip_too_short,unchanged_unresolved,no,no_candidate_selected,1.950,2.050,,,,,,7.006,7.006,recut_partial_context,6.140,,,fly,,no,no_candidate_selected,0.0,qwen3.5-omni-flash,203faa3bc37439578f96de68f1f745b7d501b368cbaba3b047d2415e0c2a2d09,affd094c204dc6a7a68baa22e0763b88dad9931d03b42f90678a2bea8b3a4261,,,applied
1,228,Codex_Workstation,F_0314,dataset/fly_ball/Codex_Workstation/F_0314,clip_too_short,unchanged_unresolved,no,no_candidate_selected,4.294,4.394,,,,,,7.006,7.006,recut_partial_context,19.176,,,fly,,no,no_candidate_selected,0.95,qwen3.5-omni-flash,cb42332a1347581d4b8214abe17a4792296b45d5eb632fd5fe835c9d70e0a9ec,b4e3f10ad71df6afbef19cc8b23276a198a942cf363095e4d15bdee9aeedf968,,,applied
1,229,Codex_Workstation,F_0315,dataset/fly_ball/Codex_Workstation/F_0315,contact_timestamp_wrong,recut_and_retime,yes,,1.950,2.050,1.945,2.045,1.995,2.000,0.005,7.006,14.000,recut_complete,0.440,0.665,14.665,fly,fly,no,audio_candidate_bound,0.95,qwen3.5-omni-flash,fb5f3794fac7fb4efe8ef20e34e28692cf359bf0ae7b1c499be593c56475feeb,cd95c9955dd38ca7549e1bb7066c29ecfac2c9599772d35e066119d0239a4b74,96cfbd8f5c56574778bf753a8151e086ff22f3c99e1a858b5d4917dc0354b7b1,469c5cf8f03fcefff20b4273282f599b22782b32923ffb6378892c5dc61171af,applied
1,230,Codex_Workstation,F_0316,dataset/fly_ball/Codex_Workstation/F_0316,clip_too_short,recut_and_retime,yes,,1.950,2.050,1.955,2.055,2.005,2.005,0.000,7.006,14.000,recut_complete,6.480,6.495,20.495,fly,fly,no,audio_candidate_bound,0.95,qwen3.5-omni-flash,560ac5b47689865835da29d4a446e25b9eca5fc1981ac29777fb8abf65ef9fb3,6faa65f1a0aa01f653f8f4b5bfcf5b4d53eede65b7788591ab78b9fdbf0056ab,e06ebd85146aa5b754f06cba8c857e9285d7fc1554dfe924e58ea81948c44c1c,5068e130b15388d0b83a625bd2a0970f04b9f69602fe8be99d215be0755c86ae,applied
1,231,Codex_Workstation,F_0318,dataset/fly_ball/Codex_Workstation/F_0318,clip_too_short,recut_and_retime,yes,,0.610,0.710,0.615,0.715,0.665,0.670,0.005,7.014,12.675,recut_partial_context,0.000,0.000,12.675,fly,fly,no,audio_candidate_bound,0.95,qwen3.5-omni-flash,e31f00f7a994c1024d7f1c86e64ddc20cdef3aa5d7a0227a10e608af4bf5ea5e,deff3dbdc8ccc6155ab7581a5fd8aec2993d61517b99db65f50467347cd892ea,7f9c99cb32fed9667ab473f01d4e0e96a1e278c6e21208d992d3ed818ca48f2c,75c851372cff76324d4c7c575c5fa906bbf8b0851f604bdd9857dca41916d10d,applied
1,232,Codex_Workstation,F_0319,dataset/fly_ball/Codex_Workstation/F_0319,source_recovery_required,recut_and_retime,yes,,3.050,3.150,1.945,2.045,1.995,2.000,0.005,7.006,5.975,recut_partial_context,16.140,17.165,23.140,line_drive,line_drive,no,audio_candidate_bound,0.9,qwen3.5-omni-flash,1d3a5351b1ed83172dfa5ccbf54d32b5597424adaffefd869e8fbe456331095c,b4c5f7ac2a5a8c773e93677db175788b3acca4a17951aa56a8a1bee4da87205e,ae7bee2176409c426c99d28e9d686ec126edf45850ea77c858c34492356befe3,b351859c8413c825f4ec673159bc19fb1b60aa4157702420d19e88dfc8b27076,applied
1,233,Codex_Workstation,F_0320,dataset/fly_ball/Codex_Workstation/F_0320,contact_timestamp_wrong,unchanged_unresolved,no,no_candidate_selected,1.950,2.050,,,,,,7.006,7.006,recut_complete,11.500,,,fly,,no,no_candidate_selected,0.95,qwen3.5-omni-flash,e2f5e56e12bf604f5a7d1ce775af4e9adc24350221592c8c51a658c67a655717,dd08ddf5271006e629ef9d5b64f23a05ca973f5b12ab94413c7878b25a878cf6,,,applied
1,234,Codex_Workstation,F_0322,dataset/fly_ball/Codex_Workstation/F_0322,contact_timestamp_wrong,unchanged_unresolved,no,no_candidate_selected,1.950,2.050,,,,,,7.006,7.006,recut_complete,6.680,,,line_drive,,no,no_candidate_selected,0.0,qwen3.5-omni-flash,e89fccd8390d29aa9b9a0199b7be8d19f37a7113cde845bf30bfa07f84563de6,46439f82af1350cd7ddb7db27a3a72745d810e3914a513d04e2364fa78628c38,,,applied
1,235,Codex_Workstation,F_0323,dataset/fly_ball/Codex_Workstation/F_0323,contact_timestamp_wrong,unchanged_unresolved,no,no_candidate_selected,1.950,2.050,,,,,,7.007,7.007,recut_complete,11.940,,,fly,,no,no_candidate_selected,0.95,qwen3.5-omni-flash,88081942f5a95fc0a71c383a2ad163199cc59935afcd4cbec424c001f055e58c,02f156c6e83c843987e88ff889d6fd33b0ef50f585fdebd8ba9e4546affe1b96,,,applied
1,236,Codex_Workstation,F_0324,dataset/fly_ball/Codex_Workstation/F_0324,source_recovery_required,unchanged_unresolved,no,no_candidate_selected,1.950,2.050,,,,,,7.007,7.007,recut_complete,5.300,,,line_drive,,no,no_candidate_selected,0.95,qwen3.5-omni-flash,b6cc190b26a0a54f64ae711b5f276f1556ba3968f169f173da7bd06749e72f18,ada14dc4b3afceca5029e30995288e4830d8b203d2b010701ab393c5d5d803fa,,,applied
1,237,Codex_Workstation,F_0325,dataset/fly_ball/Codex_Workstation/F_0325,clip_too_short,recut_and_retime,yes,,1.950,2.050,1.955,2.055,2.005,2.000,0.005,7.006,7.626,recut_partial_context,19.620,19.635,27.261,fly,fly,no,audio_candidate_bound,0.95,qwen3.5-omni-flash,36397770ee75a9f0143892b92fcf41d745940c1f7502633a6b4a432ff3e50da3,042cbebefd4e38af6d59d1bb1202749224ce3614f3421ac2591f007ff950d1e9,5589a75f4b095fa8b7059fd93546057c36fd91bbf3d9b9dc54611d714dc9ad79,9f33a6d0baf621c8e9edd36bd3aebc83f126b738e24bfddf125ca1323b884ac1,applied
1,238,Codex_Workstation,F_0326,dataset/fly_ball/Codex_Workstation/F_0326,contact_timestamp_wrong,unchanged_unresolved,no,no_candidate_selected,1.950,2.050,,,,,,7.007,7.007,not_required,15.960,,,line_drive,,no,no_candidate_selected,0.9,qwen3.5-omni-flash,c089e9db7007370a80c1d65d3b9e8371101a5d6656e62c4286a31cab9f40c03c,6dcf8f1e61dd7dbcf6a283b7e148dc0a01d46b43f7f5068df4e22ab2d0b1105f,,,applied
1,239,Codex_Workstation,F_0328,dataset/fly_ball/Codex_Workstation/F_0328,contact_timestamp_wrong,retime_or_metadata_only,yes,,2.990,3.090,1.175,1.275,1.225,1.225,0.000,7.006,7.006,not_required,9.500,,,line_drive,line_drive,no,audio_candidate_bound,0.92,qwen3.5-omni-flash,ebbb67a5d927bc2ff12df6331e0588a47f86bcd5ad3427f2420c5fc5ec16914a,2a0b9ef5517ced837a8fe8c302d4ae9d07e0632a4a75c95da1c1c623fe0c0d6b,ebbb67a5d927bc2ff12df6331e0588a47f86bcd5ad3427f2420c5fc5ec16914a,2a0b9ef5517ced837a8fe8c302d4ae9d07e0632a4a75c95da1c1c623fe0c0d6b,applied
1,240,Codex_Workstation,F_0330,dataset/fly_ball/Codex_Workstation/F_0330,contact_timestamp_wrong,unchanged_unresolved,no,no_candidate_selected,1.950,2.050,,,,,,7.007,7.007,recut_partial_context,16.180,,,fly,,no,no_candidate_selected,0.95,qwen3.5-omni-flash,82398324503b0e9098661064d64e40cd36bc8c44c7b68d549d0f8826dec222d4,b9635e90f7282e139f6d562c63d36514d2facd96b1adc18ab83780252b7f5e18,,,applied
1,241,Codex_Workstation,F_0331,dataset/fly_ball/Codex_Workstation/F_0331,contact_timestamp_wrong,unchanged_unresolved,no,audio_visual_time_mismatch,1.950,2.050,,,1.855,0.000,1.855,7.007,7.007,not_required,3.300,,,line_drive,,no,audio_visual_time_mismatch,0.95,qwen3.5-omni-flash,d13d1424c837aa6b6f01b3a98350194c3ccfaf5846634283f4b321ae1ded2111,1833feaa841bd93e8403504b27786596c865aa335ce47db4288f226cfbc1904c,,,applied
