global_index,collector,sample_id,main_relative_path,id_digits,status,primary_error,error_types,required_actions,event_audio_assessment,current_event_start,current_event_end,suggested_contact_time,annotated_transient_time,annotated_transient_score,annotated_rms_ratio,annotated_diff_ratio,nearest_candidate_time,nearest_candidate_distance,strongest_candidate_time,strongest_candidate_score,audio_candidates_json,video_duration,duration_source,audio_duration,pre_contact_context,post_contact_context,trajectory_type,landing_zone,strength,missing_files,sample_csv_error,audio_error,video_title,video_url,source_id,source_path,source_clip_start,source_clip_end,resolved_source_path,source_available_locally,repair_batch,repair_batch_index
957,Codex_Workstation,F_1049,dataset/fly_ball/Codex_Workstation/F_1049,4,needs_edit,clip_too_short,insufficient_post_contact_context,recover_source_and_recut_longer,annotated_contact_audio_confirmed,1.950,2.050,2.015,2.015,4.140,4.072,4.210,2.015,0.015,2.015,4.140,"[{""time"": 2.015, ""score"": 4.14, ""rms_ratio"": 4.072, ""diff_ratio"": 4.21}, {""time"": 2.575, ""score"": 3.878, ""rms_ratio"": 3.878, ""diff_ratio"": 3.878}, {""time"": 0.485, ""score"": 3.45, ""rms_ratio"": 3.251, ""diff_ratio"": 3.661}, {""time"": 2.745, ""score"": 2.999, ""rms_ratio"": 3.335, ""diff_ratio"": 2.698}, {""time"": 0.205, ""score"": 2.783, ""rms_ratio"": 2.738, ""diff_ratio"": 2.828}, {""time"": 2.915, ""score"": 2.528, ""rms_ratio"": 2.368, ""diff_ratio"": 2.7}, {""time"": 0.795, ""score"": 2.202, ""rms_ratio"": 2.261, ""diff_ratio"": 2.144}, {""time"": 3.025, ""score"": 2.196, ""rms_ratio"": 2.002, ""diff_ratio"": 2.408}, {""time"": 1.675, ""score"": 2.144, ""rms_ratio"": 2.155, ""diff_ratio"": 2.133}, {""time"": 1.085, ""score"": 1.998, ""rms_ratio"": 2.207, ""diff_ratio"": 1.809}]",3.149,ffprobe,3.157,2.015,1.134,fly,pending,medium,,,,Jahmai Jones on his leadoff homer in big win Jahmai Jones on his leadoff homer in big win Jahmai Jones on his leadoff homer in big win Jahmai Jones talks about hitting a leadoff home run to lead the Tigers to a big win over the Guardians,https://mlb-cuts-diamond.mlb.com/FORGE/2025/2025-09/25/568145e4-5b2f06d2-d746e5b2-csvm-diamondgcp-asset_1280x720_59_4000K.mp4,MLB_776189_jahmai-jones-on-his-leadoff-homer-in-big-win,raw_sources\MLB_776189_jahmai-jones-on-his-leadoff-homer-in-big-win_Jahmai_Jones_on_his_leadoff_homer_in_big_win_Jahmai_Jones_on_his_leadoff_homer_in_big_win_Jahmai_Jones_on_his_lead.mp4,3.400,10.400,,no,audit_checkpoint_002,1
956,Codex_Workstation,F_1048,dataset/fly_ball/Codex_Workstation/F_1048,4,needs_edit,contact_timestamp_wrong,contact_timestamp_wrong;insufficient_post_contact_context,retime_from_local_audio_candidate;qwen_confirm_visual_contact_near_candidate;recover_source_and_recut_longer,likely_contact_timestamp_wrong,1.950,2.050,1.135,2.015,1.921,2.104,1.754,2.015,0.015,1.135,3.031,"[{""time"": 1.135, ""score"": 3.031, ""rms_ratio"": 1.3, ""diff_ratio"": 7.067}, {""time"": 0.575, ""score"": 2.191, ""rms_ratio"": 1.826, ""diff_ratio"": 2.628}, {""time"": 0.315, ""score"": 2.075, ""rms_ratio"": 1.765, ""diff_ratio"": 2.439}, {""time"": 2.015, ""score"": 1.921, ""rms_ratio"": 2.104, ""diff_ratio"": 1.754}]",2.308,ffprobe,2.325,1.135,1.173,fly,pending,medium,,,,Michael A. Taylor's two-run homer (9) Michael A. Taylor's two-run homer (9) Michael A. Taylor's two-run homer (9) Michael A. Taylor hits a two-run home run to right-center field in the top of the 4th inning to give the White Sox a 3-1 lead,https://mlb-cuts-diamond.mlb.com/FORGE/2025/2025-09/25/a8704cd8-2d02ff95-0785e63d-csvm-diamondgcp-asset_1280x720_59_4000K.mp4,MLB_776184_michael-a-taylor-homers-9-on-a-fly-ball-to-right-center-field-miguel-,raw_sources\MLB_776184_michael-a-taylor-homers-9-on-a-fly-ball-to-right-center-field-miguel-_Michael_A._Taylor_s_two-run_homer_9_Michael_A._Taylor_s_two-run_homer_9_Michael_A._Taylor.mp4,3.580,10.580,,no,audit_checkpoint_002,2
955,Codex_Workstation,F_1047,dataset/fly_ball/Codex_Workstation/F_1047,4,needs_edit,clip_too_short,insufficient_post_contact_context,recover_source_and_recut_longer,annotated_contact_audio_confirmed,1.950,2.050,1.925,1.925,2.558,1.130,5.791,2.045,0.045,0.235,2.830,"[{""time"": 0.235, ""score"": 2.83, ""rms_ratio"": 2.033, ""diff_ratio"": 3.939}, {""time"": 1.925, ""score"": 2.558, ""rms_ratio"": 1.13, ""diff_ratio"": 5.791}, {""time"": 1.175, ""score"": 2.405, ""rms_ratio"": 1.077, ""diff_ratio"": 5.369}, {""time"": 1.525, ""score"": 2.282, ""rms_ratio"": 1.959, ""diff_ratio"": 2.658}, {""time"": 2.045, ""score"": 1.909, ""rms_ratio"": 1.733, ""diff_ratio"": 2.102}, {""time"": 0.995, ""score"": 1.733, ""rms_ratio"": 0.632, ""diff_ratio"": 3.003}, {""time"": 1.755, ""score"": 1.73, ""rms_ratio"": 1.621, ""diff_ratio"": 1.846}, {""time"": 1.415, ""score"": 1.714, ""rms_ratio"": 1.653, ""diff_ratio"": 1.778}, {""time"": 1.625, ""score"": 1.706, ""rms_ratio"": 1.542, ""diff_ratio"": 1.888}]",2.138,ffprobe,2.155,1.925,0.213,fly,pending,medium,,,,Byron Buxton's two-homer day  Byron Buxton's two-homer day  Byron Buxton's two-homer day  Byron Buxton hits two no-doubt home runs to lead the Twins to a 4-0 victory,https://mlb-cuts-diamond.mlb.com/FORGE/2025/2025-09/25/dd42cf48-61050e5f-9dce8628-csvm-diamondgcp-asset_1280x720_59_4000K.mp4,MLB_776183_byron-buxton-s-two-homer-day,raw_sources\MLB_776183_byron-buxton-s-two-homer-day_Byron_Buxton_s_two-homer_day_Byron_Buxton_s_two-homer_day_Byron_Buxton_s_two-homer_day_Byron_Buxton_hits_two_no-doubt_home_runs_to.mp4,7.440,14.440,,no,audit_checkpoint_002,3
954,Codex_Workstation,F_1046,dataset/fly_ball/Codex_Workstation/F_1046,4,needs_edit,clip_too_short,insufficient_post_contact_context,recover_source_and_recut_longer,annotated_contact_audio_confirmed,1.950,2.050,2.035,2.035,3.385,3.672,3.122,2.095,0.095,0.315,4.610,"[{""time"": 0.315, ""score"": 4.61, ""rms_ratio"": 3.081, ""diff_ratio"": 6.898}, {""time"": 0.105, ""score"": 4.438, ""rms_ratio"": 2.986, ""diff_ratio"": 6.595}, {""time"": 5.945, ""score"": 4.348, ""rms_ratio"": 2.262, ""diff_ratio"": 8.355}, {""time"": 6.995, ""score"": 4.102, ""rms_ratio"": 1.571, ""diff_ratio"": 10.708}, {""time"": 1.055, ""score"": 4.042, ""rms_ratio"": 1.611, ""diff_ratio"": 10.139}, {""time"": 2.215, ""score"": 3.834, ""rms_ratio"": 2.762, ""diff_ratio"": 5.322}, {""time"": 0.435, ""score"": 3.639, ""rms_ratio"": 2.392, ""diff_ratio"": 5.536}, {""time"": 5.165, ""score"": 3.525, ""rms_ratio"": 2.875, ""diff_ratio"": 4.321}, {""time"": 2.095, ""score"": 3.469, ""rms_ratio"": 2.851, ""diff_ratio"": 4.221}, {""time"": 0.655, ""score"": 3.406, ""rms_ratio"": 3.497, ""diff_ratio"": 3.317}, {""time"": 1.825, ""score"": 3.207, ""rms_ratio"": 3.305, ""diff_ratio"": 3.112}, {""time"": 3.505, ""score"": 3.202, ""rms_ratio"": 1.267, ""diff_ratio"": 8.093}, {""time"": 1.155, ""score"": 3.192, ""rms_ratio"": 1.241, ""diff_ratio"": 8.211}, {""time"": 3.085, ""score"": 2.948, ""rms_ratio"": 2.146, ""diff_ratio"": 4.05}, {""time"": 4.535, ""score"": 2.762, ""rms_ratio"": 2.606, ""diff_ratio"": 2.927}, {""time"": 2.345, ""score"": 2.722, ""rms_ratio"": 1.748, ""diff_ratio"": 4.239}]",7.006,ffprobe,7.019,2.035,4.971,fly,pending,medium,,,,Byron Buxton's second homer of the game (34) Byron Buxton's second homer of the game (34) Byron Buxton's second homer of the game (34) Byron Buxton hits his second home run of the game with a three-run homer to left-center field to put the Twins up 4-0 in the 8th,https://mlb-cuts-diamond.mlb.com/FORGE/2025/2025-09/25/ea2f4cf5-0e478072-4dea7a02-csvm-diamondgcp-asset_1280x720_59_4000K.mp4,MLB_776183_byron-buxton-homers-34-on-a-fly-ball-to-center-field-ryan-fitzgerald-,raw_sources\MLB_776183_byron-buxton-homers-34-on-a-fly-ball-to-center-field-ryan-fitzgerald-_Byron_Buxton_s_second_homer_of_the_game_34_Byron_Buxton_s_second_homer_of_the_game_34_Byr.mp4,0.540,7.540,,no,audit_checkpoint_002,4
953,Codex_Workstation,F_1045,dataset/fly_ball/Codex_Workstation/F_1045,4,needs_edit,clip_too_short,insufficient_post_contact_context,recover_source_and_recut_longer,annotated_contact_audio_confirmed,1.950,2.050,2.025,2.025,15.382,11.563,20.463,2.025,0.025,2.235,16.921,"[{""time"": 2.235, ""score"": 16.921, ""rms_ratio"": 12.708, ""diff_ratio"": 22.532}, {""time"": 2.025, ""score"": 15.382, ""rms_ratio"": 11.563, ""diff_ratio"": 20.463}, {""time"": 1.665, ""score"": 14.456, ""rms_ratio"": 9.736, ""diff_ratio"": 21.464}, {""time"": 1.875, ""score"": 13.216, ""rms_ratio"": 9.667, ""diff_ratio"": 18.068}, {""time"": 2.415, ""score"": 11.981, ""rms_ratio"": 8.749, ""diff_ratio"": 16.409}, {""time"": 2.715, ""score"": 11.158, ""rms_ratio"": 9.022, ""diff_ratio"": 13.799}, {""time"": 3.205, ""score"": 10.061, ""rms_ratio"": 7.089, ""diff_ratio"": 14.277}, {""time"": 3.035, ""score"": 9.466, ""rms_ratio"": 4.163, ""diff_ratio"": 21.521}, {""time"": 3.315, ""score"": 8.165, ""rms_ratio"": 5.706, ""diff_ratio"": 11.682}, {""time"": 2.845, ""score"": 6.648, ""rms_ratio"": 4.72, ""diff_ratio"": 9.365}, {""time"": 2.605, ""score"": 3.973, ""rms_ratio"": 1.789, ""diff_ratio"": 8.827}]",3.326,ffprobe,3.328,2.025,1.301,fly,pending,medium,,,,"Pete Crow-Armstrong on recording 30-30 season, more Pete Crow-Armstrong on recording 30-30 season, more Pete Crow-Armstrong on recording 30-30 season, more Pete Crow-Armstrong discusses hitting a home run to record a 30-30 season and more following the Cubs' dominant 12-1 victory over the Cardinals",https://mlb-cuts-diamond.mlb.com/FORGE/2025/2025-09/26/3c5ca1e6-9c267d08-c0628f40-csvm-diamondgcp-asset_1280x720_59_4000K.mp4,MLB_776167_pete-crow-armstrong-on-recording-30-30-season-more,raw_sources\MLB_776167_pete-crow-armstrong-on-recording-30-30-season-more_Pete_Crow-Armstrong_on_recording_30-30_season_more_Pete_Crow-Armstrong_on_recording_30-30_season_more_Pete_C.mp4,3.820,10.820,,no,audit_checkpoint_002,5
952,Codex_Workstation,F_1044,dataset/fly_ball/Codex_Workstation/F_1044,4,needs_edit,clip_too_short,insufficient_post_contact_context,recover_source_and_recut_longer,annotated_contact_audio_confirmed,1.950,2.050,2.035,2.035,2.693,2.195,3.304,2.035,0.035,2.035,2.693,"[{""time"": 2.035, ""score"": 2.693, ""rms_ratio"": 2.195, ""diff_ratio"": 3.304}, {""time"": 2.255, ""score"": 1.926, ""rms_ratio"": 1.265, ""diff_ratio"": 2.932}]",3.126,ffprobe,3.136,2.035,1.091,fly,pending,medium,,,,Luis García Jr.'s second homer of the night (15) Luis García Jr.'s second homer of the night (15) Luis García Jr.'s second homer of the night (15) Luis García Jr. brings the Nationals within three runs of the White Sox with a two-run home run in the bottom of the 6th inning,https://mlb-cuts-diamond.mlb.com/FORGE/2025/2025-09/26/940c8eb6-3a40c1f9-d1d7bc2b-csvm-diamondgcp-asset_1280x720_59_4000K.mp4,MLB_776165_luis-garcia-jr-homers-15-on-a-fly-ball-to-right-field-daylen-lile-sco,raw_sources\MLB_776165_luis-garcia-jr-homers-15-on-a-fly-ball-to-right-field-daylen-lile-sco_Luis_Garc_a_Jr._s_second_homer_of_the_night_15_Luis_Garc_a_Jr._s_second_homer_of_the_nigh.mp4,3.380,10.380,,no,audit_checkpoint_002,6
951,Codex_Workstation,F_1043,dataset/fly_ball/Codex_Workstation/F_1043,4,needs_edit,clip_too_short,insufficient_pre_contact_context;insufficient_post_contact_context,recover_source_and_recut_longer,annotated_contact_audio_confirmed,0.910,1.010,0.985,0.985,4.417,4.367,4.468,0.985,0.025,0.985,4.417,"[{""time"": 0.985, ""score"": 4.417, ""rms_ratio"": 4.367, ""diff_ratio"": 4.468}, {""time"": 5.375, ""score"": 3.183, ""rms_ratio"": 3.3, ""diff_ratio"": 3.07}, {""time"": 5.725, ""score"": 3.143, ""rms_ratio"": 1.839, ""diff_ratio"": 5.37}, {""time"": 3.815, ""score"": 3.044, ""rms_ratio"": 2.908, ""diff_ratio"": 3.186}, {""time"": 6.365, ""score"": 2.941, ""rms_ratio"": 2.919, ""diff_ratio"": 2.964}, {""time"": 4.435, ""score"": 2.909, ""rms_ratio"": 3.208, ""diff_ratio"": 2.637}, {""time"": 3.395, ""score"": 2.713, ""rms_ratio"": 2.796, ""diff_ratio"": 2.632}, {""time"": 2.435, ""score"": 2.525, ""rms_ratio"": 2.724, ""diff_ratio"": 2.341}, {""time"": 2.135, ""score"": 2.187, ""rms_ratio"": 2.13, ""diff_ratio"": 2.246}, {""time"": 6.825, ""score"": 2.122, ""rms_ratio"": 2.108, ""diff_ratio"": 2.137}, {""time"": 1.775, ""score"": 2.101, ""rms_ratio"": 2.47, ""diff_ratio"": 1.786}, {""time"": 2.925, ""score"": 1.954, ""rms_ratio"": 2.232, ""diff_ratio"": 1.712}, {""time"": 6.635, ""score"": 1.939, ""rms_ratio"": 2.256, ""diff_ratio"": 1.667}, {""time"": 5.585, ""score"": 1.934, ""rms_ratio"": 1.794, ""diff_ratio"": 2.084}, {""time"": 4.065, ""score"": 1.769, ""rms_ratio"": 2.532, ""diff_ratio"": 1.235}]",7.014,ffprobe,7.014,0.985,6.029,fly,pending,medium,,,,Pete Crow-Armstrong's two-run home run (31) Pete Crow-Armstrong's two-run home run (31) Pete Crow-Armstrong's two-run home run (31) Pete Crow-Armstrong crushes a two-run to increase the Cubs' lead to 7-3 in the bottom of the 8th inning,https://mlb-cuts-diamond.mlb.com/FORGE/2025/2025-09/27/579be802-3e8afbac-acc550e7-csvm-diamondgcp-asset_1280x720_59_4000K.mp4,MLB_776164_pete-crow-armstrong-homers-31-on-a-fly-ball-to-right-field-seiya-suzu,raw_sources\MLB_776164_pete-crow-armstrong-homers-31-on-a-fly-ball-to-right-field-seiya-suzu_Pete_Crow-Armstrong_s_two-run_home_run_31_Pete_Crow-Armstrong_s_two-run_home_run_31_Pete_.mp4,0.000,7.000,,no,audit_checkpoint_002,7
950,Codex_Workstation,F_1042,dataset/fly_ball/Codex_Workstation/F_1042,4,needs_edit,clip_too_short,insufficient_post_contact_context,recover_source_and_recut_longer,annotated_contact_audio_confirmed,1.470,1.570,1.535,1.535,12.516,8.010,19.558,1.535,0.015,1.535,12.516,"[{""time"": 1.535, ""score"": 12.516, ""rms_ratio"": 8.01, ""diff_ratio"": 19.558}, {""time"": 3.765, ""score"": 4.941, ""rms_ratio"": 2.275, ""diff_ratio"": 10.732}, {""time"": 6.815, ""score"": 4.698, ""rms_ratio"": 3.247, ""diff_ratio"": 6.796}, {""time"": 6.695, ""score"": 4.497, ""rms_ratio"": 3.142, ""diff_ratio"": 6.436}, {""time"": 6.995, ""score"": 4.407, ""rms_ratio"": 3.576, ""diff_ratio"": 5.429}, {""time"": 6.465, ""score"": 3.895, ""rms_ratio"": 2.874, ""diff_ratio"": 5.28}, {""time"": 4.085, ""score"": 3.726, ""rms_ratio"": 1.674, ""diff_ratio"": 8.294}, {""time"": 6.585, ""score"": 3.649, ""rms_ratio"": 3.034, ""diff_ratio"": 4.39}, {""time"": 5.805, ""score"": 3.067, ""rms_ratio"": 2.867, ""diff_ratio"": 3.281}, {""time"": 6.235, ""score"": 3.0, ""rms_ratio"": 2.342, ""diff_ratio"": 3.842}, {""time"": 6.345, ""score"": 2.785, ""rms_ratio"": 2.123, ""diff_ratio"": 3.653}, {""time"": 4.505, ""score"": 2.762, ""rms_ratio"": 2.734, ""diff_ratio"": 2.79}, {""time"": 5.985, ""score"": 2.629, ""rms_ratio"": 2.125, ""diff_ratio"": 3.252}, {""time"": 3.375, ""score"": 2.578, ""rms_ratio"": 2.041, ""diff_ratio"": 3.256}, {""time"": 5.135, ""score"": 2.574, ""rms_ratio"": 2.055, ""diff_ratio"": 3.225}, {""time"": 5.475, ""score"": 2.562, ""rms_ratio"": 2.789, ""diff_ratio"": 2.354}]",7.014,ffprobe,7.014,1.535,5.479,fly,pending,medium,,,,Nolan Arenado's solo home run (12) Nolan Arenado's solo home run (12) Nolan Arenado's solo home run (12) Nolan Arenado ties the game with a solo home run to left-center field in the 4th inning,https://mlb-cuts-diamond.mlb.com/FORGE/2025/2025-09/27/b128e3f4-4eb8e035-3b409498-csvm-diamondgcp-asset_1280x720_59_4000K.mp4,MLB_776164_nolan-arenado-homers-12-on-a-fly-ball-to-left-center-field,raw_sources\MLB_776164_nolan-arenado-homers-12-on-a-fly-ball-to-left-center-field_Nolan_Arenado_s_solo_home_run_12_Nolan_Arenado_s_solo_home_run_12_Nolan_Arenado_s_solo_home_run_12_N.mp4,0.000,7.000,,no,audit_checkpoint_002,8
949,Codex_Workstation,F_1041,dataset/fly_ball/Codex_Workstation/F_1041,4,needs_edit,clip_too_short,insufficient_post_contact_context,recover_source_and_recut_longer,annotated_contact_audio_confirmed,1.950,2.050,2.025,2.025,2.407,2.424,2.389,2.025,0.025,0.055,2.540,"[{""time"": 0.055, ""score"": 2.54, ""rms_ratio"": 2.315, ""diff_ratio"": 2.787}, {""time"": 2.025, ""score"": 2.407, ""rms_ratio"": 2.424, ""diff_ratio"": 2.389}, {""time"": 1.625, ""score"": 2.253, ""rms_ratio"": 1.75, ""diff_ratio"": 2.9}, {""time"": 1.005, ""score"": 2.152, ""rms_ratio"": 1.902, ""diff_ratio"": 2.436}, {""time"": 1.245, ""score"": 2.092, ""rms_ratio"": 2.336, ""diff_ratio"": 1.874}, {""time"": 0.705, ""score"": 2.083, ""rms_ratio"": 2.568, ""diff_ratio"": 1.69}, {""time"": 0.265, ""score"": 1.849, ""rms_ratio"": 2.2, ""diff_ratio"": 1.553}]",2.029,ffprobe,2.048,2.025,0.004,fly,pending,medium,,,,"Coby Mayo's solo home run (11) Coby Mayo's solo home run (11) Coby Mayo's solo home run (11) Coby Mayo hits a solo home run to left-center field in the 8th, putting the Orioles on the board, 6-1",https://mlb-cuts-diamond.mlb.com/FORGE/2025/2025-09/27/d1bd93e5-56ea399e-4d0e4d53-csvm-diamondgcp-asset_1280x720_59_4000K.mp4,MLB_776162_coby-mayo-homers-11-on-a-fly-ball-to-left-center-field,raw_sources\MLB_776162_coby-mayo-homers-11-on-a-fly-ball-to-left-center-field_Coby_Mayo_s_solo_home_run_11_Coby_Mayo_s_solo_home_run_11_Coby_Mayo_s_solo_home_run_11_Coby_Mayo_hits_a_.mp4,5.480,12.480,,no,audit_checkpoint_002,9
948,Codex_Workstation,F_1040,dataset/fly_ball/Codex_Workstation/F_1040,4,needs_edit,clip_too_short,insufficient_post_contact_context,recover_source_and_recut_longer,annotated_contact_audio_confirmed,1.950,2.050,2.025,2.025,2.333,2.504,2.174,2.025,0.025,2.025,2.333,"[{""time"": 2.025, ""score"": 2.333, ""rms_ratio"": 2.504, ""diff_ratio"": 2.174}, {""time"": 0.165, ""score"": 2.041, ""rms_ratio"": 2.159, ""diff_ratio"": 1.93}, {""time"": 1.605, ""score"": 1.842, ""rms_ratio"": 2.235, ""diff_ratio"": 1.518}, {""time"": 1.195, ""score"": 1.814, ""rms_ratio"": 1.772, ""diff_ratio"": 1.857}]",2.157,ffprobe,2.176,2.025,0.132,fly,pending,medium,,,,"Colson Montgomery's two-run homer (21) Colson Montgomery's two-run homer (21) Colson Montgomery's two-run homer (21) Colson Montgomery hits a two-run home run to right field, giving the White Sox a 2-0 lead in the 4th",https://mlb-cuts-diamond.mlb.com/FORGE/2025/2025-09/27/f5e045ed-d0eeb31a-fa815c11-csvm-diamondgcp-asset_1280x720_59_4000K.mp4,MLB_776160_colson-montgomery-homers-21-on-a-fly-ball-to-right-field-kyle-teel-sc,raw_sources\MLB_776160_colson-montgomery-homers-21-on-a-fly-ball-to-right-field-kyle-teel-sc_Colson_Montgomery_s_two-run_homer_21_Colson_Montgomery_s_two-run_homer_21_Colson_Montgome.mp4,4.200,11.200,,no,audit_checkpoint_002,10
947,Codex_Workstation,F_1039,dataset/fly_ball/Codex_Workstation/F_1039,4,needs_edit,contact_timestamp_wrong,contact_timestamp_wrong;insufficient_post_contact_context,retime_from_local_audio_candidate;qwen_confirm_visual_contact_near_candidate;recover_source_and_recut_longer,likely_contact_timestamp_wrong,1.950,2.050,2.785,2.035,2.026,2.438,1.684,2.035,0.035,2.785,3.872,"[{""time"": 2.785, ""score"": 3.872, ""rms_ratio"": 1.77, ""diff_ratio"": 8.472}, {""time"": 0.725, ""score"": 2.474, ""rms_ratio"": 1.239, ""diff_ratio"": 4.938}, {""time"": 1.075, ""score"": 2.077, ""rms_ratio"": 1.131, ""diff_ratio"": 3.816}, {""time"": 2.035, ""score"": 2.026, ""rms_ratio"": 2.438, ""diff_ratio"": 1.684}, {""time"": 1.205, ""score"": 1.914, ""rms_ratio"": 1.779, ""diff_ratio"": 2.059}, {""time"": 1.635, ""score"": 1.83, ""rms_ratio"": 2.218, ""diff_ratio"": 1.511}, {""time"": 0.875, ""score"": 1.825, ""rms_ratio"": 1.878, ""diff_ratio"": 1.773}, {""time"": 1.815, ""score"": 1.816, ""rms_ratio"": 1.837, ""diff_ratio"": 1.796}, {""time"": 2.215, ""score"": 1.809, ""rms_ratio"": 2.348, ""diff_ratio"": 1.393}]",2.876,ffprobe,2.880,2.785,0.091,fly,pending,medium,,,,"Mike Yastrzemski's second homer of the game (17) Mike Yastrzemski's second homer of the game (17) Mike Yastrzemski's second homer of the game (17) Mike Yastrzemski crushes a solo home run to right-center field, his second homer of the game, increasing the Royals' lead to 9-0 in the 8th",https://mlb-cuts-diamond.mlb.com/FORGE/2025/2025-09/28/cd7bcb5d-4ae6aede-a3554c30-csvm-diamondgcp-asset_1280x720_59_4000K.mp4,MLB_776138_osvaldo-bido-in-play-run-s-to-mike-yastrzemski,raw_sources\MLB_776138_osvaldo-bido-in-play-run-s-to-mike-yastrzemski_Mike_Yastrzemski_s_second_homer_of_the_game_17_Mike_Yastrzemski_s_second_homer_of_the_game_17_Mike_Yastrzemski_s.mp4,3.780,10.780,,no,audit_checkpoint_002,11
946,Codex_Workstation,F_1038,dataset/fly_ball/Codex_Workstation/F_1038,4,needs_edit,clip_too_short,insufficient_post_contact_context,recover_source_and_recut_longer,annotated_contact_audio_confirmed,1.950,2.050,2.035,2.035,2.086,2.712,1.604,2.035,0.035,0.465,2.496,"[{""time"": 0.465, ""score"": 2.496, ""rms_ratio"": 1.256, ""diff_ratio"": 4.96}, {""time"": 1.015, ""score"": 2.164, ""rms_ratio"": 2.021, ""diff_ratio"": 2.318}, {""time"": 2.035, ""score"": 2.086, ""rms_ratio"": 2.712, ""diff_ratio"": 1.604}, {""time"": 0.845, ""score"": 1.953, ""rms_ratio"": 1.023, ""diff_ratio"": 3.728}, {""time"": 2.565, ""score"": 1.884, ""rms_ratio"": 2.399, ""diff_ratio"": 1.48}, {""time"": 0.625, ""score"": 1.86, ""rms_ratio"": 1.58, ""diff_ratio"": 2.191}, {""time"": 2.315, ""score"": 1.782, ""rms_ratio"": 1.89, ""diff_ratio"": 1.68}]",2.690,ffprobe,2.709,2.035,0.655,fly,pending,medium,,,,Data Viz: Carter Jensen's 482-foot home run Data Viz: Carter Jensen's 482-foot home run Data Viz: Carter Jensen's 482-foot home run Take a look at Carter Jensen's 482-foot solo home run through data visualization,https://mlb-cuts-diamond.mlb.com/FORGE/2025/2025-09/28/2ea601bd-6c8c6fa8-dfa80819-csvm-diamondgcp-asset_1280x720_59_4000K.mp4,MLB_776138_data-viz-carter-jensen-s-482-foot-home-run,raw_sources\MLB_776138_data-viz-carter-jensen-s-482-foot-home-run_Data_Viz_Carter_Jensen_s_482-foot_home_run_Data_Viz_Carter_Jensen_s_482-foot_home_run_Data_Viz_Carter_Jensen_s_482-f.mp4,5.800,12.800,,no,audit_checkpoint_002,12
945,Codex_Workstation,F_1037,dataset/fly_ball/Codex_Workstation/F_1037,4,needs_edit,contact_timestamp_wrong,contact_timestamp_wrong;insufficient_post_contact_context,retime_from_local_audio_candidate;qwen_confirm_visual_contact_near_candidate;recover_source_and_recut_longer,likely_contact_timestamp_wrong,1.950,2.050,1.465,2.025,2.140,2.967,1.544,2.025,0.025,2.835,3.250,"[{""time"": 2.835, ""score"": 3.25, ""rms_ratio"": 1.83, ""diff_ratio"": 5.771}, {""time"": 2.615, ""score"": 3.067, ""rms_ratio"": 2.592, ""diff_ratio"": 3.629}, {""time"": 3.485, ""score"": 2.954, ""rms_ratio"": 1.609, ""diff_ratio"": 5.422}, {""time"": 1.465, ""score"": 2.321, ""rms_ratio"": 1.298, ""diff_ratio"": 4.152}, {""time"": 1.345, ""score"": 2.296, ""rms_ratio"": 2.646, ""diff_ratio"": 1.993}, {""time"": 2.025, ""score"": 2.14, ""rms_ratio"": 2.967, ""diff_ratio"": 1.544}, {""time"": 1.075, ""score"": 1.999, ""rms_ratio"": 2.553, ""diff_ratio"": 1.566}, {""time"": 0.615, ""score"": 1.936, ""rms_ratio"": 1.223, ""diff_ratio"": 3.064}, {""time"": 0.925, ""score"": 1.871, ""rms_ratio"": 2.054, ""diff_ratio"": 1.705}, {""time"": 2.255, ""score"": 1.805, ""rms_ratio"": 2.329, ""diff_ratio"": 1.399}, {""time"": 3.265, ""score"": 1.693, ""rms_ratio"": 2.08, ""diff_ratio"": 1.377}]",3.606,ffprobe,3.627,1.465,2.141,fly,pending,medium,,,,Carter Jenson crushes a 482-foot home run Carter Jenson crushes a 482-foot home run Carter Jenson crushes a 482-foot home run Statcast measures the projected distance and exit velocity of Carter Jenson's 482 -foot homer at an exit velocity of 112.7 mph,https://mlb-cuts-diamond.mlb.com/FORGE/2025/2025-09/28/8c0e9b5b-44538aef-07ed7354-csvm-diamondgcp-asset_1280x720_59_4000K.mp4,MLB_776138_carter-jenson-crushes-a-482-foot-home-run,raw_sources\MLB_776138_carter-jenson-crushes-a-482-foot-home-run_Carter_Jenson_crushes_a_482-foot_home_run_Carter_Jenson_crushes_a_482-foot_home_run_Carter_Jenson_crushes_a_482-foot_.mp4,2.900,9.900,,no,audit_checkpoint_002,13
944,Codex_Workstation,F_1036,dataset/fly_ball/Codex_Workstation/F_1036,4,needs_edit,clip_too_short,insufficient_pre_contact_context;insufficient_post_contact_context,recover_source_and_recut_longer,annotated_contact_audio_confirmed,0.630,0.730,0.665,0.665,5.779,5.781,5.776,0.665,0.015,0.665,5.779,"[{""time"": 0.665, ""score"": 5.779, ""rms_ratio"": 5.781, ""diff_ratio"": 5.776}, {""time"": 1.595, ""score"": 5.075, ""rms_ratio"": 5.045, ""diff_ratio"": 5.104}, {""time"": 0.355, ""score"": 4.502, ""rms_ratio"": 4.527, ""diff_ratio"": 4.478}, {""time"": 0.215, ""score"": 4.443, ""rms_ratio"": 4.836, ""diff_ratio"": 4.082}, {""time"": 2.605, ""score"": 4.17, ""rms_ratio"": 5.655, ""diff_ratio"": 3.074}, {""time"": 2.275, ""score"": 3.692, ""rms_ratio"": 3.535, ""diff_ratio"": 3.855}, {""time"": 0.935, ""score"": 3.651, ""rms_ratio"": 3.875, ""diff_ratio"": 3.44}, {""time"": 5.555, ""score"": 3.635, ""rms_ratio"": 3.408, ""diff_ratio"": 3.878}, {""time"": 1.265, ""score"": 3.612, ""rms_ratio"": 4.019, ""diff_ratio"": 3.246}, {""time"": 5.725, ""score"": 3.603, ""rms_ratio"": 3.582, ""diff_ratio"": 3.624}, {""time"": 2.915, ""score"": 3.445, ""rms_ratio"": 4.695, ""diff_ratio"": 2.528}, {""time"": 5.865, ""score"": 3.427, ""rms_ratio"": 2.267, ""diff_ratio"": 5.181}, {""time"": 1.455, ""score"": 3.351, ""rms_ratio"": 3.632, ""diff_ratio"": 3.092}, {""time"": 6.945, ""score"": 3.347, ""rms_ratio"": 3.91, ""diff_ratio"": 2.865}, {""time"": 1.155, ""score"": 3.295, ""rms_ratio"": 3.427, ""diff_ratio"": 3.168}, {""time"": 6.455, ""score"": 3.067, ""rms_ratio"": 3.576, ""diff_ratio"": 2.631}]",6.955,ffprobe,6.971,0.665,6.290,fly,pending,medium,,,,Willy Adames' historic 30th home run Willy Adames' historic 30th home run Willy Adames' historic 30th home run Willy Adames hits his 30th homer of the season and becomes first Giant to reach 30 home runs since Barry Bonds in 2004,https://mlb-cuts-diamond.mlb.com/FORGE/2025/2025-09/28/bbad5c07-57a1f50e-cc0dacce-csvm-diamondgcp-asset_1280x720_59_4000K.mp4,MLB_776137_willy-adames-homers-30-on-a-fly-ball-to-center-field,raw_sources\MLB_776137_willy-adames-homers-30-on-a-fly-ball-to-center-field_Willy_Adames_historic_30th_home_run_Willy_Adames_historic_30th_home_run_Willy_Adames_historic_30th_home_ru.mp4,0.000,7.000,,no,audit_checkpoint_002,14
943,Codex_Workstation,F_1035,dataset/fly_ball/Codex_Workstation/F_1035,4,needs_edit,clip_too_short,insufficient_post_contact_context,recover_source_and_recut_longer,annotated_contact_audio_confirmed,1.970,2.070,2.035,2.035,2.124,2.239,2.014,2.035,0.015,2.035,2.124,"[{""time"": 2.035, ""score"": 2.124, ""rms_ratio"": 2.239, ""diff_ratio"": 2.014}, {""time"": 1.825, ""score"": 1.8, ""rms_ratio"": 1.97, ""diff_ratio"": 1.645}, {""time"": 1.695, ""score"": 1.76, ""rms_ratio"": 1.77, ""diff_ratio"": 1.75}, {""time"": 1.935, ""score"": 1.683, ""rms_ratio"": 1.742, ""diff_ratio"": 1.627}]",2.135,ffprobe,2.133,2.035,0.100,line_drive,pending,medium,,,,Field View: Anthony Volpe's solo home run Field View: Anthony Volpe's solo home run Field View: Anthony Volpe's solo home run Check out this unique angle of Anthony Volpe's solo home run in the bottom of the 2nd inning against the Red Sox,https://mlb-cuts-diamond.mlb.com/FORGE/2025/2025-09/30/1cb57f0a-75212d7a-45916651-csvm-diamondgcp-asset_1280x720_59_4000K.mp4,MLB_813074_field-view-anthony-volpe-s-solo-home-run,raw_sources\MLB_813074_field-view-anthony-volpe-s-solo-home-run_Field_View_Anthony_Volpe_s_solo_home_run_Field_View_Anthony_Volpe_s_solo_home_run_Field_View_Anthony_Volpe_s_solo_home.mp4,4.760,11.760,,no,audit_checkpoint_002,15
942,Codex_Workstation,F_1034,dataset/fly_ball/Codex_Workstation/F_1034,4,needs_edit,clip_too_short,insufficient_post_contact_context,recover_source_and_recut_longer,annotated_contact_audio_confirmed,1.970,2.070,2.025,2.025,5.640,4.249,7.485,2.025,0.005,2.025,5.640,"[{""time"": 2.025, ""score"": 5.64, ""rms_ratio"": 4.249, ""diff_ratio"": 7.485}, {""time"": 5.775, ""score"": 3.85, ""rms_ratio"": 3.367, ""diff_ratio"": 4.401}, {""time"": 4.345, ""score"": 3.454, ""rms_ratio"": 2.753, ""diff_ratio"": 4.334}, {""time"": 3.435, ""score"": 3.378, ""rms_ratio"": 2.924, ""diff_ratio"": 3.903}, {""time"": 4.715, ""score"": 3.066, ""rms_ratio"": 2.604, ""diff_ratio"": 3.609}, {""time"": 4.905, ""score"": 3.001, ""rms_ratio"": 2.414, ""diff_ratio"": 3.729}, {""time"": 5.225, ""score"": 2.928, ""rms_ratio"": 2.648, ""diff_ratio"": 3.239}, {""time"": 5.495, ""score"": 2.906, ""rms_ratio"": 2.299, ""diff_ratio"": 3.672}, {""time"": 5.355, ""score"": 2.806, ""rms_ratio"": 2.752, ""diff_ratio"": 2.861}, {""time"": 4.075, ""score"": 2.604, ""rms_ratio"": 2.606, ""diff_ratio"": 2.602}, {""time"": 3.245, ""score"": 2.544, ""rms_ratio"": 2.116, ""diff_ratio"": 3.06}, {""time"": 4.495, ""score"": 2.381, ""rms_ratio"": 2.259, ""diff_ratio"": 2.509}, {""time"": 3.575, ""score"": 2.147, ""rms_ratio"": 1.81, ""diff_ratio"": 2.546}, {""time"": 3.125, ""score"": 1.984, ""rms_ratio"": 2.293, ""diff_ratio"": 1.717}, {""time"": 3.765, ""score"": 1.878, ""rms_ratio"": 2.279, ""diff_ratio"": 1.547}, {""time"": 5.645, ""score"": 1.837, ""rms_ratio"": 1.281, ""diff_ratio"": 2.636}]",6.144,ffprobe,6.144,2.025,4.119,fly,pending,high,,,,"Teoscar Hernández's second home run Teoscar Hernández's second home run Teoscar Hernández's second home run Teoscar Hernández hits a solo homer to right-center, his second home run of the game, while extending the Dodgers' lead to 6-0 in the bottom of the 5th inning",https://mlb-cuts-diamond.mlb.com/FORGE/2025/2025-09/30/bbc55740-dacb066d-dcec4d62-csvm-diamondgcp-asset_1280x720_59_4000K.mp4,MLB_813069_teoscar-hernandez-s-second-home-run-2352,raw_sources\MLB_813069_teoscar-hernandez-s-second-home-run-2352_Teoscar_Hern_ndez_s_second_home_run_Teoscar_Hern_ndez_s_second_home_run_Teoscar_Hern_ndez_s_second_home_run_Teoscar_He.mp4,2.560,9.560,,no,audit_checkpoint_002,16
941,Codex_Workstation,F_1033,dataset/fly_ball/Codex_Workstation/F_1033,4,needs_edit,contact_timestamp_wrong,contact_timestamp_wrong;insufficient_post_contact_context,retime_from_local_audio_candidate;qwen_confirm_visual_contact_near_candidate;recover_source_and_recut_longer,likely_contact_timestamp_wrong,1.950,2.050,1.505,2.015,2.043,2.510,1.662,2.015,0.015,1.505,2.346,"[{""time"": 1.505, ""score"": 2.346, ""rms_ratio"": 1.931, ""diff_ratio"": 2.85}, {""time"": 1.155, ""score"": 2.097, ""rms_ratio"": 2.049, ""diff_ratio"": 2.146}, {""time"": 2.015, ""score"": 2.043, ""rms_ratio"": 2.51, ""diff_ratio"": 1.662}, {""time"": 1.715, ""score"": 2.034, ""rms_ratio"": 1.772, ""diff_ratio"": 2.335}, {""time"": 2.495, ""score"": 2.026, ""rms_ratio"": 1.977, ""diff_ratio"": 2.076}, {""time"": 0.005, ""score"": 1.836, ""rms_ratio"": 1.657, ""diff_ratio"": 2.033}, {""time"": 2.855, ""score"": 1.775, ""rms_ratio"": 1.659, ""diff_ratio"": 1.9}, {""time"": 0.785, ""score"": 1.749, ""rms_ratio"": 1.605, ""diff_ratio"": 1.907}, {""time"": 0.385, ""score"": 1.73, ""rms_ratio"": 1.532, ""diff_ratio"": 1.952}, {""time"": 2.245, ""score"": 1.728, ""rms_ratio"": 1.907, ""diff_ratio"": 1.566}]",4.904,ffprobe,4.907,1.505,3.399,fly,pending,high,,,,"Teoscar Hernández's three-run home run Teoscar Hernández's three-run home run Teoscar Hernández's three-run home run Teoscar Hernández drills a three-run homer to left field, scoring Freddie Freeman and Max Muncy and extending the Dodgers' lead to 4-0 in the bottom of the 3rd",https://mlb-cuts-diamond.mlb.com/FORGE/2025/2025-09/30/100a48ac-bf1d60c6-663d992f-csvm-diamondgcp-asset_1280x720_59_4000K.mp4,MLB_813069_teoscar-hernandez-homers-1-on-a-line-drive-to-left-field-freddie-free,raw_sources\MLB_813069_teoscar-hernandez-homers-1-on-a-line-drive-to-left-field-freddie-free_Teoscar_Hern_ndez_s_three-run_home_run_Teoscar_Hern_ndez_s_three-run_home_run_Teoscar_Her.mp4,4.120,11.120,,no,audit_checkpoint_002,17
940,Codex_Workstation,F_1032,dataset/fly_ball/Codex_Workstation/F_1032,4,needs_edit,clip_too_short,insufficient_post_contact_context,recover_source_and_recut_longer,annotated_contact_audio_confirmed,1.970,2.070,2.025,2.025,2.123,2.508,1.797,2.025,0.005,0.845,2.224,"[{""time"": 0.845, ""score"": 2.224, ""rms_ratio"": 2.047, ""diff_ratio"": 2.416}, {""time"": 2.025, ""score"": 2.123, ""rms_ratio"": 2.508, ""diff_ratio"": 1.797}, {""time"": 2.495, ""score"": 1.948, ""rms_ratio"": 1.933, ""diff_ratio"": 1.964}, {""time"": 1.725, ""score"": 1.833, ""rms_ratio"": 1.782, ""diff_ratio"": 1.886}, {""time"": 1.235, ""score"": 1.774, ""rms_ratio"": 1.957, ""diff_ratio"": 1.608}, {""time"": 2.385, ""score"": 1.717, ""rms_ratio"": 1.733, ""diff_ratio"": 1.702}, {""time"": 2.225, ""score"": 1.695, ""rms_ratio"": 1.591, ""diff_ratio"": 1.806}, {""time"": 0.365, ""score"": 1.664, ""rms_ratio"": 1.845, ""diff_ratio"": 1.5}]",2.603,ffprobe,2.581,2.025,0.578,fly,pending,high,,,,"Shohei Ohtani's leadoff home run Shohei Ohtani's leadoff home run Shohei Ohtani's leadoff home run Shohei Ohtani crushes a 117.7 mph solo home run to right field, putting the Dodgers on the board with a 1-0 lead in the bottom of the 1st",https://mlb-cuts-diamond.mlb.com/FORGE/2025/2025-09/30/0084c032-31e8d9d4-1eee80f9-csvm-diamondgcp-asset_1280x720_59_4000K.mp4,MLB_813069_shohei-ohtani-s-leadoff-home-run,raw_sources\MLB_813069_shohei-ohtani-s-leadoff-home-run_Shohei_Ohtani_s_leadoff_home_run_Shohei_Ohtani_s_leadoff_home_run_Shohei_Ohtani_s_leadoff_home_run_Shohei_Ohtani_crushes_a_117.mp4,3.080,10.080,,no,audit_checkpoint_002,18
939,Codex_Workstation,F_1031,dataset/fly_ball/Codex_Workstation/F_1031,4,needs_edit,clip_too_short,insufficient_post_contact_context,recover_source_and_recut_longer,annotated_contact_audio_confirmed,1.970,2.070,2.035,2.035,2.602,3.236,2.092,2.035,0.015,4.905,3.466,"[{""time"": 4.905, ""score"": 3.466, ""rms_ratio"": 2.966, ""diff_ratio"": 4.05}, {""time"": 0.675, ""score"": 3.318, ""rms_ratio"": 2.698, ""diff_ratio"": 4.08}, {""time"": 1.355, ""score"": 3.139, ""rms_ratio"": 3.114, ""diff_ratio"": 3.165}, {""time"": 1.115, ""score"": 2.784, ""rms_ratio"": 2.805, ""diff_ratio"": 2.763}, {""time"": 1.615, ""score"": 2.747, ""rms_ratio"": 2.254, ""diff_ratio"": 3.348}, {""time"": 0.445, ""score"": 2.665, ""rms_ratio"": 3.048, ""diff_ratio"": 2.33}, {""time"": 2.035, ""score"": 2.602, ""rms_ratio"": 3.236, ""diff_ratio"": 2.092}, {""time"": 3.005, ""score"": 2.494, ""rms_ratio"": 2.887, ""diff_ratio"": 2.154}, {""time"": 1.225, ""score"": 2.488, ""rms_ratio"": 1.295, ""diff_ratio"": 4.781}, {""time"": 1.785, ""score"": 2.431, ""rms_ratio"": 2.858, ""diff_ratio"": 2.068}, {""time"": 0.055, ""score"": 2.398, ""rms_ratio"": 2.478, ""diff_ratio"": 2.321}, {""time"": 4.655, ""score"": 2.333, ""rms_ratio"": 2.873, ""diff_ratio"": 1.894}, {""time"": 0.175, ""score"": 2.232, ""rms_ratio"": 2.469, ""diff_ratio"": 2.018}, {""time"": 2.145, ""score"": 2.169, ""rms_ratio"": 2.474, ""diff_ratio"": 1.901}, {""time"": 0.805, ""score"": 2.086, ""rms_ratio"": 2.132, ""diff_ratio"": 2.041}, {""time"": 3.135, ""score"": 1.744, ""rms_ratio"": 1.727, ""diff_ratio"": 1.762}]",4.954,ffprobe,4.971,2.035,2.919,fly,pending,high,,,,"Shohei Ohtani's second homer of the game Shohei Ohtani's second homer of the game Shohei Ohtani's second homer of the game Shohei Ohtani drills a two-run home run 454 feet to right for his second of the game, while driving in Enrique Hernández and giving the Dodgers an 8-0 lead in the 6th",https://mlb-cuts-diamond.mlb.com/FORGE/2025/2025-09/30/815cdb41-fef4dcbd-d08eb7db-csvm-diamondgcp-asset_1280x720_59_4000K.mp4,MLB_813069_shohei-ohtani-homers-2-on-a-fly-ball-to-right-center-field-enrique-he,raw_sources\MLB_813069_shohei-ohtani-homers-2-on-a-fly-ball-to-right-center-field-enrique-he_Shohei_Ohtani_s_second_homer_of_the_game_Shohei_Ohtani_s_second_homer_of_the_game_Shohei_.mp4,5.460,12.460,,no,audit_checkpoint_002,19
938,Codex_Workstation,F_1030,dataset/fly_ball/Codex_Workstation/F_1030,4,needs_edit,clip_too_short,insufficient_post_contact_context,recover_source_and_recut_longer,annotated_contact_audio_confirmed,2.050,2.150,2.015,2.015,2.535,2.247,2.860,2.015,0.085,2.015,2.535,"[{""time"": 2.015, ""score"": 2.535, ""rms_ratio"": 2.247, ""diff_ratio"": 2.86}, {""time"": 2.215, ""score"": 2.035, ""rms_ratio"": 1.982, ""diff_ratio"": 2.09}, {""time"": 0.165, ""score"": 2.006, ""rms_ratio"": 1.712, ""diff_ratio"": 2.352}, {""time"": 1.345, ""score"": 1.91, ""rms_ratio"": 2.086, ""diff_ratio"": 1.749}, {""time"": 1.815, ""score"": 1.778, ""rms_ratio"": 1.642, ""diff_ratio"": 1.926}, {""time"": 1.045, ""score"": 1.662, ""rms_ratio"": 1.499, ""diff_ratio"": 1.842}]",2.635,ffprobe,2.624,2.015,0.620,fly,pending,high,,,,Shohei Ohtani hits two homers in NL Wild Card Game 1 Shohei Ohtani hits two homers in NL Wild Card Game 1 Shohei Ohtani hits two homers in NL Wild Card Game 1 Shohei Ohtani launches two homers against the Reds in Game 1 of the NL Wild Card,https://mlb-cuts-diamond.mlb.com/FORGE/2025/2025-09/30/9d4a5784-d91bfe4c-c032e6cb-csvm-diamondgcp-asset_1280x720_59_4000K.mp4,MLB_813069_shohei-ohtani-hits-two-homers-in-nl-wild-card-game-1,raw_sources\MLB_813069_shohei-ohtani-hits-two-homers-in-nl-wild-card-game-1_Shohei_Ohtani_hits_two_homers_in_NL_Wild_Card_Game_1_Shohei_Ohtani_hits_two_homers_in_NL_Wild_Card_Game_1_.mp4,3.760,10.760,,no,audit_checkpoint_002,20
937,Codex_Workstation,F_1029,dataset/fly_ball/Codex_Workstation/F_1029,4,needs_edit,contact_timestamp_wrong,contact_timestamp_wrong;insufficient_post_contact_context,retime_from_local_audio_candidate;qwen_confirm_visual_contact_near_candidate;recover_source_and_recut_longer,likely_contact_timestamp_wrong,1.950,2.050,1.505,2.015,1.853,2.333,1.471,2.015,0.015,1.505,2.128,"[{""time"": 1.505, ""score"": 2.128, ""rms_ratio"": 1.795, ""diff_ratio"": 2.523}, {""time"": 1.155, ""score"": 1.902, ""rms_ratio"": 1.904, ""diff_ratio"": 1.899}, {""time"": 2.015, ""score"": 1.853, ""rms_ratio"": 2.333, ""diff_ratio"": 1.471}, {""time"": 1.715, ""score"": 1.845, ""rms_ratio"": 1.648, ""diff_ratio"": 2.067}, {""time"": 2.495, ""score"": 1.838, ""rms_ratio"": 1.838, ""diff_ratio"": 1.838}, {""time"": 0.005, ""score"": 1.665, ""rms_ratio"": 1.541, ""diff_ratio"": 1.8}]",4.306,ffprobe,4.309,1.505,2.801,fly,pending,high,,,,"Hernández, Edman launch back-to-back homers Hernández, Edman launch back-to-back homers Hernández, Edman launch back-to-back homers Teoscar Hernández and Tommy Edman slug consecutive homers to go back-to-back and put the Dodgers ahead by five in the bottom of the 3rd",https://mlb-cuts-diamond.mlb.com/FORGE/2025/2025-09/30/b4d20bfb-87119c49-47f07428-csvm-diamondgcp-asset_1280x720_59_4000K.mp4,MLB_813069_hernandez-edman-launch-back-to-back-homers,raw_sources\MLB_813069_hernandez-edman-launch-back-to-back-homers_Hern_ndez_Edman_launch_back-to-back_homers_Hern_ndez_Edman_launch_back-to-back_homers_Hern_ndez_Edman_launch_back-to.mp4,4.120,11.120,,no,audit_checkpoint_002,21
936,Codex_Workstation,F_1028,dataset/fly_ball/Codex_Workstation/F_1028,4,needs_edit,clip_too_short,insufficient_post_contact_context,recover_source_and_recut_longer,annotated_contact_audio_confirmed,1.970,2.070,2.035,2.035,9.858,7.829,12.412,2.035,0.015,2.035,9.858,"[{""time"": 2.035, ""score"": 9.858, ""rms_ratio"": 7.829, ""diff_ratio"": 12.412}, {""time"": 0.935, ""score"": 2.447, ""rms_ratio"": 2.408, ""diff_ratio"": 2.488}, {""time"": 0.105, ""score"": 2.363, ""rms_ratio"": 2.524, ""diff_ratio"": 2.212}, {""time"": 1.725, ""score"": 2.318, ""rms_ratio"": 2.33, ""diff_ratio"": 2.306}, {""time"": 0.465, ""score"": 1.834, ""rms_ratio"": 1.492, ""diff_ratio"": 2.254}, {""time"": 2.175, ""score"": 1.77, ""rms_ratio"": 1.965, ""diff_ratio"": 1.593}, {""time"": 1.055, ""score"": 1.657, ""rms_ratio"": 0.999, ""diff_ratio"": 2.746}]",2.988,ffprobe,3.008,2.035,0.953,line_drive,pending,medium,,,,"Seiya Suzuki's solo home run Seiya Suzuki's solo home run Seiya Suzuki's solo home run Seiya Suzuki belts a home run in his fifth straight game, a solo smash to tie the game at 1 in the bottom of the 5th inning",https://mlb-cuts-diamond.mlb.com/FORGE/2025/2025-09/30/12c2953c-60dc107d-49d4c05a-csvm-diamondgcp-asset_1280x720_59_4000K.mp4,MLB_813066_seiya-suzuki-homers-1-on-a-line-drive-to-center-field-egtigt,raw_sources\MLB_813066_seiya-suzuki-homers-1-on-a-line-drive-to-center-field-egtigt_Seiya_Suzuki_s_solo_home_run_Seiya_Suzuki_s_solo_home_run_Seiya_Suzuki_s_solo_home_run_Seiya_Suzuk.mp4,2.260,9.260,,no,audit_checkpoint_002,22
935,Codex_Workstation,F_1027,dataset/fly_ball/Codex_Workstation/F_1027,4,needs_edit,clip_too_short,insufficient_post_contact_context,recover_source_and_recut_longer,annotated_contact_audio_confirmed,1.970,2.070,2.035,2.035,7.512,5.804,9.724,2.035,0.015,2.035,7.512,"[{""time"": 2.035, ""score"": 7.512, ""rms_ratio"": 5.804, ""diff_ratio"": 9.724}, {""time"": 0.935, ""score"": 1.865, ""rms_ratio"": 1.785, ""diff_ratio"": 1.949}, {""time"": 0.105, ""score"": 1.801, ""rms_ratio"": 1.871, ""diff_ratio"": 1.733}, {""time"": 1.725, ""score"": 1.767, ""rms_ratio"": 1.727, ""diff_ratio"": 1.807}, {""time"": 5.145, ""score"": 1.72, ""rms_ratio"": 1.444, ""diff_ratio"": 2.048}, {""time"": 6.185, ""score"": 1.706, ""rms_ratio"": 1.702, ""diff_ratio"": 1.71}, {""time"": 5.715, ""score"": 1.668, ""rms_ratio"": 1.562, ""diff_ratio"": 1.782}]",6.389,ffprobe,6.400,2.035,4.354,fly,pending,medium,,,,"Seiya Suzuki, Carson Kelly go back to back Seiya Suzuki, Carson Kelly go back to back Seiya Suzuki, Carson Kelly go back to back Seiya Suzuki and Carson Kelly crush back-to-back home runs to left-center field in the 5th inning, putting the Cubs ahead, 2-1",https://mlb-cuts-diamond.mlb.com/FORGE/2025/2025-09/30/9dd8cea8-ac839d2a-ad73cd06-csvm-diamondgcp-asset_1280x720_59_4000K.mp4,MLB_813066_seiya-suzuki-carson-kelly-go-back-to-back,raw_sources\MLB_813066_seiya-suzuki-carson-kelly-go-back-to-back_Seiya_Suzuki_Carson_Kelly_go_back_to_back_Seiya_Suzuki_Carson_Kelly_go_back_to_back_Seiya_Suzuki_Carson_Kelly_go_back.mp4,2.260,9.260,,no,audit_checkpoint_002,23
934,Codex_Workstation,F_1026,dataset/fly_ball/Codex_Workstation/F_1026,4,needs_edit,clip_too_short,insufficient_post_contact_context,recover_source_and_recut_longer,annotated_contact_audio_confirmed,1.970,2.070,2.035,2.035,4.847,3.767,6.237,2.035,0.015,2.035,4.847,"[{""time"": 2.035, ""score"": 4.847, ""rms_ratio"": 3.767, ""diff_ratio"": 6.237}, {""time"": 3.555, ""score"": 2.061, ""rms_ratio"": 2.234, ""diff_ratio"": 1.902}, {""time"": 3.685, ""score"": 1.869, ""rms_ratio"": 1.941, ""diff_ratio"": 1.8}, {""time"": 4.965, ""score"": 1.839, ""rms_ratio"": 1.337, ""diff_ratio"": 2.529}, {""time"": 4.095, ""score"": 1.774, ""rms_ratio"": 1.725, ""diff_ratio"": 1.824}, {""time"": 2.805, ""score"": 1.756, ""rms_ratio"": 1.902, ""diff_ratio"": 1.621}, {""time"": 3.885, ""score"": 1.697, ""rms_ratio"": 1.69, ""diff_ratio"": 1.705}, {""time"": 3.005, ""score"": 1.687, ""rms_ratio"": 1.814, ""diff_ratio"": 1.569}]",7.006,ffprobe,7.019,2.035,4.971,fly,pending,medium,,,,Carson Kelly's solo home run Carson Kelly's solo home run Carson Kelly's solo home run Carson Kelly hits a solo home run to left-center field to put the Cubs ahead 2-1 in the bottom of the 5th,https://mlb-cuts-diamond.mlb.com/FORGE/2025/2025-09/30/0791559a-6158fac4-351005c9-csvm-diamondgcp-asset_1280x720_59_4000K.mp4,MLB_813066_carson-kelly-homers-1-on-a-fly-ball-to-left-center-field-bicywg,raw_sources\MLB_813066_carson-kelly-homers-1-on-a-fly-ball-to-left-center-field-bicywg_Carson_Kelly_s_solo_home_run_Carson_Kelly_s_solo_home_run_Carson_Kelly_s_solo_home_run_Carson_K.mp4,0.320,7.320,,no,audit_checkpoint_002,24
933,Codex_Workstation,F_1024,dataset/fly_ball/Codex_Workstation/F_1024,4,needs_edit,clip_too_short,insufficient_post_contact_context,recover_source_and_recut_longer,annotated_contact_audio_confirmed,1.970,2.070,2.025,2.025,2.468,2.999,2.030,2.025,0.005,1.185,2.700,"[{""time"": 1.185, ""score"": 2.7, ""rms_ratio"": 2.451, ""diff_ratio"": 2.975}, {""time"": 2.215, ""score"": 2.57, ""rms_ratio"": 2.705, ""diff_ratio"": 2.442}, {""time"": 6.275, ""score"": 2.486, ""rms_ratio"": 1.322, ""diff_ratio"": 4.675}, {""time"": 2.025, ""score"": 2.468, ""rms_ratio"": 2.999, ""diff_ratio"": 2.03}, {""time"": 5.285, ""score"": 2.416, ""rms_ratio"": 2.063, ""diff_ratio"": 2.83}, {""time"": 5.145, ""score"": 2.103, ""rms_ratio"": 1.401, ""diff_ratio"": 3.157}, {""time"": 0.955, ""score"": 2.095, ""rms_ratio"": 1.363, ""diff_ratio"": 3.22}, {""time"": 0.305, ""score"": 2.086, ""rms_ratio"": 2.247, ""diff_ratio"": 1.938}, {""time"": 1.855, ""score"": 1.979, ""rms_ratio"": 1.103, ""diff_ratio"": 3.548}, {""time"": 1.075, ""score"": 1.808, ""rms_ratio"": 1.697, ""diff_ratio"": 1.926}, {""time"": 5.545, ""score"": 1.713, ""rms_ratio"": 1.742, ""diff_ratio"": 1.686}, {""time"": 4.625, ""score"": 1.701, ""rms_ratio"": 1.907, ""diff_ratio"": 1.517}]",6.446,ffprobe,6.464,2.025,4.421,fly,pending,high,,,,"Daniel Schneemann's solo home run (12) Daniel Schneemann's solo home run (12) Daniel Schneemann's solo home run (12) Daniel Schneemann crushes a solo home run to right field, the Guardians' fourth solo homer of the game to take a 4-0 lead",https://mlb-cuts-diamond.mlb.com/FORGE/2025/2025-09/20/feda59ac-f627efb9-f00340ae-csvm-diamondgcp-asset_1280x720_59_4000K.mp4,MLB_777839_daniel-schneemann-homers-12-on-a-fly-ball-to-right-field,raw_sources\MLB_777839_daniel-schneemann-homers-12-on-a-fly-ball-to-right-field_Daniel_Schneemann_s_solo_home_run_12_Daniel_Schneemann_s_solo_home_run_12_Daniel_Schneemann_s_solo_hom.mp4,3.580,10.580,,no,audit_checkpoint_002,25
932,Codex_Workstation,F_1023,dataset/fly_ball/Codex_Workstation/F_1023,4,needs_edit,contact_timestamp_wrong,contact_timestamp_wrong;insufficient_post_contact_context,retime_from_local_audio_candidate;qwen_confirm_visual_contact_near_candidate;recover_source_and_recut_longer,likely_contact_timestamp_wrong,1.970,2.070,1.865,2.025,2.293,2.583,2.035,2.025,0.005,1.575,3.765,"[{""time"": 1.575, ""score"": 3.765, ""rms_ratio"": 1.622, ""diff_ratio"": 8.741}, {""time"": 0.295, ""score"": 3.557, ""rms_ratio"": 1.7, ""diff_ratio"": 7.445}, {""time"": 1.865, ""score"": 2.764, ""rms_ratio"": 2.092, ""diff_ratio"": 3.652}, {""time"": 2.315, ""score"": 2.422, ""rms_ratio"": 2.002, ""diff_ratio"": 2.93}, {""time"": 2.185, ""score"": 2.329, ""rms_ratio"": 1.93, ""diff_ratio"": 2.81}, {""time"": 2.025, ""score"": 2.293, ""rms_ratio"": 2.583, ""diff_ratio"": 2.035}, {""time"": 0.635, ""score"": 2.284, ""rms_ratio"": 1.795, ""diff_ratio"": 2.905}, {""time"": 1.735, ""score"": 2.234, ""rms_ratio"": 1.771, ""diff_ratio"": 2.819}, {""time"": 2.525, ""score"": 2.049, ""rms_ratio"": 1.554, ""diff_ratio"": 2.702}, {""time"": 3.485, ""score"": 1.977, ""rms_ratio"": 2.118, ""diff_ratio"": 1.846}, {""time"": 0.475, ""score"": 1.958, ""rms_ratio"": 1.344, ""diff_ratio"": 2.852}, {""time"": 0.015, ""score"": 1.82, ""rms_ratio"": 1.972, ""diff_ratio"": 1.68}, {""time"": 0.155, ""score"": 1.814, ""rms_ratio"": 1.625, ""diff_ratio"": 2.025}, {""time"": 3.635, ""score"": 1.654, ""rms_ratio"": 1.506, ""diff_ratio"": 1.816}]",3.637,ffprobe,3.648,1.865,1.772,fly,pending,medium,,,,"Matt Olson homers in fourth straight game (27) Matt Olson homers in fourth straight game (27) Matt Olson homers in fourth straight game (27) Matt Olson crushes a home run to right-center field for his fourth straight game with a homer, extending the Braves' lead to 5-2 in the 4th",https://mlb-cuts-diamond.mlb.com/FORGE/2025/2025-09/16/7d3725cb-f283ed5a-9dc0d009-csvm-diamondgcp-asset_1280x720_59_4000K.mp4,MLB_777825_matt-olson-homers-27-on-a-fly-ball-to-center-field,raw_sources\MLB_777825_matt-olson-homers-27-on-a-fly-ball-to-center-field_Matt_Olson_homers_in_fourth_straight_game_27_Matt_Olson_homers_in_fourth_straight_game_27_Matt_Olson_homers_.mp4,3.360,10.360,,no,audit_checkpoint_002,26
931,Codex_Workstation,F_1022,dataset/fly_ball/Codex_Workstation/F_1022,4,needs_edit,contact_timestamp_wrong,contact_timestamp_wrong;insufficient_post_contact_context,retime_from_local_audio_candidate;qwen_confirm_visual_contact_near_candidate;recover_source_and_recut_longer,likely_contact_timestamp_wrong,3.290,3.390,2.955,3.345,7.514,4.243,13.305,3.345,0.005,2.025,11.523,"[{""time"": 2.025, ""score"": 11.523, ""rms_ratio"": 5.052, ""diff_ratio"": 26.281}, {""time"": 3.845, ""score"": 10.246, ""rms_ratio"": 2.798, ""diff_ratio"": 37.522}, {""time"": 2.955, ""score"": 8.863, ""rms_ratio"": 3.836, ""diff_ratio"": 20.482}, {""time"": 3.345, ""score"": 7.514, ""rms_ratio"": 4.243, ""diff_ratio"": 13.305}, {""time"": 4.185, ""score"": 6.582, ""rms_ratio"": 2.971, ""diff_ratio"": 14.579}, {""time"": 3.515, ""score"": 6.164, ""rms_ratio"": 2.998, ""diff_ratio"": 12.675}, {""time"": 2.715, ""score"": 6.076, ""rms_ratio"": 2.853, ""diff_ratio"": 12.94}, {""time"": 4.025, ""score"": 5.432, ""rms_ratio"": 2.191, ""diff_ratio"": 13.468}, {""time"": 3.715, ""score"": 5.27, ""rms_ratio"": 2.946, ""diff_ratio"": 9.426}, {""time"": 3.195, ""score"": 4.539, ""rms_ratio"": 2.347, ""diff_ratio"": 8.778}, {""time"": 4.455, ""score"": 2.751, ""rms_ratio"": 1.611, ""diff_ratio"": 4.695}, {""time"": 2.835, ""score"": 2.399, ""rms_ratio"": 1.427, ""diff_ratio"": 4.032}, {""time"": 4.295, ""score"": 2.298, ""rms_ratio"": 1.409, ""diff_ratio"": 3.747}, {""time"": 4.565, ""score"": 2.157, ""rms_ratio"": 1.207, ""diff_ratio"": 3.856}]",4.577,ffprobe,4.587,2.955,1.622,fly,pending,medium,,,,"Matt Olson belts 443-ft home run vs. Nationals Matt Olson belts 443-ft home run vs. Nationals Matt Olson belts 443-ft home run vs. Nationals Statcast measures the exit velocity and projected distance of Matt Olson's 443-ft. home run vs. the Nationals, his fourth straight game with a homer",https://mlb-cuts-diamond.mlb.com/FORGE/2025/2025-09/16/82f4323f-417350f2-cc80770b-csvm-diamondgcp-asset_1280x720_59_4000K.mp4,MLB_777825_matt-olson-belts-443-ft-home-run-vs-nationals,raw_sources\MLB_777825_matt-olson-belts-443-ft-home-run-vs-nationals_Matt_Olson_belts_443-ft_home_run_vs._Nationals_Matt_Olson_belts_443-ft_home_run_vs._Nationals_Matt_Olson_belts_44.mp4,1.460,8.460,,no,audit_checkpoint_002,27
930,Codex_Workstation,F_1021,dataset/fly_ball/Codex_Workstation/F_1021,4,needs_edit,contact_timestamp_wrong,contact_timestamp_wrong;insufficient_post_contact_context,retime_from_local_audio_candidate;qwen_confirm_visual_contact_near_candidate;recover_source_and_recut_longer,likely_contact_timestamp_wrong,5.870,5.970,5.685,5.925,3.918,3.515,4.367,5.925,0.005,1.755,5.785,"[{""time"": 1.755, ""score"": 5.785, ""rms_ratio"": 3.796, ""diff_ratio"": 8.817}, {""time"": 3.905, ""score"": 5.359, ""rms_ratio"": 1.855, ""diff_ratio"": 15.485}, {""time"": 5.685, ""score"": 5.221, ""rms_ratio"": 2.523, ""diff_ratio"": 10.807}, {""time"": 3.315, ""score"": 4.566, ""rms_ratio"": 1.866, ""diff_ratio"": 11.173}, {""time"": 5.395, ""score"": 4.399, ""rms_ratio"": 1.738, ""diff_ratio"": 11.135}, {""time"": 5.925, ""score"": 3.918, ""rms_ratio"": 3.515, ""diff_ratio"": 4.367}, {""time"": 6.715, ""score"": 3.899, ""rms_ratio"": 2.805, ""diff_ratio"": 5.419}, {""time"": 6.545, ""score"": 3.861, ""rms_ratio"": 1.594, ""diff_ratio"": 9.351}, {""time"": 6.935, ""score"": 3.512, ""rms_ratio"": 2.245, ""diff_ratio"": 5.495}, {""time"": 6.825, ""score"": 3.41, ""rms_ratio"": 2.039, ""diff_ratio"": 5.703}, {""time"": 3.155, ""score"": 3.208, ""rms_ratio"": 2.039, ""diff_ratio"": 5.048}, {""time"": 2.905, ""score"": 3.143, ""rms_ratio"": 1.875, ""diff_ratio"": 5.267}, {""time"": 4.905, ""score"": 2.959, ""rms_ratio"": 1.41, ""diff_ratio"": 6.211}, {""time"": 4.205, ""score"": 2.783, ""rms_ratio"": 1.683, ""diff_ratio"": 4.604}, {""time"": 5.515, ""score"": 2.597, ""rms_ratio"": 2.077, ""diff_ratio"": 3.248}, {""time"": 6.235, ""score"": 2.573, ""rms_ratio"": 1.612, ""diff_ratio"": 4.105}]",7.014,ffprobe,7.014,5.685,1.329,fly,pending,medium,,,,"Jurickson Profar, Matt Olson hit back-to-back homers Jurickson Profar, Matt Olson hit back-to-back homers Jurickson Profar, Matt Olson hit back-to-back homers Jurickson Profar and Matt Olson hit back-to-back homers to power the Braves' offense in the top of the 4th inning",https://mlb-cuts-diamond.mlb.com/FORGE/2025/2025-09/16/f23b9308-95fd2287-65ad419b-csvm-diamondgcp-asset_1280x720_59_4000K.mp4,MLB_777825_jurickson-profar-matt-olson-hit-back-to-back-homers,raw_sources\MLB_777825_jurickson-profar-matt-olson-hit-back-to-back-homers_Jurickson_Profar_Matt_Olson_hit_back-to-back_homers_Jurickson_Profar_Matt_Olson_hit_back-to-back_homers_Jur.mp4,0.000,7.000,,no,audit_checkpoint_002,28
929,Codex_Workstation,F_1020,dataset/fly_ball/Codex_Workstation/F_1020,4,needs_edit,clip_too_short,insufficient_post_contact_context,recover_source_and_recut_longer,annotated_contact_audio_confirmed,0.810,0.910,0.875,0.875,14.676,8.462,25.455,0.875,0.015,0.875,14.676,"[{""time"": 0.875, ""score"": 14.676, ""rms_ratio"": 8.462, ""diff_ratio"": 25.455}, {""time"": 4.605, ""score"": 9.248, ""rms_ratio"": 2.795, ""diff_ratio"": 30.598}, {""time"": 4.385, ""score"": 6.247, ""rms_ratio"": 4.012, ""diff_ratio"": 9.726}, {""time"": 4.215, ""score"": 5.98, ""rms_ratio"": 3.018, ""diff_ratio"": 11.847}, {""time"": 2.215, ""score"": 5.908, ""rms_ratio"": 2.982, ""diff_ratio"": 11.707}, {""time"": 2.395, ""score"": 5.701, ""rms_ratio"": 4.536, ""diff_ratio"": 7.165}, {""time"": 2.835, ""score"": 4.932, ""rms_ratio"": 2.347, ""diff_ratio"": 10.366}, {""time"": 2.575, ""score"": 4.61, ""rms_ratio"": 3.471, ""diff_ratio"": 6.122}, {""time"": 4.495, ""score"": 4.35, ""rms_ratio"": 3.783, ""diff_ratio"": 5.003}, {""time"": 2.685, ""score"": 3.804, ""rms_ratio"": 2.37, ""diff_ratio"": 6.105}, {""time"": 2.095, ""score"": 3.662, ""rms_ratio"": 3.407, ""diff_ratio"": 3.937}, {""time"": 4.795, ""score"": 3.499, ""rms_ratio"": 3.899, ""diff_ratio"": 3.14}, {""time"": 1.925, ""score"": 2.539, ""rms_ratio"": 2.552, ""diff_ratio"": 2.527}]",4.800,ffprobe,4.817,0.875,3.925,line_drive,pending,medium,,,,"Ozzie Albies' sacrifice fly  Ozzie Albies' sacrifice fly  Ozzie Albies' sacrifice fly  Ozzie Albies hits a sacrifice fly to right field, Matt Olson scores and gives the Braves a 5-0 lead",https://mlb-cuts-diamond.mlb.com/FORGE/2025/2025-09/16/561000ef-3b3a0246-e2b21c76-csvm-diamondgcp-asset_1280x720_59_4000K.mp4,MLB_776307_ozzie-albies-out-on-a-sacrifice-fly-to-right-fielder-dylan-crews-matt,raw_sources\MLB_776307_ozzie-albies-out-on-a-sacrifice-fly-to-right-fielder-dylan-crews-matt_Ozzie_Albies_sacrifice_fly_Ozzie_Albies_sacrifice_fly_Ozzie_Albies_sacrifice_fly_Ozzie_Al.mp4,0.000,7.000,,no,audit_checkpoint_002,29
928,Codex_Workstation,F_1019,dataset/fly_ball/Codex_Workstation/F_1019,4,needs_edit,clip_too_short,insufficient_post_contact_context,recover_source_and_recut_longer,annotated_contact_audio_confirmed,1.970,2.070,2.025,2.025,10.518,7.018,15.763,2.025,0.005,2.025,10.518,"[{""time"": 2.025, ""score"": 10.518, ""rms_ratio"": 7.018, ""diff_ratio"": 15.763}, {""time"": 3.195, ""score"": 2.103, ""rms_ratio"": 1.282, ""diff_ratio"": 3.448}, {""time"": 3.575, ""score"": 1.95, ""rms_ratio"": 1.432, ""diff_ratio"": 2.656}, {""time"": 4.525, ""score"": 1.916, ""rms_ratio"": 2.263, ""diff_ratio"": 1.622}, {""time"": 3.875, ""score"": 1.78, ""rms_ratio"": 1.623, ""diff_ratio"": 1.951}, {""time"": 3.015, ""score"": 1.691, ""rms_ratio"": 1.478, ""diff_ratio"": 1.933}, {""time"": 2.615, ""score"": 1.689, ""rms_ratio"": 1.757, ""diff_ratio"": 1.623}, {""time"": 4.335, ""score"": 1.667, ""rms_ratio"": 1.565, ""diff_ratio"": 1.777}, {""time"": 3.395, ""score"": 1.655, ""rms_ratio"": 1.788, ""diff_ratio"": 1.532}]",7.006,ffprobe,7.019,2.025,4.981,fly,pending,high,,,,"Pete Alonso's solo home run (35) Pete Alonso's solo home run (35) Pete Alonso's solo home run (35) Pete Alonso hits a solo home run to left-center field, extending the Mets' lead to 7-1 in the bottom of the 2nd inning",https://mlb-cuts-diamond.mlb.com/FORGE/2025/2025-09/16/1d6e8f01-6fc94371-94b64e88-csvm-diamondgcp-asset_1280x720_59_4000K.mp4,MLB_776304_michael-king-in-play-run-s-to-pete-alonso,raw_sources\MLB_776304_michael-king-in-play-run-s-to-pete-alonso_Pete_Alonso_s_solo_home_run_35_Pete_Alonso_s_solo_home_run_35_Pete_Alonso_s_solo_home_run_35_Pete_Alonso_hits_a_solo_.mp4,0.340,7.340,,no,audit_checkpoint_002,30
927,Codex_Workstation,F_1018,dataset/fly_ball/Codex_Workstation/F_1018,4,needs_edit,clip_too_short,insufficient_post_contact_context,recover_source_and_recut_longer,annotated_contact_audio_confirmed,1.390,1.490,1.445,1.445,8.307,4.292,16.079,1.445,0.005,1.445,8.307,"[{""time"": 1.445, ""score"": 8.307, ""rms_ratio"": 4.292, ""diff_ratio"": 16.079}, {""time"": 2.555, ""score"": 2.36, ""rms_ratio"": 2.037, ""diff_ratio"": 2.733}, {""time"": 3.465, ""score"": 2.295, ""rms_ratio"": 1.926, ""diff_ratio"": 2.735}, {""time"": 5.645, ""score"": 2.287, ""rms_ratio"": 2.129, ""diff_ratio"": 2.456}, {""time"": 2.805, ""score"": 2.271, ""rms_ratio"": 2.625, ""diff_ratio"": 1.965}, {""time"": 3.045, ""score"": 2.172, ""rms_ratio"": 1.385, ""diff_ratio"": 3.406}, {""time"": 4.435, ""score"": 2.128, ""rms_ratio"": 2.02, ""diff_ratio"": 2.243}, {""time"": 2.435, ""score"": 2.125, ""rms_ratio"": 1.775, ""diff_ratio"": 2.545}, {""time"": 5.365, ""score"": 2.111, ""rms_ratio"": 1.925, ""diff_ratio"": 2.314}, {""time"": 5.045, ""score"": 2.074, ""rms_ratio"": 2.223, ""diff_ratio"": 1.935}, {""time"": 6.505, ""score"": 2.005, ""rms_ratio"": 1.984, ""diff_ratio"": 2.026}, {""time"": 4.145, ""score"": 1.985, ""rms_ratio"": 2.187, ""diff_ratio"": 1.803}, {""time"": 4.705, ""score"": 1.965, ""rms_ratio"": 1.168, ""diff_ratio"": 3.306}, {""time"": 2.935, ""score"": 1.892, ""rms_ratio"": 2.449, ""diff_ratio"": 1.462}, {""time"": 3.895, ""score"": 1.851, ""rms_ratio"": 2.303, ""diff_ratio"": 1.488}, {""time"": 6.395, ""score"": 1.832, ""rms_ratio"": 1.881, ""diff_ratio"": 1.784}]",7.014,ffprobe,7.014,1.445,5.569,fly,pending,high,,,,"Jake Cronenworth's solo home run (11) Jake Cronenworth's solo home run (11) Jake Cronenworth's solo home run (11) Jake Cronenworth hits a solo home run to right-center field, cutting the Padres' deficit to 7-2 in the top of the 3rd inning",https://mlb-cuts-diamond.mlb.com/FORGE/2025/2025-09/16/acac7f0d-11a4be6d-8eebe0a8-csvm-diamondgcp-asset_1280x720_59_4000K.mp4,MLB_776304_jake-cronenworth-homers-11-on-a-fly-ball-to-center-field,raw_sources\MLB_776304_jake-cronenworth-homers-11-on-a-fly-ball-to-center-field_Jake_Cronenworth_s_solo_home_run_11_Jake_Cronenworth_s_solo_home_run_11_Jake_Cronenworth_s_solo_home_r.mp4,0.000,7.000,,no,audit_checkpoint_002,31
926,Codex_Workstation,F_1017,dataset/fly_ball/Codex_Workstation/F_1017,4,needs_edit,clip_too_short,insufficient_post_contact_context,recover_source_and_recut_longer,annotated_contact_audio_confirmed,1.970,2.070,2.035,2.035,12.584,6.954,22.769,2.035,0.015,2.035,12.584,"[{""time"": 2.035, ""score"": 12.584, ""rms_ratio"": 6.954, ""diff_ratio"": 22.769}, {""time"": 2.265, ""score"": 1.829, ""rms_ratio"": 1.913, ""diff_ratio"": 1.749}, {""time"": 3.695, ""score"": 1.755, ""rms_ratio"": 0.815, ""diff_ratio"": 3.079}, {""time"": 1.425, ""score"": 1.748, ""rms_ratio"": 1.487, ""diff_ratio"": 2.054}, {""time"": 2.845, ""score"": 1.738, ""rms_ratio"": 1.773, ""diff_ratio"": 1.703}, {""time"": 3.445, ""score"": 1.735, ""rms_ratio"": 1.448, ""diff_ratio"": 2.079}, {""time"": 2.535, ""score"": 1.704, ""rms_ratio"": 1.689, ""diff_ratio"": 1.719}, {""time"": 3.205, ""score"": 1.667, ""rms_ratio"": 0.729, ""diff_ratio"": 2.779}]",4.003,ffprobe,3.989,2.035,1.968,line_drive,pending,medium,,,,"Jackson Merrill's solo home run (14) Jackson Merrill's solo home run (14) Jackson Merrill's solo home run (14) Jackson Merrill hits a solo home run to center field, cutting the Padres' deficit to 5-1 in the top of the 2nd inning",https://mlb-cuts-diamond.mlb.com/FORGE/2025/2025-09/16/ecd28108-48a88918-a5a0124f-csvm-diamondgcp-asset_1280x720_59_4000K.mp4,MLB_776304_jackson-merrill-homers-14-on-a-fly-ball-to-center-field-xhp7f2,raw_sources\MLB_776304_jackson-merrill-homers-14-on-a-fly-ball-to-center-field-xhp7f2_Jackson_Merrill_s_solo_home_run_14_Jackson_Merrill_s_solo_home_run_14_Jackson_Merrill_s_solo_hom.mp4,15.100,22.100,,no,audit_checkpoint_002,32
925,Codex_Workstation,F_1016,dataset/fly_ball/Codex_Workstation/F_1016,4,needs_edit,clip_too_short,insufficient_post_contact_context,recover_source_and_recut_longer,annotated_contact_audio_confirmed,1.230,1.330,1.285,1.285,13.026,9.139,18.567,1.285,0.005,1.285,13.026,"[{""time"": 1.285, ""score"": 13.026, ""rms_ratio"": 9.139, ""diff_ratio"": 18.567}, {""time"": 6.975, ""score"": 2.935, ""rms_ratio"": 3.021, ""diff_ratio"": 2.852}, {""time"": 3.355, ""score"": 2.444, ""rms_ratio"": 2.454, ""diff_ratio"": 2.434}, {""time"": 5.245, ""score"": 2.286, ""rms_ratio"": 2.515, ""diff_ratio"": 2.077}, {""time"": 3.635, ""score"": 2.271, ""rms_ratio"": 1.98, ""diff_ratio"": 2.604}, {""time"": 1.905, ""score"": 2.216, ""rms_ratio"": 2.356, ""diff_ratio"": 2.085}, {""time"": 5.485, ""score"": 2.195, ""rms_ratio"": 1.894, ""diff_ratio"": 2.542}, {""time"": 4.775, ""score"": 2.184, ""rms_ratio"": 1.925, ""diff_ratio"": 2.478}, {""time"": 6.325, ""score"": 2.153, ""rms_ratio"": 1.805, ""diff_ratio"": 2.567}, {""time"": 5.945, ""score"": 2.015, ""rms_ratio"": 1.916, ""diff_ratio"": 2.119}, {""time"": 2.135, ""score"": 2.01, ""rms_ratio"": 2.498, ""diff_ratio"": 1.617}, {""time"": 4.625, ""score"": 1.977, ""rms_ratio"": 2.383, ""diff_ratio"": 1.641}, {""time"": 3.785, ""score"": 1.938, ""rms_ratio"": 2.424, ""diff_ratio"": 1.549}, {""time"": 2.015, ""score"": 1.888, ""rms_ratio"": 1.78, ""diff_ratio"": 2.003}, {""time"": 5.785, ""score"": 1.887, ""rms_ratio"": 1.558, ""diff_ratio"": 2.286}, {""time"": 5.605, ""score"": 1.83, ""rms_ratio"": 1.527, ""diff_ratio"": 2.194}]",7.014,ffprobe,7.014,1.285,5.729,fly,pending,high,,,,"Freddy Fermin's solo home run (5) Freddy Fermin's solo home run (5) Freddy Fermin's solo home run (5) Freddy Fermin hits a solo home run to left field, cutting the Padres' deficit to 8-3 in the top of the 8th inning",https://mlb-cuts-diamond.mlb.com/FORGE/2025/2025-09/16/a3786cac-32170c14-d5ef87d3-csvm-diamondgcp-asset_1280x720_59_4000K.mp4,MLB_776304_freddy-fermin-homers-5-on-a-fly-ball-to-left-field-ysngvm,raw_sources\MLB_776304_freddy-fermin-homers-5-on-a-fly-ball-to-left-field-ysngvm_Freddy_Fermin_s_solo_home_run_5_Freddy_Fermin_s_solo_home_run_5_Freddy_Fermin_s_solo_home_run_5_Fredd.mp4,0.000,7.000,,no,audit_checkpoint_002,33
924,Codex_Workstation,F_1015,dataset/fly_ball/Codex_Workstation/F_1015,4,needs_edit,clip_too_short,insufficient_post_contact_context,recover_source_and_recut_longer,annotated_contact_audio_confirmed,1.550,1.650,1.615,1.615,11.589,7.439,18.054,1.615,0.015,1.615,11.589,"[{""time"": 1.615, ""score"": 11.589, ""rms_ratio"": 7.439, ""diff_ratio"": 18.054}, {""time"": 5.995, ""score"": 3.446, ""rms_ratio"": 1.782, ""diff_ratio"": 6.661}, {""time"": 5.195, ""score"": 3.231, ""rms_ratio"": 3.29, ""diff_ratio"": 3.174}, {""time"": 3.255, ""score"": 2.462, ""rms_ratio"": 2.692, ""diff_ratio"": 2.251}, {""time"": 5.715, ""score"": 2.387, ""rms_ratio"": 1.304, ""diff_ratio"": 4.369}, {""time"": 6.345, ""score"": 2.196, ""rms_ratio"": 3.253, ""diff_ratio"": 1.482}, {""time"": 2.225, ""score"": 2.008, ""rms_ratio"": 2.34, ""diff_ratio"": 1.723}, {""time"": 3.545, ""score"": 1.974, ""rms_ratio"": 2.332, ""diff_ratio"": 1.67}, {""time"": 2.795, ""score"": 1.943, ""rms_ratio"": 1.237, ""diff_ratio"": 3.05}, {""time"": 4.265, ""score"": 1.937, ""rms_ratio"": 2.22, ""diff_ratio"": 1.69}, {""time"": 3.055, ""score"": 1.93, ""rms_ratio"": 1.909, ""diff_ratio"": 1.95}, {""time"": 3.825, ""score"": 1.897, ""rms_ratio"": 2.436, ""diff_ratio"": 1.477}, {""time"": 2.575, ""score"": 1.818, ""rms_ratio"": 2.598, ""diff_ratio"": 1.272}, {""time"": 2.065, ""score"": 1.788, ""rms_ratio"": 3.028, ""diff_ratio"": 1.056}, {""time"": 5.025, ""score"": 1.776, ""rms_ratio"": 0.919, ""diff_ratio"": 3.153}, {""time"": 4.835, ""score"": 1.744, ""rms_ratio"": 1.771, ""diff_ratio"": 1.718}]",6.443,ffprobe,6.459,1.615,4.828,fly,pending,high,,,,"Francisco Lindor hits home run wearing No. 21 (27) Francisco Lindor hits home run wearing No. 21 (27) Francisco Lindor hits home run wearing No. 21 (27) Francisco Lindor hits a solo home run wearing No. 21 in honor of Roberto Clemente, extending the Mets' lead to 6-1 in the bottom of the 2nd inning",https://mlb-cuts-diamond.mlb.com/FORGE/2025/2025-09/16/803624c3-47a19594-40755a15-csvm-diamondgcp-asset_1280x720_59_4000K.mp4,MLB_776304_francisco-lindor-homers-27-on-a-fly-ball-to-right-center-field-awcvuk,raw_sources\MLB_776304_francisco-lindor-homers-27-on-a-fly-ball-to-right-center-field-awcvuk_Francisco_Lindor_hits_home_run_wearing_No._21_27_Francisco_Lindor_hits_home_run_wearing_N.mp4,0.000,7.000,,no,audit_checkpoint_002,34
923,Codex_Workstation,F_1013,dataset/fly_ball/Codex_Workstation/F_1013,4,needs_edit,clip_too_short,insufficient_post_contact_context,recover_source_and_recut_longer,annotated_contact_audio_confirmed,1.510,1.610,1.565,1.565,7.174,4.838,10.638,1.565,0.005,1.565,7.174,"[{""time"": 1.565, ""score"": 7.174, ""rms_ratio"": 4.838, ""diff_ratio"": 10.638}, {""time"": 5.695, ""score"": 2.485, ""rms_ratio"": 2.186, ""diff_ratio"": 2.826}, {""time"": 1.925, ""score"": 2.441, ""rms_ratio"": 2.421, ""diff_ratio"": 2.461}, {""time"": 5.875, ""score"": 2.358, ""rms_ratio"": 1.388, ""diff_ratio"": 4.004}, {""time"": 4.325, ""score"": 2.288, ""rms_ratio"": 2.617, ""diff_ratio"": 2.0}, {""time"": 5.205, ""score"": 2.19, ""rms_ratio"": 2.782, ""diff_ratio"": 1.723}, {""time"": 4.605, ""score"": 2.092, ""rms_ratio"": 1.986, ""diff_ratio"": 2.204}, {""time"": 3.355, ""score"": 2.057, ""rms_ratio"": 2.232, ""diff_ratio"": 1.895}, {""time"": 3.925, ""score"": 1.837, ""rms_ratio"": 2.369, ""diff_ratio"": 1.425}, {""time"": 3.135, ""score"": 1.81, ""rms_ratio"": 1.972, ""diff_ratio"": 1.661}]",7.014,ffprobe,7.014,1.565,5.449,fly,pending,high,,,,"Brett Baty's two-run home run (17) Brett Baty's two-run home run (17) Brett Baty's two-run home run (17) Brett Baty hits a two-run home run to right field, extending the Mets' lead to 5-0 in the bottom of the 1st inning",https://mlb-cuts-diamond.mlb.com/FORGE/2025/2025-09/16/615e0b8b-fe9dd1a6-7f0f8014-csvm-diamondgcp-asset_1280x720_59_4000K.mp4,MLB_776304_brett-baty-homers-17-on-a-fly-ball-to-right-center-field-jeff-mcneil-,raw_sources\MLB_776304_brett-baty-homers-17-on-a-fly-ball-to-right-center-field-jeff-mcneil-_Brett_Baty_s_two-run_home_run_17_Brett_Baty_s_two-run_home_run_17_Brett_Baty_s_two-run_ho.mp4,0.000,7.000,,no,audit_checkpoint_002,35
922,Codex_Workstation,F_1012,dataset/fly_ball/Codex_Workstation/F_1012,4,needs_edit,contact_timestamp_wrong,contact_timestamp_wrong;insufficient_post_contact_context,retime_from_local_audio_candidate;qwen_confirm_visual_contact_near_candidate;recover_source_and_recut_longer,likely_contact_timestamp_wrong,1.950,2.050,1.905,1.935,1.900,1.163,3.106,1.905,0.095,1.615,2.560,"[{""time"": 1.615, ""score"": 2.56, ""rms_ratio"": 1.199, ""diff_ratio"": 5.466}, {""time"": 4.265, ""score"": 2.552, ""rms_ratio"": 1.231, ""diff_ratio"": 5.29}, {""time"": 1.905, ""score"": 2.404, ""rms_ratio"": 1.177, ""diff_ratio"": 4.908}, {""time"": 2.535, ""score"": 1.936, ""rms_ratio"": 1.06, ""diff_ratio"": 3.535}, {""time"": 3.145, ""score"": 1.756, ""rms_ratio"": 1.698, ""diff_ratio"": 1.815}, {""time"": 0.885, ""score"": 1.715, ""rms_ratio"": 1.365, ""diff_ratio"": 2.156}, {""time"": 2.395, ""score"": 1.711, ""rms_ratio"": 1.723, ""diff_ratio"": 1.7}, {""time"": 4.885, ""score"": 1.68, ""rms_ratio"": 1.455, ""diff_ratio"": 1.941}, {""time"": 0.745, ""score"": 1.672, ""rms_ratio"": 1.399, ""diff_ratio"": 1.998}]",7.007,ffprobe,7.019,1.905,5.102,fly,pending,high,,,,Spencer Torkelson's two-run home run (29) Spencer Torkelson's two-run home run (29) Spencer Torkelson's two-run home run (29) Spencer Torkelson crushes a two-run home run to left-center field in the bottom of the 10th inning to bring the Tigers within two,https://bdata-producedclips.mlb.com/cfe6bc8b-4f24-4b0a-b190-d685072a5c64.mp4,MLB_776303_spencer-torkelson-homers-29-on-a-fly-ball-to-left-center-field-gleybe,raw_sources\MLB_776303_spencer-torkelson-homers-29-on-a-fly-ball-to-left-center-field-gleybe_Spencer_Torkelson_s_two-run_home_run_29_Spencer_Torkelson_s_two-run_home_run_29_Spencer_T.mp4,7.620,14.620,,no,audit_checkpoint_002,36
921,Codex_Workstation,F_1011,dataset/fly_ball/Codex_Workstation/F_1011,4,needs_edit,contact_timestamp_wrong,contact_timestamp_wrong;insufficient_post_contact_context,retime_from_local_audio_candidate;qwen_confirm_visual_contact_near_candidate;recover_source_and_recut_longer,likely_contact_timestamp_wrong,3.390,3.490,2.415,3.445,1.505,1.689,1.341,3.695,0.255,2.415,2.171,"[{""time"": 2.415, ""score"": 2.171, ""rms_ratio"": 1.182, ""diff_ratio"": 3.988}, {""time"": 3.695, ""score"": 1.978, ""rms_ratio"": 1.133, ""diff_ratio"": 3.455}, {""time"": 0.465, ""score"": 1.72, ""rms_ratio"": 0.764, ""diff_ratio"": 2.958}]",4.572,ffprobe,4.587,2.415,2.157,fly,pending,high,,,,Gleyber Torres' solo home run (16) Gleyber Torres' solo home run (16) Gleyber Torres' solo home run (16) Gleyber Torres crushes a solo home run to left field in the bottom of the 3rd inning to tie the game,https://mlb-cuts-diamond.mlb.com/FORGE/2025/2025-09/16/85920b47-9a3e2f4c-e2bd0328-csvm-diamondgcp-asset_1280x720_59_4000K.mp4,MLB_776303_gleyber-torres-homers-16-on-a-fly-ball-to-left-field,raw_sources\MLB_776303_gleyber-torres-homers-16-on-a-fly-ball-to-left-field_Gleyber_Torres_solo_home_run_16_Gleyber_Torres_solo_home_run_16_Gleyber_Torres_solo_home_run_16_Gleyber_To.mp4,3.620,10.620,,no,audit_checkpoint_002,37
920,Codex_Workstation,F_1010,dataset/fly_ball/Codex_Workstation/F_1010,4,needs_edit,clip_too_short,insufficient_post_contact_context,recover_source_and_recut_longer,annotated_contact_audio_confirmed,1.590,1.690,1.645,1.645,15.508,9.516,25.271,1.645,0.005,1.645,15.508,"[{""time"": 1.645, ""score"": 15.508, ""rms_ratio"": 9.516, ""diff_ratio"": 25.271}, {""time"": 5.075, ""score"": 5.476, ""rms_ratio"": 5.083, ""diff_ratio"": 5.899}, {""time"": 6.145, ""score"": 5.431, ""rms_ratio"": 5.11, ""diff_ratio"": 5.771}, {""time"": 5.935, ""score"": 5.347, ""rms_ratio"": 3.06, ""diff_ratio"": 9.345}, {""time"": 3.595, ""score"": 5.322, ""rms_ratio"": 3.888, ""diff_ratio"": 7.285}, {""time"": 4.225, ""score"": 4.974, ""rms_ratio"": 4.559, ""diff_ratio"": 5.427}, {""time"": 5.425, ""score"": 4.914, ""rms_ratio"": 3.831, ""diff_ratio"": 6.305}, {""time"": 4.115, ""score"": 4.578, ""rms_ratio"": 3.358, ""diff_ratio"": 6.241}, {""time"": 3.875, ""score"": 4.498, ""rms_ratio"": 4.076, ""diff_ratio"": 4.964}, {""time"": 4.835, ""score"": 4.382, ""rms_ratio"": 3.774, ""diff_ratio"": 5.087}, {""time"": 5.175, ""score"": 4.369, ""rms_ratio"": 4.4, ""diff_ratio"": 4.338}, {""time"": 4.525, ""score"": 4.306, ""rms_ratio"": 4.76, ""diff_ratio"": 3.894}, {""time"": 4.645, ""score"": 4.196, ""rms_ratio"": 4.47, ""diff_ratio"": 3.939}, {""time"": 3.475, ""score"": 4.155, ""rms_ratio"": 4.137, ""diff_ratio"": 4.174}, {""time"": 5.295, ""score"": 4.083, ""rms_ratio"": 4.717, ""diff_ratio"": 3.534}, {""time"": 6.365, ""score"": 4.078, ""rms_ratio"": 3.907, ""diff_ratio"": 4.255}]",7.014,ffprobe,7.014,1.645,5.369,fly,pending,high,,,,Gabriel Arias' solo home run (11) Gabriel Arias' solo home run (11) Gabriel Arias' solo home run (11) Gabriel Arias gives the Guardians the lead with a line-drive solo home run to right-center field in the bottom of the 4th inning,https://mlb-cuts-diamond.mlb.com/FORGE/2025/2025-09/16/c4647dde-85f16d2b-d4f9a546-csvm-diamondgcp-asset_1280x720_59_4000K.mp4,MLB_776303_gabriel-arias-homers-11-on-a-fly-ball-to-right-center-field,raw_sources\MLB_776303_gabriel-arias-homers-11-on-a-fly-ball-to-right-center-field_Gabriel_Arias_solo_home_run_11_Gabriel_Arias_solo_home_run_11_Gabriel_Arias_solo_home_run_11_Gabrie.mp4,0.000,7.000,,no,audit_checkpoint_002,38
919,Codex_Workstation,F_1009,dataset/fly_ball/Codex_Workstation/F_1009,4,needs_edit,contact_timestamp_wrong,contact_timestamp_wrong;insufficient_post_contact_context,retime_from_local_audio_candidate;qwen_confirm_visual_contact_near_candidate;recover_source_and_recut_longer,likely_contact_timestamp_wrong,1.970,2.070,3.355,2.105,1.711,1.854,1.579,2.105,0.085,4.675,2.909,"[{""time"": 4.675, ""score"": 2.909, ""rms_ratio"": 1.509, ""diff_ratio"": 5.608}, {""time"": 6.345, ""score"": 2.471, ""rms_ratio"": 1.217, ""diff_ratio"": 5.016}, {""time"": 3.355, ""score"": 2.416, ""rms_ratio"": 1.312, ""diff_ratio"": 4.45}, {""time"": 3.715, ""score"": 2.054, ""rms_ratio"": 1.192, ""diff_ratio"": 3.538}, {""time"": 1.555, ""score"": 1.999, ""rms_ratio"": 1.222, ""diff_ratio"": 3.27}, {""time"": 6.485, ""score"": 1.937, ""rms_ratio"": 1.746, ""diff_ratio"": 2.15}, {""time"": 3.985, ""score"": 1.881, ""rms_ratio"": 1.713, ""diff_ratio"": 2.066}, {""time"": 6.915, ""score"": 1.854, ""rms_ratio"": 1.534, ""diff_ratio"": 2.239}, {""time"": 1.805, ""score"": 1.763, ""rms_ratio"": 1.152, ""diff_ratio"": 2.696}, {""time"": 2.105, ""score"": 1.711, ""rms_ratio"": 1.854, ""diff_ratio"": 1.579}, {""time"": 1.435, ""score"": 1.698, ""rms_ratio"": 1.587, ""diff_ratio"": 1.818}]",7.007,ffprobe,7.019,3.355,3.652,fly,pending,high,,,,Rob Refsnyder's solo home run (9) Rob Refsnyder's solo home run (9) Rob Refsnyder's solo home run (9) Rob Refsnyder belts a solo home run off the foul pole in left field to give the Red Sox a 2-1 lead in the 2nd inning,https://mlb-cuts-diamond.mlb.com/FORGE/2025/2025-09/17/1973249f-40eff8c5-791906b4-csvm-diamondgcp-asset_1280x720_59_4000K.mp4,MLB_776299_rob-refsnyder-homers-9-on-a-fly-ball-to-left-field,raw_sources\MLB_776299_rob-refsnyder-homers-9-on-a-fly-ball-to-left-field_Rob_Refsnyder_s_solo_home_run_9_Rob_Refsnyder_s_solo_home_run_9_Rob_Refsnyder_s_solo_home_run_9_Rob_Refsnyde.mp4,5.300,12.300,,no,audit_checkpoint_002,39
918,Codex_Workstation,F_1008,dataset/fly_ball/Codex_Workstation/F_1008,4,needs_edit,clip_too_short,insufficient_post_contact_context,recover_source_and_recut_longer,annotated_contact_audio_confirmed,1.970,2.070,2.025,2.025,11.019,7.083,17.144,2.025,0.005,2.025,11.019,"[{""time"": 2.025, ""score"": 11.019, ""rms_ratio"": 7.083, ""diff_ratio"": 17.144}, {""time"": 3.215, ""score"": 2.775, ""rms_ratio"": 3.031, ""diff_ratio"": 2.54}, {""time"": 3.475, ""score"": 2.007, ""rms_ratio"": 2.718, ""diff_ratio"": 1.482}, {""time"": 6.015, ""score"": 2.001, ""rms_ratio"": 2.082, ""diff_ratio"": 1.923}, {""time"": 4.355, ""score"": 1.989, ""rms_ratio"": 2.468, ""diff_ratio"": 1.603}, {""time"": 2.965, ""score"": 1.98, ""rms_ratio"": 2.34, ""diff_ratio"": 1.676}, {""time"": 5.805, ""score"": 1.961, ""rms_ratio"": 1.822, ""diff_ratio"": 2.11}, {""time"": 2.435, ""score"": 1.947, ""rms_ratio"": 3.15, ""diff_ratio"": 1.203}, {""time"": 2.175, ""score"": 1.945, ""rms_ratio"": 2.058, ""diff_ratio"": 1.838}, {""time"": 5.375, ""score"": 1.942, ""rms_ratio"": 1.985, ""diff_ratio"": 1.901}, {""time"": 5.515, ""score"": 1.804, ""rms_ratio"": 1.685, ""diff_ratio"": 1.933}, {""time"": 5.665, ""score"": 1.772, ""rms_ratio"": 1.822, ""diff_ratio"": 1.723}, {""time"": 6.175, ""score"": 1.716, ""rms_ratio"": 1.546, ""diff_ratio"": 1.904}, {""time"": 4.955, ""score"": 1.69, ""rms_ratio"": 1.587, ""diff_ratio"": 1.8}]",7.006,ffprobe,7.019,2.025,4.981,fly,pending,high,,,,"Juan Soto's solo home run (41) Juan Soto's solo home run (41) Juan Soto's solo home run (41) Juan Soto crushes a solo home run to right field for his 41st home run of the season, bringing the Mets to within three runs in the 5th inning",https://mlb-cuts-diamond.mlb.com/FORGE/2025/2025-09/17/624067b5-830ce5fb-f7b23a7c-csvm-diamondgcp-asset_1280x720_59_4000K.mp4,MLB_776288_juan-soto-homers-41-on-a-line-drive-to-right-field,raw_sources\MLB_776288_juan-soto-homers-41-on-a-line-drive-to-right-field_Juan_Soto_s_solo_home_run_41_Juan_Soto_s_solo_home_run_41_Juan_Soto_s_solo_home_run_41_Juan_Soto_crushes_a_s.mp4,0.340,7.340,,no,audit_checkpoint_002,40
917,Codex_Workstation,F_1006,dataset/fly_ball/Codex_Workstation/F_1006,4,needs_edit,contact_timestamp_wrong,contact_timestamp_wrong;insufficient_post_contact_context,retime_from_local_audio_candidate;qwen_confirm_visual_contact_near_candidate;recover_source_and_recut_longer,likely_contact_timestamp_wrong,1.970,2.070,2.125,1.985,1.938,2.058,1.824,1.985,0.035,2.125,2.064,"[{""time"": 2.125, ""score"": 2.064, ""rms_ratio"": 1.997, ""diff_ratio"": 2.133}, {""time"": 1.985, ""score"": 1.938, ""rms_ratio"": 2.058, ""diff_ratio"": 1.824}, {""time"": 1.875, ""score"": 1.85, ""rms_ratio"": 1.542, ""diff_ratio"": 2.219}, {""time"": 3.285, ""score"": 1.752, ""rms_ratio"": 1.534, ""diff_ratio"": 2.001}]",3.909,ffprobe,3.925,2.125,1.784,fly,pending,high,,,,Happ and Ballesteros hit back-to-back home runs Happ and Ballesteros hit back-to-back home runs Happ and Ballesteros hit back-to-back home runs Ian Happ hits a two-run homer and Moisés Ballesteros follows it up with a solo home run to extend the Cubs' lead to 4-0 in the 1st inning,https://mlb-cuts-diamond.mlb.com/FORGE/2025/2025-09/17/4d45db40-14d50778-698ca072-csvm-diamondgcp-asset_1280x720_59_4000K.mp4,MLB_776287_happ-and-ballesteros-hit-back-to-back-home-runs,raw_sources\MLB_776287_happ-and-ballesteros-hit-back-to-back-home-runs_Happ_and_Ballesteros_hit_back-to-back_home_runs_Happ_and_Ballesteros_hit_back-to-back_home_runs_Happ_and_Balles.mp4,5.200,12.200,,no,audit_checkpoint_002,41
916,Codex_Workstation,F_1003,dataset/fly_ball/Codex_Workstation/F_1003,4,needs_edit,clip_too_short,insufficient_post_contact_context,recover_source_and_recut_longer,annotated_contact_audio_confirmed,1.950,2.050,2.005,2.005,8.641,7.221,10.339,2.005,0.005,2.005,8.641,"[{""time"": 2.005, ""score"": 8.641, ""rms_ratio"": 7.221, ""diff_ratio"": 10.339}, {""time"": 5.295, ""score"": 7.097, ""rms_ratio"": 3.068, ""diff_ratio"": 16.418}, {""time"": 3.165, ""score"": 7.074, ""rms_ratio"": 3.082, ""diff_ratio"": 16.24}, {""time"": 4.945, ""score"": 6.854, ""rms_ratio"": 2.969, ""diff_ratio"": 15.821}, {""time"": 3.535, ""score"": 6.4, ""rms_ratio"": 5.812, ""diff_ratio"": 7.048}, {""time"": 3.815, ""score"": 6.392, ""rms_ratio"": 2.86, ""diff_ratio"": 14.287}, {""time"": 4.435, ""score"": 5.138, ""rms_ratio"": 4.784, ""diff_ratio"": 5.517}, {""time"": 4.245, ""score"": 4.875, ""rms_ratio"": 3.618, ""diff_ratio"": 6.569}, {""time"": 5.505, ""score"": 4.749, ""rms_ratio"": 3.971, ""diff_ratio"": 5.679}, {""time"": 3.655, ""score"": 4.253, ""rms_ratio"": 3.079, ""diff_ratio"": 5.873}, {""time"": 5.085, ""score"": 4.208, ""rms_ratio"": 3.97, ""diff_ratio"": 4.461}, {""time"": 6.165, ""score"": 4.061, ""rms_ratio"": 3.846, ""diff_ratio"": 4.288}, {""time"": 3.425, ""score"": 3.914, ""rms_ratio"": 3.634, ""diff_ratio"": 4.216}, {""time"": 4.575, ""score"": 3.886, ""rms_ratio"": 3.134, ""diff_ratio"": 4.817}, {""time"": 5.765, ""score"": 3.855, ""rms_ratio"": 3.949, ""diff_ratio"": 3.763}, {""time"": 5.905, ""score"": 3.793, ""rms_ratio"": 3.045, ""diff_ratio"": 4.724}]",7.006,ffprobe,7.019,2.005,5.001,fly,pending,medium,,,,"Ozzie Albies' sacrifice fly Ozzie Albies' sacrifice fly Ozzie Albies' sacrifice fly Ozzie Albies hits a sacrifice fly to center field, scoring Matt Olson in the top of the 9th inning to give the Braves a 7-3 lead",https://mlb-cuts-diamond.mlb.com/FORGE/2025/2025-09/17/84778846-2290b75c-40e71573-csvm-diamondgcp-asset-4000K.mp4,MLB_776286_shinnosuke-ogasawara-in-play-run-s-to-ozzie-albies,raw_sources\MLB_776286_shinnosuke-ogasawara-in-play-run-s-to-ozzie-albies_Ozzie_Albies_sacrifice_fly_Ozzie_Albies_sacrifice_fly_Ozzie_Albies_sacrifice_fly_Ozzie_Albies_hits_a_sacrifi.mp4,1.520,8.520,,no,audit_checkpoint_002,42
915,Codex_Workstation,F_1000,dataset/fly_ball/Codex_Workstation/F_1000,4,needs_edit,contact_timestamp_wrong,contact_timestamp_wrong;insufficient_post_contact_context,retime_from_local_audio_candidate;qwen_confirm_visual_contact_near_candidate;recover_source_and_recut_longer,likely_contact_timestamp_wrong,1.970,2.070,1.655,2.105,1.566,1.693,1.448,1.655,0.365,1.655,3.110,"[{""time"": 1.655, ""score"": 3.11, ""rms_ratio"": 1.589, ""diff_ratio"": 6.085}, {""time"": 0.735, ""score"": 2.469, ""rms_ratio"": 1.981, ""diff_ratio"": 3.077}, {""time"": 1.135, ""score"": 2.337, ""rms_ratio"": 1.294, ""diff_ratio"": 4.222}, {""time"": 0.935, ""score"": 2.147, ""rms_ratio"": 1.757, ""diff_ratio"": 2.624}]",3.793,ffprobe,3.797,1.655,2.138,fly,pending,high,,,,"David Hamilton's solo home run (5) David Hamilton's solo home run (5) David Hamilton's solo home run (5) David Hamilton hits a solo home run to right-center field, cutting the Red Sox deficit to 3-2 in the 2nd inning",https://mlb-cuts-diamond.mlb.com/FORGE/2025/2025-09/18/5c8877b0-5763f07a-d9b1416b-csvm-diamondgcp-asset_1280x720_59_4000K.mp4,MLB_776281_david-hamilton-homers-5-on-a-line-drive-to-right-center-field,raw_sources\MLB_776281_david-hamilton-homers-5-on-a-line-drive-to-right-center-field_David_Hamilton_s_solo_home_run_5_David_Hamilton_s_solo_home_run_5_David_Hamilton_s_solo_home_run_.mp4,6.980,13.980,,no,audit_checkpoint_002,43
914,Codex_Workstation,F_0999,dataset/fly_ball/Codex_Workstation/F_0999,4,needs_edit,clip_too_short,insufficient_post_contact_context,recover_source_and_recut_longer,annotated_contact_audio_confirmed,1.970,2.070,2.025,2.025,6.393,5.140,7.951,2.025,0.005,2.025,6.393,"[{""time"": 2.025, ""score"": 6.393, ""rms_ratio"": 5.14, ""diff_ratio"": 7.951}, {""time"": 6.365, ""score"": 3.325, ""rms_ratio"": 3.865, ""diff_ratio"": 2.86}, {""time"": 6.585, ""score"": 3.309, ""rms_ratio"": 3.792, ""diff_ratio"": 2.887}, {""time"": 5.675, ""score"": 3.202, ""rms_ratio"": 3.639, ""diff_ratio"": 2.818}, {""time"": 5.875, ""score"": 3.105, ""rms_ratio"": 3.105, ""diff_ratio"": 3.105}, {""time"": 5.565, ""score"": 2.976, ""rms_ratio"": 2.743, ""diff_ratio"": 3.228}, {""time"": 6.145, ""score"": 2.845, ""rms_ratio"": 3.162, ""diff_ratio"": 2.559}, {""time"": 2.295, ""score"": 2.839, ""rms_ratio"": 2.532, ""diff_ratio"": 3.183}, {""time"": 3.465, ""score"": 2.553, ""rms_ratio"": 1.979, ""diff_ratio"": 3.294}, {""time"": 3.895, ""score"": 2.488, ""rms_ratio"": 2.683, ""diff_ratio"": 2.307}, {""time"": 6.755, ""score"": 2.329, ""rms_ratio"": 2.394, ""diff_ratio"": 2.266}, {""time"": 2.645, ""score"": 2.299, ""rms_ratio"": 1.978, ""diff_ratio"": 2.672}, {""time"": 2.865, ""score"": 2.261, ""rms_ratio"": 1.266, ""diff_ratio"": 4.038}, {""time"": 4.565, ""score"": 2.239, ""rms_ratio"": 2.266, ""diff_ratio"": 2.213}, {""time"": 2.175, ""score"": 2.122, ""rms_ratio"": 1.925, ""diff_ratio"": 2.34}, {""time"": 4.925, ""score"": 1.907, ""rms_ratio"": 1.385, ""diff_ratio"": 2.626}]",7.006,ffprobe,7.019,2.025,4.981,fly,pending,high,,,,"Brent Rooker's two-run home run (30) Brent Rooker's two-run home run (30) Brent Rooker's two-run home run (30) Brent Rooker crushes his 30th home run of the season, a two-run homer to give the Athletics an early 2-0 lead in the 1st inning",https://mlb-cuts-diamond.mlb.com/FORGE/2025/2025-09/18/21bbdbab-1cb47fc8-8e3bb66c-csvm-diamondgcp-asset_1280x720_59_4000K.mp4,MLB_776281_brent-rooker-homers-30-on-a-fly-ball-to-left-field-lawrence-butler-sc,raw_sources\MLB_776281_brent-rooker-homers-30-on-a-fly-ball-to-left-field-lawrence-butler-sc_Brent_Rooker_s_two-run_home_run_30_Brent_Rooker_s_two-run_home_run_30_Brent_Rooker_s_two-.mp4,0.040,7.040,,no,audit_checkpoint_002,44
913,Codex_Workstation,F_0997,dataset/fly_ball/Codex_Workstation/F_0997,4,needs_edit,clip_too_short,insufficient_post_contact_context,recover_source_and_recut_longer,annotated_contact_audio_confirmed,1.970,2.070,2.035,2.035,2.162,2.315,2.019,2.035,0.015,2.665,2.405,"[{""time"": 2.665, ""score"": 2.405, ""rms_ratio"": 1.99, ""diff_ratio"": 2.905}, {""time"": 2.035, ""score"": 2.162, ""rms_ratio"": 2.315, ""diff_ratio"": 2.019}, {""time"": 3.105, ""score"": 2.11, ""rms_ratio"": 1.598, ""diff_ratio"": 2.786}, {""time"": 2.265, ""score"": 2.06, ""rms_ratio"": 1.845, ""diff_ratio"": 2.3}, {""time"": 2.945, ""score"": 2.006, ""rms_ratio"": 1.808, ""diff_ratio"": 2.227}, {""time"": 0.955, ""score"": 1.895, ""rms_ratio"": 2.028, ""diff_ratio"": 1.771}, {""time"": 4.685, ""score"": 1.781, ""rms_ratio"": 0.909, ""diff_ratio"": 3.171}, {""time"": 1.255, ""score"": 1.693, ""rms_ratio"": 1.789, ""diff_ratio"": 1.603}, {""time"": 1.115, ""score"": 1.665, ""rms_ratio"": 1.747, ""diff_ratio"": 1.587}]",7.007,ffprobe,7.019,2.035,4.972,fly,pending,high,,,,Mickey Moniak's two-run home run (24) Mickey Moniak's two-run home run (24) Mickey Moniak's two-run home run (24) Mickey Moniak brings the Rockies within a pair of runs with a two-run homer in the bottom of the 9th inning,https://mlb-cuts-diamond.mlb.com/FORGE/2025/2025-09/18/e2845fd6-387f5893-f4894532-csvm-diamondgcp-asset_1280x720_59_4000K.mp4,MLB_776270_mickey-moniak-homers-24-on-a-fly-ball-to-center-field-ryan-ritter-sco,raw_sources\MLB_776270_mickey-moniak-homers-24-on-a-fly-ball-to-center-field-ryan-ritter-sco_Mickey_Moniak_s_two-run_home_run_24_Mickey_Moniak_s_two-run_home_run_24_Mickey_Moniak_s_t.mp4,9.120,16.120,,no,audit_checkpoint_002,45
912,Codex_Workstation,F_0996,dataset/fly_ball/Codex_Workstation/F_0996,4,needs_edit,contact_timestamp_wrong,contact_timestamp_wrong;insufficient_post_contact_context,retime_from_local_audio_candidate;qwen_confirm_visual_contact_near_candidate;recover_source_and_recut_longer,likely_contact_timestamp_wrong,1.970,2.070,1.365,2.025,1.441,1.898,1.095,2.345,0.325,1.365,2.149,"[{""time"": 1.365, ""score"": 2.149, ""rms_ratio"": 1.683, ""diff_ratio"": 2.744}, {""time"": 0.105, ""score"": 2.102, ""rms_ratio"": 1.463, ""diff_ratio"": 3.021}, {""time"": 4.195, ""score"": 2.086, ""rms_ratio"": 0.942, ""diff_ratio"": 4.352}, {""time"": 4.005, ""score"": 1.933, ""rms_ratio"": 1.469, ""diff_ratio"": 2.545}, {""time"": 4.585, ""score"": 1.881, ""rms_ratio"": 0.891, ""diff_ratio"": 3.537}, {""time"": 4.425, ""score"": 1.867, ""rms_ratio"": 1.547, ""diff_ratio"": 2.253}, {""time"": 3.715, ""score"": 1.862, ""rms_ratio"": 1.287, ""diff_ratio"": 2.693}, {""time"": 5.755, ""score"": 1.843, ""rms_ratio"": 1.27, ""diff_ratio"": 2.674}, {""time"": 0.355, ""score"": 1.838, ""rms_ratio"": 0.826, ""diff_ratio"": 3.378}, {""time"": 2.455, ""score"": 1.795, ""rms_ratio"": 0.669, ""diff_ratio"": 3.222}, {""time"": 0.845, ""score"": 1.744, ""rms_ratio"": 1.707, ""diff_ratio"": 1.782}, {""time"": 2.345, ""score"": 1.716, ""rms_ratio"": 1.562, ""diff_ratio"": 1.885}]",7.007,ffprobe,7.019,1.365,5.642,fly,pending,high,,,,"Liam Hicks, Otto Lopez hit back-to-back homers Liam Hicks, Otto Lopez hit back-to-back homers Liam Hicks, Otto Lopez hit back-to-back homers Liam Hicks and Otto Lopez hit back-to-back home runs in the top of the 3rd inning, giving the Marlins a 4-2 lead over the Rockies",https://mlb-cuts-diamond.mlb.com/FORGE/2025/2025-09/18/b3248459-bc75a3a9-9204b47b-csvm-diamondgcp-asset_1280x720_59_4000K.mp4,MLB_776270_liam-hicks-otto-lopez-hit-back-to-back-homers,raw_sources\MLB_776270_liam-hicks-otto-lopez-hit-back-to-back-homers_Liam_Hicks_Otto_Lopez_hit_back-to-back_homers_Liam_Hicks_Otto_Lopez_hit_back-to-back_homers_Liam_Hicks_Otto_Lopez.mp4,7.800,14.800,,no,audit_checkpoint_002,46
911,Codex_Workstation,F_0995,dataset/fly_ball/Codex_Workstation/F_0995,4,needs_edit,contact_timestamp_wrong,contact_timestamp_wrong;insufficient_post_contact_context,retime_from_local_audio_candidate;qwen_confirm_visual_contact_near_candidate;recover_source_and_recut_longer,likely_contact_timestamp_wrong,1.970,2.070,2.405,1.985,1.506,1.743,1.301,2.205,0.185,2.405,2.406,"[{""time"": 2.405, ""score"": 2.406, ""rms_ratio"": 1.268, ""diff_ratio"": 4.563}, {""time"": 3.445, ""score"": 2.217, ""rms_ratio"": 1.783, ""diff_ratio"": 2.758}, {""time"": 1.685, ""score"": 2.004, ""rms_ratio"": 1.396, ""diff_ratio"": 2.877}, {""time"": 3.335, ""score"": 1.887, ""rms_ratio"": 2.068, ""diff_ratio"": 1.723}, {""time"": 1.795, ""score"": 1.796, ""rms_ratio"": 1.53, ""diff_ratio"": 2.11}, {""time"": 2.205, ""score"": 1.74, ""rms_ratio"": 1.621, ""diff_ratio"": 1.867}, {""time"": 2.855, ""score"": 1.684, ""rms_ratio"": 1.872, ""diff_ratio"": 1.515}, {""time"": 1.225, ""score"": 1.666, ""rms_ratio"": 1.631, ""diff_ratio"": 1.702}]",3.540,ffprobe,3.541,2.405,1.135,fly,pending,medium,,,,Liam Hicks' two-run homer (6) Liam Hicks' two-run homer (6) Liam Hicks' two-run homer (6) Liam Hicks gives the Marlins a 3-2 lead with a two-run home run in the top of the 3rd inning,https://mlb-cuts-diamond.mlb.com/FORGE/2025/2025-09/18/3c27f41e-6b1efb57-095806f0-csvm-diamondgcp-asset_1280x720_59_4000K.mp4,MLB_776270_liam-hicks-homers-6-on-a-fly-ball-to-right-center-field-agustin-ramir,raw_sources\MLB_776270_liam-hicks-homers-6-on-a-fly-ball-to-right-center-field-agustin-ramir_Liam_Hicks_two-run_homer_6_Liam_Hicks_two-run_homer_6_Liam_Hicks_two-run_homer_6_Liam_Hic.mp4,4.460,11.460,,no,audit_checkpoint_002,47
910,Codex_Workstation,F_0994,dataset/fly_ball/Codex_Workstation/F_0994,4,needs_edit,clip_too_short,insufficient_post_contact_context,recover_source_and_recut_longer,annotated_contact_audio_confirmed,1.790,1.890,1.855,1.855,5.817,3.221,10.507,1.855,0.015,1.855,5.817,"[{""time"": 1.855, ""score"": 5.817, ""rms_ratio"": 3.221, ""diff_ratio"": 10.507}, {""time"": 2.725, ""score"": 3.112, ""rms_ratio"": 2.74, ""diff_ratio"": 3.536}, {""time"": 2.965, ""score"": 2.814, ""rms_ratio"": 2.485, ""diff_ratio"": 3.187}, {""time"": 6.415, ""score"": 2.521, ""rms_ratio"": 2.331, ""diff_ratio"": 2.726}, {""time"": 5.735, ""score"": 2.483, ""rms_ratio"": 2.166, ""diff_ratio"": 2.845}, {""time"": 6.735, ""score"": 2.444, ""rms_ratio"": 2.606, ""diff_ratio"": 2.292}, {""time"": 4.205, ""score"": 2.302, ""rms_ratio"": 2.006, ""diff_ratio"": 2.641}, {""time"": 4.575, ""score"": 2.239, ""rms_ratio"": 2.36, ""diff_ratio"": 2.125}, {""time"": 2.485, ""score"": 2.111, ""rms_ratio"": 1.669, ""diff_ratio"": 2.669}, {""time"": 3.375, ""score"": 2.103, ""rms_ratio"": 1.777, ""diff_ratio"": 2.488}, {""time"": 3.125, ""score"": 1.964, ""rms_ratio"": 1.795, ""diff_ratio"": 2.149}, {""time"": 5.275, ""score"": 1.952, ""rms_ratio"": 2.053, ""diff_ratio"": 1.856}, {""time"": 5.955, ""score"": 1.802, ""rms_ratio"": 1.97, ""diff_ratio"": 1.648}, {""time"": 4.745, ""score"": 1.789, ""rms_ratio"": 1.794, ""diff_ratio"": 1.785}, {""time"": 6.245, ""score"": 1.77, ""rms_ratio"": 2.084, ""diff_ratio"": 1.504}, {""time"": 5.505, ""score"": 1.755, ""rms_ratio"": 1.976, ""diff_ratio"": 1.558}]",7.014,ffprobe,7.014,1.855,5.159,fly,pending,high,,,,Carson Williams' solo home run (4) Carson Williams' solo home run (4) Carson Williams' solo home run (4) Carson Williams' crushes a solo home run to left field to extend the Rays' lead to 4-0 in the bottom of the 6th,https://mlb-cuts-diamond.mlb.com/FORGE/2025/2025-09/18/17fbf891-12c6fcb0-b6bf9293-csvm-diamondgcp-asset_1280x720_59_4000K.mp4,MLB_776269_eric-lauer-in-play-run-s-to-carson-williams,raw_sources\MLB_776269_eric-lauer-in-play-run-s-to-carson-williams_Carson_Williams_solo_home_run_4_Carson_Williams_solo_home_run_4_Carson_Williams_solo_home_run_4_Carson_Williams_cru.mp4,0.000,7.000,,no,audit_checkpoint_002,48
909,Codex_Workstation,F_0992,dataset/fly_ball/Codex_Workstation/F_0992,4,needs_edit,contact_timestamp_wrong,contact_timestamp_wrong;insufficient_post_contact_context,retime_from_local_audio_candidate;qwen_confirm_visual_contact_near_candidate;recover_source_and_recut_longer,likely_contact_timestamp_wrong,3.110,3.210,3.515,3.245,1.840,1.362,2.487,3.165,0.005,0.365,4.585,"[{""time"": 0.365, ""score"": 4.585, ""rms_ratio"": 2.163, ""diff_ratio"": 9.72}, {""time"": 3.515, ""score"": 2.352, ""rms_ratio"": 1.727, ""diff_ratio"": 3.202}, {""time"": 0.515, ""score"": 2.2, ""rms_ratio"": 1.165, ""diff_ratio"": 4.156}, {""time"": 1.995, ""score"": 2.16, ""rms_ratio"": 1.901, ""diff_ratio"": 2.455}, {""time"": 2.465, ""score"": 2.148, ""rms_ratio"": 0.837, ""diff_ratio"": 4.613}, {""time"": 2.195, ""score"": 2.047, ""rms_ratio"": 1.693, ""diff_ratio"": 2.477}, {""time"": 3.325, ""score"": 1.895, ""rms_ratio"": 1.498, ""diff_ratio"": 2.396}, {""time"": 3.165, ""score"": 1.775, ""rms_ratio"": 1.965, ""diff_ratio"": 1.603}, {""time"": 1.885, ""score"": 1.74, ""rms_ratio"": 1.257, ""diff_ratio"": 2.409}, {""time"": 3.035, ""score"": 1.657, ""rms_ratio"": 1.875, ""diff_ratio"": 1.464}, {""time"": 0.105, ""score"": 1.65, ""rms_ratio"": 1.272, ""diff_ratio"": 2.142}]",3.537,ffprobe,3.541,3.515,0.022,fly,pending,medium,,,,"Ronald Acuña Jr.'s two-run home run (18) Ronald Acuña Jr.'s two-run home run (18) Ronald Acuña Jr.'s two-run home run (18) Ronald Acuña Jr. crushes a two-run home run to right field, increasing the Braves' lead to 6-0 in the top of the 2nd inning",https://mlb-cuts-diamond.mlb.com/FORGE/2025/2025-09/19/0d61adae-7fddb079-f6c8c3e1-csvm-diamondgcp-asset_1280x720_59_4000K.mp4,MLB_776268_ronald-acuna-jr-homers-18-on-a-fly-ball-to-right-center-field-matt-ol,raw_sources\MLB_776268_ronald-acuna-jr-homers-18-on-a-fly-ball-to-right-center-field-matt-ol_Ronald_Acu_a_Jr._s_two-run_home_run_18_Ronald_Acu_a_Jr._s_two-run_home_run_18_Ronald_Acu_.mp4,2.600,9.600,,no,audit_checkpoint_002,49
908,Codex_Workstation,F_0991,dataset/fly_ball/Codex_Workstation/F_0991,4,needs_edit,clip_too_short,insufficient_post_contact_context,recover_source_and_recut_longer,annotated_contact_audio_confirmed,1.970,2.070,1.995,1.995,3.143,1.969,5.016,1.995,0.025,2.375,3.511,"[{""time"": 2.375, ""score"": 3.511, ""rms_ratio"": 1.934, ""diff_ratio"": 6.377}, {""time"": 1.995, ""score"": 3.143, ""rms_ratio"": 1.969, ""diff_ratio"": 5.016}, {""time"": 1.705, ""score"": 2.89, ""rms_ratio"": 1.599, ""diff_ratio"": 5.223}, {""time"": 0.615, ""score"": 2.854, ""rms_ratio"": 2.013, ""diff_ratio"": 4.047}, {""time"": 1.405, ""score"": 2.629, ""rms_ratio"": 2.013, ""diff_ratio"": 3.434}, {""time"": 2.735, ""score"": 2.591, ""rms_ratio"": 2.872, ""diff_ratio"": 2.338}, {""time"": 1.255, ""score"": 2.454, ""rms_ratio"": 1.841, ""diff_ratio"": 3.272}, {""time"": 2.155, ""score"": 2.363, ""rms_ratio"": 2.323, ""diff_ratio"": 2.404}, {""time"": 1.835, ""score"": 2.36, ""rms_ratio"": 1.885, ""diff_ratio"": 2.954}, {""time"": 2.525, ""score"": 2.296, ""rms_ratio"": 1.858, ""diff_ratio"": 2.836}, {""time"": 2.895, ""score"": 2.188, ""rms_ratio"": 1.954, ""diff_ratio"": 2.45}, {""time"": 1.555, ""score"": 2.026, ""rms_ratio"": 2.14, ""diff_ratio"": 1.917}, {""time"": 3.015, ""score"": 1.913, ""rms_ratio"": 2.014, ""diff_ratio"": 1.817}]",4.637,ffprobe,4.651,1.995,2.642,fly,pending,medium,,,,"Spencer Steer's two-homer night Spencer Steer's two-homer night Spencer Steer's two-homer night Spencer Steer hits two home runs, knocking in three runs in the Reds' 7-4 win",https://mlb-cuts-diamond.mlb.com/FORGE/2025/2025-09/19/1a44153f-68732b74-6b7cde80-csvm-diamondgcp-asset_1280x720_59_4000K.mp4,MLB_776267_spencer-steer-s-two-homer-night,raw_sources\MLB_776267_spencer-steer-s-two-homer-night_Spencer_Steer_s_two-homer_night_Spencer_Steer_s_two-homer_night_Spencer_Steer_s_two-homer_night_Spencer_Steer_hits_two_home_run.mp4,1.400,8.400,,no,audit_checkpoint_002,50
907,Codex_Workstation,F_0990,dataset/fly_ball/Codex_Workstation/F_0990,4,needs_edit,clip_too_short,insufficient_post_contact_context,recover_source_and_recut_longer,annotated_contact_audio_confirmed,1.970,2.070,2.025,2.025,2.241,2.699,1.861,2.025,0.005,2.385,2.296,"[{""time"": 2.385, ""score"": 2.296, ""rms_ratio"": 1.535, ""diff_ratio"": 3.434}, {""time"": 2.025, ""score"": 2.241, ""rms_ratio"": 2.699, ""diff_ratio"": 1.861}, {""time"": 1.625, ""score"": 2.202, ""rms_ratio"": 1.807, ""diff_ratio"": 2.683}, {""time"": 1.795, ""score"": 2.084, ""rms_ratio"": 1.988, ""diff_ratio"": 2.186}, {""time"": 2.145, ""score"": 1.954, ""rms_ratio"": 2.036, ""diff_ratio"": 1.876}, {""time"": 0.405, ""score"": 1.914, ""rms_ratio"": 1.32, ""diff_ratio"": 2.775}, {""time"": 1.515, ""score"": 1.825, ""rms_ratio"": 2.197, ""diff_ratio"": 1.516}, {""time"": 2.575, ""score"": 1.698, ""rms_ratio"": 1.663, ""diff_ratio"": 1.734}]",3.406,ffprobe,3.413,2.025,1.381,fly,pending,high,,,,"Spencer Steer's two-run homer (20) Spencer Steer's two-run homer (20) Spencer Steer's two-run homer (20) Spencer Steer hits a two-run home run to left-center field, scoring Austin Hays to give the Reds a 6-4 lead in the 6th",https://mlb-cuts-diamond.mlb.com/FORGE/2025/2025-09/19/3c4d0bfd-9dbce04e-ee34aa13-csvm-diamondgcp-asset_1280x720_59_4000K.mp4,MLB_776267_spencer-steer-homers-20-on-a-fly-ball-to-left-center-field-austin-hay,raw_sources\MLB_776267_spencer-steer-homers-20-on-a-fly-ball-to-left-center-field-austin-hay_Spencer_Steer_s_two-run_homer_20_Spencer_Steer_s_two-run_homer_20_Spencer_Steer_s_two-run.mp4,1.180,8.180,,no,audit_checkpoint_002,51
906,Codex_Workstation,F_0989,dataset/fly_ball/Codex_Workstation/F_0989,4,needs_edit,clip_too_short,insufficient_post_contact_context,recover_source_and_recut_longer,annotated_contact_audio_confirmed,1.970,2.070,1.995,1.995,3.015,1.876,4.845,1.995,0.025,2.375,3.369,"[{""time"": 2.375, ""score"": 3.369, ""rms_ratio"": 1.843, ""diff_ratio"": 6.159}, {""time"": 1.995, ""score"": 3.015, ""rms_ratio"": 1.876, ""diff_ratio"": 4.845}, {""time"": 1.705, ""score"": 2.772, ""rms_ratio"": 1.524, ""diff_ratio"": 5.045}, {""time"": 0.615, ""score"": 2.738, ""rms_ratio"": 1.919, ""diff_ratio"": 3.908}, {""time"": 1.405, ""score"": 2.522, ""rms_ratio"": 1.918, ""diff_ratio"": 3.316}, {""time"": 2.735, ""score"": 2.486, ""rms_ratio"": 2.737, ""diff_ratio"": 2.259}, {""time"": 1.255, ""score"": 2.354, ""rms_ratio"": 1.754, ""diff_ratio"": 3.16}, {""time"": 2.155, ""score"": 2.267, ""rms_ratio"": 2.213, ""diff_ratio"": 2.322}, {""time"": 1.835, ""score"": 2.264, ""rms_ratio"": 1.797, ""diff_ratio"": 2.853}, {""time"": 2.525, ""score"": 2.202, ""rms_ratio"": 1.771, ""diff_ratio"": 2.739}, {""time"": 2.895, ""score"": 2.099, ""rms_ratio"": 1.862, ""diff_ratio"": 2.366}, {""time"": 1.555, ""score"": 1.943, ""rms_ratio"": 2.039, ""diff_ratio"": 1.852}, {""time"": 3.015, ""score"": 1.835, ""rms_ratio"": 1.919, ""diff_ratio"": 1.755}]",4.402,ffprobe,4.416,1.995,2.407,fly,pending,medium,,,,"Spencer Steer's solo homer (19) Spencer Steer's solo homer (19) Spencer Steer's solo homer (19) Spencer Steer hits a solo home run to left-center field, cutting the Reds' deficit to 4-3",https://mlb-cuts-diamond.mlb.com/FORGE/2025/2025-09/19/9810244c-a16aa3d3-dbf8a4d7-csvm-diamondgcp-asset_1280x720_59_4000K.mp4,MLB_776267_spencer-steer-homers-19-on-a-fly-ball-to-left-center-field-5r1wbb,raw_sources\MLB_776267_spencer-steer-homers-19-on-a-fly-ball-to-left-center-field-5r1wbb_Spencer_Steer_s_solo_homer_19_Spencer_Steer_s_solo_homer_19_Spencer_Steer_s_solo_homer_19_Spe.mp4,1.400,8.400,,no,audit_checkpoint_002,52
905,Codex_Workstation,F_0988,dataset/fly_ball/Codex_Workstation/F_0988,4,needs_edit,clip_too_short,insufficient_post_contact_context,recover_source_and_recut_longer,annotated_contact_audio_confirmed,1.970,2.070,2.025,2.025,2.171,2.612,1.804,2.025,0.005,2.385,2.223,"[{""time"": 2.385, ""score"": 2.223, ""rms_ratio"": 1.485, ""diff_ratio"": 3.329}, {""time"": 2.025, ""score"": 2.171, ""rms_ratio"": 2.612, ""diff_ratio"": 1.804}, {""time"": 1.625, ""score"": 2.133, ""rms_ratio"": 1.748, ""diff_ratio"": 2.602}, {""time"": 1.795, ""score"": 2.019, ""rms_ratio"": 1.923, ""diff_ratio"": 2.119}, {""time"": 2.145, ""score"": 1.893, ""rms_ratio"": 1.97, ""diff_ratio"": 1.819}, {""time"": 0.405, ""score"": 1.854, ""rms_ratio"": 1.277, ""diff_ratio"": 2.691}, {""time"": 1.515, ""score"": 1.768, ""rms_ratio"": 2.126, ""diff_ratio"": 1.47}, {""time"": 3.455, ""score"": 1.695, ""rms_ratio"": 1.983, ""diff_ratio"": 1.448}]",3.620,ffprobe,3.627,2.025,1.595,fly,pending,high,,,,"Spencer Steer, Elly De La Cruz go back to back Spencer Steer, Elly De La Cruz go back to back Spencer Steer, Elly De La Cruz go back to back Spencer Steer and Elly De La Cruz hit back-to-back home runs in the  6th to lead the Reds to a 7-4 win",https://mlb-cuts-diamond.mlb.com/FORGE/2025/2025-09/19/04082bcc-81a87d35-2eedb981-csvm-diamondgcp-asset_1280x720_59_4000K.mp4,MLB_776267_spencer-steer-elly-de-la-cruz-go-back-to-back,raw_sources\MLB_776267_spencer-steer-elly-de-la-cruz-go-back-to-back_Spencer_Steer_Elly_De_La_Cruz_go_back_to_back_Spencer_Steer_Elly_De_La_Cruz_go_back_to_back_Spencer_Steer_Elly_De.mp4,1.180,8.180,,no,audit_checkpoint_002,53
904,Codex_Workstation,F_0986,dataset/fly_ball/Codex_Workstation/F_0986,4,needs_edit,clip_too_short,insufficient_post_contact_context,recover_source_and_recut_longer,annotated_contact_audio_confirmed,1.970,2.070,2.025,2.025,3.239,2.497,4.201,2.025,0.005,2.575,3.728,"[{""time"": 2.575, ""score"": 3.728, ""rms_ratio"": 1.914, ""diff_ratio"": 7.262}, {""time"": 2.025, ""score"": 3.239, ""rms_ratio"": 2.497, ""diff_ratio"": 4.201}, {""time"": 0.655, ""score"": 2.395, ""rms_ratio"": 1.201, ""diff_ratio"": 4.778}, {""time"": 1.195, ""score"": 2.391, ""rms_ratio"": 1.889, ""diff_ratio"": 3.026}, {""time"": 0.545, ""score"": 2.381, ""rms_ratio"": 2.054, ""diff_ratio"": 2.762}, {""time"": 2.305, ""score"": 2.342, ""rms_ratio"": 2.242, ""diff_ratio"": 2.446}, {""time"": 2.795, ""score"": 2.225, ""rms_ratio"": 1.885, ""diff_ratio"": 2.627}, {""time"": 1.035, ""score"": 1.952, ""rms_ratio"": 2.64, ""diff_ratio"": 1.443}, {""time"": 0.335, ""score"": 1.931, ""rms_ratio"": 1.53, ""diff_ratio"": 2.437}, {""time"": 1.495, ""score"": 1.769, ""rms_ratio"": 2.031, ""diff_ratio"": 1.541}, {""time"": 0.765, ""score"": 1.765, ""rms_ratio"": 2.159, ""diff_ratio"": 1.443}, {""time"": 1.335, ""score"": 1.758, ""rms_ratio"": 1.93, ""diff_ratio"": 1.602}, {""time"": 1.615, ""score"": 1.685, ""rms_ratio"": 1.74, ""diff_ratio"": 1.632}]",4.020,ffprobe,3.989,2.025,1.995,fly,pending,high,,,,"Matt McLain's solo home run (15) Matt McLain's solo home run (15) Matt McLain's solo home run (15) Matt McLain hits a 422-foot home run to left-center field, tying the game at 2 in the 3rd inning",https://mlb-cuts-diamond.mlb.com/FORGE/2025/2025-09/19/73b260e2-ef5aa06a-56dd5fea-csvm-diamondgcp-asset_1280x720_59_4000K.mp4,MLB_776267_matt-mclain-homers-15-on-a-fly-ball-to-left-center-field,raw_sources\MLB_776267_matt-mclain-homers-15-on-a-fly-ball-to-left-center-field_Matt_McLain_s_solo_home_run_15_Matt_McLain_s_solo_home_run_15_Matt_McLain_s_solo_home_run_15_Matt_McLa.mp4,2.220,9.220,,no,audit_checkpoint_002,54
903,Codex_Workstation,F_0985,dataset/fly_ball/Codex_Workstation/F_0985,4,needs_edit,clip_too_short,insufficient_post_contact_context,recover_source_and_recut_longer,annotated_contact_audio_confirmed,3.710,3.810,3.765,3.765,2.169,1.991,2.363,3.765,0.005,3.765,2.169,"[{""time"": 3.765, ""score"": 2.169, ""rms_ratio"": 1.991, ""diff_ratio"": 2.363}, {""time"": 2.495, ""score"": 2.016, ""rms_ratio"": 1.919, ""diff_ratio"": 2.117}, {""time"": 3.505, ""score"": 1.95, ""rms_ratio"": 2.04, ""diff_ratio"": 1.865}, {""time"": 3.325, ""score"": 1.946, ""rms_ratio"": 1.736, ""diff_ratio"": 2.181}, {""time"": 2.695, ""score"": 1.913, ""rms_ratio"": 1.875, ""diff_ratio"": 1.951}, {""time"": 3.135, ""score"": 1.881, ""rms_ratio"": 1.589, ""diff_ratio"": 2.227}, {""time"": 2.895, ""score"": 1.879, ""rms_ratio"": 1.414, ""diff_ratio"": 2.498}, {""time"": 4.065, ""score"": 1.74, ""rms_ratio"": 1.929, ""diff_ratio"": 1.569}, {""time"": 3.905, ""score"": 1.696, ""rms_ratio"": 1.528, ""diff_ratio"": 1.881}, {""time"": 1.805, ""score"": 1.691, ""rms_ratio"": 1.407, ""diff_ratio"": 2.033}, {""time"": 3.015, ""score"": 1.663, ""rms_ratio"": 1.641, ""diff_ratio"": 1.686}]",5.637,ffprobe,5.653,3.765,1.872,fly,pending,high,,,,"Elly De La Cruz's solo home run (20) Elly De La Cruz's solo home run (20) Elly De La Cruz's solo home run (20) Elly De La Cruz goes back-to-back with Spencer Steer, belting a solo home run and extending the Reds' lead to 7-4",https://mlb-cuts-diamond.mlb.com/FORGE/2025/2025-09/19/e9b05d9b-982e3332-511bad62-csvm-diamondgcp-asset_1280x720_59_4000K.mp4,MLB_776267_elly-de-la-cruz-homers-20-on-a-fly-ball-to-left-center-field,raw_sources\MLB_776267_elly-de-la-cruz-homers-20-on-a-fly-ball-to-left-center-field_Elly_De_La_Cruz_s_solo_home_run_20_Elly_De_La_Cruz_s_solo_home_run_20_Elly_De_La_Cruz_s_solo_home_.mp4,0.400,7.400,,no,audit_checkpoint_002,55
902,Codex_Workstation,F_0984,dataset/fly_ball/Codex_Workstation/F_0984,4,needs_edit,clip_too_short,insufficient_post_contact_context,recover_source_and_recut_longer,annotated_contact_audio_confirmed,1.950,2.050,2.025,2.025,2.157,2.666,1.745,2.025,0.025,2.155,2.164,"[{""time"": 2.155, ""score"": 2.164, ""rms_ratio"": 2.327, ""diff_ratio"": 2.013}, {""time"": 2.025, ""score"": 2.157, ""rms_ratio"": 2.666, ""diff_ratio"": 1.745}, {""time"": 3.025, ""score"": 2.154, ""rms_ratio"": 2.402, ""diff_ratio"": 1.931}, {""time"": 2.285, ""score"": 2.132, ""rms_ratio"": 2.274, ""diff_ratio"": 1.998}, {""time"": 1.905, ""score"": 1.875, ""rms_ratio"": 2.255, ""diff_ratio"": 1.559}, {""time"": 0.565, ""score"": 1.698, ""rms_ratio"": 0.619, ""diff_ratio"": 2.882}]",3.137,ffprobe,3.157,2.025,1.112,fly,pending,high,,,,Nick Kurtz's solo home run (33) Nick Kurtz's solo home run (33) Nick Kurtz's solo home run (33) Nick Kurtz drives a solo homer to right field to get the Athletics on the board in the top of the 4th,https://mlb-cuts-diamond.mlb.com/FORGE/2025/2025-09/19/0bdccc5b-a479e08a-7b35e251-csvm-diamondgcp-asset_1280x720_59_4000K.mp4,MLB_776266_nick-kurtz-homers-33-on-a-fly-ball-to-right-field,raw_sources\MLB_776266_nick-kurtz-homers-33-on-a-fly-ball-to-right-field_Nick_Kurtz_s_solo_home_run_33_Nick_Kurtz_s_solo_home_run_33_Nick_Kurtz_s_solo_home_run_33_Nick_Kurtz_drives_a.mp4,7.060,14.060,,no,audit_checkpoint_002,56
901,Codex_Workstation,F_0982,dataset/fly_ball/Codex_Workstation/F_0982,4,needs_edit,clip_too_short,insufficient_post_contact_context,recover_source_and_recut_longer,annotated_contact_audio_confirmed,1.970,2.070,2.025,2.025,21.010,11.932,36.996,2.025,0.005,2.025,21.010,"[{""time"": 2.025, ""score"": 21.01, ""rms_ratio"": 11.932, ""diff_ratio"": 36.996}, {""time"": 5.175, ""score"": 10.378, ""rms_ratio"": 6.962, ""diff_ratio"": 15.47}, {""time"": 5.355, ""score"": 6.331, ""rms_ratio"": 6.047, ""diff_ratio"": 6.629}, {""time"": 5.605, ""score"": 6.005, ""rms_ratio"": 7.393, ""diff_ratio"": 4.877}, {""time"": 4.655, ""score"": 5.942, ""rms_ratio"": 6.647, ""diff_ratio"": 5.312}, {""time"": 5.935, ""score"": 5.755, ""rms_ratio"": 5.793, ""diff_ratio"": 5.717}, {""time"": 3.645, ""score"": 5.637, ""rms_ratio"": 7.069, ""diff_ratio"": 4.495}, {""time"": 5.475, ""score"": 4.988, ""rms_ratio"": 6.245, ""diff_ratio"": 3.984}, {""time"": 6.045, ""score"": 4.964, ""rms_ratio"": 4.068, ""diff_ratio"": 6.059}, {""time"": 3.885, ""score"": 4.331, ""rms_ratio"": 4.507, ""diff_ratio"": 4.163}, {""time"": 4.825, ""score"": 4.269, ""rms_ratio"": 5.078, ""diff_ratio"": 3.588}, {""time"": 5.715, ""score"": 4.096, ""rms_ratio"": 4.099, ""diff_ratio"": 4.094}, {""time"": 5.035, ""score"": 4.086, ""rms_ratio"": 4.492, ""diff_ratio"": 3.717}, {""time"": 6.245, ""score"": 3.207, ""rms_ratio"": 2.818, ""diff_ratio"": 3.649}, {""time"": 4.925, ""score"": 2.634, ""rms_ratio"": 2.918, ""diff_ratio"": 2.379}, {""time"": 6.995, ""score"": 2.191, ""rms_ratio"": 2.863, ""diff_ratio"": 1.676}]",7.006,ffprobe,7.019,2.025,4.981,fly,pending,medium,,,,"Nick Gonzales' sacrifice fly Nick Gonzales' sacrifice fly Nick Gonzales' sacrifice fly Nick Gonzales lifts a sacrifice fly to center field, scoring Bryan Reynolds and increasing the Pirates' lead to 3-0 in the bottom of the 1st inning",https://mlb-cuts-diamond.mlb.com/FORGE/2025/2025-09/19/7354a86a-fe4547c3-b99158b9-csvm-diamondgcp-asset-4000K.mp4,MLB_776266_luis-severino-in-play-run-s-to-nick-gonzales,raw_sources\MLB_776266_luis-severino-in-play-run-s-to-nick-gonzales_Nick_Gonzales_sacrifice_fly_Nick_Gonzales_sacrifice_fly_Nick_Gonzales_sacrifice_fly_Nick_Gonzales_lifts_a_sacrific.mp4,1.440,8.440,,no,audit_checkpoint_002,57
900,Codex_Workstation,F_0981,dataset/fly_ball/Codex_Workstation/F_0981,4,needs_edit,clip_too_short,insufficient_pre_contact_context;insufficient_post_contact_context,recover_source_and_recut_longer,annotated_contact_audio_confirmed,0.110,0.210,0.175,0.175,2.214,2.529,1.938,0.175,0.015,2.175,2.744,"[{""time"": 2.175, ""score"": 2.744, ""rms_ratio"": 1.998, ""diff_ratio"": 3.768}, {""time"": 2.275, ""score"": 2.732, ""rms_ratio"": 1.249, ""diff_ratio"": 5.974}, {""time"": 2.405, ""score"": 2.635, ""rms_ratio"": 2.201, ""diff_ratio"": 3.155}, {""time"": 4.635, ""score"": 2.276, ""rms_ratio"": 2.068, ""diff_ratio"": 2.504}, {""time"": 0.175, ""score"": 2.214, ""rms_ratio"": 2.529, ""diff_ratio"": 1.938}, {""time"": 0.525, ""score"": 2.14, ""rms_ratio"": 1.642, ""diff_ratio"": 2.79}, {""time"": 3.925, ""score"": 2.136, ""rms_ratio"": 1.816, ""diff_ratio"": 2.512}, {""time"": 1.525, ""score"": 2.06, ""rms_ratio"": 1.903, ""diff_ratio"": 2.231}, {""time"": 5.025, ""score"": 2.023, ""rms_ratio"": 2.299, ""diff_ratio"": 1.78}, {""time"": 4.875, ""score"": 1.951, ""rms_ratio"": 0.704, ""diff_ratio"": 3.806}, {""time"": 4.265, ""score"": 1.918, ""rms_ratio"": 2.303, ""diff_ratio"": 1.597}, {""time"": 2.025, ""score"": 1.873, ""rms_ratio"": 2.227, ""diff_ratio"": 1.576}, {""time"": 1.195, ""score"": 1.869, ""rms_ratio"": 1.565, ""diff_ratio"": 2.232}, {""time"": 1.825, ""score"": 1.786, ""rms_ratio"": 2.166, ""diff_ratio"": 1.473}, {""time"": 3.585, ""score"": 1.753, ""rms_ratio"": 1.899, ""diff_ratio"": 1.619}, {""time"": 0.395, ""score"": 1.663, ""rms_ratio"": 1.45, ""diff_ratio"": 1.907}]",5.471,ffprobe,5.483,0.175,5.296,fly,pending,high,,,,"Lawrence Butler's three-run home run (21) Lawrence Butler's three-run home run (21) Lawrence Butler's three-run home run (21) Lawrence Butler crushes a three-run home run to right-center field, putting the A's ahead 4-3 in the bottom of the 5th inning",https://mlb-cuts-diamond.mlb.com/FORGE/2025/2025-09/19/26bbc387-56f8a561-02f9fd8c-csvm-diamondgcp-asset_1280x720_59_4000K.mp4,MLB_776266_lawrence-butler-homers-21-on-a-fly-ball-to-right-center-field-carlos-,raw_sources\MLB_776266_lawrence-butler-homers-21-on-a-fly-ball-to-right-center-field-carlos-_Lawrence_Butler_s_three-run_home_run_21_Lawrence_Butler_s_three-run_home_run_21_Lawrence_.mp4,4.560,11.560,,no,audit_checkpoint_002,58
899,Codex_Workstation,F_0979,dataset/fly_ball/Codex_Workstation/F_0979,4,needs_edit,contact_timestamp_wrong,contact_timestamp_wrong;insufficient_post_contact_context,retime_from_local_audio_candidate;qwen_confirm_visual_contact_near_candidate;recover_source_and_recut_longer,likely_contact_timestamp_wrong,0.970,1.070,6.625,1.055,1.829,1.592,2.100,1.055,0.035,6.625,2.052,"[{""time"": 6.625, ""score"": 2.052, ""rms_ratio"": 1.97, ""diff_ratio"": 2.138}, {""time"": 3.065, ""score"": 2.049, ""rms_ratio"": 0.971, ""diff_ratio"": 4.2}, {""time"": 4.155, ""score"": 1.987, ""rms_ratio"": 0.693, ""diff_ratio"": 3.947}, {""time"": 2.485, ""score"": 1.968, ""rms_ratio"": 1.411, ""diff_ratio"": 2.745}, {""time"": 5.165, ""score"": 1.945, ""rms_ratio"": 1.275, ""diff_ratio"": 2.965}, {""time"": 1.405, ""score"": 1.854, ""rms_ratio"": 1.58, ""diff_ratio"": 2.176}, {""time"": 6.225, ""score"": 1.853, ""rms_ratio"": 1.724, ""diff_ratio"": 1.991}, {""time"": 2.715, ""score"": 1.852, ""rms_ratio"": 0.702, ""diff_ratio"": 3.428}, {""time"": 5.425, ""score"": 1.834, ""rms_ratio"": 1.471, ""diff_ratio"": 2.286}, {""time"": 1.055, ""score"": 1.829, ""rms_ratio"": 1.592, ""diff_ratio"": 2.1}, {""time"": 1.915, ""score"": 1.822, ""rms_ratio"": 0.837, ""diff_ratio"": 3.321}, {""time"": 6.495, ""score"": 1.82, ""rms_ratio"": 1.834, ""diff_ratio"": 1.807}, {""time"": 0.585, ""score"": 1.78, ""rms_ratio"": 1.263, ""diff_ratio"": 2.507}, {""time"": 1.595, ""score"": 1.726, ""rms_ratio"": 1.735, ""diff_ratio"": 1.717}, {""time"": 6.025, ""score"": 1.72, ""rms_ratio"": 1.589, ""diff_ratio"": 1.862}, {""time"": 2.145, ""score"": 1.651, ""rms_ratio"": 1.684, ""diff_ratio"": 1.619}]",7.014,ffprobe,7.014,6.625,0.389,fly,pending,medium,,,,Nacho Alvarez Jr.'s big day at the plate Nacho Alvarez Jr.'s big day at the plate Nacho Alvarez Jr.'s big day at the plate Nacho Alvarez Jr. picks up his first two career home runs and hits the game-tying single in the 9th inning in the Braves' 6-5 win,https://mlb-cuts-diamond.mlb.com/FORGE/2025/2025-09/20/0e960f4e-bd10dfff-cf8be5c8-csvm-diamondgcp-asset_1280x720_59_4000K.mp4,MLB_776258_nacho-alvarez-jr-s-big-day-at-the-plate,raw_sources\MLB_776258_nacho-alvarez-jr-s-big-day-at-the-plate_Nacho_Alvarez_Jr._s_big_day_at_the_plate_Nacho_Alvarez_Jr._s_big_day_at_the_plate_Nacho_Alvarez_Jr._s_big_day_at_the_pl.mp4,0.000,7.000,,no,audit_checkpoint_002,59
898,Codex_Workstation,F_0978,dataset/fly_ball/Codex_Workstation/F_0978,4,needs_edit,clip_too_short,contact_audio_ambiguous;insufficient_post_contact_context,review_local_audio_candidates;qwen_confirm_visual_contact_near_candidate;recover_source_and_recut_longer,annotated_audio_ambiguous,0.970,1.070,1.055,1.055,1.810,1.576,2.079,1.055,0.035,3.065,2.039,"[{""time"": 3.065, ""score"": 2.039, ""rms_ratio"": 0.961, ""diff_ratio"": 4.157}, {""time"": 4.155, ""score"": 1.977, ""rms_ratio"": 0.686, ""diff_ratio"": 3.907}, {""time"": 2.485, ""score"": 1.948, ""rms_ratio"": 1.396, ""diff_ratio"": 2.717}, {""time"": 5.165, ""score"": 1.925, ""rms_ratio"": 1.262, ""diff_ratio"": 2.935}, {""time"": 2.715, ""score"": 1.842, ""rms_ratio"": 0.695, ""diff_ratio"": 3.393}, {""time"": 1.405, ""score"": 1.835, ""rms_ratio"": 1.564, ""diff_ratio"": 2.154}, {""time"": 5.425, ""score"": 1.815, ""rms_ratio"": 1.456, ""diff_ratio"": 2.263}, {""time"": 1.915, ""score"": 1.813, ""rms_ratio"": 0.828, ""diff_ratio"": 3.287}, {""time"": 1.055, ""score"": 1.81, ""rms_ratio"": 1.576, ""diff_ratio"": 2.079}, {""time"": 0.585, ""score"": 1.762, ""rms_ratio"": 1.25, ""diff_ratio"": 2.482}, {""time"": 1.595, ""score"": 1.708, ""rms_ratio"": 1.717, ""diff_ratio"": 1.7}, {""time"": 6.025, ""score"": 1.678, ""rms_ratio"": 1.54, ""diff_ratio"": 1.828}]",6.037,ffprobe,6.054,1.055,4.982,fly,pending,medium,,,,Nacho Alvarez Jr.'s first career homer Nacho Alvarez Jr.'s first career homer Nacho Alvarez Jr.'s first career homer Nacho Alvarez Jr. hits his first career home run to left field to tie the game at 1 in the top of the 3rd inning,https://mlb-cuts-diamond.mlb.com/FORGE/2025/2025-09/20/92c388d4-bccef62c-c70a789a-csvm-diamondgcp-asset_1280x720_59_4000K.mp4,MLB_776258_keider-montero-in-play-run-s-to-nacho-alvarez-jr,raw_sources\MLB_776258_keider-montero-in-play-run-s-to-nacho-alvarez-jr_Nacho_Alvarez_Jr._s_first_career_homer_Nacho_Alvarez_Jr._s_first_career_homer_Nacho_Alvarez_Jr._s_first_career.mp4,0.000,7.000,,no,audit_checkpoint_002,60
897,Codex_Workstation,F_0977,dataset/fly_ball/Codex_Workstation/F_0977,4,needs_edit,clip_too_short,insufficient_post_contact_context,recover_source_and_recut_longer,annotated_contact_audio_confirmed,1.970,2.070,1.965,1.965,2.729,1.247,5.974,1.965,0.055,1.965,2.729,"[{""time"": 1.965, ""score"": 2.729, ""rms_ratio"": 1.247, ""diff_ratio"": 5.974}, {""time"": 1.585, ""score"": 2.678, ""rms_ratio"": 0.882, ""diff_ratio"": 7.172}, {""time"": 2.375, ""score"": 2.572, ""rms_ratio"": 0.781, ""diff_ratio"": 6.617}, {""time"": 1.735, ""score"": 2.57, ""rms_ratio"": 2.022, ""diff_ratio"": 3.266}, {""time"": 4.265, ""score"": 2.15, ""rms_ratio"": 1.5, ""diff_ratio"": 3.08}, {""time"": 2.885, ""score"": 2.128, ""rms_ratio"": 1.58, ""diff_ratio"": 2.866}, {""time"": 3.995, ""score"": 2.071, ""rms_ratio"": 1.595, ""diff_ratio"": 2.69}, {""time"": 2.495, ""score"": 2.059, ""rms_ratio"": 2.468, ""diff_ratio"": 1.717}, {""time"": 0.345, ""score"": 2.051, ""rms_ratio"": 2.081, ""diff_ratio"": 2.02}, {""time"": 3.585, ""score"": 2.02, ""rms_ratio"": 2.012, ""diff_ratio"": 2.027}, {""time"": 5.495, ""score"": 2.007, ""rms_ratio"": 0.722, ""diff_ratio"": 4.029}, {""time"": 1.415, ""score"": 2.005, ""rms_ratio"": 0.895, ""diff_ratio"": 4.019}, {""time"": 3.405, ""score"": 1.968, ""rms_ratio"": 1.663, ""diff_ratio"": 2.328}, {""time"": 3.145, ""score"": 1.941, ""rms_ratio"": 2.089, ""diff_ratio"": 1.805}, {""time"": 5.715, ""score"": 1.897, ""rms_ratio"": 1.608, ""diff_ratio"": 2.236}, {""time"": 3.005, ""score"": 1.888, ""rms_ratio"": 0.648, ""diff_ratio"": 3.564}]",5.856,ffprobe,5.867,1.965,3.891,fly,pending,high,,,,Drake Baldwin's two-run homer (18) Drake Baldwin's two-run homer (18) Drake Baldwin's two-run homer (18) Drake Baldwin crushes a two-run home run to right-center field to give the Braves a 3-1 lead in the 3rd inning,https://mlb-cuts-diamond.mlb.com/FORGE/2025/2025-09/20/1497acce-bbfd1997-9c9a1df6-csvm-diamondgcp-asset_1280x720_59_4000K.mp4,MLB_776258_keider-montero-in-play-run-s-to-drake-baldwin,raw_sources\MLB_776258_keider-montero-in-play-run-s-to-drake-baldwin_Drake_Baldwin_s_two-run_homer_18_Drake_Baldwin_s_two-run_homer_18_Drake_Baldwin_s_two-run_homer_18_Drake_Baldwin_.mp4,19.600,26.600,,no,audit_checkpoint_002,61
896,Codex_Workstation,F_0976,dataset/fly_ball/Codex_Workstation/F_0976,4,needs_edit,clip_too_short,insufficient_post_contact_context,recover_source_and_recut_longer,annotated_contact_audio_confirmed,1.590,1.690,1.655,1.655,2.181,2.445,1.946,1.655,0.015,3.675,2.804,"[{""time"": 3.675, ""score"": 2.804, ""rms_ratio"": 2.383, ""diff_ratio"": 3.299}, {""time"": 2.025, ""score"": 2.183, ""rms_ratio"": 2.526, ""diff_ratio"": 1.888}, {""time"": 1.655, ""score"": 2.181, ""rms_ratio"": 2.445, ""diff_ratio"": 1.946}, {""time"": 1.285, ""score"": 2.163, ""rms_ratio"": 1.485, ""diff_ratio"": 3.149}, {""time"": 1.825, ""score"": 2.153, ""rms_ratio"": 1.785, ""diff_ratio"": 2.597}, {""time"": 1.105, ""score"": 2.132, ""rms_ratio"": 2.532, ""diff_ratio"": 1.795}, {""time"": 4.145, ""score"": 1.688, ""rms_ratio"": 1.841, ""diff_ratio"": 1.548}, {""time"": 3.955, ""score"": 1.679, ""rms_ratio"": 1.896, ""diff_ratio"": 1.487}, {""time"": 2.165, ""score"": 1.67, ""rms_ratio"": 1.733, ""diff_ratio"": 1.608}]",7.006,ffprobe,7.019,1.655,5.351,fly,pending,medium,,,,"Tyler Stephenson's two-run home run (12) Tyler Stephenson's two-run home run (12) Tyler Stephenson's two-run home run (12) Tyler Stephenson crushes a two-run home run to right field, scoring Noelvi Marte to extend the Reds' lead to 6-3",https://mlb-cuts-diamond.mlb.com/FORGE/2025/2025-09/20/eea5d8ce-892c3327-de6b5a56-csvm-diamondgcp-asset_1280x720_59_4000K.mp4,MLB_776254_tyler-stephenson-homers-12-on-a-fly-ball-to-right-field-noelvi-marte-,raw_sources\MLB_776254_tyler-stephenson-homers-12-on-a-fly-ball-to-right-field-noelvi-marte-_Tyler_Stephenson_s_two-run_home_run_12_Tyler_Stephenson_s_two-run_home_run_12_Tyler_Steph.mp4,3.140,10.140,,no,audit_checkpoint_002,62
895,Codex_Workstation,F_0975,dataset/fly_ball/Codex_Workstation/F_0975,4,needs_edit,clip_too_short,insufficient_post_contact_context,recover_source_and_recut_longer,annotated_contact_audio_confirmed,1.090,1.190,1.155,1.155,4.196,3.576,4.923,1.155,0.015,1.155,4.196,"[{""time"": 1.155, ""score"": 4.196, ""rms_ratio"": 3.576, ""diff_ratio"": 4.923}, {""time"": 4.895, ""score"": 2.697, ""rms_ratio"": 1.487, ""diff_ratio"": 4.893}, {""time"": 4.465, ""score"": 2.428, ""rms_ratio"": 1.914, ""diff_ratio"": 3.079}, {""time"": 3.025, ""score"": 2.262, ""rms_ratio"": 1.305, ""diff_ratio"": 3.92}, {""time"": 5.035, ""score"": 2.204, ""rms_ratio"": 2.093, ""diff_ratio"": 2.32}, {""time"": 4.335, ""score"": 1.9, ""rms_ratio"": 1.613, ""diff_ratio"": 2.238}, {""time"": 4.655, ""score"": 1.879, ""rms_ratio"": 1.741, ""diff_ratio"": 2.027}, {""time"": 2.615, ""score"": 1.846, ""rms_ratio"": 1.289, ""diff_ratio"": 2.645}, {""time"": 2.865, ""score"": 1.754, ""rms_ratio"": 1.93, ""diff_ratio"": 1.594}, {""time"": 3.255, ""score"": 1.714, ""rms_ratio"": 1.822, ""diff_ratio"": 1.613}, {""time"": 2.375, ""score"": 1.712, ""rms_ratio"": 1.985, ""diff_ratio"": 1.476}, {""time"": 5.435, ""score"": 1.654, ""rms_ratio"": 1.709, ""diff_ratio"": 1.601}]",7.014,ffprobe,7.014,1.155,5.859,fly,pending,high,,,,"Spencer Steer's solo home run (21) Spencer Steer's solo home run (21) Spencer Steer's solo home run (21) Spencer Steer lifts a solo home run to left field, giving the Reds a 3-2 lead in the 5th inning",https://mlb-cuts-diamond.mlb.com/FORGE/2025/2025-09/20/7f8aa5c5-164e3848-43d1b01e-csvm-diamondgcp-asset_1280x720_59_4000K.mp4,MLB_776254_spencer-steer-homers-21-on-a-fly-ball-to-left-center-field,raw_sources\MLB_776254_spencer-steer-homers-21-on-a-fly-ball-to-left-center-field_Spencer_Steer_s_solo_home_run_21_Spencer_Steer_s_solo_home_run_21_Spencer_Steer_s_solo_home_run_21_S.mp4,0.000,7.000,,no,audit_checkpoint_002,63
894,Codex_Workstation,F_0974,dataset/fly_ball/Codex_Workstation/F_0974,4,needs_edit,clip_too_short,insufficient_post_contact_context,recover_source_and_recut_longer,annotated_contact_audio_confirmed,1.670,1.770,1.735,1.735,5.824,4.034,8.408,1.735,0.015,1.735,5.824,"[{""time"": 1.735, ""score"": 5.824, ""rms_ratio"": 4.034, ""diff_ratio"": 8.408}, {""time"": 6.945, ""score"": 2.974, ""rms_ratio"": 1.821, ""diff_ratio"": 4.858}, {""time"": 6.535, ""score"": 2.776, ""rms_ratio"": 1.617, ""diff_ratio"": 4.765}, {""time"": 6.755, ""score"": 2.464, ""rms_ratio"": 1.467, ""diff_ratio"": 4.139}, {""time"": 3.885, ""score"": 2.429, ""rms_ratio"": 1.956, ""diff_ratio"": 3.016}, {""time"": 5.535, ""score"": 2.333, ""rms_ratio"": 2.033, ""diff_ratio"": 2.677}, {""time"": 0.725, ""score"": 2.286, ""rms_ratio"": 1.38, ""diff_ratio"": 3.787}, {""time"": 5.005, ""score"": 2.206, ""rms_ratio"": 2.134, ""diff_ratio"": 2.281}, {""time"": 5.405, ""score"": 2.111, ""rms_ratio"": 1.529, ""diff_ratio"": 2.914}, {""time"": 4.135, ""score"": 2.04, ""rms_ratio"": 1.801, ""diff_ratio"": 2.311}, {""time"": 6.415, ""score"": 2.007, ""rms_ratio"": 1.832, ""diff_ratio"": 2.198}, {""time"": 4.285, ""score"": 1.907, ""rms_ratio"": 1.578, ""diff_ratio"": 2.304}, {""time"": 4.655, ""score"": 1.892, ""rms_ratio"": 1.905, ""diff_ratio"": 1.88}, {""time"": 4.435, ""score"": 1.846, ""rms_ratio"": 1.852, ""diff_ratio"": 1.841}, {""time"": 5.675, ""score"": 1.723, ""rms_ratio"": 1.422, ""diff_ratio"": 2.088}, {""time"": 4.015, ""score"": 1.711, ""rms_ratio"": 1.319, ""diff_ratio"": 2.22}]",7.014,ffprobe,7.014,1.735,5.279,fly,pending,medium,,,,"Reese McGuire's solo home run (9) Reese McGuire's solo home run (9) Reese McGuire's solo home run (9) Reese McGuire connects for a solo home run to right field, bringing the score even at 2 in the 5th inning",https://mlb-cuts-diamond.mlb.com/FORGE/2025/2025-09/20/14894d1d-d6a2abd4-54ebe186-csvm-diamondgcp-asset_1280x720_59_4000K.mp4,MLB_776254_reese-mcguire-homers-9-on-a-fly-ball-to-right-field,raw_sources\MLB_776254_reese-mcguire-homers-9-on-a-fly-ball-to-right-field_Reese_McGuire_s_solo_home_run_9_Reese_McGuire_s_solo_home_run_9_Reese_McGuire_s_solo_home_run_9_Reese_McGui.mp4,0.000,7.000,,no,audit_checkpoint_002,64
893,Codex_Workstation,F_0973,dataset/fly_ball/Codex_Workstation/F_0973,4,needs_edit,clip_too_short,insufficient_post_contact_context,recover_source_and_recut_longer,annotated_contact_audio_confirmed,1.970,2.070,2.025,2.025,11.120,7.520,16.444,2.025,0.005,2.025,11.120,"[{""time"": 2.025, ""score"": 11.12, ""rms_ratio"": 7.52, ""diff_ratio"": 16.444}, {""time"": 5.925, ""score"": 4.111, ""rms_ratio"": 2.574, ""diff_ratio"": 6.568}, {""time"": 6.615, ""score"": 4.092, ""rms_ratio"": 3.589, ""diff_ratio"": 4.665}, {""time"": 5.305, ""score"": 4.038, ""rms_ratio"": 3.86, ""diff_ratio"": 4.224}, {""time"": 3.985, ""score"": 3.946, ""rms_ratio"": 2.298, ""diff_ratio"": 6.774}, {""time"": 5.515, ""score"": 3.805, ""rms_ratio"": 4.208, ""diff_ratio"": 3.44}, {""time"": 5.065, ""score"": 3.777, ""rms_ratio"": 4.249, ""diff_ratio"": 3.357}, {""time"": 3.595, ""score"": 3.59, ""rms_ratio"": 2.01, ""diff_ratio"": 6.411}, {""time"": 6.865, ""score"": 3.381, ""rms_ratio"": 4.128, ""diff_ratio"": 2.77}, {""time"": 3.745, ""score"": 3.342, ""rms_ratio"": 3.19, ""diff_ratio"": 3.501}, {""time"": 5.695, ""score"": 3.199, ""rms_ratio"": 3.008, ""diff_ratio"": 3.403}, {""time"": 2.685, ""score"": 2.71, ""rms_ratio"": 3.368, ""diff_ratio"": 2.18}, {""time"": 5.405, ""score"": 2.644, ""rms_ratio"": 1.681, ""diff_ratio"": 4.159}, {""time"": 6.715, ""score"": 2.627, ""rms_ratio"": 2.687, ""diff_ratio"": 2.568}, {""time"": 3.475, ""score"": 2.567, ""rms_ratio"": 2.723, ""diff_ratio"": 2.42}, {""time"": 6.045, ""score"": 2.28, ""rms_ratio"": 1.64, ""diff_ratio"": 3.168}]",7.014,ffprobe,7.014,2.025,4.989,fly,pending,high,,,,"Daylen Lile's go-ahead inside-the-park home run (7) Daylen Lile's go-ahead inside-the-park home run (7) Daylen Lile's go-ahead inside-the-park home run (7) Daylen Lile sprints around the bases for an electric go-ahead inside-the-park home run, giving the Nationals a 5-3 lead in the 11th",https://mlb-cuts-diamond.mlb.com/FORGE/2025/2025-09/20/37f812ba-cfea437e-0386af7c-csvm-diamondgcp-asset_1280x720_59_4000K.mp4,MLB_776252_tyler-rogers-in-play-run-s-to-daylen-lile,raw_sources\MLB_776252_tyler-rogers-in-play-run-s-to-daylen-lile_Daylen_Lile_s_go-ahead_inside-the-park_home_run_7_Daylen_Lile_s_go-ahead_inside-the-park_home_run_7_Daylen_Lile_s_go-.mp4,0.000,7.000,,no,audit_checkpoint_002,65
892,Codex_Workstation,F_0971,dataset/fly_ball/Codex_Workstation/F_0971,4,needs_edit,clip_too_short,insufficient_post_contact_context,recover_source_and_recut_longer,annotated_contact_audio_confirmed,1.010,1.110,1.075,1.075,4.203,2.826,6.252,1.075,0.015,1.075,4.203,"[{""time"": 1.075, ""score"": 4.203, ""rms_ratio"": 2.826, ""diff_ratio"": 6.252}, {""time"": 3.655, ""score"": 2.551, ""rms_ratio"": 1.311, ""diff_ratio"": 4.961}, {""time"": 3.955, ""score"": 2.325, ""rms_ratio"": 1.192, ""diff_ratio"": 4.531}, {""time"": 2.525, ""score"": 2.304, ""rms_ratio"": 1.268, ""diff_ratio"": 4.187}, {""time"": 0.395, ""score"": 1.776, ""rms_ratio"": 0.718, ""diff_ratio"": 3.153}, {""time"": 6.115, ""score"": 1.749, ""rms_ratio"": 2.149, ""diff_ratio"": 1.424}, {""time"": 0.645, ""score"": 1.676, ""rms_ratio"": 0.726, ""diff_ratio"": 2.808}, {""time"": 4.185, ""score"": 1.673, ""rms_ratio"": 0.992, ""diff_ratio"": 2.8}]",7.014,ffprobe,7.014,1.075,5.939,fly,pending,high,,,,Samuel Basallo's solo homer (4) Samuel Basallo's solo homer (4) Samuel Basallo's solo homer (4) Samuel Basallo crushes a 420-foot home run to right field and celebrates with his teammates after putting the Orioles up 1-0 in the 5th inning,https://mlb-cuts-diamond.mlb.com/FORGE/2025/2025-09/21/f9d9841d-d0f0c2d5-f00ac019-csvm-diamondgcp-asset_1280x720_59_4000K.mp4,MLB_776240_samuel-basallo-homers-4-on-a-fly-ball-to-right-field,raw_sources\MLB_776240_samuel-basallo-homers-4-on-a-fly-ball-to-right-field_Samuel_Basallo_s_solo_homer_4_Samuel_Basallo_s_solo_homer_4_Samuel_Basallo_s_solo_homer_4_Samuel_Basallo_c.mp4,0.000,7.000,,no,audit_checkpoint_002,66
891,Codex_Workstation,F_0969,dataset/fly_ball/Codex_Workstation/F_0969,4,needs_edit,clip_too_short,insufficient_post_contact_context,recover_source_and_recut_longer,annotated_contact_audio_confirmed,1.970,2.070,1.995,1.995,2.430,1.338,4.414,1.995,0.025,1.995,2.430,"[{""time"": 1.995, ""score"": 2.43, ""rms_ratio"": 1.338, ""diff_ratio"": 4.414}, {""time"": 2.435, ""score"": 2.2, ""rms_ratio"": 1.209, ""diff_ratio"": 4.002}, {""time"": 3.275, ""score"": 2.06, ""rms_ratio"": 1.622, ""diff_ratio"": 2.617}, {""time"": 1.415, ""score"": 2.005, ""rms_ratio"": 1.174, ""diff_ratio"": 3.424}, {""time"": 1.735, ""score"": 1.973, ""rms_ratio"": 1.246, ""diff_ratio"": 3.124}, {""time"": 0.285, ""score"": 1.927, ""rms_ratio"": 1.058, ""diff_ratio"": 3.511}, {""time"": 3.385, ""score"": 1.881, ""rms_ratio"": 1.859, ""diff_ratio"": 1.904}, {""time"": 3.595, ""score"": 1.88, ""rms_ratio"": 1.368, ""diff_ratio"": 2.584}, {""time"": 0.915, ""score"": 1.733, ""rms_ratio"": 1.348, ""diff_ratio"": 2.228}]",4.837,ffprobe,4.821,1.995,2.842,fly,pending,high,,,,Ha-Seong Kim's solo home run (5)  Ha-Seong Kim's solo home run (5)  Ha-Seong Kim's solo home run (5)  Ha-Seong Kim drills a solo home run to left field to extend the Braves' lead to 2-0 in the top of the 4th,https://mlb-cuts-diamond.mlb.com/FORGE/2025/2025-09/21/8c58c964-74b5954e-870bb670-csvm-diamondgcp-asset_1280x720_59_4000K.mp4,MLB_776238_ha-seong-kim-homers-5-on-a-line-drive-to-left-center-field,raw_sources\MLB_776238_ha-seong-kim-homers-5-on-a-line-drive-to-left-center-field_Ha-Seong_Kim_s_solo_home_run_5_Ha-Seong_Kim_s_solo_home_run_5_Ha-Seong_Kim_s_solo_home_run_5_Ha-Seon.mp4,3.060,10.060,,no,audit_checkpoint_002,67
890,Codex_Workstation,F_0968,dataset/fly_ball/Codex_Workstation/F_0968,4,needs_edit,clip_too_short,insufficient_post_contact_context,recover_source_and_recut_longer,annotated_contact_audio_confirmed,1.970,2.070,2.105,2.105,2.226,2.175,2.279,2.105,0.085,2.105,2.226,"[{""time"": 2.105, ""score"": 2.226, ""rms_ratio"": 2.175, ""diff_ratio"": 2.279}, {""time"": 1.735, ""score"": 2.191, ""rms_ratio"": 2.298, ""diff_ratio"": 2.089}, {""time"": 5.375, ""score"": 1.918, ""rms_ratio"": 1.595, ""diff_ratio"": 2.307}, {""time"": 4.175, ""score"": 1.883, ""rms_ratio"": 1.508, ""diff_ratio"": 2.35}, {""time"": 0.305, ""score"": 1.878, ""rms_ratio"": 1.668, ""diff_ratio"": 2.114}, {""time"": 1.505, ""score"": 1.873, ""rms_ratio"": 1.059, ""diff_ratio"": 3.311}, {""time"": 0.525, ""score"": 1.775, ""rms_ratio"": 1.654, ""diff_ratio"": 1.904}, {""time"": 2.455, ""score"": 1.727, ""rms_ratio"": 1.662, ""diff_ratio"": 1.795}, {""time"": 0.705, ""score"": 1.678, ""rms_ratio"": 1.556, ""diff_ratio"": 1.809}, {""time"": 3.885, ""score"": 1.657, ""rms_ratio"": 0.775, ""diff_ratio"": 2.746}]",6.157,ffprobe,6.165,2.105,4.052,fly,pending,medium,,,,"Riley Greene's sacrifice fly Riley Greene's sacrifice fly Riley Greene's sacrifice fly Riley Greene hits a sacrifice fly to center, scoring Gleyber Torres to make it 6-2 in the 9th",https://mlb-cuts-diamond.mlb.com/FORGE/2025/2025-09/21/de5a7a56-a54685e2-f85e5028-csvm-diamondgcp-asset_1280x720_59_4000K.mp4,MLB_776238_dylan-dodd-in-play-run-s-to-riley-greene,raw_sources\MLB_776238_dylan-dodd-in-play-run-s-to-riley-greene_Riley_Greene_s_sacrifice_fly_Riley_Greene_s_sacrifice_fly_Riley_Greene_s_sacrifice_fly_Riley_Greene_hits_a_sacrifice_f.mp4,3.400,10.400,,no,audit_checkpoint_002,68
889,Codex_Workstation,F_0967,dataset/fly_ball/Codex_Workstation/F_0967,4,needs_edit,clip_too_short,insufficient_post_contact_context,recover_source_and_recut_longer,annotated_contact_audio_confirmed,1.690,1.790,1.745,1.745,25.703,16.113,41.001,1.745,0.005,1.745,25.703,"[{""time"": 1.745, ""score"": 25.703, ""rms_ratio"": 16.113, ""diff_ratio"": 41.001}, {""time"": 3.315, ""score"": 8.534, ""rms_ratio"": 4.836, ""diff_ratio"": 15.06}, {""time"": 4.665, ""score"": 7.804, ""rms_ratio"": 4.634, ""diff_ratio"": 13.143}, {""time"": 4.415, ""score"": 7.717, ""rms_ratio"": 6.16, ""diff_ratio"": 9.668}, {""time"": 5.295, ""score"": 7.1, ""rms_ratio"": 3.75, ""diff_ratio"": 13.446}, {""time"": 3.965, ""score"": 6.963, ""rms_ratio"": 6.295, ""diff_ratio"": 7.702}, {""time"": 4.915, ""score"": 6.848, ""rms_ratio"": 7.179, ""diff_ratio"": 6.533}, {""time"": 3.665, ""score"": 6.652, ""rms_ratio"": 7.062, ""diff_ratio"": 6.266}, {""time"": 4.075, ""score"": 6.168, ""rms_ratio"": 4.834, ""diff_ratio"": 7.869}, {""time"": 4.195, ""score"": 5.72, ""rms_ratio"": 3.525, ""diff_ratio"": 9.282}, {""time"": 3.515, ""score"": 4.986, ""rms_ratio"": 4.418, ""diff_ratio"": 5.628}, {""time"": 3.205, ""score"": 4.361, ""rms_ratio"": 4.878, ""diff_ratio"": 3.898}, {""time"": 3.845, ""score"": 4.106, ""rms_ratio"": 5.838, ""diff_ratio"": 2.888}, {""time"": 5.975, ""score"": 3.287, ""rms_ratio"": 4.299, ""diff_ratio"": 2.513}, {""time"": 3.075, ""score"": 2.609, ""rms_ratio"": 2.788, ""diff_ratio"": 2.441}]",7.014,ffprobe,7.014,1.745,5.269,fly,pending,medium,,,,"Nasim Nuñez's two-run home run (3) Nasim Nuñez's two-run home run (3) Nasim Nuñez's two-run home run (3) Nasim Nuñez hits a two-run home run to left field, increasing the Nationals' lead to a score of 3-0 in the top of the 2nd inning",https://mlb-cuts-diamond.mlb.com/FORGE/2025/2025-09/21/652853f3-06417ca5-83bc8710-csvm-diamondgcp-asset_1280x720_59_4000K.mp4,MLB_776237_sean-manaea-in-play-run-s-to-nasim-nunez,raw_sources\MLB_776237_sean-manaea-in-play-run-s-to-nasim-nunez_Nasim_Nu_ez_s_two-run_home_run_3_Nasim_Nu_ez_s_two-run_home_run_3_Nasim_Nu_ez_s_two-run_home_run_3_Nasim_Nu_ez_hits_a_.mp4,0.000,7.000,,no,audit_checkpoint_002,69
888,Codex_Workstation,F_0966,dataset/fly_ball/Codex_Workstation/F_0966,4,needs_edit,clip_too_short,insufficient_post_contact_context,recover_source_and_recut_longer,annotated_contact_audio_confirmed,1.710,1.810,1.765,1.765,9.696,6.047,15.547,1.765,0.005,1.765,9.696,"[{""time"": 1.765, ""score"": 9.696, ""rms_ratio"": 6.047, ""diff_ratio"": 15.547}, {""time"": 5.085, ""score"": 4.13, ""rms_ratio"": 3.923, ""diff_ratio"": 4.347}, {""time"": 6.375, ""score"": 3.744, ""rms_ratio"": 2.983, ""diff_ratio"": 4.7}, {""time"": 5.445, ""score"": 3.673, ""rms_ratio"": 3.325, ""diff_ratio"": 4.058}, {""time"": 5.335, ""score"": 3.45, ""rms_ratio"": 3.468, ""diff_ratio"": 3.432}, {""time"": 6.005, ""score"": 3.361, ""rms_ratio"": 3.257, ""diff_ratio"": 3.468}, {""time"": 4.815, ""score"": 3.3, ""rms_ratio"": 3.227, ""diff_ratio"": 3.375}, {""time"": 6.515, ""score"": 3.079, ""rms_ratio"": 2.644, ""diff_ratio"": 3.585}, {""time"": 6.195, ""score"": 3.004, ""rms_ratio"": 2.863, ""diff_ratio"": 3.152}, {""time"": 5.725, ""score"": 2.952, ""rms_ratio"": 3.163, ""diff_ratio"": 2.755}, {""time"": 2.575, ""score"": 2.402, ""rms_ratio"": 2.499, ""diff_ratio"": 2.308}, {""time"": 5.575, ""score"": 2.308, ""rms_ratio"": 1.546, ""diff_ratio"": 3.445}, {""time"": 2.145, ""score"": 1.86, ""rms_ratio"": 2.503, ""diff_ratio"": 1.382}, {""time"": 4.265, ""score"": 1.853, ""rms_ratio"": 2.084, ""diff_ratio"": 1.648}, {""time"": 1.625, ""score"": 1.812, ""rms_ratio"": 1.535, ""diff_ratio"": 2.139}, {""time"": 2.725, ""score"": 1.707, ""rms_ratio"": 1.891, ""diff_ratio"": 1.541}]",6.549,ffprobe,6.566,1.765,4.784,fly,pending,medium,,,,"Jacob Young's stupendous defensive performance Jacob Young's stupendous defensive performance Jacob Young's stupendous defensive performance Jacob Young makes two stupendous outfield catches, including a home run robbery in the bottom of the 9th inning to help the Nationals towards a 3-2 win",https://mlb-cuts-diamond.mlb.com/FORGE/2025/2025-09/21/209478f7-01591590-5a407f0f-csvm-diamondgcp-asset_1280x720_59_4000K.mp4,MLB_776237_jacob-young-s-stupendous-outfield-catches,raw_sources\MLB_776237_jacob-young-s-stupendous-outfield-catches_Jacob_Young_s_stupendous_defensive_performance_Jacob_Young_s_stupendous_defensive_performance_Jacob_Young_s_stupendou.mp4,0.000,7.000,,no,audit_checkpoint_002,70
887,Codex_Workstation,F_0965,dataset/fly_ball/Codex_Workstation/F_0965,4,needs_edit,clip_too_short,insufficient_post_contact_context,recover_source_and_recut_longer,annotated_contact_audio_confirmed,1.710,1.810,1.775,1.775,9.360,5.934,14.765,1.775,0.015,1.775,9.360,"[{""time"": 1.775, ""score"": 9.36, ""rms_ratio"": 5.934, ""diff_ratio"": 14.765}, {""time"": 6.145, ""score"": 3.284, ""rms_ratio"": 2.986, ""diff_ratio"": 3.612}, {""time"": 3.505, ""score"": 3.2, ""rms_ratio"": 2.674, ""diff_ratio"": 3.83}, {""time"": 4.755, ""score"": 3.157, ""rms_ratio"": 3.053, ""diff_ratio"": 3.265}, {""time"": 5.025, ""score"": 3.121, ""rms_ratio"": 3.279, ""diff_ratio"": 2.97}, {""time"": 3.825, ""score"": 3.079, ""rms_ratio"": 3.101, ""diff_ratio"": 3.058}, {""time"": 4.565, ""score"": 2.964, ""rms_ratio"": 3.058, ""diff_ratio"": 2.873}, {""time"": 6.255, ""score"": 2.833, ""rms_ratio"": 3.028, ""diff_ratio"": 2.651}, {""time"": 5.565, ""score"": 2.62, ""rms_ratio"": 2.406, ""diff_ratio"": 2.853}, {""time"": 3.995, ""score"": 2.573, ""rms_ratio"": 2.438, ""diff_ratio"": 2.714}, {""time"": 5.165, ""score"": 2.537, ""rms_ratio"": 2.287, ""diff_ratio"": 2.814}, {""time"": 3.385, ""score"": 2.517, ""rms_ratio"": 3.023, ""diff_ratio"": 2.096}, {""time"": 6.395, ""score"": 2.507, ""rms_ratio"": 2.528, ""diff_ratio"": 2.486}, {""time"": 3.625, ""score"": 2.389, ""rms_ratio"": 2.304, ""diff_ratio"": 2.477}, {""time"": 5.275, ""score"": 2.191, ""rms_ratio"": 2.048, ""diff_ratio"": 2.344}, {""time"": 2.265, ""score"": 2.116, ""rms_ratio"": 2.432, ""diff_ratio"": 1.841}]",6.443,ffprobe,6.459,1.775,4.668,fly,pending,medium,,,,"Jacob Young robs a home run after review Jacob Young robs a home run after review Jacob Young robs a home run after review Jacob Young robs a home run after the call on the field is confirmed, following an umpire review in the bottom of the 9th inning",https://mlb-cuts-diamond.mlb.com/FORGE/2025/2025-09/21/570f5db0-1d2db647-8d6a7b26-csvm-diamondgcp-asset_1280x720_59_4000K.mp4,MLB_776237_jacob-young-robs-a-home-run-after-review,raw_sources\MLB_776237_jacob-young-robs-a-home-run-after-review_Jacob_Young_robs_a_home_run_after_review_Jacob_Young_robs_a_home_run_after_review_Jacob_Young_robs_a_home_run_after_re.mp4,0.000,7.000,,no,audit_checkpoint_002,71
886,Codex_Workstation,F_0964,dataset/fly_ball/Codex_Workstation/F_0964,4,needs_edit,contact_timestamp_wrong,contact_timestamp_wrong;insufficient_post_contact_context,retime_from_local_audio_candidate;qwen_confirm_visual_contact_near_candidate;recover_source_and_recut_longer,likely_contact_timestamp_wrong,1.970,2.070,1.415,2.025,1.971,3.311,1.174,2.025,0.005,5.395,3.143,"[{""time"": 5.395, ""score"": 3.143, ""rms_ratio"": 3.133, ""diff_ratio"": 3.154}, {""time"": 6.985, ""score"": 2.994, ""rms_ratio"": 1.489, ""diff_ratio"": 6.022}, {""time"": 3.385, ""score"": 2.704, ""rms_ratio"": 1.382, ""diff_ratio"": 5.29}, {""time"": 0.325, ""score"": 2.377, ""rms_ratio"": 2.391, ""diff_ratio"": 2.364}, {""time"": 1.005, ""score"": 2.207, ""rms_ratio"": 1.173, ""diff_ratio"": 4.153}, {""time"": 5.945, ""score"": 2.114, ""rms_ratio"": 2.779, ""diff_ratio"": 1.609}, {""time"": 1.415, ""score"": 2.103, ""rms_ratio"": 2.451, ""diff_ratio"": 1.805}, {""time"": 2.025, ""score"": 1.971, ""rms_ratio"": 3.311, ""diff_ratio"": 1.174}, {""time"": 5.605, ""score"": 1.897, ""rms_ratio"": 2.493, ""diff_ratio"": 1.443}, {""time"": 0.095, ""score"": 1.864, ""rms_ratio"": 1.698, ""diff_ratio"": 2.045}, {""time"": 3.815, ""score"": 1.86, ""rms_ratio"": 1.841, ""diff_ratio"": 1.878}, {""time"": 6.725, ""score"": 1.749, ""rms_ratio"": 2.382, ""diff_ratio"": 1.284}, {""time"": 6.185, ""score"": 1.679, ""rms_ratio"": 2.23, ""diff_ratio"": 1.263}]",7.006,ffprobe,7.019,1.415,5.591,fly,pending,high,,,,"Francisco Lindor's solo home run (28) Francisco Lindor's solo home run (28) Francisco Lindor's solo home run (28) Francisco Lindor hits a solo home run to right field, cutting the Mets' deficit to 3-2 in the bottom of the 6th inning",https://mlb-cuts-diamond.mlb.com/FORGE/2025/2025-09/21/c4d52249-c13dd076-c25d2ffb-csvm-diamondgcp-asset_1280x720_59_4000K.mp4,MLB_776237_francisco-lindor-homers-28-on-a-fly-ball-to-right-field-jufv2g,raw_sources\MLB_776237_francisco-lindor-homers-28-on-a-fly-ball-to-right-field-jufv2g_Francisco_Lindor_s_solo_home_run_28_Francisco_Lindor_s_solo_home_run_28_Francisco_Lindor_s_solo_.mp4,3.860,10.860,,no,audit_checkpoint_002,72
885,Codex_Workstation,F_0963,dataset/fly_ball/Codex_Workstation/F_0963,4,needs_edit,clip_too_short,insufficient_post_contact_context,recover_source_and_recut_longer,annotated_contact_audio_confirmed,1.710,1.810,1.775,1.775,8.556,5.409,13.535,1.775,0.015,1.775,8.556,"[{""time"": 1.775, ""score"": 8.556, ""rms_ratio"": 5.409, ""diff_ratio"": 13.535}, {""time"": 6.145, ""score"": 3.002, ""rms_ratio"": 2.722, ""diff_ratio"": 3.311}, {""time"": 3.505, ""score"": 2.925, ""rms_ratio"": 2.437, ""diff_ratio"": 3.511}, {""time"": 4.755, ""score"": 2.886, ""rms_ratio"": 2.783, ""diff_ratio"": 2.993}, {""time"": 6.705, ""score"": 2.869, ""rms_ratio"": 2.51, ""diff_ratio"": 3.28}, {""time"": 5.025, ""score"": 2.853, ""rms_ratio"": 2.989, ""diff_ratio"": 2.722}, {""time"": 3.825, ""score"": 2.815, ""rms_ratio"": 2.826, ""diff_ratio"": 2.803}, {""time"": 4.565, ""score"": 2.71, ""rms_ratio"": 2.787, ""diff_ratio"": 2.634}, {""time"": 6.255, ""score"": 2.59, ""rms_ratio"": 2.76, ""diff_ratio"": 2.43}, {""time"": 6.485, ""score"": 2.406, ""rms_ratio"": 2.343, ""diff_ratio"": 2.471}, {""time"": 5.565, ""score"": 2.395, ""rms_ratio"": 2.193, ""diff_ratio"": 2.615}, {""time"": 3.995, ""score"": 2.352, ""rms_ratio"": 2.223, ""diff_ratio"": 2.488}, {""time"": 6.955, ""score"": 2.347, ""rms_ratio"": 2.234, ""diff_ratio"": 2.465}, {""time"": 5.165, ""score"": 2.319, ""rms_ratio"": 2.084, ""diff_ratio"": 2.579}, {""time"": 3.385, ""score"": 2.301, ""rms_ratio"": 2.755, ""diff_ratio"": 1.922}, {""time"": 3.625, ""score"": 2.184, ""rms_ratio"": 2.1, ""diff_ratio"": 2.27}]",7.014,ffprobe,7.014,1.775,5.239,fly,pending,high,,,,Jacob Young's INSANE home run robbery! Jacob Young's INSANE home run robbery! Jacob Young's INSANE home run robbery! Jacob Young makes an insane home run robbery in center field for the first out of the top of the 9th inning,https://mlb-cuts-diamond.mlb.com/FORGE/2025/2025-09/21/72a28ac4-ec6014c5-3ba6b1c3-csvm-diamondgcp-asset_1280x720_59_4000K.mp4,MLB_776237_francisco-alvarez-lines-out-sharply-to-center-fielder-jacob-young,raw_sources\MLB_776237_francisco-alvarez-lines-out-sharply-to-center-fielder-jacob-young_Jacob_Young_s_INSANE_home_run_robbery_Jacob_Young_s_INSANE_home_run_robbery_Jacob_Young_s_INS.mp4,0.000,7.000,,no,audit_checkpoint_002,73
884,Codex_Workstation,F_0962,dataset/fly_ball/Codex_Workstation/F_0962,4,needs_edit,clip_too_short,insufficient_post_contact_context,recover_source_and_recut_longer,annotated_contact_audio_confirmed,1.970,2.070,2.025,2.025,8.934,4.984,16.014,2.025,0.005,2.025,8.934,"[{""time"": 2.025, ""score"": 8.934, ""rms_ratio"": 4.984, ""diff_ratio"": 16.014}, {""time"": 5.495, ""score"": 4.398, ""rms_ratio"": 2.263, ""diff_ratio"": 8.547}, {""time"": 3.525, ""score"": 3.867, ""rms_ratio"": 1.842, ""diff_ratio"": 8.116}, {""time"": 4.095, ""score"": 3.427, ""rms_ratio"": 3.184, ""diff_ratio"": 3.689}, {""time"": 4.795, ""score"": 3.207, ""rms_ratio"": 1.83, ""diff_ratio"": 5.621}, {""time"": 4.635, ""score"": 3.089, ""rms_ratio"": 2.663, ""diff_ratio"": 3.583}, {""time"": 4.525, ""score"": 3.078, ""rms_ratio"": 2.424, ""diff_ratio"": 3.908}, {""time"": 3.355, ""score"": 2.957, ""rms_ratio"": 2.576, ""diff_ratio"": 3.393}, {""time"": 2.965, ""score"": 2.948, ""rms_ratio"": 1.677, ""diff_ratio"": 5.182}, {""time"": 5.875, ""score"": 2.933, ""rms_ratio"": 2.433, ""diff_ratio"": 3.536}, {""time"": 5.685, ""score"": 2.875, ""rms_ratio"": 3.054, ""diff_ratio"": 2.706}, {""time"": 3.825, ""score"": 2.854, ""rms_ratio"": 2.706, ""diff_ratio"": 3.011}, {""time"": 5.195, ""score"": 2.532, ""rms_ratio"": 3.145, ""diff_ratio"": 2.038}, {""time"": 4.915, ""score"": 2.377, ""rms_ratio"": 2.473, ""diff_ratio"": 2.284}, {""time"": 3.115, ""score"": 2.349, ""rms_ratio"": 2.7, ""diff_ratio"": 2.043}, {""time"": 4.235, ""score"": 2.309, ""rms_ratio"": 2.401, ""diff_ratio"": 2.221}]",5.886,ffprobe,5.888,2.025,3.861,fly,pending,high,,,,"Fernando Tatis Jr.'s 150th career home run Fernando Tatis Jr.'s 150th career home run Fernando Tatis Jr.'s 150th career home run Fernando Tatis Jr. crushes his 23rd home run of the season and his 150th career home run, extending the Padres' lead to 3-0",https://mlb-cuts-diamond.mlb.com/FORGE/2025/2025-09/21/9d284f02-6df5420a-0cf967f6-csvm-diamondgcp-asset_1280x720_59_4000K.mp4,MLB_776235_sean-burke-in-play-run-s-to-fernando-tatis-jr,raw_sources\MLB_776235_sean-burke-in-play-run-s-to-fernando-tatis-jr_Fernando_Tatis_Jr._s_150th_career_home_run_Fernando_Tatis_Jr._s_150th_career_home_run_Fernando_Tatis_Jr._s_150th_.mp4,0.620,7.620,,no,audit_checkpoint_002,74
883,Codex_Workstation,F_0961,dataset/fly_ball/Codex_Workstation/F_0961,4,needs_edit,contact_timestamp_wrong,contact_timestamp_wrong;insufficient_post_contact_context,retime_from_local_audio_candidate;qwen_confirm_visual_contact_near_candidate;recover_source_and_recut_longer,likely_contact_timestamp_wrong,1.950,2.050,2.555,2.015,1.775,2.153,1.463,2.015,0.015,2.555,2.069,"[{""time"": 2.555, ""score"": 2.069, ""rms_ratio"": 2.013, ""diff_ratio"": 2.127}, {""time"": 3.365, ""score"": 2.01, ""rms_ratio"": 1.773, ""diff_ratio"": 2.279}, {""time"": 2.355, ""score"": 1.973, ""rms_ratio"": 1.735, ""diff_ratio"": 2.244}, {""time"": 0.525, ""score"": 1.849, ""rms_ratio"": 0.921, ""diff_ratio"": 3.419}, {""time"": 2.015, ""score"": 1.775, ""rms_ratio"": 2.153, ""diff_ratio"": 1.463}, {""time"": 3.095, ""score"": 1.732, ""rms_ratio"": 1.972, ""diff_ratio"": 1.521}, {""time"": 1.915, ""score"": 1.656, ""rms_ratio"": 1.933, ""diff_ratio"": 1.419}]",5.922,ffprobe,5.931,2.555,3.367,fly,pending,high,,,,"Joey Bart's three-run home run (4) Joey Bart's three-run home run (4) Joey Bart's three-run home run (4) Joey Bart crushes a three-run home run to left field, extending the Pirates' lead to 10-0 in the 5th inning",https://mlb-cuts-diamond.mlb.com/FORGE/2025/2025-09/21/d158e8a4-e2c30e06-8f82efb4-csvm-diamondgcp-asset_1280x720_59_4000K.mp4,MLB_776234_osvaldo-bido-in-play-run-s-to-joey-bart,raw_sources\MLB_776234_osvaldo-bido-in-play-run-s-to-joey-bart_Joey_Bart_s_three-run_home_run_4_Joey_Bart_s_three-run_home_run_4_Joey_Bart_s_three-run_home_run_4_Joey_Bart_crushes_a_.mp4,4.860,11.860,,no,audit_checkpoint_002,75
882,Codex_Workstation,F_0960,dataset/fly_ball/Codex_Workstation/F_0960,4,needs_edit,clip_too_short,insufficient_post_contact_context,recover_source_and_recut_longer,annotated_contact_audio_confirmed,1.950,2.050,2.015,2.015,30.291,13.307,68.952,2.015,0.015,2.015,30.291,"[{""time"": 2.015, ""score"": 30.291, ""rms_ratio"": 13.307, ""diff_ratio"": 68.952}, {""time"": 3.675, ""score"": 5.99, ""rms_ratio"": 2.636, ""diff_ratio"": 13.608}, {""time"": 3.965, ""score"": 5.608, ""rms_ratio"": 5.501, ""diff_ratio"": 5.717}, {""time"": 4.575, ""score"": 5.475, ""rms_ratio"": 4.658, ""diff_ratio"": 6.435}, {""time"": 4.065, ""score"": 5.23, ""rms_ratio"": 5.005, ""diff_ratio"": 5.466}, {""time"": 4.445, ""score"": 5.208, ""rms_ratio"": 5.402, ""diff_ratio"": 5.021}, {""time"": 4.275, ""score"": 4.015, ""rms_ratio"": 4.285, ""diff_ratio"": 3.761}, {""time"": 3.795, ""score"": 3.2, ""rms_ratio"": 3.261, ""diff_ratio"": 3.14}, {""time"": 2.745, ""score"": 2.801, ""rms_ratio"": 1.558, ""diff_ratio"": 5.037}, {""time"": 3.295, ""score"": 2.676, ""rms_ratio"": 3.012, ""diff_ratio"": 2.377}, {""time"": 3.125, ""score"": 2.482, ""rms_ratio"": 2.603, ""diff_ratio"": 2.366}, {""time"": 3.475, ""score"": 2.201, ""rms_ratio"": 2.329, ""diff_ratio"": 2.081}, {""time"": 2.985, ""score"": 2.016, ""rms_ratio"": 2.191, ""diff_ratio"": 1.855}, {""time"": 4.825, ""score"": 2.002, ""rms_ratio"": 1.902, ""diff_ratio"": 2.108}, {""time"": 4.705, ""score"": 1.977, ""rms_ratio"": 2.105, ""diff_ratio"": 1.858}, {""time"": 5.285, ""score"": 1.864, ""rms_ratio"": 1.659, ""diff_ratio"": 2.093}]",5.437,ffprobe,5.440,2.015,3.422,fly,pending,medium,,,,"Jared Triolo's four-hit, three RBI game Jared Triolo's four-hit, three RBI game Jared Triolo's four-hit, three RBI game Jared Triolo collects four hits while driving in three runs, including a two-run home run during the Pirates' 11-0 win over the Athletics",https://mlb-cuts-diamond.mlb.com/FORGE/2025/2025-09/21/d67551d0-3457cfd6-892eea03-csvm-diamondgcp-asset_1280x720_59_4000K.mp4,MLB_776234_jared-triolo-s-four-hit-three-rbi-game,raw_sources\MLB_776234_jared-triolo-s-four-hit-three-rbi-game_Jared_Triolo_s_four-hit_three_RBI_game_Jared_Triolo_s_four-hit_three_RBI_game_Jared_Triolo_s_four-hit_three_RBI_game_Jar.mp4,0.920,7.920,,no,audit_checkpoint_002,76
881,Codex_Workstation,F_0959,dataset/fly_ball/Codex_Workstation/F_0959,4,needs_edit,clip_too_short,insufficient_post_contact_context,recover_source_and_recut_longer,annotated_contact_audio_confirmed,1.970,2.070,2.035,2.035,2.326,2.722,1.988,2.035,0.015,2.035,2.326,"[{""time"": 2.035, ""score"": 2.326, ""rms_ratio"": 2.722, ""diff_ratio"": 1.988}, {""time"": 1.805, ""score"": 2.245, ""rms_ratio"": 2.37, ""diff_ratio"": 2.127}, {""time"": 1.535, ""score"": 2.227, ""rms_ratio"": 1.596, ""diff_ratio"": 3.106}, {""time"": 0.055, ""score"": 2.203, ""rms_ratio"": 1.225, ""diff_ratio"": 3.96}, {""time"": 2.995, ""score"": 2.093, ""rms_ratio"": 2.206, ""diff_ratio"": 1.986}, {""time"": 1.655, ""score"": 2.046, ""rms_ratio"": 2.178, ""diff_ratio"": 1.922}, {""time"": 2.495, ""score"": 2.037, ""rms_ratio"": 1.22, ""diff_ratio"": 3.401}, {""time"": 3.725, ""score"": 1.995, ""rms_ratio"": 1.719, ""diff_ratio"": 2.314}, {""time"": 2.175, ""score"": 1.992, ""rms_ratio"": 2.319, ""diff_ratio"": 1.712}, {""time"": 4.415, ""score"": 1.919, ""rms_ratio"": 1.884, ""diff_ratio"": 1.955}, {""time"": 4.165, ""score"": 1.88, ""rms_ratio"": 0.827, ""diff_ratio"": 3.534}, {""time"": 2.775, ""score"": 1.822, ""rms_ratio"": 1.998, ""diff_ratio"": 1.663}, {""time"": 2.365, ""score"": 1.789, ""rms_ratio"": 1.974, ""diff_ratio"": 1.62}, {""time"": 0.525, ""score"": 1.774, ""rms_ratio"": 0.871, ""diff_ratio"": 3.147}, {""time"": 4.585, ""score"": 1.747, ""rms_ratio"": 1.908, ""diff_ratio"": 1.6}, {""time"": 3.445, ""score"": 1.722, ""rms_ratio"": 1.806, ""diff_ratio"": 1.643}]",5.710,ffprobe,5.717,2.035,3.675,fly,pending,high,,,,"Jared Triolo's two-run home run (7) Jared Triolo's two-run home run (7) Jared Triolo's two-run home run (7) Jared Triolo lifts a two-run home run to deep left field, plating Nick Yorke to extend the Pirates' lead to 4-0 in the 2nd inning",https://mlb-cuts-diamond.mlb.com/FORGE/2025/2025-09/21/067a7c15-901dae97-5e1262c1-csvm-diamondgcp-asset_1280x720_59_4000K.mp4,MLB_776234_jared-triolo-homers-7-on-a-fly-ball-to-left-center-field-nick-yorke-s,raw_sources\MLB_776234_jared-triolo-homers-7-on-a-fly-ball-to-left-center-field-nick-yorke-s_Jared_Triolo_s_two-run_home_run_7_Jared_Triolo_s_two-run_home_run_7_Jared_Triolo_s_two-ru.mp4,6.940,13.940,,no,audit_checkpoint_002,77
880,Codex_Workstation,F_0958,dataset/fly_ball/Codex_Workstation/F_0958,4,needs_edit,contact_timestamp_wrong,contact_timestamp_wrong;insufficient_post_contact_context,retime_from_local_audio_candidate;qwen_confirm_visual_contact_near_candidate;recover_source_and_recut_longer,likely_contact_timestamp_wrong,3.270,3.370,3.205,3.305,1.858,1.282,2.693,3.305,0.015,1.845,4.031,"[{""time"": 1.845, ""score"": 4.031, ""rms_ratio"": 2.47, ""diff_ratio"": 6.577}, {""time"": 3.205, ""score"": 2.824, ""rms_ratio"": 1.373, ""diff_ratio"": 5.81}, {""time"": 2.035, ""score"": 2.377, ""rms_ratio"": 1.612, ""diff_ratio"": 3.505}, {""time"": 0.315, ""score"": 2.28, ""rms_ratio"": 2.077, ""diff_ratio"": 2.503}, {""time"": 0.905, ""score"": 2.057, ""rms_ratio"": 1.987, ""diff_ratio"": 2.129}, {""time"": 1.235, ""score"": 1.881, ""rms_ratio"": 2.055, ""diff_ratio"": 1.721}, {""time"": 3.305, ""score"": 1.858, ""rms_ratio"": 1.282, ""diff_ratio"": 2.693}, {""time"": 3.035, ""score"": 1.84, ""rms_ratio"": 1.668, ""diff_ratio"": 2.03}, {""time"": 6.545, ""score"": 1.811, ""rms_ratio"": 1.491, ""diff_ratio"": 2.2}, {""time"": 5.765, ""score"": 1.728, ""rms_ratio"": 1.693, ""diff_ratio"": 1.764}, {""time"": 5.955, ""score"": 1.706, ""rms_ratio"": 1.588, ""diff_ratio"": 1.834}, {""time"": 4.315, ""score"": 1.706, ""rms_ratio"": 1.76, ""diff_ratio"": 1.652}, {""time"": 3.935, ""score"": 1.686, ""rms_ratio"": 1.594, ""diff_ratio"": 1.784}, {""time"": 4.195, ""score"": 1.686, ""rms_ratio"": 1.4, ""diff_ratio"": 2.03}, {""time"": 1.485, ""score"": 1.669, ""rms_ratio"": 1.839, ""diff_ratio"": 1.515}, {""time"": 5.585, ""score"": 1.661, ""rms_ratio"": 1.559, ""diff_ratio"": 1.769}]",7.006,ffprobe,7.019,3.205,3.801,fly,pending,high,,,,Steven Kwan's leadoff home run (11) Steven Kwan's leadoff home run (11) Steven Kwan's leadoff home run (11) Steven Kwan clobbers a leadoff homerun for his 11th home run of the season,https://mlb-cuts-diamond.mlb.com/FORGE/2025/2025-09/21/2c56c9c7-101e1bc1-a970113b-csvm-diamondgcp-asset_1280x720_59_4000K.mp4,MLB_776225_steven-kwan-homers-11-on-a-fly-ball-to-right-field-ycaumt,raw_sources\MLB_776225_steven-kwan-homers-11-on-a-fly-ball-to-right-field-ycaumt_Steven_Kwan_s_leadoff_home_run_11_Steven_Kwan_s_leadoff_home_run_11_Steven_Kwan_s_leadoff_home_run_11.mp4,3.440,10.440,,no,audit_checkpoint_002,78
879,Codex_Workstation,F_0957,dataset/fly_ball/Codex_Workstation/F_0957,4,needs_edit,clip_too_short,insufficient_post_contact_context,recover_source_and_recut_longer,annotated_contact_audio_confirmed,1.970,2.070,2.025,2.025,3.133,3.493,2.811,2.025,0.005,2.025,3.133,"[{""time"": 2.025, ""score"": 3.133, ""rms_ratio"": 3.493, ""diff_ratio"": 2.811}, {""time"": 0.435, ""score"": 2.66, ""rms_ratio"": 3.021, ""diff_ratio"": 2.342}, {""time"": 0.895, ""score"": 2.606, ""rms_ratio"": 3.414, ""diff_ratio"": 1.99}, {""time"": 1.675, ""score"": 2.575, ""rms_ratio"": 3.257, ""diff_ratio"": 2.035}, {""time"": 2.415, ""score"": 2.447, ""rms_ratio"": 2.461, ""diff_ratio"": 2.432}, {""time"": 0.665, ""score"": 2.345, ""rms_ratio"": 2.028, ""diff_ratio"": 2.712}, {""time"": 1.855, ""score"": 2.225, ""rms_ratio"": 2.657, ""diff_ratio"": 1.863}, {""time"": 3.355, ""score"": 2.207, ""rms_ratio"": 1.173, ""diff_ratio"": 4.154}, {""time"": 1.185, ""score"": 2.13, ""rms_ratio"": 1.057, ""diff_ratio"": 4.292}, {""time"": 2.285, ""score"": 2.034, ""rms_ratio"": 0.98, ""diff_ratio"": 4.137}, {""time"": 3.565, ""score"": 1.967, ""rms_ratio"": 2.318, ""diff_ratio"": 1.669}, {""time"": 2.175, ""score"": 1.909, ""rms_ratio"": 1.761, ""diff_ratio"": 2.07}, {""time"": 1.475, ""score"": 1.878, ""rms_ratio"": 2.444, ""diff_ratio"": 1.443}, {""time"": 2.545, ""score"": 1.862, ""rms_ratio"": 1.725, ""diff_ratio"": 2.01}, {""time"": 2.665, ""score"": 1.819, ""rms_ratio"": 1.987, ""diff_ratio"": 1.666}, {""time"": 3.755, ""score"": 1.733, ""rms_ratio"": 1.453, ""diff_ratio"": 2.066}]",4.562,ffprobe,4.565,2.025,2.537,fly,pending,high,,,,"Brooks Lee's two-run home run (16) Brooks Lee's two-run home run (16) Brooks Lee's two-run home run (16) Brooks Lee crushes a go-ahead two-run home run in the bottom of the 6th inning, giving the Twins a 3-2 lead",https://mlb-cuts-diamond.mlb.com/FORGE/2025/2025-09/21/a07d92bd-48d5ba25-825291ba-csvm-diamondgcp-asset_1280x720_59_4000K.mp4,MLB_776225_brooks-lee-homers-16-on-a-fly-ball-to-right-center-field-luke-keascha,raw_sources\MLB_776225_brooks-lee-homers-16-on-a-fly-ball-to-right-center-field-luke-keascha_Brooks_Lee_s_two-run_home_run_16_Brooks_Lee_s_two-run_home_run_16_Brooks_Lee_s_two-run_ho.mp4,3.480,10.480,,no,audit_checkpoint_002,79
878,Codex_Workstation,F_0956,dataset/fly_ball/Codex_Workstation/F_0956,4,needs_edit,contact_timestamp_wrong,contact_timestamp_wrong;insufficient_post_contact_context,retime_from_local_audio_candidate;qwen_confirm_visual_contact_near_candidate;recover_source_and_recut_longer,likely_contact_timestamp_wrong,1.970,2.070,2.175,2.095,1.994,1.528,2.602,2.035,0.015,3.735,3.460,"[{""time"": 3.735, ""score"": 3.46, ""rms_ratio"": 1.528, ""diff_ratio"": 7.833}, {""time"": 0.545, ""score"": 2.653, ""rms_ratio"": 1.311, ""diff_ratio"": 5.371}, {""time"": 2.625, ""score"": 2.287, ""rms_ratio"": 1.881, ""diff_ratio"": 2.781}, {""time"": 2.175, ""score"": 2.145, ""rms_ratio"": 1.713, ""diff_ratio"": 2.687}, {""time"": 4.175, ""score"": 2.101, ""rms_ratio"": 1.87, ""diff_ratio"": 2.36}, {""time"": 2.345, ""score"": 2.05, ""rms_ratio"": 2.027, ""diff_ratio"": 2.073}, {""time"": 3.625, ""score"": 2.04, ""rms_ratio"": 2.117, ""diff_ratio"": 1.965}, {""time"": 4.865, ""score"": 2.038, ""rms_ratio"": 1.979, ""diff_ratio"": 2.099}, {""time"": 3.485, ""score"": 2.036, ""rms_ratio"": 1.658, ""diff_ratio"": 2.5}, {""time"": 0.125, ""score"": 1.977, ""rms_ratio"": 1.888, ""diff_ratio"": 2.07}, {""time"": 2.035, ""score"": 1.965, ""rms_ratio"": 2.279, ""diff_ratio"": 1.694}, {""time"": 1.085, ""score"": 1.947, ""rms_ratio"": 2.086, ""diff_ratio"": 1.817}, {""time"": 4.325, ""score"": 1.902, ""rms_ratio"": 1.65, ""diff_ratio"": 2.193}, {""time"": 4.055, ""score"": 1.806, ""rms_ratio"": 1.589, ""diff_ratio"": 2.051}, {""time"": 0.985, ""score"": 1.79, ""rms_ratio"": 2.058, ""diff_ratio"": 1.557}, {""time"": 4.995, ""score"": 1.786, ""rms_ratio"": 1.629, ""diff_ratio"": 1.958}]",5.755,ffprobe,5.760,2.175,3.580,fly,pending,high,,,,"Oneil Cruz's two-run homer (20) Oneil Cruz's two-run homer (20) Oneil Cruz's two-run homer (20) Oneil Cruz hits a two-run home run to left field, extending the Pirates' lead to 4-0 in the 2nd",https://mlb-cuts-diamond.mlb.com/FORGE/2025/2025-09/23/69332dd3-a72781ee-eb89227f-csvm-diamondgcp-asset_1280x720_59_4000K.mp4,MLB_776224_oneil-cruz-homers-20-on-a-fly-ball-to-left-field-alexander-canario-sc,raw_sources\MLB_776224_oneil-cruz-homers-20-on-a-fly-ball-to-left-field-alexander-canario-sc_Oneil_Cruz_s_two-run_homer_20_Oneil_Cruz_s_two-run_homer_20_Oneil_Cruz_s_two-run_homer_20.mp4,4.260,11.260,,no,audit_checkpoint_002,80
877,Codex_Workstation,F_0955,dataset/fly_ball/Codex_Workstation/F_0955,4,needs_edit,contact_timestamp_wrong,contact_timestamp_wrong;insufficient_post_contact_context,retime_from_local_audio_candidate;qwen_confirm_visual_contact_near_candidate;recover_source_and_recut_longer,likely_contact_timestamp_wrong,4.890,4.990,4.495,4.955,2.022,1.748,2.339,4.955,0.015,4.375,3.238,"[{""time"": 4.375, ""score"": 3.238, ""rms_ratio"": 1.467, ""diff_ratio"": 7.149}, {""time"": 2.165, ""score"": 2.631, ""rms_ratio"": 1.393, ""diff_ratio"": 4.967}, {""time"": 4.495, ""score"": 2.501, ""rms_ratio"": 1.253, ""diff_ratio"": 4.993}, {""time"": 3.585, ""score"": 2.48, ""rms_ratio"": 1.374, ""diff_ratio"": 4.478}, {""time"": 1.945, ""score"": 2.103, ""rms_ratio"": 1.192, ""diff_ratio"": 3.708}, {""time"": 4.955, ""score"": 2.022, ""rms_ratio"": 1.748, ""diff_ratio"": 2.339}, {""time"": 4.775, ""score"": 1.79, ""rms_ratio"": 1.464, ""diff_ratio"": 2.188}, {""time"": 1.475, ""score"": 1.737, ""rms_ratio"": 1.184, ""diff_ratio"": 2.549}, {""time"": 4.145, ""score"": 1.71, ""rms_ratio"": 1.706, ""diff_ratio"": 1.714}, {""time"": 3.155, ""score"": 1.688, ""rms_ratio"": 1.61, ""diff_ratio"": 1.768}]",5.025,ffprobe,5.035,4.495,0.530,fly,pending,high,,,,"Colton Cowser's 425-foot two-run home run (16) Colton Cowser's 425-foot two-run home run (16) Colton Cowser's 425-foot two-run home run (16) Colton Cowser drills a two-run home run 425 feet to center field, plating Samuel Basallo and giving the Orioles a 6-0 lead in the bottom of the 6th",https://mlb-cuts-diamond.mlb.com/FORGE/2025/2025-09/23/8298c880-6742009f-e0b36ddd-csvm-diamondgcp-asset_1280x720_59_4000K.mp4,MLB_776223_colton-cowser-homers-16-on-a-fly-ball-to-center-field-samuel-basallo-,raw_sources\MLB_776223_colton-cowser-homers-16-on-a-fly-ball-to-center-field-samuel-basallo-_Colton_Cowser_s_425-foot_two-run_home_run_16_Colton_Cowser_s_425-foot_two-run_home_run_16.mp4,2.420,9.420,,no,audit_checkpoint_002,81
876,Codex_Workstation,F_0954,dataset/fly_ball/Codex_Workstation/F_0954,4,needs_edit,contact_timestamp_wrong,contact_timestamp_wrong;insufficient_post_contact_context,retime_from_local_audio_candidate;qwen_confirm_visual_contact_near_candidate;recover_source_and_recut_longer,likely_contact_timestamp_wrong,5.470,5.570,5.285,5.525,2.358,2.035,2.732,5.525,0.005,1.655,3.791,"[{""time"": 1.655, ""score"": 3.791, ""rms_ratio"": 2.078, ""diff_ratio"": 6.916}, {""time"": 5.285, ""score"": 2.981, ""rms_ratio"": 1.512, ""diff_ratio"": 5.875}, {""time"": 3.795, ""score"": 2.797, ""rms_ratio"": 1.573, ""diff_ratio"": 4.971}, {""time"": 6.395, ""score"": 2.64, ""rms_ratio"": 1.538, ""diff_ratio"": 4.533}, {""time"": 5.525, ""score"": 2.358, ""rms_ratio"": 2.035, ""diff_ratio"": 2.732}, {""time"": 2.945, ""score"": 2.111, ""rms_ratio"": 1.648, ""diff_ratio"": 2.704}, {""time"": 6.695, ""score"": 2.024, ""rms_ratio"": 1.799, ""diff_ratio"": 2.277}, {""time"": 3.635, ""score"": 1.82, ""rms_ratio"": 1.627, ""diff_ratio"": 2.036}, {""time"": 2.705, ""score"": 1.8, ""rms_ratio"": 1.469, ""diff_ratio"": 2.204}, {""time"": 5.025, ""score"": 1.78, ""rms_ratio"": 1.773, ""diff_ratio"": 1.787}, {""time"": 5.695, ""score"": 1.651, ""rms_ratio"": 1.5, ""diff_ratio"": 1.816}]",7.014,ffprobe,7.014,5.285,1.729,fly,pending,high,,,,Ronald Acuña Jr.'s solo home run (19) Ronald Acuña Jr.'s solo home run (19) Ronald Acuña Jr.'s solo home run (19) Ronald Acuña Jr. answers with a solo home run of his own to tie the game at 1-1 in the first inning,https://mlb-cuts-diamond.mlb.com/FORGE/2025/2025-09/22/6a671f99-5321da93-ae5704f0-csvm-diamondgcp-asset_1280x720_59_4000K.mp4,MLB_776221_ronald-acuna-jr-homers-19-on-a-fly-ball-to-left-center-field,raw_sources\MLB_776221_ronald-acuna-jr-homers-19-on-a-fly-ball-to-left-center-field_Ronald_Acu_a_Jr._s_solo_home_run_19_Ronald_Acu_a_Jr._s_solo_home_run_19_Ronald_Acu_a_Jr._s_solo_ho.mp4,0.000,7.000,,no,audit_checkpoint_002,82
875,Codex_Workstation,F_0953,dataset/fly_ball/Codex_Workstation/F_0953,4,needs_edit,clip_too_short,insufficient_post_contact_context,recover_source_and_recut_longer,annotated_contact_audio_confirmed,1.090,1.190,1.155,1.155,9.736,7.265,13.048,1.155,0.015,1.155,9.736,"[{""time"": 1.155, ""score"": 9.736, ""rms_ratio"": 7.265, ""diff_ratio"": 13.048}, {""time"": 5.175, ""score"": 3.592, ""rms_ratio"": 1.947, ""diff_ratio"": 6.629}, {""time"": 0.035, ""score"": 3.561, ""rms_ratio"": 2.046, ""diff_ratio"": 6.199}, {""time"": 4.485, ""score"": 3.376, ""rms_ratio"": 3.604, ""diff_ratio"": 3.163}, {""time"": 6.265, ""score"": 3.294, ""rms_ratio"": 1.863, ""diff_ratio"": 5.827}, {""time"": 0.375, ""score"": 3.193, ""rms_ratio"": 1.763, ""diff_ratio"": 5.782}, {""time"": 2.135, ""score"": 3.025, ""rms_ratio"": 1.765, ""diff_ratio"": 5.185}, {""time"": 5.075, ""score"": 2.808, ""rms_ratio"": 2.914, ""diff_ratio"": 2.706}, {""time"": 3.915, ""score"": 2.737, ""rms_ratio"": 2.973, ""diff_ratio"": 2.52}, {""time"": 1.815, ""score"": 2.664, ""rms_ratio"": 2.171, ""diff_ratio"": 3.268}, {""time"": 4.195, ""score"": 2.533, ""rms_ratio"": 2.186, ""diff_ratio"": 2.936}, {""time"": 5.935, ""score"": 2.485, ""rms_ratio"": 2.579, ""diff_ratio"": 2.395}, {""time"": 2.465, ""score"": 2.4, ""rms_ratio"": 2.838, ""diff_ratio"": 2.029}, {""time"": 1.985, ""score"": 2.315, ""rms_ratio"": 2.415, ""diff_ratio"": 2.219}, {""time"": 4.605, ""score"": 2.182, ""rms_ratio"": 2.465, ""diff_ratio"": 1.931}, {""time"": 6.115, ""score"": 2.085, ""rms_ratio"": 2.332, ""diff_ratio"": 1.865}]",7.014,ffprobe,7.014,1.155,5.859,fly,pending,high,,,,Nasim Nuñez's leadoff home run (4) Nasim Nuñez's leadoff home run (4) Nasim Nuñez's leadoff home run (4) Nasim Nuñez hits a home run on the first pitch of the game to give the Nationals the lead,https://mlb-cuts-diamond.mlb.com/FORGE/2025/2025-09/22/2f16948b-26f23a4f-e54a01eb-csvm-diamondgcp-asset_1280x720_59_4000K.mp4,MLB_776221_nasim-nunez-homers-4-on-a-fly-ball-to-right-field,raw_sources\MLB_776221_nasim-nunez-homers-4-on-a-fly-ball-to-right-field_Nasim_Nu_ez_s_leadoff_home_run_4_Nasim_Nu_ez_s_leadoff_home_run_4_Nasim_Nu_ez_s_leadoff_home_run_4_Nasim_Nu_e.mp4,0.000,7.000,,no,audit_checkpoint_002,83
874,Codex_Workstation,F_0952,dataset/fly_ball/Codex_Workstation/F_0952,4,needs_edit,clip_too_short,insufficient_post_contact_context,recover_source_and_recut_longer,annotated_contact_audio_confirmed,1.030,1.130,1.085,1.085,7.334,4.517,11.909,1.085,0.005,1.085,7.334,"[{""time"": 1.085, ""score"": 7.334, ""rms_ratio"": 4.517, ""diff_ratio"": 11.909}, {""time"": 6.785, ""score"": 3.763, ""rms_ratio"": 3.005, ""diff_ratio"": 4.711}, {""time"": 2.465, ""score"": 3.404, ""rms_ratio"": 3.351, ""diff_ratio"": 3.459}, {""time"": 2.935, ""score"": 3.345, ""rms_ratio"": 2.956, ""diff_ratio"": 3.785}, {""time"": 6.375, ""score"": 3.307, ""rms_ratio"": 2.985, ""diff_ratio"": 3.663}, {""time"": 4.615, ""score"": 3.306, ""rms_ratio"": 2.478, ""diff_ratio"": 4.409}, {""time"": 5.475, ""score"": 3.299, ""rms_ratio"": 2.593, ""diff_ratio"": 4.196}, {""time"": 3.255, ""score"": 3.261, ""rms_ratio"": 2.995, ""diff_ratio"": 3.549}, {""time"": 2.165, ""score"": 3.023, ""rms_ratio"": 3.096, ""diff_ratio"": 2.952}, {""time"": 2.575, ""score"": 2.689, ""rms_ratio"": 2.255, ""diff_ratio"": 3.207}, {""time"": 6.645, ""score"": 2.68, ""rms_ratio"": 2.553, ""diff_ratio"": 2.815}, {""time"": 6.505, ""score"": 2.641, ""rms_ratio"": 2.365, ""diff_ratio"": 2.949}, {""time"": 5.725, ""score"": 2.635, ""rms_ratio"": 2.313, ""diff_ratio"": 3.002}, {""time"": 3.115, ""score"": 2.553, ""rms_ratio"": 2.551, ""diff_ratio"": 2.555}, {""time"": 6.005, ""score"": 2.521, ""rms_ratio"": 1.904, ""diff_ratio"": 3.338}, {""time"": 5.845, ""score"": 2.453, ""rms_ratio"": 2.018, ""diff_ratio"": 2.983}]",7.014,ffprobe,7.014,1.085,5.929,fly,pending,high,,,,"Rafael Devers' solo home run (33)  Rafael Devers' solo home run (33)  Rafael Devers' solo home run (33)  Rafael Devers hits a solo home run to left-center field, cutting the Giants' deficit to 6-5 in the 5th inning",https://mlb-cuts-diamond.mlb.com/FORGE/2025/2025-09/22/8dea2754-a0bee45a-152c2b00-csvm-diamondgcp-asset_1280x720_59_4000K.mp4,MLB_776220_rafael-devers-homers-33-on-a-fly-ball-to-left-center-field,raw_sources\MLB_776220_rafael-devers-homers-33-on-a-fly-ball-to-left-center-field_Rafael_Devers_solo_home_run_33_Rafael_Devers_solo_home_run_33_Rafael_Devers_solo_home_run_33_Rafael_.mp4,0.000,7.000,,no,audit_checkpoint_002,84
873,Codex_Workstation,F_0951,dataset/fly_ball/Codex_Workstation/F_0951,4,needs_edit,contact_timestamp_wrong,contact_timestamp_wrong;insufficient_post_contact_context,retime_from_local_audio_candidate;qwen_confirm_visual_contact_near_candidate;recover_source_and_recut_longer,likely_contact_timestamp_wrong,1.970,2.070,2.685,2.035,1.687,2.041,1.395,2.035,0.015,3.325,2.837,"[{""time"": 3.325, ""score"": 2.837, ""rms_ratio"": 1.549, ""diff_ratio"": 5.198}, {""time"": 2.685, ""score"": 2.151, ""rms_ratio"": 1.198, ""diff_ratio"": 3.861}, {""time"": 2.955, ""score"": 1.78, ""rms_ratio"": 1.068, ""diff_ratio"": 2.965}, {""time"": 4.715, ""score"": 1.758, ""rms_ratio"": 1.55, ""diff_ratio"": 1.994}, {""time"": 2.035, ""score"": 1.687, ""rms_ratio"": 2.041, ""diff_ratio"": 1.395}]",4.988,ffprobe,4.992,2.685,2.303,fly,pending,high,,,,"Iván Herrera's two-run homer (18)  Iván Herrera's two-run homer (18)  Iván Herrera's two-run homer (18)  Iván Herrera crushes a two-run home run to center field, tying the game at four in the top of the 5th",https://mlb-cuts-diamond.mlb.com/FORGE/2025/2025-09/22/189c2fbb-c7d43c06-b9493894-csvm-diamondgcp-asset_1280x720_59_4000K.mp4,MLB_776220_ivan-herrera-homers-18-on-a-fly-ball-to-center-field-lars-nootbaar-sc,raw_sources\MLB_776220_ivan-herrera-homers-18-on-a-fly-ball-to-center-field-lars-nootbaar-sc_Iv_n_Herrera_s_two-run_homer_18_Iv_n_Herrera_s_two-run_homer_18_Iv_n_Herrera_s_two-run_ho.mp4,4.840,11.840,,no,audit_checkpoint_002,85
872,Codex_Workstation,F_0950,dataset/fly_ball/Codex_Workstation/F_0950,4,needs_edit,contact_timestamp_wrong,contact_timestamp_wrong;insufficient_post_contact_context,retime_from_local_audio_candidate;qwen_confirm_visual_contact_near_candidate;recover_source_and_recut_longer,likely_contact_timestamp_wrong,2.190,2.290,2.365,2.245,2.099,2.313,1.905,2.245,0.005,6.125,4.017,"[{""time"": 6.125, ""score"": 4.017, ""rms_ratio"": 1.938, ""diff_ratio"": 8.326}, {""time"": 0.695, ""score"": 3.758, ""rms_ratio"": 2.612, ""diff_ratio"": 5.406}, {""time"": 3.725, ""score"": 3.489, ""rms_ratio"": 1.599, ""diff_ratio"": 7.613}, {""time"": 5.005, ""score"": 3.196, ""rms_ratio"": 1.546, ""diff_ratio"": 6.607}, {""time"": 1.905, ""score"": 3.174, ""rms_ratio"": 1.6, ""diff_ratio"": 6.296}, {""time"": 2.925, ""score"": 3.114, ""rms_ratio"": 1.732, ""diff_ratio"": 5.596}, {""time"": 3.855, ""score"": 2.846, ""rms_ratio"": 1.487, ""diff_ratio"": 5.445}, {""time"": 2.365, ""score"": 2.832, ""rms_ratio"": 1.49, ""diff_ratio"": 5.384}, {""time"": 3.075, ""score"": 2.511, ""rms_ratio"": 1.488, ""diff_ratio"": 4.239}, {""time"": 4.055, ""score"": 2.268, ""rms_ratio"": 1.954, ""diff_ratio"": 2.633}, {""time"": 2.245, ""score"": 2.099, ""rms_ratio"": 2.313, ""diff_ratio"": 1.905}, {""time"": 6.425, ""score"": 2.072, ""rms_ratio"": 1.925, ""diff_ratio"": 2.23}, {""time"": 5.705, ""score"": 1.987, ""rms_ratio"": 1.68, ""diff_ratio"": 2.351}, {""time"": 3.555, ""score"": 1.879, ""rms_ratio"": 1.684, ""diff_ratio"": 2.097}, {""time"": 0.195, ""score"": 1.838, ""rms_ratio"": 1.04, ""diff_ratio"": 3.249}, {""time"": 2.765, ""score"": 1.817, ""rms_ratio"": 1.529, ""diff_ratio"": 2.158}]",7.006,ffprobe,7.019,2.365,4.641,fly,pending,high,,,,Michael Harris II's two-homer game Michael Harris II's two-homer game Michael Harris II's two-homer game Michael Harris II crushes a pair of solo home runs to right-center field to help the Braves win their 10th straight game,https://mlb-cuts-diamond.mlb.com/FORGE/2025/2025-09/23/72f6961c-8f5835a2-5d911f89-csvm-diamondgcp-asset_1280x720_59_4000K.mp4,MLB_776219_michael-harris-ii-s-two-homer-game-x9185,raw_sources\MLB_776219_michael-harris-ii-s-two-homer-game-x9185_Michael_Harris_II_s_two-homer_game_Michael_Harris_II_s_two-homer_game_Michael_Harris_II_s_two-homer_game_Michael_Harri.mp4,1.020,8.020,,no,audit_checkpoint_002,86
871,Codex_Workstation,F_0949,dataset/fly_ball/Codex_Workstation/F_0949,4,needs_edit,clip_too_short,insufficient_post_contact_context,recover_source_and_recut_longer,annotated_contact_audio_confirmed,1.970,2.070,2.025,2.025,6.381,4.297,9.477,2.025,0.005,2.025,6.381,"[{""time"": 2.025, ""score"": 6.381, ""rms_ratio"": 4.297, ""diff_ratio"": 9.477}, {""time"": 4.425, ""score"": 3.868, ""rms_ratio"": 1.951, ""diff_ratio"": 7.668}, {""time"": 4.895, ""score"": 2.773, ""rms_ratio"": 1.408, ""diff_ratio"": 5.463}, {""time"": 6.425, ""score"": 2.64, ""rms_ratio"": 1.524, ""diff_ratio"": 4.574}, {""time"": 3.545, ""score"": 2.519, ""rms_ratio"": 1.309, ""diff_ratio"": 4.848}, {""time"": 5.655, ""score"": 2.37, ""rms_ratio"": 1.963, ""diff_ratio"": 2.861}, {""time"": 6.285, ""score"": 2.336, ""rms_ratio"": 1.255, ""diff_ratio"": 4.348}, {""time"": 4.155, ""score"": 2.115, ""rms_ratio"": 1.733, ""diff_ratio"": 2.582}, {""time"": 3.955, ""score"": 2.067, ""rms_ratio"": 1.806, ""diff_ratio"": 2.366}, {""time"": 5.165, ""score"": 1.989, ""rms_ratio"": 1.631, ""diff_ratio"": 2.426}, {""time"": 6.605, ""score"": 1.9, ""rms_ratio"": 1.801, ""diff_ratio"": 2.005}, {""time"": 3.695, ""score"": 1.897, ""rms_ratio"": 1.963, ""diff_ratio"": 1.832}, {""time"": 5.015, ""score"": 1.893, ""rms_ratio"": 1.611, ""diff_ratio"": 2.223}, {""time"": 2.935, ""score"": 1.816, ""rms_ratio"": 1.636, ""diff_ratio"": 2.015}, {""time"": 4.645, ""score"": 1.779, ""rms_ratio"": 1.718, ""diff_ratio"": 1.843}, {""time"": 6.805, ""score"": 1.764, ""rms_ratio"": 1.489, ""diff_ratio"": 2.088}]",7.006,ffprobe,7.019,2.025,4.981,fly,pending,medium,,,,Michael Harris II's second home run of the game (19) Michael Harris II's second home run of the game (19) Michael Harris II's second home run of the game (19) Michael Harris II belts his second homer of the game and gives Atlanta a 3-1 lead in the bottom of the 7th,https://mlb-cuts-diamond.mlb.com/FORGE/2025/2025-09/23/fc18d1be-3c35b717-b36b37c8-csvm-diamondgcp-asset_1280x720_59_4000K.mp4,MLB_776219_michael-harris-ii-homers-19-on-a-fly-ball-to-center-field,raw_sources\MLB_776219_michael-harris-ii-homers-19-on-a-fly-ball-to-center-field_Michael_Harris_II_s_second_home_run_of_the_game_19_Michael_Harris_II_s_second_home_run_of_the_game_19.mp4,0.140,7.140,,no,audit_checkpoint_002,87
870,Codex_Workstation,F_0948,dataset/fly_ball/Codex_Workstation/F_0948,4,needs_edit,clip_too_short,insufficient_post_contact_context,recover_source_and_recut_longer,annotated_contact_audio_confirmed,1.570,1.670,1.635,1.635,4.508,5.509,3.689,1.635,0.015,0.915,12.283,"[{""time"": 0.915, ""score"": 12.283, ""rms_ratio"": 7.072, ""diff_ratio"": 21.332}, {""time"": 2.985, ""score"": 5.321, ""rms_ratio"": 5.477, ""diff_ratio"": 5.17}, {""time"": 2.405, ""score"": 4.733, ""rms_ratio"": 6.378, ""diff_ratio"": 3.512}, {""time"": 1.745, ""score"": 4.548, ""rms_ratio"": 6.021, ""diff_ratio"": 3.436}, {""time"": 1.635, ""score"": 4.508, ""rms_ratio"": 5.509, ""diff_ratio"": 3.689}, {""time"": 3.675, ""score"": 4.279, ""rms_ratio"": 2.154, ""diff_ratio"": 8.498}, {""time"": 2.865, ""score"": 3.998, ""rms_ratio"": 5.328, ""diff_ratio"": 3.0}, {""time"": 3.455, ""score"": 3.859, ""rms_ratio"": 3.889, ""diff_ratio"": 3.829}, {""time"": 2.295, ""score"": 3.618, ""rms_ratio"": 4.667, ""diff_ratio"": 2.804}, {""time"": 0.755, ""score"": 2.34, ""rms_ratio"": 1.442, ""diff_ratio"": 3.799}, {""time"": 2.535, ""score"": 2.236, ""rms_ratio"": 2.7, ""diff_ratio"": 1.853}]",4.587,ffprobe,4.603,1.635,2.952,fly,pending,medium,,,,James Wood's solo homer (29) James Wood's solo homer (29) James Wood's solo homer (29) James Wood drives a solo home run to right-center field to make it a one-run game in the top of the 8th inning,https://mlb-cuts-diamond.mlb.com/FORGE/2025/2025-09/23/850b422a-9a5a28a3-7c1925dc-csvm-diamondgcp-asset_1280x720_59_4000K.mp4,MLB_776219_james-wood-homers-28-on-a-fly-ball-to-right-center-field,raw_sources\MLB_776219_james-wood-homers-28-on-a-fly-ball-to-right-center-field_James_Wood_s_solo_homer_29_James_Wood_s_solo_homer_29_James_Wood_s_solo_homer_29_James_Wood_drives_a_s.mp4,0.000,7.000,,no,audit_checkpoint_002,88
869,Codex_Workstation,F_0946,dataset/fly_ball/Codex_Workstation/F_0946,4,needs_edit,clip_too_short,insufficient_post_contact_context,recover_source_and_recut_longer,annotated_contact_audio_confirmed,1.970,2.070,2.035,2.035,6.877,4.463,10.597,2.035,0.015,2.035,6.877,"[{""time"": 2.035, ""score"": 6.877, ""rms_ratio"": 4.463, ""diff_ratio"": 10.597}, {""time"": 2.885, ""score"": 4.069, ""rms_ratio"": 3.169, ""diff_ratio"": 5.224}, {""time"": 4.945, ""score"": 3.274, ""rms_ratio"": 3.084, ""diff_ratio"": 3.476}, {""time"": 5.195, ""score"": 3.184, ""rms_ratio"": 2.629, ""diff_ratio"": 3.856}, {""time"": 4.135, ""score"": 2.838, ""rms_ratio"": 3.314, ""diff_ratio"": 2.43}, {""time"": 3.575, ""score"": 2.655, ""rms_ratio"": 2.511, ""diff_ratio"": 2.807}, {""time"": 5.835, ""score"": 2.441, ""rms_ratio"": 2.135, ""diff_ratio"": 2.79}, {""time"": 3.805, ""score"": 2.408, ""rms_ratio"": 2.35, ""diff_ratio"": 2.467}, {""time"": 4.405, ""score"": 2.342, ""rms_ratio"": 2.536, ""diff_ratio"": 2.163}, {""time"": 3.465, ""score"": 2.328, ""rms_ratio"": 2.285, ""diff_ratio"": 2.372}, {""time"": 3.185, ""score"": 2.297, ""rms_ratio"": 1.315, ""diff_ratio"": 4.011}, {""time"": 3.285, ""score"": 2.237, ""rms_ratio"": 2.751, ""diff_ratio"": 1.82}, {""time"": 5.685, ""score"": 2.2, ""rms_ratio"": 2.635, ""diff_ratio"": 1.836}, {""time"": 5.515, ""score"": 2.194, ""rms_ratio"": 2.873, ""diff_ratio"": 1.675}, {""time"": 4.275, ""score"": 2.188, ""rms_ratio"": 1.7, ""diff_ratio"": 2.815}, {""time"": 5.405, ""score"": 2.091, ""rms_ratio"": 0.984, ""diff_ratio"": 4.371}]",6.001,ffprobe,6.016,2.035,3.966,fly,pending,high,,,,"Colson Montgomery's two-run home run (19) Colson Montgomery's two-run home run (19) Colson Montgomery's two-run home run (19) Colson Montgomery hammers a two-run home run to right-center field, putting the White Sox up 2-1 in the 6th inning",https://mlb-cuts-diamond.mlb.com/FORGE/2025/2025-09/23/a939e68d-8eee8e30-c5180fec-csvm-diamondgcp-asset_1280x720_59_4000K.mp4,MLB_776216_colson-montgomery-homers-19-on-a-fly-ball-to-right-center-field-kyle-,raw_sources\MLB_776216_colson-montgomery-homers-19-on-a-fly-ball-to-right-center-field-kyle-_Colson_Montgomery_s_two-run_home_run_19_Colson_Montgomery_s_two-run_home_run_19_Colson_Mo.mp4,0.100,7.100,,no,audit_checkpoint_002,89
868,Codex_Workstation,F_0945,dataset/fly_ball/Codex_Workstation/F_0945,4,needs_edit,clip_too_short,insufficient_post_contact_context,recover_source_and_recut_longer,annotated_contact_audio_confirmed,1.970,2.070,2.025,2.025,3.902,3.270,4.657,2.025,0.005,0.125,5.632,"[{""time"": 0.125, ""score"": 5.632, ""rms_ratio"": 3.176, ""diff_ratio"": 9.985}, {""time"": 2.025, ""score"": 3.902, ""rms_ratio"": 3.27, ""diff_ratio"": 4.657}, {""time"": 2.735, ""score"": 2.9, ""rms_ratio"": 2.925, ""diff_ratio"": 2.874}, {""time"": 0.735, ""score"": 2.67, ""rms_ratio"": 2.517, ""diff_ratio"": 2.833}, {""time"": 1.545, ""score"": 2.469, ""rms_ratio"": 2.549, ""diff_ratio"": 2.392}, {""time"": 2.415, ""score"": 2.451, ""rms_ratio"": 2.147, ""diff_ratio"": 2.798}, {""time"": 1.285, ""score"": 2.394, ""rms_ratio"": 2.6, ""diff_ratio"": 2.204}, {""time"": 2.865, ""score"": 2.023, ""rms_ratio"": 1.788, ""diff_ratio"": 2.29}, {""time"": 0.875, ""score"": 2.013, ""rms_ratio"": 2.068, ""diff_ratio"": 1.959}, {""time"": 1.815, ""score"": 1.955, ""rms_ratio"": 1.742, ""diff_ratio"": 2.193}, {""time"": 1.675, ""score"": 1.853, ""rms_ratio"": 1.925, ""diff_ratio"": 1.783}, {""time"": 1.385, ""score"": 1.82, ""rms_ratio"": 1.653, ""diff_ratio"": 2.003}, {""time"": 0.975, ""score"": 1.785, ""rms_ratio"": 2.014, ""diff_ratio"": 1.583}]",3.653,ffprobe,3.648,2.025,1.628,fly,pending,high,,,,"Kyle Schwarber's solo home run, 130th RBI (54) Kyle Schwarber's solo home run, 130th RBI (54) Kyle Schwarber's solo home run, 130th RBI (54) Kyle Schwarber hits a solo home run to right field, giving the Phillies a 1-0 lead and recording his 130th RBI of the season",https://mlb-cuts-diamond.mlb.com/FORGE/2025/2025-09/23/3fb8eb39-0c4bdec6-4dd03f84-csvm-diamondgcp-asset_1280x720_59_4000K.mp4,MLB_776215_kyle-schwarber-homers-54-on-a-fly-ball-to-right-field,raw_sources\MLB_776215_kyle-schwarber-homers-54-on-a-fly-ball-to-right-field_Kyle_Schwarber_s_solo_home_run_130th_RBI_54_Kyle_Schwarber_s_solo_home_run_130th_RBI_54_Kyle_Schwarber_s_.mp4,2.040,9.040,,no,audit_checkpoint_002,90
867,Codex_Workstation,F_0944,dataset/fly_ball/Codex_Workstation/F_0944,4,needs_edit,clip_too_short,insufficient_post_contact_context,recover_source_and_recut_longer,annotated_contact_audio_confirmed,1.970,2.070,2.035,2.035,4.857,4.293,5.495,2.035,0.015,2.035,4.857,"[{""time"": 2.035, ""score"": 4.857, ""rms_ratio"": 4.293, ""diff_ratio"": 5.495}, {""time"": 1.515, ""score"": 3.121, ""rms_ratio"": 2.915, ""diff_ratio"": 3.342}, {""time"": 0.315, ""score"": 3.008, ""rms_ratio"": 3.381, ""diff_ratio"": 2.675}, {""time"": 1.755, ""score"": 2.664, ""rms_ratio"": 2.65, ""diff_ratio"": 2.679}, {""time"": 0.005, ""score"": 2.403, ""rms_ratio"": 2.254, ""diff_ratio"": 2.561}, {""time"": 2.225, ""score"": 2.215, ""rms_ratio"": 2.129, ""diff_ratio"": 2.305}, {""time"": 0.485, ""score"": 2.004, ""rms_ratio"": 1.834, ""diff_ratio"": 2.19}]",2.310,ffprobe,2.325,2.035,0.275,fly,pending,high,,,,Kyle Schwarber clobbers 112 mph home run Kyle Schwarber clobbers 112 mph home run Kyle Schwarber clobbers 112 mph home run Statcast measures the exit velocity and projected distance of Kyle Schwarber's 112 mph home run against the Marlins,https://mlb-cuts-diamond.mlb.com/FORGE/2025/2025-09/23/3b776fa2-c4e70a4c-34c502c5-csvm-diamondgcp-asset_1280x720_59_4000K.mp4,MLB_776215_kyle-schwarber-clobbers-112-mph-home-run,raw_sources\MLB_776215_kyle-schwarber-clobbers-112-mph-home-run_Kyle_Schwarber_clobbers_112_mph_home_run_Kyle_Schwarber_clobbers_112_mph_home_run_Kyle_Schwarber_clobbers_112_mph_home.mp4,3.940,10.940,,no,audit_checkpoint_002,91
866,Codex_Workstation,F_0943,dataset/fly_ball/Codex_Workstation/F_0943,4,needs_edit,clip_too_short,insufficient_post_contact_context,recover_source_and_recut_longer,annotated_contact_audio_confirmed,1.970,2.070,2.025,2.025,3.136,2.975,3.306,2.025,0.005,2.025,3.136,"[{""time"": 2.025, ""score"": 3.136, ""rms_ratio"": 2.975, ""diff_ratio"": 3.306}, {""time"": 1.265, ""score"": 2.591, ""rms_ratio"": 2.286, ""diff_ratio"": 2.937}, {""time"": 1.775, ""score"": 2.37, ""rms_ratio"": 2.467, ""diff_ratio"": 2.277}, {""time"": 2.145, ""score"": 2.095, ""rms_ratio"": 1.631, ""diff_ratio"": 2.69}, {""time"": 1.575, ""score"": 1.963, ""rms_ratio"": 1.848, ""diff_ratio"": 2.085}]",2.357,ffprobe,2.368,2.025,0.332,fly,pending,high,,,,"Heriberto Hernández's game-tying home run (10) Heriberto Hernández's game-tying home run (10) Heriberto Hernández's game-tying home run (10) Heriberto Hernández hits a game-tying home run to left field, tying the game in the top of the 9th inning",https://mlb-cuts-diamond.mlb.com/FORGE/2025/2025-09/23/e9aafc17-6e9ad9c0-b4ac0cfe-csvm-diamondgcp-asset_1280x720_59_4000K.mp4,MLB_776215_heriberto-hernandez-homers-10-on-a-fly-ball-to-left-center-field,raw_sources\MLB_776215_heriberto-hernandez-homers-10-on-a-fly-ball-to-left-center-field_Heriberto_Hern_ndez_s_game-tying_home_run_10_Heriberto_Hern_ndez_s_game-tying_home_run_10_Heri.mp4,3.680,10.680,,no,audit_checkpoint_002,92
865,Codex_Workstation,F_0941,dataset/fly_ball/Codex_Workstation/F_0941,4,needs_edit,contact_timestamp_wrong,contact_timestamp_wrong;insufficient_post_contact_context,retime_from_local_audio_candidate;qwen_confirm_visual_contact_near_candidate;recover_source_and_recut_longer,likely_contact_timestamp_wrong,6.190,6.290,6.635,6.245,1.836,2.026,1.665,6.245,0.005,6.635,2.852,"[{""time"": 6.635, ""score"": 2.852, ""rms_ratio"": 1.318, ""diff_ratio"": 6.173}, {""time"": 5.135, ""score"": 2.596, ""rms_ratio"": 1.105, ""diff_ratio"": 6.101}, {""time"": 3.415, ""score"": 2.552, ""rms_ratio"": 1.227, ""diff_ratio"": 5.31}, {""time"": 2.865, ""score"": 2.316, ""rms_ratio"": 1.064, ""diff_ratio"": 5.04}, {""time"": 2.175, ""score"": 1.998, ""rms_ratio"": 1.395, ""diff_ratio"": 2.86}, {""time"": 0.565, ""score"": 1.99, ""rms_ratio"": 1.022, ""diff_ratio"": 3.873}, {""time"": 3.095, ""score"": 1.931, ""rms_ratio"": 1.948, ""diff_ratio"": 1.915}, {""time"": 5.265, ""score"": 1.852, ""rms_ratio"": 1.856, ""diff_ratio"": 1.847}, {""time"": 6.245, ""score"": 1.836, ""rms_ratio"": 2.026, ""diff_ratio"": 1.665}, {""time"": 4.375, ""score"": 1.836, ""rms_ratio"": 1.829, ""diff_ratio"": 1.843}, {""time"": 4.495, ""score"": 1.83, ""rms_ratio"": 1.279, ""diff_ratio"": 2.618}, {""time"": 2.405, ""score"": 1.822, ""rms_ratio"": 1.858, ""diff_ratio"": 1.788}, {""time"": 2.705, ""score"": 1.818, ""rms_ratio"": 1.939, ""diff_ratio"": 1.705}, {""time"": 5.435, ""score"": 1.811, ""rms_ratio"": 1.818, ""diff_ratio"": 1.804}, {""time"": 1.765, ""score"": 1.771, ""rms_ratio"": 1.463, ""diff_ratio"": 2.144}, {""time"": 5.555, ""score"": 1.749, ""rms_ratio"": 1.722, ""diff_ratio"": 1.776}]",7.006,ffprobe,7.019,6.635,0.371,fly,pending,high,,,,Jake Mangum's solo home run (3) Jake Mangum's solo home run (3) Jake Mangum's solo home run (3) Jake Mangum makes it a six-run game with a solo home run to left field to begin the 8th inning,https://mlb-cuts-diamond.mlb.com/FORGE/2025/2025-09/24/73e73631-a2f223d1-9ae2c4e6-csvm-diamondgcp-asset_1280x720_59_4000K.mp4,MLB_776203_jake-mangum-homers-3-on-a-fly-ball-to-center-field,raw_sources\MLB_776203_jake-mangum-homers-3-on-a-fly-ball-to-center-field_Jake_Mangum_s_solo_home_run_3_Jake_Mangum_s_solo_home_run_3_Jake_Mangum_s_solo_home_run_3_Jake_Mangum_makes_.mp4,0.720,7.720,,no,audit_checkpoint_002,93
864,Codex_Workstation,F_0940,dataset/fly_ball/Codex_Workstation/F_0940,4,needs_edit,clip_too_short,insufficient_post_contact_context,recover_source_and_recut_longer,annotated_contact_audio_confirmed,1.250,1.350,1.305,1.305,7.178,5.239,9.834,1.305,0.005,1.305,7.178,"[{""time"": 1.305, ""score"": 7.178, ""rms_ratio"": 5.239, ""diff_ratio"": 9.834}, {""time"": 2.615, ""score"": 3.278, ""rms_ratio"": 1.796, ""diff_ratio"": 5.98}, {""time"": 3.605, ""score"": 2.794, ""rms_ratio"": 1.868, ""diff_ratio"": 4.179}, {""time"": 2.115, ""score"": 2.68, ""rms_ratio"": 2.472, ""diff_ratio"": 2.906}, {""time"": 5.005, ""score"": 2.665, ""rms_ratio"": 2.548, ""diff_ratio"": 2.788}, {""time"": 1.935, ""score"": 2.599, ""rms_ratio"": 2.098, ""diff_ratio"": 3.218}, {""time"": 5.795, ""score"": 2.56, ""rms_ratio"": 1.409, ""diff_ratio"": 4.651}, {""time"": 2.775, ""score"": 2.558, ""rms_ratio"": 2.428, ""diff_ratio"": 2.694}, {""time"": 5.985, ""score"": 2.505, ""rms_ratio"": 1.342, ""diff_ratio"": 4.678}, {""time"": 4.845, ""score"": 2.368, ""rms_ratio"": 2.378, ""diff_ratio"": 2.359}, {""time"": 3.235, ""score"": 2.315, ""rms_ratio"": 2.463, ""diff_ratio"": 2.176}, {""time"": 2.335, ""score"": 2.221, ""rms_ratio"": 2.184, ""diff_ratio"": 2.259}, {""time"": 4.655, ""score"": 2.215, ""rms_ratio"": 1.201, ""diff_ratio"": 4.084}, {""time"": 4.035, ""score"": 2.107, ""rms_ratio"": 1.987, ""diff_ratio"": 2.235}, {""time"": 4.295, ""score"": 2.071, ""rms_ratio"": 2.379, ""diff_ratio"": 1.802}, {""time"": 3.835, ""score"": 1.995, ""rms_ratio"": 2.284, ""diff_ratio"": 1.742}]",7.014,ffprobe,7.014,1.305,5.709,fly,pending,high,,,,"James Wood's second homer of the game (30) James Wood's second homer of the game (30) James Wood's second homer of the game (30) James Wood hits a deep home run to center, his second homer of the game and his 30th of the season to give the Nationals a 4-2 lead in the 8th",https://mlb-cuts-diamond.mlb.com/FORGE/2025/2025-09/24/f9686ffb-3e310939-d124f306-csvm-diamondgcp-asset_1280x720_59_4000K.mp4,MLB_776200_tyler-kinley-in-play-run-s-to-james-wood,raw_sources\MLB_776200_tyler-kinley-in-play-run-s-to-james-wood_James_Wood_s_second_homer_of_the_game_30_James_Wood_s_second_homer_of_the_game_30_James_Wood_s_second_homer_of_the_gam.mp4,0.000,7.000,,no,audit_checkpoint_002,94
863,Codex_Workstation,F_0939,dataset/fly_ball/Codex_Workstation/F_0939,4,needs_edit,clip_too_short,insufficient_post_contact_context,recover_source_and_recut_longer,annotated_contact_audio_confirmed,0.950,1.050,1.005,1.005,9.316,5.598,15.506,1.005,0.005,1.005,9.316,"[{""time"": 1.005, ""score"": 9.316, ""rms_ratio"": 5.598, ""diff_ratio"": 15.506}, {""time"": 5.595, ""score"": 3.565, ""rms_ratio"": 1.758, ""diff_ratio"": 7.231}, {""time"": 5.175, ""score"": 3.132, ""rms_ratio"": 1.616, ""diff_ratio"": 6.071}, {""time"": 3.755, ""score"": 2.831, ""rms_ratio"": 1.588, ""diff_ratio"": 5.046}, {""time"": 2.235, ""score"": 2.766, ""rms_ratio"": 1.401, ""diff_ratio"": 5.46}, {""time"": 3.265, ""score"": 2.707, ""rms_ratio"": 1.35, ""diff_ratio"": 5.431}, {""time"": 4.135, ""score"": 2.673, ""rms_ratio"": 1.309, ""diff_ratio"": 5.456}, {""time"": 6.395, ""score"": 2.452, ""rms_ratio"": 2.696, ""diff_ratio"": 2.231}, {""time"": 1.775, ""score"": 2.421, ""rms_ratio"": 1.201, ""diff_ratio"": 4.88}, {""time"": 6.565, ""score"": 2.375, ""rms_ratio"": 2.458, ""diff_ratio"": 2.295}, {""time"": 3.485, ""score"": 2.354, ""rms_ratio"": 1.163, ""diff_ratio"": 4.765}, {""time"": 6.675, ""score"": 2.211, ""rms_ratio"": 1.985, ""diff_ratio"": 2.464}, {""time"": 6.975, ""score"": 2.187, ""rms_ratio"": 2.214, ""diff_ratio"": 2.16}, {""time"": 6.075, ""score"": 2.168, ""rms_ratio"": 2.628, ""diff_ratio"": 1.789}, {""time"": 6.285, ""score"": 2.163, ""rms_ratio"": 2.516, ""diff_ratio"": 1.859}, {""time"": 5.885, ""score"": 2.039, ""rms_ratio"": 1.953, ""diff_ratio"": 2.128}]",7.014,ffprobe,7.014,1.005,6.009,fly,pending,medium,,,,Marcell Ozuna's solo home run (21) Marcell Ozuna's solo home run (21) Marcell Ozuna's solo home run (21) Marcell Ozuna belts a solo home run to center field to cut the Nationals' lead to two in the bottom of the 8th,https://mlb-cuts-diamond.mlb.com/FORGE/2025/2025-09/24/6970ccd8-7e9daeae-2ca0000a-csvm-diamondgcp-asset_1280x720_59_4000K.mp4,MLB_776200_marcell-ozuna-homers-21-on-a-fly-ball-to-center-field-w3nq4q,raw_sources\MLB_776200_marcell-ozuna-homers-21-on-a-fly-ball-to-center-field-w3nq4q_Marcell_Ozuna_s_solo_home_run_21_Marcell_Ozuna_s_solo_home_run_21_Marcell_Ozuna_s_solo_home_run_21.mp4,0.000,7.000,,no,audit_checkpoint_002,95
862,Codex_Workstation,F_0938,dataset/fly_ball/Codex_Workstation/F_0938,4,needs_edit,clip_too_short,insufficient_post_contact_context,recover_source_and_recut_longer,annotated_contact_audio_confirmed,1.970,2.070,2.005,2.005,2.958,2.471,3.541,2.005,0.015,2.005,2.958,"[{""time"": 2.005, ""score"": 2.958, ""rms_ratio"": 2.471, ""diff_ratio"": 3.541}, {""time"": 0.735, ""score"": 2.673, ""rms_ratio"": 1.218, ""diff_ratio"": 5.867}, {""time"": 0.075, ""score"": 2.423, ""rms_ratio"": 1.321, ""diff_ratio"": 4.444}, {""time"": 4.405, ""score"": 2.161, ""rms_ratio"": 1.075, ""diff_ratio"": 4.343}, {""time"": 0.845, ""score"": 2.158, ""rms_ratio"": 1.605, ""diff_ratio"": 2.9}, {""time"": 1.015, ""score"": 2.113, ""rms_ratio"": 1.775, ""diff_ratio"": 2.515}, {""time"": 4.815, ""score"": 2.112, ""rms_ratio"": 1.154, ""diff_ratio"": 3.865}, {""time"": 2.155, ""score"": 1.921, ""rms_ratio"": 2.093, ""diff_ratio"": 1.764}, {""time"": 3.715, ""score"": 1.672, ""rms_ratio"": 1.32, ""diff_ratio"": 2.117}]",5.856,ffprobe,5.867,2.005,3.851,fly,pending,high,,,,Drake Baldwin's solo home run (19) Drake Baldwin's solo home run (19) Drake Baldwin's solo home run (19) Drake Baldwin puts the Braves on the board in the bottom of the 6th with a solo home run,https://mlb-cuts-diamond.mlb.com/FORGE/2025/2025-09/24/5d0b5f15-90fa9ccd-6bce4015-csvm-diamondgcp-asset_1280x720_59_4000K.mp4,MLB_776200_julian-fernandez-in-play-run-s-to-drake-baldwin,raw_sources\MLB_776200_julian-fernandez-in-play-run-s-to-drake-baldwin_Drake_Baldwin_s_solo_home_run_19_Drake_Baldwin_s_solo_home_run_19_Drake_Baldwin_s_solo_home_run_19_Drake_Baldwi.mp4,3.920,10.920,,no,audit_checkpoint_002,96
861,Codex_Workstation,F_0937,dataset/fly_ball/Codex_Workstation/F_0937,4,needs_edit,contact_timestamp_wrong,contact_timestamp_wrong;insufficient_post_contact_context,retime_from_local_audio_candidate;qwen_confirm_visual_contact_near_candidate;recover_source_and_recut_longer,likely_contact_timestamp_wrong,0.050,0.150,1.215,0.105,2.011,2.008,2.014,0.105,0.005,1.215,2.530,"[{""time"": 1.215, ""score"": 2.53, ""rms_ratio"": 1.394, ""diff_ratio"": 4.592}, {""time"": 2.775, ""score"": 2.453, ""rms_ratio"": 1.448, ""diff_ratio"": 4.157}, {""time"": 2.905, ""score"": 2.075, ""rms_ratio"": 1.185, ""diff_ratio"": 3.634}, {""time"": 0.105, ""score"": 2.011, ""rms_ratio"": 2.008, ""diff_ratio"": 2.014}, {""time"": 3.025, ""score"": 2.0, ""rms_ratio"": 1.709, ""diff_ratio"": 2.342}, {""time"": 3.895, ""score"": 1.903, ""rms_ratio"": 1.511, ""diff_ratio"": 2.397}, {""time"": 4.815, ""score"": 1.874, ""rms_ratio"": 1.68, ""diff_ratio"": 2.09}, {""time"": 3.175, ""score"": 1.848, ""rms_ratio"": 1.545, ""diff_ratio"": 2.21}, {""time"": 3.465, ""score"": 1.798, ""rms_ratio"": 1.657, ""diff_ratio"": 1.95}, {""time"": 0.245, ""score"": 1.778, ""rms_ratio"": 1.076, ""diff_ratio"": 2.94}, {""time"": 4.965, ""score"": 1.777, ""rms_ratio"": 1.422, ""diff_ratio"": 2.221}, {""time"": 5.675, ""score"": 1.741, ""rms_ratio"": 1.789, ""diff_ratio"": 1.693}, {""time"": 4.045, ""score"": 1.732, ""rms_ratio"": 1.387, ""diff_ratio"": 2.163}, {""time"": 5.385, ""score"": 1.729, ""rms_ratio"": 1.642, ""diff_ratio"": 1.821}, {""time"": 5.555, ""score"": 1.718, ""rms_ratio"": 1.024, ""diff_ratio"": 2.882}, {""time"": 3.295, ""score"": 1.703, ""rms_ratio"": 1.433, ""diff_ratio"": 2.025}]",5.838,ffprobe,5.845,1.215,4.623,fly,pending,high,,,,Josh Bell's solo home run (21) Josh Bell's solo home run (21) Josh Bell's solo home run (21) Josh Bell lifts a long home run over the center field wall to give the Nationals a 2-0 lead in the top of the 4th inning,https://mlb-cuts-diamond.mlb.com/FORGE/2025/2025-09/24/7878dfa8-3dee7558-5c536e75-csvm-diamondgcp-asset_1280x720_59_4000K.mp4,MLB_776200_josh-bell-homers-21-on-a-fly-ball-to-center-field,raw_sources\MLB_776200_josh-bell-homers-21-on-a-fly-ball-to-center-field_Josh_Bell_s_solo_home_run_21_Josh_Bell_s_solo_home_run_21_Josh_Bell_s_solo_home_run_21_Josh_Bell_lifts_a_long.mp4,2.120,9.120,,no,audit_checkpoint_002,97
860,Codex_Workstation,F_0936,dataset/fly_ball/Codex_Workstation/F_0936,4,needs_edit,clip_too_short,insufficient_post_contact_context,recover_source_and_recut_longer,annotated_contact_audio_confirmed,1.170,1.270,1.225,1.225,5.582,3.983,7.822,1.225,0.005,1.225,5.582,"[{""time"": 1.225, ""score"": 5.582, ""rms_ratio"": 3.983, ""diff_ratio"": 7.822}, {""time"": 5.445, ""score"": 3.715, ""rms_ratio"": 1.803, ""diff_ratio"": 7.657}, {""time"": 4.055, ""score"": 3.695, ""rms_ratio"": 1.755, ""diff_ratio"": 7.777}, {""time"": 2.385, ""score"": 3.487, ""rms_ratio"": 2.616, ""diff_ratio"": 4.649}, {""time"": 2.935, ""score"": 3.166, ""rms_ratio"": 2.762, ""diff_ratio"": 3.629}, {""time"": 4.635, ""score"": 3.133, ""rms_ratio"": 1.546, ""diff_ratio"": 6.348}, {""time"": 4.525, ""score"": 3.059, ""rms_ratio"": 1.608, ""diff_ratio"": 5.822}, {""time"": 5.565, ""score"": 2.948, ""rms_ratio"": 2.051, ""diff_ratio"": 4.238}, {""time"": 4.155, ""score"": 2.912, ""rms_ratio"": 2.207, ""diff_ratio"": 3.843}, {""time"": 3.475, ""score"": 2.875, ""rms_ratio"": 2.582, ""diff_ratio"": 3.202}, {""time"": 5.735, ""score"": 2.873, ""rms_ratio"": 2.128, ""diff_ratio"": 3.877}, {""time"": 4.745, ""score"": 2.868, ""rms_ratio"": 2.616, ""diff_ratio"": 3.144}, {""time"": 2.585, ""score"": 2.836, ""rms_ratio"": 3.025, ""diff_ratio"": 2.658}, {""time"": 3.155, ""score"": 2.759, ""rms_ratio"": 2.336, ""diff_ratio"": 3.258}, {""time"": 4.365, ""score"": 2.745, ""rms_ratio"": 2.491, ""diff_ratio"": 3.026}, {""time"": 3.295, ""score"": 2.737, ""rms_ratio"": 2.133, ""diff_ratio"": 3.511}]",6.101,ffprobe,6.118,1.225,4.876,fly,pending,high,,,,James Wood's two-homer game James Wood's two-homer game James Wood's two-homer game James Wood clobbers a pair of solo homers to help lift the Nationals to a victory over the Braves,https://mlb-cuts-diamond.mlb.com/FORGE/2025/2025-09/24/b77d45d6-2b9ee301-7e62b2f2-csvm-diamondgcp-asset_1280x720_59_4000K.mp4,MLB_776200_james-wood-s-two-homer-game-x1595,raw_sources\MLB_776200_james-wood-s-two-homer-game-x1595_James_Wood_s_two-homer_game_James_Wood_s_two-homer_game_James_Wood_s_two-homer_game_James_Wood_clobbers_a_pair_of_solo_homers.mp4,0.000,7.000,,no,audit_checkpoint_002,98
859,Codex_Workstation,F_0935,dataset/fly_ball/Codex_Workstation/F_0935,4,needs_edit,contact_timestamp_wrong,contact_timestamp_wrong;insufficient_post_contact_context,retime_from_local_audio_candidate;qwen_confirm_visual_contact_near_candidate;recover_source_and_recut_longer,likely_contact_timestamp_wrong,1.970,2.070,1.525,2.025,1.985,2.473,1.594,2.025,0.005,3.525,3.441,"[{""time"": 3.525, ""score"": 3.441, ""rms_ratio"": 2.704, ""diff_ratio"": 4.379}, {""time"": 2.775, ""score"": 3.097, ""rms_ratio"": 1.847, ""diff_ratio"": 5.192}, {""time"": 3.365, ""score"": 2.974, ""rms_ratio"": 1.355, ""diff_ratio"": 6.53}, {""time"": 4.675, ""score"": 2.578, ""rms_ratio"": 2.008, ""diff_ratio"": 3.309}, {""time"": 1.525, ""score"": 2.424, ""rms_ratio"": 2.388, ""diff_ratio"": 2.461}, {""time"": 6.375, ""score"": 2.404, ""rms_ratio"": 1.877, ""diff_ratio"": 3.079}, {""time"": 0.255, ""score"": 2.39, ""rms_ratio"": 1.303, ""diff_ratio"": 4.384}, {""time"": 6.925, ""score"": 2.38, ""rms_ratio"": 1.205, ""diff_ratio"": 4.698}, {""time"": 0.945, ""score"": 2.332, ""rms_ratio"": 2.096, ""diff_ratio"": 2.595}, {""time"": 6.815, ""score"": 2.291, ""rms_ratio"": 1.221, ""diff_ratio"": 4.296}, {""time"": 6.665, ""score"": 2.141, ""rms_ratio"": 1.971, ""diff_ratio"": 2.325}, {""time"": 5.765, ""score"": 2.101, ""rms_ratio"": 1.903, ""diff_ratio"": 2.319}, {""time"": 5.585, ""score"": 2.09, ""rms_ratio"": 1.679, ""diff_ratio"": 2.601}, {""time"": 5.235, ""score"": 2.077, ""rms_ratio"": 1.796, ""diff_ratio"": 2.403}, {""time"": 5.455, ""score"": 2.056, ""rms_ratio"": 1.764, ""diff_ratio"": 2.398}, {""time"": 2.025, ""score"": 1.985, ""rms_ratio"": 2.473, ""diff_ratio"": 1.594}]",7.007,ffprobe,7.019,1.525,5.482,fly,pending,high,,,,"James Wood's pair of 430-foot home runs James Wood's pair of 430-foot home runs James Wood's pair of 430-foot home runs Statcast measures the distance, exit velocity, and bat speed of James Wood's 445 and 436-foot homers with exit velocities of over 109 mph",https://mlb-cuts-diamond.mlb.com/FORGE/2025/2025-09/24/b6351add-1c5d934b-a87330ce-csvm-diamondgcp-asset_1280x720_59_4000K.mp4,MLB_776200_james-wood-s-pair-of-430-foot-home-runs,raw_sources\MLB_776200_james-wood-s-pair-of-430-foot-home-runs_James_Wood_s_pair_of_430-foot_home_runs_James_Wood_s_pair_of_430-foot_home_runs_James_Wood_s_pair_of_430-foot_home_runs.mp4,1.260,8.260,,no,audit_checkpoint_002,99
858,Codex_Workstation,F_0934,dataset/fly_ball/Codex_Workstation/F_0934,4,needs_edit,clip_too_short,insufficient_post_contact_context,recover_source_and_recut_longer,annotated_contact_audio_confirmed,1.170,1.270,1.225,1.225,5.260,3.706,7.465,1.225,0.005,1.225,5.260,"[{""time"": 1.225, ""score"": 5.26, ""rms_ratio"": 3.706, ""diff_ratio"": 7.465}, {""time"": 5.445, ""score"": 3.501, ""rms_ratio"": 1.677, ""diff_ratio"": 7.308}, {""time"": 4.055, ""score"": 3.481, ""rms_ratio"": 1.633, ""diff_ratio"": 7.422}, {""time"": 2.385, ""score"": 3.286, ""rms_ratio"": 2.433, ""diff_ratio"": 4.437}, {""time"": 2.935, ""score"": 2.983, ""rms_ratio"": 2.57, ""diff_ratio"": 3.463}, {""time"": 4.635, ""score"": 2.952, ""rms_ratio"": 1.438, ""diff_ratio"": 6.059}, {""time"": 4.525, ""score"": 2.883, ""rms_ratio"": 1.496, ""diff_ratio"": 5.556}, {""time"": 6.355, ""score"": 2.85, ""rms_ratio"": 2.035, ""diff_ratio"": 3.992}, {""time"": 5.565, ""score"": 2.778, ""rms_ratio"": 1.908, ""diff_ratio"": 4.045}, {""time"": 4.155, ""score"": 2.744, ""rms_ratio"": 2.053, ""diff_ratio"": 3.667}, {""time"": 3.475, ""score"": 2.709, ""rms_ratio"": 2.402, ""diff_ratio"": 3.056}, {""time"": 5.735, ""score"": 2.707, ""rms_ratio"": 1.98, ""diff_ratio"": 3.7}, {""time"": 4.745, ""score"": 2.702, ""rms_ratio"": 2.434, ""diff_ratio"": 3.0}, {""time"": 2.585, ""score"": 2.672, ""rms_ratio"": 2.814, ""diff_ratio"": 2.537}, {""time"": 3.155, ""score"": 2.6, ""rms_ratio"": 2.174, ""diff_ratio"": 3.11}, {""time"": 4.365, ""score"": 2.587, ""rms_ratio"": 2.317, ""diff_ratio"": 2.888}]",7.014,ffprobe,7.014,1.225,5.789,fly,pending,high,,,,James Wood's solo home run (29) James Wood's solo home run (29) James Wood's solo home run (29) James Wood gives the Nationals a 3-0 lead in the top of the 6th inning with a towering solo home run to center,https://mlb-cuts-diamond.mlb.com/FORGE/2025/2025-09/24/e4f8d7c8-3b5cc8de-74daa1c3-csvm-diamondgcp-asset_1280x720_59_4000K.mp4,MLB_776200_james-wood-homers-29-on-a-fly-ball-to-center-field,raw_sources\MLB_776200_james-wood-homers-29-on-a-fly-ball-to-center-field_James_Wood_s_solo_home_run_29_James_Wood_s_solo_home_run_29_James_Wood_s_solo_home_run_29_James_Wood_gives_t.mp4,0.000,7.000,,no,audit_checkpoint_002,100
857,Codex_Workstation,F_0932,dataset/fly_ball/Codex_Workstation/F_0932,4,needs_edit,clip_too_short,contact_audio_ambiguous;insufficient_post_contact_context,review_local_audio_candidates;qwen_confirm_visual_contact_near_candidate;recover_source_and_recut_longer,annotated_audio_ambiguous,1.970,2.070,2.025,2.025,2.011,2.175,1.860,2.025,0.005,2.025,2.011,"[{""time"": 2.025, ""score"": 2.011, ""rms_ratio"": 2.175, ""diff_ratio"": 1.86}, {""time"": 2.155, ""score"": 1.949, ""rms_ratio"": 1.945, ""diff_ratio"": 1.953}, {""time"": 2.735, ""score"": 1.887, ""rms_ratio"": 1.477, ""diff_ratio"": 2.412}, {""time"": 2.315, ""score"": 1.882, ""rms_ratio"": 1.739, ""diff_ratio"": 2.037}, {""time"": 1.555, ""score"": 1.802, ""rms_ratio"": 1.408, ""diff_ratio"": 2.308}, {""time"": 1.765, ""score"": 1.797, ""rms_ratio"": 1.599, ""diff_ratio"": 2.019}, {""time"": 2.965, ""score"": 1.725, ""rms_ratio"": 1.656, ""diff_ratio"": 1.796}, {""time"": 3.335, ""score"": 1.702, ""rms_ratio"": 1.743, ""diff_ratio"": 1.662}, {""time"": 2.515, ""score"": 1.667, ""rms_ratio"": 1.427, ""diff_ratio"": 1.947}, {""time"": 3.165, ""score"": 1.662, ""rms_ratio"": 1.505, ""diff_ratio"": 1.836}]",5.313,ffprobe,5.333,2.025,3.288,fly,pending,medium,,,,"Jackson Chourio's INCREDIBLE home run robbery Jackson Chourio's INCREDIBLE home run robbery Jackson Chourio's INCREDIBLE home run robbery Jackson Chourio times his jump perfectly, leaping to rob Xander Bogaerts of a three-run homer in the bottom of the 1st inning",https://mlb-cuts-diamond.mlb.com/FORGE/2025/2025-09/24/528a3cf1-9571f78e-a9e8a8f6-csvm-diamondgcp-asset_1280x720_59_4000K.mp4,MLB_776198_xander-bogaerts-flies-out-sharply-to-center-fielder-jackson-chourio,raw_sources\MLB_776198_xander-bogaerts-flies-out-sharply-to-center-fielder-jackson-chourio_Jackson_Chourio_s_INCREDIBLE_home_run_robbery_Jackson_Chourio_s_INCREDIBLE_home_run_robbery.mp4,5.460,12.460,,no,audit_checkpoint_002,101
856,Codex_Workstation,F_0929,dataset/fly_ball/Codex_Workstation/F_0929,4,needs_edit,contact_timestamp_wrong,contact_timestamp_wrong;insufficient_post_contact_context,retime_from_local_audio_candidate;qwen_confirm_visual_contact_near_candidate;recover_source_and_recut_longer,likely_contact_timestamp_wrong,1.970,2.070,2.355,2.025,4.784,7.886,2.902,2.025,0.005,5.965,14.642,"[{""time"": 5.965, ""score"": 14.642, ""rms_ratio"": 7.175, ""diff_ratio"": 29.878}, {""time"": 5.625, ""score"": 11.924, ""rms_ratio"": 6.061, ""diff_ratio"": 23.456}, {""time"": 2.355, ""score"": 11.116, ""rms_ratio"": 5.437, ""diff_ratio"": 22.727}, {""time"": 2.905, ""score"": 10.773, ""rms_ratio"": 5.374, ""diff_ratio"": 21.598}, {""time"": 4.875, ""score"": 8.775, ""rms_ratio"": 4.695, ""diff_ratio"": 16.398}, {""time"": 4.135, ""score"": 8.621, ""rms_ratio"": 4.539, ""diff_ratio"": 16.375}, {""time"": 1.125, ""score"": 7.719, ""rms_ratio"": 5.01, ""diff_ratio"": 11.892}, {""time"": 3.695, ""score"": 6.424, ""rms_ratio"": 3.531, ""diff_ratio"": 11.689}, {""time"": 3.125, ""score"": 6.149, ""rms_ratio"": 7.686, ""diff_ratio"": 4.92}, {""time"": 4.405, ""score"": 6.146, ""rms_ratio"": 7.817, ""diff_ratio"": 4.832}, {""time"": 2.025, ""score"": 4.784, ""rms_ratio"": 7.886, ""diff_ratio"": 2.902}, {""time"": 6.235, ""score"": 3.639, ""rms_ratio"": 3.562, ""diff_ratio"": 3.718}, {""time"": 3.585, ""score"": 3.389, ""rms_ratio"": 1.844, ""diff_ratio"": 6.229}, {""time"": 3.395, ""score"": 2.619, ""rms_ratio"": 2.223, ""diff_ratio"": 3.086}, {""time"": 6.375, ""score"": 2.138, ""rms_ratio"": 1.939, ""diff_ratio"": 2.356}, {""time"": 4.715, ""score"": 1.94, ""rms_ratio"": 1.825, ""diff_ratio"": 2.063}]",6.554,ffprobe,6.571,2.355,4.199,fly,pending,high,,,,"Jahmai Jones' leadoff home run (7) Jahmai Jones' leadoff home run (7) Jahmai Jones' leadoff home run (7) Jahmai Jones hits a leadoff home run to left field, giving the Tigers a 1-0 lead in the top of the 1st inning",https://mlb-cuts-diamond.mlb.com/FORGE/2025/2025-09/25/22907410-3ed524b7-9ea9512b-csvm-diamondgcp-asset_1280x720_59_4000K.mp4,MLB_776189_jahmai-jones-homers-7-on-a-fly-ball-to-left-field,raw_sources\MLB_776189_jahmai-jones-homers-7-on-a-fly-ball-to-left-field_Jahmai_Jones_leadoff_home_run_7_Jahmai_Jones_leadoff_home_run_7_Jahmai_Jones_leadoff_home_run_7_Jahmai_Jones_.mp4,0.400,7.400,,no,audit_checkpoint_002,102
855,Codex_Workstation,F_0928,dataset/fly_ball/Codex_Workstation/F_0928,4,needs_edit,clip_too_short,insufficient_post_contact_context,recover_source_and_recut_longer,annotated_contact_audio_confirmed,1.970,2.070,2.105,2.105,2.754,3.229,2.348,1.965,0.055,1.005,5.287,"[{""time"": 1.005, ""score"": 5.287, ""rms_ratio"": 3.418, ""diff_ratio"": 8.178}, {""time"": 2.105, ""score"": 2.754, ""rms_ratio"": 3.229, ""diff_ratio"": 2.348}, {""time"": 1.965, ""score"": 2.493, ""rms_ratio"": 2.94, ""diff_ratio"": 2.114}, {""time"": 1.855, ""score"": 2.16, ""rms_ratio"": 2.489, ""diff_ratio"": 1.874}, {""time"": 1.665, ""score"": 2.148, ""rms_ratio"": 2.432, ""diff_ratio"": 1.897}, {""time"": 2.245, ""score"": 1.988, ""rms_ratio"": 2.473, ""diff_ratio"": 1.598}, {""time"": 4.165, ""score"": 1.971, ""rms_ratio"": 2.175, ""diff_ratio"": 1.786}, {""time"": 3.355, ""score"": 1.898, ""rms_ratio"": 1.394, ""diff_ratio"": 2.585}, {""time"": 3.965, ""score"": 1.805, ""rms_ratio"": 2.132, ""diff_ratio"": 1.527}, {""time"": 4.345, ""score"": 1.685, ""rms_ratio"": 2.047, ""diff_ratio"": 1.388}, {""time"": 5.035, ""score"": 1.678, ""rms_ratio"": 1.779, ""diff_ratio"": 1.583}]",5.105,ffprobe,5.099,2.105,3.000,fly,pending,medium,,,,Field View: Riley Greene's solo home run Field View: Riley Greene's solo home run Field View: Riley Greene's solo home run Check out this unique angle of Riley Greene's solo home run in the top of the 4th inning against the Guardians,https://mlb-cuts-diamond.mlb.com/FORGE/2025/2025-09/25/c6b8a9a7-c98b5858-b806163a-csvm-diamondgcp-asset_1280x720_59_4000K.mp4,MLB_776189_field-view-riley-greene-s-solo-home-run-x4558,raw_sources\MLB_776189_field-view-riley-greene-s-solo-home-run-x4558_Field_View_Riley_Greene_s_solo_home_run_Field_View_Riley_Greene_s_solo_home_run_Field_View_Riley_Greene_s_solo_ho.mp4,0.180,7.180,,no,audit_checkpoint_002,103
854,Codex_Workstation,F_0927,dataset/fly_ball/Codex_Workstation/F_0927,4,needs_edit,contact_timestamp_wrong,contact_timestamp_wrong;insufficient_post_contact_context,retime_from_local_audio_candidate;qwen_confirm_visual_contact_near_candidate;recover_source_and_recut_longer,likely_contact_timestamp_wrong,1.970,2.070,1.195,2.035,1.880,2.119,1.669,2.035,0.015,0.655,3.615,"[{""time"": 0.655, ""score"": 3.615, ""rms_ratio"": 1.307, ""diff_ratio"": 9.997}, {""time"": 4.195, ""score"": 2.629, ""rms_ratio"": 1.121, ""diff_ratio"": 6.166}, {""time"": 0.765, ""score"": 2.484, ""rms_ratio"": 1.08, ""diff_ratio"": 5.712}, {""time"": 5.335, ""score"": 2.272, ""rms_ratio"": 1.386, ""diff_ratio"": 3.725}, {""time"": 6.425, ""score"": 2.215, ""rms_ratio"": 0.801, ""diff_ratio"": 4.906}, {""time"": 6.945, ""score"": 2.068, ""rms_ratio"": 0.705, ""diff_ratio"": 4.275}, {""time"": 1.195, ""score"": 2.062, ""rms_ratio"": 1.297, ""diff_ratio"": 3.279}, {""time"": 4.305, ""score"": 2.058, ""rms_ratio"": 0.96, ""diff_ratio"": 4.235}, {""time"": 2.475, ""score"": 1.98, ""rms_ratio"": 0.661, ""diff_ratio"": 3.921}, {""time"": 2.035, ""score"": 1.88, ""rms_ratio"": 2.119, ""diff_ratio"": 1.669}, {""time"": 6.705, ""score"": 1.76, ""rms_ratio"": 0.697, ""diff_ratio"": 3.098}, {""time"": 5.215, ""score"": 1.707, ""rms_ratio"": 1.395, ""diff_ratio"": 2.088}]",7.007,ffprobe,7.019,1.195,5.812,fly,pending,high,,,,"Shohei Ohtani's two-run homer (54) Shohei Ohtani's two-run homer (54) Shohei Ohtani's two-run homer (54)  Shohei Ohtani hits a two-run home run to right-center field in top of the 4th, driving home his 101st RBI of the year and extending his hit streak to 10 games",https://mlb-cuts-diamond.mlb.com/FORGE/2025/2025-09/25/8b757d4a-e08878f8-551a5eba-csvm-diamondgcp-asset_1280x720_59_4000K.mp4,MLB_776185_shohei-ohtani-homers-54-on-a-fly-ball-to-right-center-field-enrique-h,raw_sources\MLB_776185_shohei-ohtani-homers-54-on-a-fly-ball-to-right-center-field-enrique-h_Shohei_Ohtani_s_two-run_homer_54_Shohei_Ohtani_s_two-run_homer_54_Shohei_Ohtani_s_two-run.mp4,2.500,9.500,,no,audit_checkpoint_002,104
853,Codex_Workstation,F_0926,dataset/fly_ball/Codex_Workstation/F_0926,4,needs_edit,contact_timestamp_wrong,contact_timestamp_wrong;insufficient_post_contact_context,retime_from_local_audio_candidate;qwen_confirm_visual_contact_near_candidate;recover_source_and_recut_longer,likely_contact_timestamp_wrong,1.890,1.990,1.835,1.945,2.232,2.149,2.317,1.945,0.005,4.715,3.680,"[{""time"": 4.715, ""score"": 3.68, ""rms_ratio"": 1.536, ""diff_ratio"": 8.816}, {""time"": 1.835, ""score"": 3.614, ""rms_ratio"": 1.56, ""diff_ratio"": 8.371}, {""time"": 0.555, ""score"": 2.996, ""rms_ratio"": 1.332, ""diff_ratio"": 6.739}, {""time"": 4.305, ""score"": 2.614, ""rms_ratio"": 1.131, ""diff_ratio"": 6.039}, {""time"": 1.035, ""score"": 2.589, ""rms_ratio"": 1.081, ""diff_ratio"": 6.206}, {""time"": 0.315, ""score"": 2.448, ""rms_ratio"": 1.256, ""diff_ratio"": 4.773}, {""time"": 3.905, ""score"": 2.395, ""rms_ratio"": 1.05, ""diff_ratio"": 5.461}, {""time"": 1.945, ""score"": 2.232, ""rms_ratio"": 2.149, ""diff_ratio"": 2.317}, {""time"": 1.685, ""score"": 1.93, ""rms_ratio"": 2.031, ""diff_ratio"": 1.835}, {""time"": 2.175, ""score"": 1.736, ""rms_ratio"": 1.954, ""diff_ratio"": 1.542}, {""time"": 4.565, ""score"": 1.718, ""rms_ratio"": 1.795, ""diff_ratio"": 1.644}, {""time"": 1.275, ""score"": 1.676, ""rms_ratio"": 1.904, ""diff_ratio"": 1.476}]",4.762,ffprobe,4.779,1.835,2.927,fly,pending,high,,,,"Pages, Freeman hit back-to-back homers in the 2nd Pages, Freeman hit back-to-back homers in the 2nd Pages, Freeman hit back-to-back homers in the 2nd Andy Pages and Freddie Freeman hit back-to-back home runs in the top of the 2nd inning vs. D-backs",https://mlb-cuts-diamond.mlb.com/FORGE/2025/2025-09/25/8dab10bb-f44e2758-f73fa6e8-csvm-diamondgcp-asset_1280x720_59_4000K.mp4,MLB_776185_pages-freeman-hit-back-to-back-homers-in-the-2nd,raw_sources\MLB_776185_pages-freeman-hit-back-to-back-homers-in-the-2nd_Pages_Freeman_hit_back-to-back_homers_in_the_2nd_Pages_Freeman_hit_back-to-back_homers_in_the_2nd_Pages_Freema.mp4,3.600,10.600,,no,audit_checkpoint_002,105
852,Codex_Workstation,F_0925,dataset/fly_ball/Codex_Workstation/F_0925,4,needs_edit,clip_too_short,insufficient_post_contact_context,recover_source_and_recut_longer,annotated_contact_audio_confirmed,1.210,1.310,1.275,1.275,10.765,6.502,17.824,1.275,0.015,1.275,10.765,"[{""time"": 1.275, ""score"": 10.765, ""rms_ratio"": 6.502, ""diff_ratio"": 17.824}, {""time"": 2.905, ""score"": 8.874, ""rms_ratio"": 3.075, ""diff_ratio"": 25.609}, {""time"": 4.155, ""score"": 6.798, ""rms_ratio"": 2.506, ""diff_ratio"": 18.442}, {""time"": 3.385, ""score"": 6.018, ""rms_ratio"": 2.255, ""diff_ratio"": 16.062}, {""time"": 4.635, ""score"": 5.823, ""rms_ratio"": 2.053, ""diff_ratio"": 16.519}, {""time"": 3.915, ""score"": 5.514, ""rms_ratio"": 2.372, ""diff_ratio"": 12.816}, {""time"": 2.765, ""score"": 4.128, ""rms_ratio"": 3.065, ""diff_ratio"": 5.559}, {""time"": 2.645, ""score"": 4.052, ""rms_ratio"": 2.822, ""diff_ratio"": 5.82}, {""time"": 4.875, ""score"": 3.776, ""rms_ratio"": 3.61, ""diff_ratio"": 3.95}, {""time"": 2.465, ""score"": 3.71, ""rms_ratio"": 2.371, ""diff_ratio"": 5.806}, {""time"": 4.385, ""score"": 3.244, ""rms_ratio"": 3.148, ""diff_ratio"": 3.344}, {""time"": 4.755, ""score"": 3.114, ""rms_ratio"": 2.409, ""diff_ratio"": 4.027}, {""time"": 3.155, ""score"": 3.026, ""rms_ratio"": 3.235, ""diff_ratio"": 2.83}, {""time"": 3.575, ""score"": 2.893, ""rms_ratio"": 3.264, ""diff_ratio"": 2.564}, {""time"": 5.025, ""score"": 2.886, ""rms_ratio"": 2.869, ""diff_ratio"": 2.903}, {""time"": 3.785, ""score"": 2.83, ""rms_ratio"": 2.815, ""diff_ratio"": 2.845}]",5.248,ffprobe,5.265,1.275,3.973,fly,pending,medium,,,,Freddie Freeman's two-homer outing Freddie Freeman's two-homer outing Freddie Freeman's two-homer outing Freddie Freeman hits two home runs to bring home three runs in an outstanding offensive outing vs. the D-backs,https://mlb-cuts-diamond.mlb.com/FORGE/2025/2025-09/25/f3f34dc2-f15af924-8294fb39-csvm-diamondgcp-asset_1280x720_59_4000K.mp4,MLB_776185_freddie-freeman-s-two-homer-outing,raw_sources\MLB_776185_freddie-freeman-s-two-homer-outing_Freddie_Freeman_s_two-homer_outing_Freddie_Freeman_s_two-homer_outing_Freddie_Freeman_s_two-homer_outing_Freddie_Freeman_hit.mp4,0.000,7.000,,no,audit_checkpoint_002,106
851,Codex_Workstation,F_0924,dataset/fly_ball/Codex_Workstation/F_0924,4,needs_edit,contact_timestamp_wrong,contact_timestamp_wrong;insufficient_post_contact_context,retime_from_local_audio_candidate;qwen_confirm_visual_contact_near_candidate;recover_source_and_recut_longer,likely_contact_timestamp_wrong,1.970,2.070,2.225,2.025,2.338,3.004,1.820,2.025,0.005,2.225,4.094,"[{""time"": 2.225, ""score"": 4.094, ""rms_ratio"": 1.494, ""diff_ratio"": 11.213}, {""time"": 3.325, ""score"": 4.027, ""rms_ratio"": 1.503, ""diff_ratio"": 10.794}, {""time"": 5.265, ""score"": 3.47, ""rms_ratio"": 1.354, ""diff_ratio"": 8.895}, {""time"": 4.475, ""score"": 3.469, ""rms_ratio"": 1.254, ""diff_ratio"": 9.596}, {""time"": 4.165, ""score"": 3.103, ""rms_ratio"": 1.249, ""diff_ratio"": 7.707}, {""time"": 6.825, ""score"": 2.954, ""rms_ratio"": 1.201, ""diff_ratio"": 7.267}, {""time"": 2.515, ""score"": 2.726, ""rms_ratio"": 1.106, ""diff_ratio"": 6.718}, {""time"": 4.845, ""score"": 2.479, ""rms_ratio"": 1.191, ""diff_ratio"": 5.158}, {""time"": 2.025, ""score"": 2.338, ""rms_ratio"": 3.004, ""diff_ratio"": 1.82}, {""time"": 6.475, ""score"": 2.199, ""rms_ratio"": 1.767, ""diff_ratio"": 2.735}, {""time"": 6.615, ""score"": 2.103, ""rms_ratio"": 1.549, ""diff_ratio"": 2.856}, {""time"": 3.755, ""score"": 2.041, ""rms_ratio"": 0.773, ""diff_ratio"": 4.167}, {""time"": 6.965, ""score"": 1.964, ""rms_ratio"": 1.8, ""diff_ratio"": 2.142}, {""time"": 0.805, ""score"": 1.917, ""rms_ratio"": 0.413, ""diff_ratio"": 3.674}, {""time"": 5.395, ""score"": 1.822, ""rms_ratio"": 0.825, ""diff_ratio"": 3.32}, {""time"": 1.855, ""score"": 1.822, ""rms_ratio"": 1.492, ""diff_ratio"": 2.224}]",7.007,ffprobe,7.019,2.225,4.782,fly,pending,medium,,,,Freddie Freeman's second homer of the game (23)  Freddie Freeman's second homer of the game (23)  Freddie Freeman's second homer of the game (23) Freddie Freeman hits a two-run home run to right-center field in the top of the 4th inning to score Teoscar Hernández and make it 8-0 Dodgers,https://mlb-cuts-diamond.mlb.com/FORGE/2025/2025-09/25/7e88f1d1-c85013f1-503e01b8-csvm-diamondgcp-asset_1280x720_59_4000K.mp4,MLB_776185_freddie-freeman-homers-23-on-a-fly-ball-to-right-center-field-teoscar,raw_sources\MLB_776185_freddie-freeman-homers-23-on-a-fly-ball-to-right-center-field-teoscar_Freddie_Freeman_s_second_homer_of_the_game_23_Freddie_Freeman_s_second_homer_of_the_game_.mp4,1.180,8.180,,no,audit_checkpoint_002,107
850,Codex_Workstation,F_0923,dataset/fly_ball/Codex_Workstation/F_0923,4,needs_edit,contact_timestamp_wrong,contact_timestamp_wrong;insufficient_post_contact_context,retime_from_local_audio_candidate;qwen_confirm_visual_contact_near_candidate;recover_source_and_recut_longer,likely_contact_timestamp_wrong,1.890,1.990,1.835,1.945,2.305,2.175,2.442,1.945,0.005,4.715,3.802,"[{""time"": 4.715, ""score"": 3.802, ""rms_ratio"": 1.555, ""diff_ratio"": 9.296}, {""time"": 1.835, ""score"": 3.732, ""rms_ratio"": 1.578, ""diff_ratio"": 8.822}, {""time"": 6.025, ""score"": 3.524, ""rms_ratio"": 1.449, ""diff_ratio"": 8.572}, {""time"": 5.445, ""score"": 3.192, ""rms_ratio"": 1.478, ""diff_ratio"": 6.893}, {""time"": 5.825, ""score"": 3.136, ""rms_ratio"": 1.232, ""diff_ratio"": 7.983}, {""time"": 0.555, ""score"": 3.094, ""rms_ratio"": 1.348, ""diff_ratio"": 7.103}, {""time"": 4.305, ""score"": 2.699, ""rms_ratio"": 1.145, ""diff_ratio"": 6.364}, {""time"": 1.035, ""score"": 2.674, ""rms_ratio"": 1.093, ""diff_ratio"": 6.54}, {""time"": 0.315, ""score"": 2.528, ""rms_ratio"": 1.27, ""diff_ratio"": 5.03}, {""time"": 3.905, ""score"": 2.473, ""rms_ratio"": 1.063, ""diff_ratio"": 5.756}, {""time"": 1.945, ""score"": 2.305, ""rms_ratio"": 2.175, ""diff_ratio"": 2.442}, {""time"": 1.685, ""score"": 1.993, ""rms_ratio"": 2.055, ""diff_ratio"": 1.934}, {""time"": 2.175, ""score"": 1.793, ""rms_ratio"": 1.977, ""diff_ratio"": 1.625}, {""time"": 4.565, ""score"": 1.774, ""rms_ratio"": 1.816, ""diff_ratio"": 1.733}, {""time"": 5.585, ""score"": 1.762, ""rms_ratio"": 2.261, ""diff_ratio"": 1.373}, {""time"": 1.275, ""score"": 1.731, ""rms_ratio"": 1.926, ""diff_ratio"": 1.556}]",7.007,ffprobe,7.019,1.835,5.172,fly,pending,high,,,,Freddie Freeman's solo homer (22) Freddie Freeman's solo homer (22) Freddie Freeman's solo homer (22) Freddie Freeman hits a solo home run to right-center field in the top of the 2nd inning to make it 1-0 Dodgers,https://mlb-cuts-diamond.mlb.com/FORGE/2025/2025-09/25/374bcfe1-253a9429-f2f0bd9c-csvm-diamondgcp-asset_1280x720_59_4000K.mp4,MLB_776185_freddie-freeman-homers-22-on-a-line-drive-to-right-center-field,raw_sources\MLB_776185_freddie-freeman-homers-22-on-a-line-drive-to-right-center-field_Freddie_Freeman_s_solo_homer_22_Freddie_Freeman_s_solo_homer_22_Freddie_Freeman_s_solo_homer_22.mp4,3.600,10.600,,no,audit_checkpoint_002,108
849,Codex_Workstation,F_0922,dataset/fly_ball/Codex_Workstation/F_0922,4,needs_edit,clip_too_short,insufficient_post_contact_context,recover_source_and_recut_longer,annotated_contact_audio_confirmed,2.330,2.430,2.385,2.385,2.959,2.438,3.592,2.385,0.005,2.385,2.959,"[{""time"": 2.385, ""score"": 2.959, ""rms_ratio"": 2.438, ""diff_ratio"": 3.592}, {""time"": 3.655, ""score"": 2.786, ""rms_ratio"": 2.644, ""diff_ratio"": 2.937}, {""time"": 3.985, ""score"": 2.761, ""rms_ratio"": 2.13, ""diff_ratio"": 3.58}, {""time"": 2.025, ""score"": 2.527, ""rms_ratio"": 2.704, ""diff_ratio"": 2.362}, {""time"": 3.865, ""score"": 2.485, ""rms_ratio"": 1.801, ""diff_ratio"": 3.428}, {""time"": 2.505, ""score"": 2.433, ""rms_ratio"": 2.125, ""diff_ratio"": 2.785}, {""time"": 2.225, ""score"": 2.405, ""rms_ratio"": 1.695, ""diff_ratio"": 3.413}, {""time"": 3.415, ""score"": 2.363, ""rms_ratio"": 1.712, ""diff_ratio"": 3.262}, {""time"": 3.305, ""score"": 2.331, ""rms_ratio"": 1.943, ""diff_ratio"": 2.795}, {""time"": 2.745, ""score"": 1.9, ""rms_ratio"": 1.709, ""diff_ratio"": 2.111}, {""time"": 0.045, ""score"": 1.807, ""rms_ratio"": 0.689, ""diff_ratio"": 3.264}, {""time"": 1.265, ""score"": 1.796, ""rms_ratio"": 1.005, ""diff_ratio"": 3.211}, {""time"": 2.635, ""score"": 1.796, ""rms_ratio"": 1.695, ""diff_ratio"": 1.903}, {""time"": 0.875, ""score"": 1.792, ""rms_ratio"": 0.732, ""diff_ratio"": 3.211}]",4.058,ffprobe,4.075,2.385,1.673,fly,pending,high,,,,"Byron Buxton's leadoff homer (33) Byron Buxton's leadoff homer (33) Byron Buxton's leadoff homer (33) Byron Buxton hits his second consecutive leadoff home run to left-center field, giving the Twins an early 1-0 lead",https://mlb-cuts-diamond.mlb.com/FORGE/2025/2025-09/25/defabf92-bfc9c6b4-fe795a28-csvm-diamondgcp-asset_1280x720_59_4000K.mp4,MLB_776183_byron-buxton-homers-33-on-a-fly-ball-to-center-field,raw_sources\MLB_776183_byron-buxton-homers-33-on-a-fly-ball-to-center-field_Byron_Buxton_s_leadoff_homer_33_Byron_Buxton_s_leadoff_homer_33_Byron_Buxton_s_leadoff_homer_33_Byron_Buxt.mp4,10.000,17.000,,no,audit_checkpoint_002,109
848,Codex_Workstation,F_0921,dataset/fly_ball/Codex_Workstation/F_0921,4,needs_edit,clip_too_short,insufficient_post_contact_context,recover_source_and_recut_longer,annotated_contact_audio_confirmed,1.670,1.770,1.735,1.735,6.501,4.043,10.453,1.735,0.015,1.735,6.501,"[{""time"": 1.735, ""score"": 6.501, ""rms_ratio"": 4.043, ""diff_ratio"": 10.453}, {""time"": 6.405, ""score"": 2.934, ""rms_ratio"": 1.545, ""diff_ratio"": 5.573}, {""time"": 4.335, ""score"": 2.697, ""rms_ratio"": 2.415, ""diff_ratio"": 3.013}, {""time"": 6.515, ""score"": 2.602, ""rms_ratio"": 2.0, ""diff_ratio"": 3.386}, {""time"": 6.765, ""score"": 2.525, ""rms_ratio"": 2.48, ""diff_ratio"": 2.571}, {""time"": 5.985, ""score"": 2.498, ""rms_ratio"": 1.509, ""diff_ratio"": 4.136}, {""time"": 3.525, ""score"": 2.158, ""rms_ratio"": 1.674, ""diff_ratio"": 2.782}, {""time"": 3.775, ""score"": 2.021, ""rms_ratio"": 1.607, ""diff_ratio"": 2.543}, {""time"": 4.125, ""score"": 1.967, ""rms_ratio"": 1.87, ""diff_ratio"": 2.07}, {""time"": 0.405, ""score"": 1.952, ""rms_ratio"": 1.228, ""diff_ratio"": 3.105}, {""time"": 5.675, ""score"": 1.925, ""rms_ratio"": 1.956, ""diff_ratio"": 1.894}, {""time"": 6.875, ""score"": 1.922, ""rms_ratio"": 2.235, ""diff_ratio"": 1.653}, {""time"": 5.005, ""score"": 1.868, ""rms_ratio"": 1.924, ""diff_ratio"": 1.814}, {""time"": 0.625, ""score"": 1.775, ""rms_ratio"": 0.698, ""diff_ratio"": 3.152}, {""time"": 3.015, ""score"": 1.771, ""rms_ratio"": 1.275, ""diff_ratio"": 2.462}, {""time"": 5.355, ""score"": 1.735, ""rms_ratio"": 1.951, ""diff_ratio"": 1.543}]",6.955,ffprobe,6.971,1.735,5.220,fly,pending,high,,,,Nick Kurtz's two-homer game  Nick Kurtz's two-homer game  Nick Kurtz's two-homer game  Nick Kurtz slugs a pair of homers to left field and drives in three runs against the Astros,https://mlb-cuts-diamond.mlb.com/FORGE/2025/2025-09/25/3a1d4575-c3919b17-f44986b1-csvm-diamondgcp-asset_1280x720_59_4000K.mp4,MLB_776182_nick-kurtz-two-homer-game,raw_sources\MLB_776182_nick-kurtz-two-homer-game_Nick_Kurtz_s_two-homer_game_Nick_Kurtz_s_two-homer_game_Nick_Kurtz_s_two-homer_game_Nick_Kurtz_slugs_a_pair_of_homers_to_left_field_a.mp4,0.000,7.000,,no,audit_checkpoint_002,110
847,Codex_Workstation,F_0920,dataset/fly_ball/Codex_Workstation/F_0920,4,needs_edit,clip_too_short,insufficient_post_contact_context,recover_source_and_recut_longer,annotated_contact_audio_confirmed,1.090,1.190,1.155,1.155,9.265,6.250,13.734,1.155,0.015,1.155,9.265,"[{""time"": 1.155, ""score"": 9.265, ""rms_ratio"": 6.25, ""diff_ratio"": 13.734}, {""time"": 5.425, ""score"": 4.649, ""rms_ratio"": 3.805, ""diff_ratio"": 5.681}, {""time"": 5.315, ""score"": 4.589, ""rms_ratio"": 2.187, ""diff_ratio"": 9.63}, {""time"": 3.665, ""score"": 4.109, ""rms_ratio"": 3.591, ""diff_ratio"": 4.702}, {""time"": 3.145, ""score"": 3.305, ""rms_ratio"": 2.985, ""diff_ratio"": 3.66}, {""time"": 2.435, ""score"": 3.227, ""rms_ratio"": 2.894, ""diff_ratio"": 3.6}, {""time"": 5.675, ""score"": 3.207, ""rms_ratio"": 3.087, ""diff_ratio"": 3.332}, {""time"": 5.085, ""score"": 3.127, ""rms_ratio"": 2.777, ""diff_ratio"": 3.522}, {""time"": 3.985, ""score"": 3.12, ""rms_ratio"": 2.983, ""diff_ratio"": 3.264}, {""time"": 2.575, ""score"": 2.909, ""rms_ratio"": 1.457, ""diff_ratio"": 5.807}, {""time"": 4.565, ""score"": 2.9, ""rms_ratio"": 3.44, ""diff_ratio"": 2.445}, {""time"": 5.545, ""score"": 2.897, ""rms_ratio"": 2.822, ""diff_ratio"": 2.974}, {""time"": 3.555, ""score"": 2.852, ""rms_ratio"": 1.411, ""diff_ratio"": 5.764}, {""time"": 2.885, ""score"": 2.801, ""rms_ratio"": 2.981, ""diff_ratio"": 2.632}, {""time"": 5.195, ""score"": 2.735, ""rms_ratio"": 2.494, ""diff_ratio"": 2.999}, {""time"": 6.045, ""score"": 2.676, ""rms_ratio"": 2.458, ""diff_ratio"": 2.915}]",6.848,ffprobe,6.865,1.155,5.693,fly,pending,high,,,,"Jordan Westburg's three-run homer (16) Jordan Westburg's three-run homer (16) Jordan Westburg's three-run homer (16) Jordan Westburg lines a three-run home run to left field, putting the Orioles ahead 3-2 in the top of the 3rd inning",https://mlb-cuts-diamond.mlb.com/FORGE/2025/2025-09/26/84bb6dac-8e597263-5481a222-csvm-diamondgcp-asset_1280x720_59_4000K.mp4,MLB_776174_jordan-westburg-homers-16-on-a-line-drive-to-left-field-coby-mayo-sco,raw_sources\MLB_776174_jordan-westburg-homers-16-on-a-line-drive-to-left-field-coby-mayo-sco_Jordan_Westburg_s_three-run_homer_16_Jordan_Westburg_s_three-run_homer_16_Jordan_Westburg.mp4,0.000,7.000,,no,audit_checkpoint_002,111
846,Codex_Workstation,F_0919,dataset/fly_ball/Codex_Workstation/F_0919,4,needs_edit,contact_timestamp_wrong,contact_timestamp_wrong;insufficient_post_contact_context,retime_from_local_audio_candidate;qwen_confirm_visual_contact_near_candidate;recover_source_and_recut_longer,likely_contact_timestamp_wrong,1.970,2.070,1.265,2.025,1.900,2.620,1.378,2.025,0.005,3.305,4.084,"[{""time"": 3.305, ""score"": 4.084, ""rms_ratio"": 2.574, ""diff_ratio"": 6.481}, {""time"": 4.695, ""score"": 3.395, ""rms_ratio"": 1.682, ""diff_ratio"": 6.853}, {""time"": 4.555, ""score"": 3.221, ""rms_ratio"": 1.616, ""diff_ratio"": 6.42}, {""time"": 4.255, ""score"": 2.73, ""rms_ratio"": 1.962, ""diff_ratio"": 3.798}, {""time"": 2.885, ""score"": 2.24, ""rms_ratio"": 2.058, ""diff_ratio"": 2.439}, {""time"": 4.925, ""score"": 2.21, ""rms_ratio"": 1.573, ""diff_ratio"": 3.107}, {""time"": 1.265, ""score"": 2.188, ""rms_ratio"": 1.748, ""diff_ratio"": 2.738}, {""time"": 3.995, ""score"": 2.012, ""rms_ratio"": 1.44, ""diff_ratio"": 2.812}, {""time"": 2.025, ""score"": 1.9, ""rms_ratio"": 2.62, ""diff_ratio"": 1.378}, {""time"": 0.755, ""score"": 1.869, ""rms_ratio"": 1.115, ""diff_ratio"": 3.131}, {""time"": 3.655, ""score"": 1.814, ""rms_ratio"": 1.751, ""diff_ratio"": 1.879}, {""time"": 3.025, ""score"": 1.728, ""rms_ratio"": 1.221, ""diff_ratio"": 2.447}, {""time"": 2.355, ""score"": 1.652, ""rms_ratio"": 2.457, ""diff_ratio"": 1.11}, {""time"": 0.355, ""score"": 1.65, ""rms_ratio"": 2.724, ""diff_ratio"": 0.945}]",4.938,ffprobe,4.949,1.265,3.673,fly,pending,medium,,,,"Giancarlo Stanton's two-homer, five-RBI game Giancarlo Stanton's two-homer, five-RBI game Giancarlo Stanton's two-homer, five-RBI game Giancarlo Stanton has a huge day at the plate against Baltimore, crushing two-run homers in the 1st and 3rd innings, and plating an insurance run in the 7th",https://mlb-cuts-diamond.mlb.com/FORGE/2025/2025-09/26/d46b2667-6395b732-ba0b4c55-csvm-diamondgcp-asset_1280x720_59_4000K.mp4,MLB_776174_giancarlo-stanton-s-two-homer-five-rbi-game,raw_sources\MLB_776174_giancarlo-stanton-s-two-homer-five-rbi-game_Giancarlo_Stanton_s_two-homer_five-RBI_game_Giancarlo_Stanton_s_two-homer_five-RBI_game_Giancarlo_Stanton_s_two-hom.mp4,2.600,9.600,,no,audit_checkpoint_002,112
845,Codex_Workstation,F_0918,dataset/fly_ball/Codex_Workstation/F_0918,4,needs_edit,contact_timestamp_wrong,contact_timestamp_wrong;insufficient_post_contact_context,retime_from_local_audio_candidate;qwen_confirm_visual_contact_near_candidate;recover_source_and_recut_longer,likely_contact_timestamp_wrong,1.970,2.070,1.265,2.025,1.906,2.587,1.405,2.025,0.005,3.305,4.097,"[{""time"": 3.305, ""score"": 4.097, ""rms_ratio"": 2.541, ""diff_ratio"": 6.606}, {""time"": 5.875, ""score"": 3.896, ""rms_ratio"": 1.867, ""diff_ratio"": 8.132}, {""time"": 4.695, ""score"": 3.406, ""rms_ratio"": 1.66, ""diff_ratio"": 6.986}, {""time"": 4.555, ""score"": 3.231, ""rms_ratio"": 1.595, ""diff_ratio"": 6.545}, {""time"": 4.255, ""score"": 2.738, ""rms_ratio"": 1.937, ""diff_ratio"": 3.871}, {""time"": 2.885, ""score"": 2.247, ""rms_ratio"": 2.032, ""diff_ratio"": 2.486}, {""time"": 4.925, ""score"": 2.238, ""rms_ratio"": 1.563, ""diff_ratio"": 3.203}, {""time"": 1.265, ""score"": 2.195, ""rms_ratio"": 1.725, ""diff_ratio"": 2.792}, {""time"": 3.995, ""score"": 2.019, ""rms_ratio"": 1.422, ""diff_ratio"": 2.866}, {""time"": 5.645, ""score"": 1.998, ""rms_ratio"": 2.512, ""diff_ratio"": 1.589}, {""time"": 6.915, ""score"": 1.996, ""rms_ratio"": 2.125, ""diff_ratio"": 1.874}, {""time"": 2.025, ""score"": 1.906, ""rms_ratio"": 2.587, ""diff_ratio"": 1.405}, {""time"": 0.755, ""score"": 1.875, ""rms_ratio"": 1.101, ""diff_ratio"": 3.192}, {""time"": 3.655, ""score"": 1.819, ""rms_ratio"": 1.728, ""diff_ratio"": 1.915}, {""time"": 3.025, ""score"": 1.734, ""rms_ratio"": 1.205, ""diff_ratio"": 2.494}, {""time"": 2.355, ""score"": 1.657, ""rms_ratio"": 2.426, ""diff_ratio"": 1.132}]",7.007,ffprobe,7.019,1.265,5.742,fly,pending,high,,,,"Giancarlo Stanton's two-run home run (22) Giancarlo Stanton's two-run home run (22) Giancarlo Stanton's two-run home run (22) Giancarlo Stanton slams a two-run home run to right-center field, giving the Yankees an early 2-0 lead in the bottom of the 1st",https://mlb-cuts-diamond.mlb.com/FORGE/2025/2025-09/26/a42f0ef1-6476dcd3-4fbc9f53-csvm-diamondgcp-asset_1280x720_59_4000K.mp4,MLB_776174_giancarlo-stanton-homers-22-on-a-fly-ball-to-right-center-field-cody-,raw_sources\MLB_776174_giancarlo-stanton-homers-22-on-a-fly-ball-to-right-center-field-cody-_Giancarlo_Stanton_s_two-run_home_run_22_Giancarlo_Stanton_s_two-run_home_run_22_Giancarlo.mp4,2.600,9.600,,no,audit_checkpoint_002,113
844,Codex_Workstation,F_0917,dataset/fly_ball/Codex_Workstation/F_0917,4,needs_edit,clip_too_short,insufficient_post_contact_context,recover_source_and_recut_longer,annotated_contact_audio_confirmed,1.970,2.070,2.005,2.005,2.307,1.984,2.682,2.005,0.015,5.065,4.823,"[{""time"": 5.065, ""score"": 4.823, ""rms_ratio"": 2.673, ""diff_ratio"": 8.705}, {""time"": 0.615, ""score"": 3.53, ""rms_ratio"": 2.301, ""diff_ratio"": 5.415}, {""time"": 2.555, ""score"": 3.352, ""rms_ratio"": 2.798, ""diff_ratio"": 4.015}, {""time"": 3.885, ""score"": 3.321, ""rms_ratio"": 2.862, ""diff_ratio"": 3.853}, {""time"": 4.275, ""score"": 3.199, ""rms_ratio"": 1.713, ""diff_ratio"": 5.974}, {""time"": 2.705, ""score"": 2.824, ""rms_ratio"": 1.607, ""diff_ratio"": 4.963}, {""time"": 1.535, ""score"": 2.562, ""rms_ratio"": 1.593, ""diff_ratio"": 4.122}, {""time"": 1.245, ""score"": 2.385, ""rms_ratio"": 2.942, ""diff_ratio"": 1.933}, {""time"": 2.005, ""score"": 2.307, ""rms_ratio"": 1.984, ""diff_ratio"": 2.682}, {""time"": 4.135, ""score"": 2.257, ""rms_ratio"": 1.327, ""diff_ratio"": 3.838}, {""time"": 3.265, ""score"": 2.025, ""rms_ratio"": 2.614, ""diff_ratio"": 1.569}, {""time"": 2.985, ""score"": 2.003, ""rms_ratio"": 2.773, ""diff_ratio"": 1.447}, {""time"": 4.575, ""score"": 1.982, ""rms_ratio"": 2.073, ""diff_ratio"": 1.894}, {""time"": 2.255, ""score"": 1.947, ""rms_ratio"": 1.673, ""diff_ratio"": 2.265}, {""time"": 2.145, ""score"": 1.898, ""rms_ratio"": 1.617, ""diff_ratio"": 2.227}, {""time"": 3.425, ""score"": 1.87, ""rms_ratio"": 1.684, ""diff_ratio"": 2.076}]",5.104,ffprobe,5.120,2.005,3.099,fly,pending,high,,,,"Aaron Judge's two-run home run (52) Aaron Judge's two-run home run (52) Aaron Judge's two-run home run (52) Aaron Judge belts a two-run home run to center field, scoring José Caballero to give the Yankees a 4-3 lead in the 3rd inning",https://mlb-cuts-diamond.mlb.com/FORGE/2025/2025-09/26/ee86b73d-ceeac7dc-cc3c9239-csvm-diamondgcp-asset_1280x720_59_4000K.mp4,MLB_776174_aaron-judge-homers-52-on-a-fly-ball-to-center-field-jose-caballero-sc,raw_sources\MLB_776174_aaron-judge-homers-52-on-a-fly-ball-to-center-field-jose-caballero-sc_Aaron_Judge_s_two-run_home_run_52_Aaron_Judge_s_two-run_home_run_52_Aaron_Judge_s_two-run.mp4,0.340,7.340,,no,audit_checkpoint_002,114
843,Codex_Workstation,F_0915,dataset/fly_ball/Codex_Workstation/F_0915,4,needs_edit,contact_timestamp_wrong,contact_timestamp_wrong;insufficient_pre_contact_context;insufficient_post_contact_context,retime_from_local_audio_candidate;qwen_confirm_visual_contact_near_candidate;recover_source_and_recut_longer,likely_contact_timestamp_wrong,1.970,2.070,0.645,1.975,1.764,1.372,2.268,1.975,0.045,0.645,2.176,"[{""time"": 0.645, ""score"": 2.176, ""rms_ratio"": 1.67, ""diff_ratio"": 2.835}, {""time"": 4.025, ""score"": 1.946, ""rms_ratio"": 1.573, ""diff_ratio"": 2.407}, {""time"": 3.575, ""score"": 1.943, ""rms_ratio"": 1.615, ""diff_ratio"": 2.337}, {""time"": 2.535, ""score"": 1.837, ""rms_ratio"": 1.241, ""diff_ratio"": 2.719}, {""time"": 1.975, ""score"": 1.764, ""rms_ratio"": 1.372, ""diff_ratio"": 2.268}, {""time"": 0.135, ""score"": 1.74, ""rms_ratio"": 1.838, ""diff_ratio"": 1.646}]",4.265,ffprobe,4.267,0.645,3.620,fly,pending,high,,,,Pete Crow-Armstrong's two-run homer (30) Pete Crow-Armstrong's two-run homer (30) Pete Crow-Armstrong's two-run homer (30) Pete Crow-Armstrong clubs a two-run home run to right-center field and becomes the 2nd player in franchise history to reach the 30-30 club,https://mlb-cuts-diamond.mlb.com/FORGE/2025/2025-09/26/a2167bbd-ef68b5d7-84c86ff7-csvm-diamondgcp-asset_1280x720_59_4000K.mp4,MLB_776167_pete-crow-armstrong-homers-30-on-a-fly-ball-to-right-center-field-kyl,raw_sources\MLB_776167_pete-crow-armstrong-homers-30-on-a-fly-ball-to-right-center-field-kyl_Pete_Crow-Armstrong_s_two-run_homer_30_Pete_Crow-Armstrong_s_two-run_homer_30_Pete_Crow-A.mp4,5.740,12.740,,no,audit_checkpoint_002,115
842,Codex_Workstation,F_0914,dataset/fly_ball/Codex_Workstation/F_0914,4,needs_edit,clip_too_short,insufficient_post_contact_context,recover_source_and_recut_longer,annotated_contact_audio_confirmed,1.970,2.070,1.955,1.955,2.143,1.146,4.009,1.955,0.065,1.955,2.143,"[{""time"": 1.955, ""score"": 2.143, ""rms_ratio"": 1.146, ""diff_ratio"": 4.009}, {""time"": 2.595, ""score"": 2.094, ""rms_ratio"": 1.664, ""diff_ratio"": 2.635}, {""time"": 4.985, ""score"": 2.078, ""rms_ratio"": 1.751, ""diff_ratio"": 2.465}, {""time"": 0.115, ""score"": 2.055, ""rms_ratio"": 1.743, ""diff_ratio"": 2.424}, {""time"": 3.885, ""score"": 2.012, ""rms_ratio"": 1.59, ""diff_ratio"": 2.547}, {""time"": 1.175, ""score"": 1.943, ""rms_ratio"": 2.172, ""diff_ratio"": 1.739}, {""time"": 3.585, ""score"": 1.844, ""rms_ratio"": 1.676, ""diff_ratio"": 2.028}, {""time"": 0.765, ""score"": 1.821, ""rms_ratio"": 1.727, ""diff_ratio"": 1.921}, {""time"": 2.105, ""score"": 1.76, ""rms_ratio"": 2.047, ""diff_ratio"": 1.513}, {""time"": 0.445, ""score"": 1.733, ""rms_ratio"": 1.646, ""diff_ratio"": 1.825}, {""time"": 1.835, ""score"": 1.716, ""rms_ratio"": 1.442, ""diff_ratio"": 2.042}]",5.273,ffprobe,5.291,1.955,3.318,fly,pending,high,,,,Nico Hoerner's solo home run (7) Nico Hoerner's solo home run (7) Nico Hoerner's solo home run (7) Nico Hoerner crushes a 412-foot home run to center field to give the Cubs an early 1-0 lead,https://mlb-cuts-diamond.mlb.com/FORGE/2025/2025-09/26/91e1adec-476cd2c6-a7357101-csvm-diamondgcp-asset_1280x720_59_4000K.mp4,MLB_776167_nico-hoerner-homers-7-on-a-fly-ball-to-center-field,raw_sources\MLB_776167_nico-hoerner-homers-7-on-a-fly-ball-to-center-field_Nico_Hoerner_s_solo_home_run_7_Nico_Hoerner_s_solo_home_run_7_Nico_Hoerner_s_solo_home_run_7_Nico_Hoerner_c.mp4,3.580,10.580,,no,audit_checkpoint_002,116
841,Codex_Workstation,F_0913,dataset/fly_ball/Codex_Workstation/F_0913,4,needs_edit,clip_too_short,insufficient_post_contact_context,recover_source_and_recut_longer,annotated_contact_audio_confirmed,1.110,1.210,1.165,1.165,3.774,4.073,3.497,1.165,0.005,1.165,3.774,"[{""time"": 1.165, ""score"": 3.774, ""rms_ratio"": 4.073, ""diff_ratio"": 3.497}, {""time"": 4.565, ""score"": 2.847, ""rms_ratio"": 1.652, ""diff_ratio"": 4.905}, {""time"": 4.715, ""score"": 2.684, ""rms_ratio"": 2.174, ""diff_ratio"": 3.313}, {""time"": 3.355, ""score"": 2.552, ""rms_ratio"": 2.113, ""diff_ratio"": 3.083}, {""time"": 3.745, ""score"": 2.313, ""rms_ratio"": 2.06, ""diff_ratio"": 2.597}, {""time"": 5.725, ""score"": 2.196, ""rms_ratio"": 1.912, ""diff_ratio"": 2.523}, {""time"": 4.995, ""score"": 2.086, ""rms_ratio"": 1.661, ""diff_ratio"": 2.62}, {""time"": 5.295, ""score"": 2.05, ""rms_ratio"": 1.889, ""diff_ratio"": 2.225}, {""time"": 2.055, ""score"": 2.014, ""rms_ratio"": 1.976, ""diff_ratio"": 2.054}, {""time"": 6.015, ""score"": 1.936, ""rms_ratio"": 1.755, ""diff_ratio"": 2.135}, {""time"": 2.845, ""score"": 1.884, ""rms_ratio"": 2.146, ""diff_ratio"": 1.654}, {""time"": 6.315, ""score"": 1.851, ""rms_ratio"": 1.847, ""diff_ratio"": 1.854}, {""time"": 2.475, ""score"": 1.787, ""rms_ratio"": 2.053, ""diff_ratio"": 1.555}, {""time"": 3.485, ""score"": 1.773, ""rms_ratio"": 1.47, ""diff_ratio"": 2.138}, {""time"": 5.165, ""score"": 1.676, ""rms_ratio"": 1.089, ""diff_ratio"": 2.577}]",6.739,ffprobe,6.737,1.165,5.574,fly,pending,high,,,,"Michael Busch's solo home run (32) Michael Busch's solo home run (32) Michael Busch's solo home run (32) Michael Busch slugs a solo home run to dead center field, extending the Cubs' lead to 4-0 in the 5th inning",https://mlb-cuts-diamond.mlb.com/FORGE/2025/2025-09/26/b9d5f595-db04aa36-11d964c8-csvm-diamondgcp-asset_1280x720_59_4000K.mp4,MLB_776167_michael-busch-homers-32-on-a-fly-ball-to-center-field,raw_sources\MLB_776167_michael-busch-homers-32-on-a-fly-ball-to-center-field_Michael_Busch_s_solo_home_run_32_Michael_Busch_s_solo_home_run_32_Michael_Busch_s_solo_home_run_32_Michae.mp4,0.000,7.000,,no,audit_checkpoint_002,117
840,Codex_Workstation,F_0912,dataset/fly_ball/Codex_Workstation/F_0912,4,needs_edit,clip_too_short,insufficient_post_contact_context,recover_source_and_recut_longer,annotated_contact_audio_confirmed,1.330,1.430,1.395,1.395,5.058,4.550,5.623,1.395,0.015,1.395,5.058,"[{""time"": 1.395, ""score"": 5.058, ""rms_ratio"": 4.55, ""diff_ratio"": 5.623}, {""time"": 2.795, ""score"": 3.768, ""rms_ratio"": 1.919, ""diff_ratio"": 7.396}, {""time"": 3.505, ""score"": 3.699, ""rms_ratio"": 1.831, ""diff_ratio"": 7.473}, {""time"": 4.365, ""score"": 3.398, ""rms_ratio"": 1.697, ""diff_ratio"": 6.803}, {""time"": 2.985, ""score"": 2.689, ""rms_ratio"": 1.416, ""diff_ratio"": 5.107}, {""time"": 4.535, ""score"": 2.582, ""rms_ratio"": 1.279, ""diff_ratio"": 5.213}, {""time"": 6.275, ""score"": 2.525, ""rms_ratio"": 2.168, ""diff_ratio"": 2.942}, {""time"": 5.355, ""score"": 2.339, ""rms_ratio"": 1.538, ""diff_ratio"": 3.556}, {""time"": 2.465, ""score"": 2.336, ""rms_ratio"": 1.491, ""diff_ratio"": 3.658}, {""time"": 2.595, ""score"": 2.092, ""rms_ratio"": 1.878, ""diff_ratio"": 2.332}, {""time"": 6.495, ""score"": 2.079, ""rms_ratio"": 1.495, ""diff_ratio"": 2.892}, {""time"": 4.795, ""score"": 2.038, ""rms_ratio"": 1.456, ""diff_ratio"": 2.854}, {""time"": 6.615, ""score"": 1.986, ""rms_ratio"": 1.709, ""diff_ratio"": 2.307}, {""time"": 4.635, ""score"": 1.983, ""rms_ratio"": 1.529, ""diff_ratio"": 2.573}, {""time"": 3.135, ""score"": 1.969, ""rms_ratio"": 1.864, ""diff_ratio"": 2.08}, {""time"": 5.485, ""score"": 1.958, ""rms_ratio"": 1.442, ""diff_ratio"": 2.658}]",7.014,ffprobe,7.014,1.395,5.619,fly,pending,high,,,,Josh Bell's solo home run (22) Josh Bell's solo home run (22) Josh Bell's solo home run (22) Josh Bell crushes a solo home run to right field to put the Nationals on the board in the bottom of the 1st,https://mlb-cuts-diamond.mlb.com/FORGE/2025/2025-09/26/e241aa2c-08f3a459-7db6c3a3-csvm-diamondgcp-asset_1280x720_59_4000K.mp4,MLB_776165_yoendrys-gomez-in-play-run-s-to-josh-bell,raw_sources\MLB_776165_yoendrys-gomez-in-play-run-s-to-josh-bell_Josh_Bell_s_solo_home_run_22_Josh_Bell_s_solo_home_run_22_Josh_Bell_s_solo_home_run_22_Josh_Bell_crushes_a_solo_home_.mp4,0.000,7.000,,no,audit_checkpoint_002,118
839,Codex_Workstation,F_0911,dataset/fly_ball/Codex_Workstation/F_0911,4,needs_edit,clip_too_short,insufficient_post_contact_context,recover_source_and_recut_longer,annotated_contact_audio_confirmed,1.970,2.070,2.025,2.025,5.381,4.168,6.947,2.025,0.005,2.025,5.381,"[{""time"": 2.025, ""score"": 5.381, ""rms_ratio"": 4.168, ""diff_ratio"": 6.947}, {""time"": 4.855, ""score"": 2.511, ""rms_ratio"": 1.466, ""diff_ratio"": 4.301}, {""time"": 5.635, ""score"": 2.427, ""rms_ratio"": 1.422, ""diff_ratio"": 4.144}, {""time"": 3.035, ""score"": 2.305, ""rms_ratio"": 1.385, ""diff_ratio"": 3.837}, {""time"": 4.115, ""score"": 2.278, ""rms_ratio"": 1.66, ""diff_ratio"": 3.126}, {""time"": 6.695, ""score"": 2.207, ""rms_ratio"": 1.645, ""diff_ratio"": 2.961}, {""time"": 5.785, ""score"": 2.032, ""rms_ratio"": 1.211, ""diff_ratio"": 3.407}, {""time"": 3.175, ""score"": 1.873, ""rms_ratio"": 1.515, ""diff_ratio"": 2.315}, {""time"": 4.395, ""score"": 1.73, ""rms_ratio"": 2.03, ""diff_ratio"": 1.475}, {""time"": 2.705, ""score"": 1.712, ""rms_ratio"": 1.667, ""diff_ratio"": 1.757}, {""time"": 6.455, ""score"": 1.69, ""rms_ratio"": 1.937, ""diff_ratio"": 1.474}, {""time"": 3.335, ""score"": 1.686, ""rms_ratio"": 1.81, ""diff_ratio"": 1.57}, {""time"": 5.905, ""score"": 1.669, ""rms_ratio"": 1.445, ""diff_ratio"": 1.927}, {""time"": 5.455, ""score"": 1.666, ""rms_ratio"": 1.922, ""diff_ratio"": 1.444}, {""time"": 6.075, ""score"": 1.662, ""rms_ratio"": 1.347, ""diff_ratio"": 2.05}]",7.007,ffprobe,7.019,2.025,4.982,fly,pending,high,,,,Luis García Jr.'s THIRD home run of the night (16) Luis García Jr.'s THIRD home run of the night (16) Luis García Jr.'s THIRD home run of the night (16) Luis García Jr. gives the Nationals a 9-8 lead with his third home run of the game in the bottom of the 8th inning,https://mlb-cuts-diamond.mlb.com/FORGE/2025/2025-09/26/6cda17ef-0da17dc9-c2632879-csvm-diamondgcp-asset_1280x720_59_4000K.mp4,MLB_776165_luis-garcia-jr-homers-16-on-a-fly-ball-to-right-field-x6112,raw_sources\MLB_776165_luis-garcia-jr-homers-16-on-a-fly-ball-to-right-field-x6112_Luis_Garc_a_Jr._s_THIRD_home_run_of_the_night_16_Luis_Garc_a_Jr._s_THIRD_home_run_of_the_night_16_L.mp4,0.660,7.660,,no,audit_checkpoint_002,119
838,Codex_Workstation,F_0910,dataset/fly_ball/Codex_Workstation/F_0910,4,needs_edit,clip_too_short,insufficient_post_contact_context,recover_source_and_recut_longer,annotated_contact_audio_confirmed,1.970,2.070,2.025,2.025,17.355,10.653,28.273,2.025,0.005,2.025,17.355,"[{""time"": 2.025, ""score"": 17.355, ""rms_ratio"": 10.653, ""diff_ratio"": 28.273}, {""time"": 3.145, ""score"": 6.376, ""rms_ratio"": 2.655, ""diff_ratio"": 15.314}, {""time"": 2.995, ""score"": 4.981, ""rms_ratio"": 2.968, ""diff_ratio"": 8.361}, {""time"": 1.245, ""score"": 4.906, ""rms_ratio"": 2.293, ""diff_ratio"": 10.495}, {""time"": 1.015, ""score"": 4.451, ""rms_ratio"": 2.124, ""diff_ratio"": 9.328}, {""time"": 0.645, ""score"": 4.419, ""rms_ratio"": 2.024, ""diff_ratio"": 9.648}, {""time"": 3.285, ""score"": 3.714, ""rms_ratio"": 3.284, ""diff_ratio"": 4.2}, {""time"": 3.405, ""score"": 3.557, ""rms_ratio"": 3.432, ""diff_ratio"": 3.686}, {""time"": 0.535, ""score"": 3.297, ""rms_ratio"": 2.185, ""diff_ratio"": 4.975}, {""time"": 1.125, ""score"": 3.121, ""rms_ratio"": 1.908, ""diff_ratio"": 5.107}, {""time"": 0.885, ""score"": 2.937, ""rms_ratio"": 2.296, ""diff_ratio"": 3.757}, {""time"": 0.005, ""score"": 2.359, ""rms_ratio"": 1.162, ""diff_ratio"": 4.785}, {""time"": 0.295, ""score"": 2.327, ""rms_ratio"": 1.829, ""diff_ratio"": 2.961}]",3.416,ffprobe,3.435,2.025,1.391,line_drive,pending,medium,,,,Luis García Jr.'s solo homer (14) Luis García Jr.'s solo homer (14) Luis García Jr.'s solo homer (14) Luis García Jr. hits a solo home run in the bottom of the 5th inning,https://mlb-cuts-diamond.mlb.com/FORGE/2025/2025-09/26/af42492d-d22217ca-5891932d-csvm-diamondgcp-asset_1280x720_59_4000K.mp4,MLB_776165_luis-garcia-jr-homers-14-on-a-fly-ball-to-center-field,raw_sources\MLB_776165_luis-garcia-jr-homers-14-on-a-fly-ball-to-center-field_Luis_Garc_a_Jr._s_solo_homer_14_Luis_Garc_a_Jr._s_solo_homer_14_Luis_Garc_a_Jr._s_solo_homer_14_Luis_Gar.mp4,1.640,8.640,,no,audit_checkpoint_002,120
837,Codex_Workstation,F_0909,dataset/fly_ball/Codex_Workstation/F_0909,4,needs_edit,clip_too_short,insufficient_pre_contact_context;insufficient_post_contact_context,recover_source_and_recut_longer,annotated_contact_audio_confirmed,0.150,0.250,0.215,0.215,2.080,2.280,1.897,0.215,0.015,2.665,2.297,"[{""time"": 2.665, ""score"": 2.297, ""rms_ratio"": 1.806, ""diff_ratio"": 2.923}, {""time"": 0.215, ""score"": 2.08, ""rms_ratio"": 2.28, ""diff_ratio"": 1.897}, {""time"": 3.265, ""score"": 1.718, ""rms_ratio"": 1.735, ""diff_ratio"": 1.702}, {""time"": 2.855, ""score"": 1.696, ""rms_ratio"": 1.565, ""diff_ratio"": 1.839}, {""time"": 0.775, ""score"": 1.658, ""rms_ratio"": 1.575, ""diff_ratio"": 1.745}]",3.816,ffprobe,3.819,0.215,3.601,fly,pending,medium,,,,Colson Montgomery's go-ahead two-run homer (20) Colson Montgomery's go-ahead two-run homer (20) Colson Montgomery's go-ahead two-run homer (20) Colson Montgomery revives the White Sox lead with a two-run home run in the top of the 9th inning,https://mlb-cuts-diamond.mlb.com/FORGE/2025/2025-09/26/e4abe50c-611b5933-17d6ba68-csvm-diamondgcp-asset_1280x720_59_4000K.mp4,MLB_776165_jose-a-ferrer-in-play-run-s-to-colson-montgomery,raw_sources\MLB_776165_jose-a-ferrer-in-play-run-s-to-colson-montgomery_Colson_Montgomery_s_go-ahead_two-run_homer_20_Colson_Montgomery_s_go-ahead_two-run_homer_20_Colson_Montgomery_.mp4,3.480,10.480,,no,audit_checkpoint_002,121
836,Codex_Workstation,F_0908,dataset/fly_ball/Codex_Workstation/F_0908,4,needs_edit,source_recovery_required,contact_audio_missing_or_masked;insufficient_post_contact_context,recover_source_and_recut;redetect_contact_audio;recover_source_and_recut_longer,contact_audio_missing_or_masked,1.970,2.070,6.635,2.025,1.369,1.622,1.156,2.245,0.225,6.635,1.996,"[{""time"": 6.635, ""score"": 1.996, ""rms_ratio"": 1.069, ""diff_ratio"": 3.725}, {""time"": 1.085, ""score"": 1.841, ""rms_ratio"": 1.525, ""diff_ratio"": 2.221}, {""time"": 2.245, ""score"": 1.736, ""rms_ratio"": 1.338, ""diff_ratio"": 2.252}, {""time"": 6.175, ""score"": 1.733, ""rms_ratio"": 1.344, ""diff_ratio"": 2.235}]",7.007,ffprobe,7.019,6.635,0.372,fly,pending,high,,,,Daylen Lile's game-tying homer (8) Daylen Lile's game-tying homer (8) Daylen Lile's game-tying homer (8) Daylen Lile ties the score at 8-8 with a three-run home run in the bottom of the 8th inning,https://mlb-cuts-diamond.mlb.com/FORGE/2025/2025-09/26/7909afdd-dac4d7e4-9e011725-csvm-diamondgcp-asset_1280x720_59_4000K.mp4,MLB_776165_jordan-leasure-in-play-run-s-to-daylen-lile,raw_sources\MLB_776165_jordan-leasure-in-play-run-s-to-daylen-lile_Daylen_Lile_s_game-tying_homer_8_Daylen_Lile_s_game-tying_homer_8_Daylen_Lile_s_game-tying_homer_8_Daylen_Lile_ties.mp4,4.900,11.900,,no,audit_checkpoint_002,122
835,Codex_Workstation,F_0907,dataset/fly_ball/Codex_Workstation/F_0907,4,needs_edit,clip_too_short,insufficient_post_contact_context,recover_source_and_recut_longer,annotated_contact_audio_confirmed,1.970,2.070,2.025,2.025,6.965,5.603,8.657,2.025,0.005,2.025,6.965,"[{""time"": 2.025, ""score"": 6.965, ""rms_ratio"": 5.603, ""diff_ratio"": 8.657}, {""time"": 6.955, ""score"": 2.996, ""rms_ratio"": 2.403, ""diff_ratio"": 3.735}, {""time"": 4.625, ""score"": 2.724, ""rms_ratio"": 1.617, ""diff_ratio"": 4.589}, {""time"": 3.145, ""score"": 2.559, ""rms_ratio"": 1.396, ""diff_ratio"": 4.689}, {""time"": 3.925, ""score"": 2.366, ""rms_ratio"": 1.785, ""diff_ratio"": 3.135}, {""time"": 3.805, ""score"": 2.233, ""rms_ratio"": 1.296, ""diff_ratio"": 3.846}, {""time"": 4.255, ""score"": 2.19, ""rms_ratio"": 1.322, ""diff_ratio"": 3.629}, {""time"": 5.675, ""score"": 2.168, ""rms_ratio"": 1.679, ""diff_ratio"": 2.8}, {""time"": 2.995, ""score"": 1.999, ""rms_ratio"": 1.561, ""diff_ratio"": 2.56}, {""time"": 1.245, ""score"": 1.969, ""rms_ratio"": 1.206, ""diff_ratio"": 3.214}, {""time"": 6.405, ""score"": 1.954, ""rms_ratio"": 2.264, ""diff_ratio"": 1.687}, {""time"": 6.525, ""score"": 1.934, ""rms_ratio"": 2.04, ""diff_ratio"": 1.832}, {""time"": 6.065, ""score"": 1.931, ""rms_ratio"": 2.003, ""diff_ratio"": 1.863}, {""time"": 4.035, ""score"": 1.865, ""rms_ratio"": 1.751, ""diff_ratio"": 1.985}, {""time"": 6.715, ""score"": 1.851, ""rms_ratio"": 2.166, ""diff_ratio"": 1.582}, {""time"": 4.735, ""score"": 1.849, ""rms_ratio"": 1.562, ""diff_ratio"": 2.19}]",7.006,ffprobe,7.019,2.025,4.981,fly,pending,medium,,,,Luis García Jr. hits three homers vs. the White Sox Luis García Jr. hits three homers vs. the White Sox Luis García Jr. hits three homers vs. the White Sox Luis García Jr. hits three home runs and drives in four runs against the White Sox,https://mlb-cuts-diamond.mlb.com/FORGE/2025/2025-09/26/bf297d30-06f57e64-a48a1506-csvm-diamondgcp-asset_1280x720_59_4000K.mp4,MLB_776165_garcia-jr-hits-three-homers-against-the-white-sox,raw_sources\MLB_776165_garcia-jr-hits-three-homers-against-the-white-sox_Luis_Garc_a_Jr._hits_three_homers_vs._the_White_Sox_Luis_Garc_a_Jr._hits_three_homers_vs._the_White_Sox_Luis_.mp4,1.640,8.640,,no,audit_checkpoint_002,123
834,Codex_Workstation,F_0906,dataset/fly_ball/Codex_Workstation/F_0906,4,needs_edit,clip_too_short,insufficient_post_contact_context,recover_source_and_recut_longer,annotated_contact_audio_confirmed,1.330,1.430,1.395,1.395,4.655,4.185,5.177,1.395,0.015,1.395,4.655,"[{""time"": 1.395, ""score"": 4.655, ""rms_ratio"": 4.185, ""diff_ratio"": 5.177}, {""time"": 5.415, ""score"": 2.517, ""rms_ratio"": 1.697, ""diff_ratio"": 3.734}, {""time"": 5.575, ""score"": 2.171, ""rms_ratio"": 1.356, ""diff_ratio"": 3.474}, {""time"": 3.645, ""score"": 2.117, ""rms_ratio"": 1.181, ""diff_ratio"": 3.797}, {""time"": 6.065, ""score"": 2.098, ""rms_ratio"": 1.652, ""diff_ratio"": 2.666}, {""time"": 4.085, ""score"": 1.917, ""rms_ratio"": 1.57, ""diff_ratio"": 2.341}, {""time"": 4.645, ""score"": 1.892, ""rms_ratio"": 1.311, ""diff_ratio"": 2.729}, {""time"": 6.695, ""score"": 1.864, ""rms_ratio"": 1.7, ""diff_ratio"": 2.043}, {""time"": 3.075, ""score"": 1.78, ""rms_ratio"": 1.076, ""diff_ratio"": 2.944}, {""time"": 6.235, ""score"": 1.767, ""rms_ratio"": 1.486, ""diff_ratio"": 2.101}, {""time"": 5.785, ""score"": 1.749, ""rms_ratio"": 1.627, ""diff_ratio"": 1.881}, {""time"": 6.515, ""score"": 1.671, ""rms_ratio"": 1.887, ""diff_ratio"": 1.481}, {""time"": 2.345, ""score"": 1.664, ""rms_ratio"": 1.231, ""diff_ratio"": 2.248}]",7.014,ffprobe,7.014,1.395,5.619,fly,pending,high,,,,CJ Abrams' solo home run (19) CJ Abrams' solo home run (19) CJ Abrams' solo home run (19) CJ Abrams delivers a solo home run in the bottom of the 6th inning,https://mlb-cuts-diamond.mlb.com/FORGE/2025/2025-09/26/2210dfe4-1e672446-57ae1a40-csvm-diamondgcp-asset_1280x720_59_4000K.mp4,MLB_776165_cj-abrams-homers-19-on-a-fly-ball-to-right-field,raw_sources\MLB_776165_cj-abrams-homers-19-on-a-fly-ball-to-right-field_CJ_Abrams_solo_home_run_19_CJ_Abrams_solo_home_run_19_CJ_Abrams_solo_home_run_19_CJ_Abrams_delivers_a_solo_hom.mp4,0.000,7.000,,no,audit_checkpoint_002,124
833,Codex_Workstation,F_0905,dataset/fly_ball/Codex_Workstation/F_0905,4,needs_edit,clip_too_short,insufficient_post_contact_context,recover_source_and_recut_longer,annotated_contact_audio_confirmed,1.930,2.030,1.985,1.985,16.956,9.069,31.703,1.985,0.005,1.985,16.956,"[{""time"": 1.985, ""score"": 16.956, ""rms_ratio"": 9.069, ""diff_ratio"": 31.703}, {""time"": 3.635, ""score"": 7.193, ""rms_ratio"": 4.967, ""diff_ratio"": 10.416}, {""time"": 3.935, ""score"": 6.506, ""rms_ratio"": 5.608, ""diff_ratio"": 7.549}, {""time"": 3.775, ""score"": 5.842, ""rms_ratio"": 6.454, ""diff_ratio"": 5.288}, {""time"": 4.155, ""score"": 5.272, ""rms_ratio"": 5.312, ""diff_ratio"": 5.232}, {""time"": 3.525, ""score"": 4.659, ""rms_ratio"": 3.615, ""diff_ratio"": 6.003}, {""time"": 3.425, ""score"": 4.198, ""rms_ratio"": 3.226, ""diff_ratio"": 5.463}, {""time"": 4.285, ""score"": 4.04, ""rms_ratio"": 4.065, ""diff_ratio"": 4.015}, {""time"": 4.415, ""score"": 3.632, ""rms_ratio"": 3.957, ""diff_ratio"": 3.335}, {""time"": 3.315, ""score"": 3.024, ""rms_ratio"": 2.412, ""diff_ratio"": 3.791}, {""time"": 4.045, ""score"": 2.144, ""rms_ratio"": 1.444, ""diff_ratio"": 3.184}, {""time"": 4.585, ""score"": 2.085, ""rms_ratio"": 2.083, ""diff_ratio"": 2.088}, {""time"": 2.445, ""score"": 1.899, ""rms_ratio"": 1.99, ""diff_ratio"": 1.813}, {""time"": 1.795, ""score"": 1.844, ""rms_ratio"": 1.364, ""diff_ratio"": 2.493}, {""time"": 4.855, ""score"": 1.679, ""rms_ratio"": 1.609, ""diff_ratio"": 1.753}, {""time"": 3.175, ""score"": 1.652, ""rms_ratio"": 1.656, ""diff_ratio"": 1.648}]",4.971,ffprobe,4.987,1.985,2.986,fly,pending,medium,,,,Lenyn Sosa's solo home run (22) Lenyn Sosa's solo home run (22) Lenyn Sosa's solo home run (22) Lenyn Sosa gives the White Sox a 5-1 lead with a solo home run in the top of the 4th inning,https://mlb-cuts-diamond.mlb.com/FORGE/2025/2025-09/26/f04a7b94-e5d7ed41-5273f572-csvm-diamondgcp-asset_1280x720_59_4000K.mp4,MLB_776165_cade-cavalli-in-play-run-s-to-lenyn-sosa-f66e8b,raw_sources\MLB_776165_cade-cavalli-in-play-run-s-to-lenyn-sosa-f66e8b_Lenyn_Sosa_s_solo_home_run_22_Lenyn_Sosa_s_solo_home_run_22_Lenyn_Sosa_s_solo_home_run_22_Lenyn_Sosa_gives_the_.mp4,0.000,7.000,,no,audit_checkpoint_002,125
832,Codex_Workstation,F_0904,dataset/fly_ball/Codex_Workstation/F_0904,4,needs_edit,clip_too_short,insufficient_post_contact_context,recover_source_and_recut_longer,annotated_contact_audio_confirmed,1.890,1.990,1.955,1.955,8.099,6.225,10.536,1.955,0.015,1.955,8.099,"[{""time"": 1.955, ""score"": 8.099, ""rms_ratio"": 6.225, ""diff_ratio"": 10.536}, {""time"": 4.765, ""score"": 3.037, ""rms_ratio"": 2.829, ""diff_ratio"": 3.259}, {""time"": 5.165, ""score"": 2.907, ""rms_ratio"": 2.826, ""diff_ratio"": 2.991}, {""time"": 5.715, ""score"": 2.817, ""rms_ratio"": 2.862, ""diff_ratio"": 2.772}, {""time"": 3.195, ""score"": 2.786, ""rms_ratio"": 2.206, ""diff_ratio"": 3.518}, {""time"": 2.925, ""score"": 2.679, ""rms_ratio"": 2.215, ""diff_ratio"": 3.24}, {""time"": 6.205, ""score"": 2.581, ""rms_ratio"": 2.281, ""diff_ratio"": 2.92}, {""time"": 3.395, ""score"": 2.474, ""rms_ratio"": 2.296, ""diff_ratio"": 2.665}, {""time"": 6.915, ""score"": 2.269, ""rms_ratio"": 1.406, ""diff_ratio"": 3.662}, {""time"": 6.545, ""score"": 2.159, ""rms_ratio"": 2.073, ""diff_ratio"": 2.248}, {""time"": 4.385, ""score"": 2.11, ""rms_ratio"": 1.808, ""diff_ratio"": 2.463}, {""time"": 6.725, ""score"": 2.012, ""rms_ratio"": 1.731, ""diff_ratio"": 2.338}, {""time"": 5.405, ""score"": 1.967, ""rms_ratio"": 2.106, ""diff_ratio"": 1.836}, {""time"": 3.995, ""score"": 1.965, ""rms_ratio"": 2.172, ""diff_ratio"": 1.778}, {""time"": 3.705, ""score"": 1.948, ""rms_ratio"": 2.407, ""diff_ratio"": 1.577}, {""time"": 6.435, ""score"": 1.924, ""rms_ratio"": 2.005, ""diff_ratio"": 1.847}]",7.014,ffprobe,7.014,1.955,5.059,fly,pending,high,,,,"Seiya Suzuki's solo home run (31) Seiya Suzuki's solo home run (31) Seiya Suzuki's solo home run (31) Seiya Suzuki hits a solo home run to left-center field, increasing the Cubs' lead to 4-1 in the 6th inning",https://mlb-cuts-diamond.mlb.com/FORGE/2025/2025-09/27/60a86aab-b1ded8a9-b687557a-csvm-diamondgcp-asset_1280x720_59_4000K.mp4,MLB_776164_seiya-suzuki-homers-31-on-a-fly-ball-to-left-center-field,raw_sources\MLB_776164_seiya-suzuki-homers-31-on-a-fly-ball-to-left-center-field_Seiya_Suzuki_s_solo_home_run_31_Seiya_Suzuki_s_solo_home_run_31_Seiya_Suzuki_s_solo_home_run_31_Seiya.mp4,0.000,7.000,,no,audit_checkpoint_002,126
831,Codex_Workstation,F_0903,dataset/fly_ball/Codex_Workstation/F_0903,4,needs_edit,clip_too_short,insufficient_post_contact_context,recover_source_and_recut_longer,annotated_contact_audio_confirmed,1.810,1.910,1.875,1.875,6.948,5.842,8.263,1.875,0.015,1.875,6.948,"[{""time"": 1.875, ""score"": 6.948, ""rms_ratio"": 5.842, ""diff_ratio"": 8.263}, {""time"": 5.835, ""score"": 3.484, ""rms_ratio"": 3.363, ""diff_ratio"": 3.608}, {""time"": 6.165, ""score"": 3.262, ""rms_ratio"": 2.622, ""diff_ratio"": 4.059}, {""time"": 3.355, ""score"": 2.885, ""rms_ratio"": 2.873, ""diff_ratio"": 2.898}, {""time"": 4.715, ""score"": 2.785, ""rms_ratio"": 2.639, ""diff_ratio"": 2.938}, {""time"": 6.335, ""score"": 2.693, ""rms_ratio"": 2.754, ""diff_ratio"": 2.635}, {""time"": 2.835, ""score"": 2.573, ""rms_ratio"": 2.128, ""diff_ratio"": 3.111}, {""time"": 3.195, ""score"": 2.513, ""rms_ratio"": 2.474, ""diff_ratio"": 2.552}, {""time"": 5.375, ""score"": 2.481, ""rms_ratio"": 2.727, ""diff_ratio"": 2.257}, {""time"": 3.685, ""score"": 2.244, ""rms_ratio"": 2.117, ""diff_ratio"": 2.378}, {""time"": 3.985, ""score"": 2.241, ""rms_ratio"": 2.076, ""diff_ratio"": 2.42}, {""time"": 3.045, ""score"": 2.194, ""rms_ratio"": 1.72, ""diff_ratio"": 2.799}, {""time"": 6.945, ""score"": 2.073, ""rms_ratio"": 1.245, ""diff_ratio"": 3.452}, {""time"": 5.605, ""score"": 1.926, ""rms_ratio"": 1.865, ""diff_ratio"": 1.988}, {""time"": 4.335, ""score"": 1.897, ""rms_ratio"": 2.203, ""diff_ratio"": 1.633}, {""time"": 6.835, ""score"": 1.861, ""rms_ratio"": 1.563, ""diff_ratio"": 2.215}]",7.014,ffprobe,7.014,1.875,5.139,fly,pending,medium,,,,"Michael Busch's four-hit, two-homer game Michael Busch's four-hit, two-homer game Michael Busch's four-hit, two-homer game Michael Busch hits two homers and tallies four hits, falling a single shy of the cycle after being intentionally walked in his last at-bat",https://mlb-cuts-diamond.mlb.com/FORGE/2025/2025-09/27/b844a36b-f3ca4ab6-6dcb7bd2-csvm-diamondgcp-asset_1280x720_59_4000K.mp4,MLB_776164_michael-busch-s-two-homer-four-hit-game,raw_sources\MLB_776164_michael-busch-s-two-homer-four-hit-game_Michael_Busch_s_four-hit_two-homer_game_Michael_Busch_s_four-hit_two-homer_game_Michael_Busch_s_four-hit_two-homer_game.mp4,0.000,7.000,,no,audit_checkpoint_002,127
830,Codex_Workstation,F_0902,dataset/fly_ball/Codex_Workstation/F_0902,4,needs_edit,clip_too_short,insufficient_post_contact_context,recover_source_and_recut_longer,annotated_contact_audio_confirmed,1.750,1.850,1.805,1.805,4.425,4.797,4.082,1.805,0.005,1.805,4.425,"[{""time"": 1.805, ""score"": 4.425, ""rms_ratio"": 4.797, ""diff_ratio"": 4.082}, {""time"": 6.805, ""score"": 3.666, ""rms_ratio"": 2.981, ""diff_ratio"": 4.508}, {""time"": 5.655, ""score"": 3.602, ""rms_ratio"": 1.819, ""diff_ratio"": 7.131}, {""time"": 4.005, ""score"": 3.359, ""rms_ratio"": 3.24, ""diff_ratio"": 3.481}, {""time"": 6.315, ""score"": 3.211, ""rms_ratio"": 1.976, ""diff_ratio"": 5.219}, {""time"": 3.375, ""score"": 3.171, ""rms_ratio"": 2.025, ""diff_ratio"": 4.966}, {""time"": 3.615, ""score"": 3.0, ""rms_ratio"": 1.888, ""diff_ratio"": 4.766}, {""time"": 6.135, ""score"": 2.953, ""rms_ratio"": 3.02, ""diff_ratio"": 2.887}, {""time"": 5.345, ""score"": 2.88, ""rms_ratio"": 1.701, ""diff_ratio"": 4.876}, {""time"": 4.885, ""score"": 2.676, ""rms_ratio"": 2.762, ""diff_ratio"": 2.593}, {""time"": 2.735, ""score"": 2.394, ""rms_ratio"": 2.074, ""diff_ratio"": 2.763}, {""time"": 4.295, ""score"": 2.223, ""rms_ratio"": 2.163, ""diff_ratio"": 2.286}, {""time"": 2.905, ""score"": 2.187, ""rms_ratio"": 1.957, ""diff_ratio"": 2.445}, {""time"": 3.105, ""score"": 2.152, ""rms_ratio"": 2.305, ""diff_ratio"": 2.01}, {""time"": 5.895, ""score"": 2.11, ""rms_ratio"": 2.263, ""diff_ratio"": 1.967}, {""time"": 4.535, ""score"": 2.0, ""rms_ratio"": 1.928, ""diff_ratio"": 2.075}]",7.014,ffprobe,7.014,1.805,5.209,fly,pending,high,,,,"Michael Busch's second homer of the game (34) Michael Busch's second homer of the game (34) Michael Busch's second homer of the game (34) Michael Busch hits his second home run of the game, a two-run homer to give the Cubs a 3-1 lead in the 5th inning",https://mlb-cuts-diamond.mlb.com/FORGE/2025/2025-09/27/4d607de7-3e9ee1a0-bb993852-csvm-diamondgcp-asset_1280x720_59_4000K.mp4,MLB_776164_michael-busch-homers-34-on-a-fly-ball-to-left-center-field-matt-shaw-,raw_sources\MLB_776164_michael-busch-homers-34-on-a-fly-ball-to-left-center-field-matt-shaw-_Michael_Busch_s_second_homer_of_the_game_34_Michael_Busch_s_second_homer_of_the_game_34_M.mp4,0.000,7.000,,no,audit_checkpoint_002,128
829,Codex_Workstation,F_0901,dataset/fly_ball/Codex_Workstation/F_0901,4,needs_edit,clip_too_short,insufficient_post_contact_context,recover_source_and_recut_longer,annotated_contact_audio_confirmed,1.810,1.910,1.875,1.875,7.182,6.054,8.520,1.875,0.015,1.875,7.182,"[{""time"": 1.875, ""score"": 7.182, ""rms_ratio"": 6.054, ""diff_ratio"": 8.52}, {""time"": 5.835, ""score"": 3.601, ""rms_ratio"": 3.485, ""diff_ratio"": 3.721}, {""time"": 6.165, ""score"": 3.396, ""rms_ratio"": 2.719, ""diff_ratio"": 4.242}, {""time"": 3.355, ""score"": 2.983, ""rms_ratio"": 2.977, ""diff_ratio"": 2.988}, {""time"": 4.715, ""score"": 2.878, ""rms_ratio"": 2.735, ""diff_ratio"": 3.029}, {""time"": 2.835, ""score"": 2.66, ""rms_ratio"": 2.206, ""diff_ratio"": 3.208}, {""time"": 3.195, ""score"": 2.598, ""rms_ratio"": 2.564, ""diff_ratio"": 2.631}, {""time"": 5.375, ""score"": 2.565, ""rms_ratio"": 2.826, ""diff_ratio"": 2.328}, {""time"": 3.685, ""score"": 2.319, ""rms_ratio"": 2.194, ""diff_ratio"": 2.452}, {""time"": 3.985, ""score"": 2.317, ""rms_ratio"": 2.151, ""diff_ratio"": 2.496}, {""time"": 3.045, ""score"": 2.268, ""rms_ratio"": 1.783, ""diff_ratio"": 2.886}, {""time"": 5.605, ""score"": 1.99, ""rms_ratio"": 1.933, ""diff_ratio"": 2.05}, {""time"": 4.335, ""score"": 1.961, ""rms_ratio"": 2.283, ""diff_ratio"": 1.684}]",6.189,ffprobe,6.203,1.875,4.314,fly,pending,medium,,,,Michael Busch's leadoff home run (33) Michael Busch's leadoff home run (33) Michael Busch's leadoff home run (33) Michael Busch clobbers a leadoff home run to give the Cubs an early 1-0 lead,https://mlb-cuts-diamond.mlb.com/FORGE/2025/2025-09/27/1458ebe7-e3b7b769-374aa36b-csvm-diamondgcp-asset_1280x720_59_4000K.mp4,MLB_776164_michael-busch-homers-33-on-a-fly-ball-to-right-center-field,raw_sources\MLB_776164_michael-busch-homers-33-on-a-fly-ball-to-right-center-field_Michael_Busch_s_leadoff_home_run_33_Michael_Busch_s_leadoff_home_run_33_Michael_Busch_s_leadoff_hom.mp4,0.000,7.000,,no,audit_checkpoint_002,129
828,Codex_Workstation,F_0900,dataset/fly_ball/Codex_Workstation/F_0900,4,needs_edit,clip_too_short,insufficient_post_contact_context,recover_source_and_recut_longer,annotated_contact_audio_confirmed,6.410,6.510,6.465,6.465,2.405,2.881,2.008,6.465,0.005,1.685,3.470,"[{""time"": 1.685, ""score"": 3.47, ""rms_ratio"": 2.937, ""diff_ratio"": 4.099}, {""time"": 6.465, ""score"": 2.405, ""rms_ratio"": 2.881, ""diff_ratio"": 2.008}, {""time"": 2.065, ""score"": 1.961, ""rms_ratio"": 0.815, ""diff_ratio"": 3.845}, {""time"": 2.865, ""score"": 1.785, ""rms_ratio"": 1.792, ""diff_ratio"": 1.777}, {""time"": 3.775, ""score"": 1.771, ""rms_ratio"": 1.943, ""diff_ratio"": 1.615}, {""time"": 2.385, ""score"": 1.764, ""rms_ratio"": 1.466, ""diff_ratio"": 2.122}, {""time"": 4.185, ""score"": 1.745, ""rms_ratio"": 1.906, ""diff_ratio"": 1.598}, {""time"": 3.495, ""score"": 1.738, ""rms_ratio"": 1.725, ""diff_ratio"": 1.75}, {""time"": 5.705, ""score"": 1.686, ""rms_ratio"": 1.876, ""diff_ratio"": 1.515}, {""time"": 4.445, ""score"": 1.652, ""rms_ratio"": 0.836, ""diff_ratio"": 2.728}]",6.639,ffprobe,6.630,6.465,0.174,fly,pending,high,,,,"Jordan Walker's two-run homer (6) Jordan Walker's two-run homer (6) Jordan Walker's two-run homer (6) Jordan Walker hits a 411-foot home run to center field, scoring Jimmy Crooks and pulling the Cardinals within one run in the 7th",https://mlb-cuts-diamond.mlb.com/FORGE/2025/2025-09/27/18c0fd13-788ceacd-19247cec-csvm-diamondgcp-asset_1280x720_59_4000K.mp4,MLB_776164_jordan-walker-homers-6-on-a-fly-ball-to-center-field-jimmy-crooks-sco,raw_sources\MLB_776164_jordan-walker-homers-6-on-a-fly-ball-to-center-field-jimmy-crooks-sco_Jordan_Walker_s_two-run_homer_6_Jordan_Walker_s_two-run_homer_6_Jordan_Walker_s_two-run_h.mp4,0.000,7.000,,no,audit_checkpoint_002,130
827,Codex_Workstation,F_0899,dataset/fly_ball/Codex_Workstation/F_0899,4,needs_edit,contact_timestamp_wrong,contact_timestamp_wrong;insufficient_post_contact_context,retime_from_local_audio_candidate;qwen_confirm_visual_contact_near_candidate;recover_source_and_recut_longer,likely_contact_timestamp_wrong,3.230,3.330,2.935,3.285,1.440,2.075,0.949,3.525,0.245,4.735,3.559,"[{""time"": 4.735, ""score"": 3.559, ""rms_ratio"": 2.153, ""diff_ratio"": 5.881}, {""time"": 2.195, ""score"": 2.623, ""rms_ratio"": 1.486, ""diff_ratio"": 4.63}, {""time"": 2.935, ""score"": 2.058, ""rms_ratio"": 1.15, ""diff_ratio"": 3.683}, {""time"": 4.605, ""score"": 2.026, ""rms_ratio"": 1.261, ""diff_ratio"": 3.256}, {""time"": 3.525, ""score"": 1.924, ""rms_ratio"": 1.717, ""diff_ratio"": 2.156}, {""time"": 2.325, ""score"": 1.881, ""rms_ratio"": 1.248, ""diff_ratio"": 2.835}, {""time"": 1.705, ""score"": 1.686, ""rms_ratio"": 1.554, ""diff_ratio"": 1.829}, {""time"": 1.285, ""score"": 1.677, ""rms_ratio"": 1.499, ""diff_ratio"": 1.876}, {""time"": 2.015, ""score"": 1.676, ""rms_ratio"": 2.1, ""diff_ratio"": 1.338}]",5.289,ffprobe,5.291,2.935,2.354,fly,pending,high,,,,Ryan McMahon's solo homer (20) Ryan McMahon's solo homer (20) Ryan McMahon's solo homer (20) Ryan McMahon belts a 401-foot solo home run to right-center field in the 2nd inning to extend the Yankees' lead to 3-0,https://mlb-cuts-diamond.mlb.com/FORGE/2025/2025-09/27/5be106e9-dbfe49c3-195426cc-csvm-diamondgcp-asset_1280x720_59_4000K.mp4,MLB_776162_ryan-mcmahon-homers-20-on-a-fly-ball-to-center-field,raw_sources\MLB_776162_ryan-mcmahon-homers-20-on-a-fly-ball-to-center-field_Ryan_McMahon_s_solo_homer_20_Ryan_McMahon_s_solo_homer_20_Ryan_McMahon_s_solo_homer_20_Ryan_McMahon_belts_.mp4,1.400,8.400,,no,audit_checkpoint_002,131
826,Codex_Workstation,F_0898,dataset/fly_ball/Codex_Workstation/F_0898,4,needs_edit,contact_timestamp_wrong,contact_timestamp_wrong;insufficient_post_contact_context,retime_from_local_audio_candidate;qwen_confirm_visual_contact_near_candidate;recover_source_and_recut_longer,likely_contact_timestamp_wrong,1.970,2.070,3.105,2.025,1.621,2.628,0.967,2.335,0.315,5.145,3.090,"[{""time"": 5.145, ""score"": 3.09, ""rms_ratio"": 1.546, ""diff_ratio"": 6.174}, {""time"": 5.265, ""score"": 2.953, ""rms_ratio"": 1.307, ""diff_ratio"": 6.675}, {""time"": 3.275, ""score"": 2.952, ""rms_ratio"": 1.608, ""diff_ratio"": 5.422}, {""time"": 5.025, ""score"": 2.829, ""rms_ratio"": 1.48, ""diff_ratio"": 5.409}, {""time"": 4.115, ""score"": 2.468, ""rms_ratio"": 2.352, ""diff_ratio"": 2.588}, {""time"": 3.105, ""score"": 2.418, ""rms_ratio"": 1.859, ""diff_ratio"": 3.145}, {""time"": 3.765, ""score"": 2.264, ""rms_ratio"": 1.842, ""diff_ratio"": 2.782}, {""time"": 5.495, ""score"": 1.84, ""rms_ratio"": 1.17, ""diff_ratio"": 2.894}, {""time"": 1.385, ""score"": 1.742, ""rms_ratio"": 1.466, ""diff_ratio"": 2.07}, {""time"": 2.335, ""score"": 1.685, ""rms_ratio"": 0.915, ""diff_ratio"": 2.838}, {""time"": 5.375, ""score"": 1.661, ""rms_ratio"": 1.174, ""diff_ratio"": 2.348}]",5.562,ffprobe,5.568,3.105,2.457,fly,pending,medium,,,,Aaron Judge's solo home run (53) Aaron Judge's solo home run (53) Aaron Judge's solo home run (53) Aaron Judge hits a solo home run to left-center field to give the Yankees a 1-0 lead in the 1st inning,https://mlb-cuts-diamond.mlb.com/FORGE/2025/2025-09/27/16a59e00-b2c646ae-00a772b4-csvm-diamondgcp-asset_1280x720_59_4000K.mp4,MLB_776162_aaron-judge-homers-53-on-a-fly-ball-to-left-center-field,raw_sources\MLB_776162_aaron-judge-homers-53-on-a-fly-ball-to-left-center-field_Aaron_Judge_s_solo_home_run_53_Aaron_Judge_s_solo_home_run_53_Aaron_Judge_s_solo_home_run_53_Aaron_Jud.mp4,2.480,9.480,,no,audit_checkpoint_002,132
825,Codex_Workstation,F_0897,dataset/fly_ball/Codex_Workstation/F_0897,4,needs_edit,clip_too_short,insufficient_post_contact_context,recover_source_and_recut_longer,annotated_contact_audio_confirmed,1.930,2.030,1.995,1.995,5.839,4.267,7.992,1.995,0.015,1.995,5.839,"[{""time"": 1.995, ""score"": 5.839, ""rms_ratio"": 4.267, ""diff_ratio"": 7.992}, {""time"": 1.275, ""score"": 2.476, ""rms_ratio"": 1.317, ""diff_ratio"": 4.655}, {""time"": 4.375, ""score"": 2.012, ""rms_ratio"": 1.381, ""diff_ratio"": 2.932}, {""time"": 1.485, ""score"": 2.005, ""rms_ratio"": 1.075, ""diff_ratio"": 3.741}, {""time"": 5.725, ""score"": 1.985, ""rms_ratio"": 1.485, ""diff_ratio"": 2.654}, {""time"": 5.595, ""score"": 1.836, ""rms_ratio"": 1.189, ""diff_ratio"": 2.833}, {""time"": 1.805, ""score"": 1.691, ""rms_ratio"": 1.491, ""diff_ratio"": 1.918}, {""time"": 2.505, ""score"": 1.688, ""rms_ratio"": 1.081, ""diff_ratio"": 2.635}, {""time"": 4.885, ""score"": 1.675, ""rms_ratio"": 1.73, ""diff_ratio"": 1.621}]",7.014,ffprobe,7.014,1.995,5.019,fly,pending,medium,,,,"James Wood's go-ahead homer (31) James Wood's go-ahead homer (31) James Wood's go-ahead homer (31) James Wood goes back-to-back with Jacob Young, giving the Nationals a 5-4 lead in the 7th inning with a solo home run",https://mlb-cuts-diamond.mlb.com/FORGE/2025/2025-09/27/4c59ad04-6fabb053-5ef84b9f-csvm-diamondgcp-asset_1280x720_59_4000K.mp4,MLB_776160_james-wood-homers-31-on-a-fly-ball-to-center-field,raw_sources\MLB_776160_james-wood-homers-31-on-a-fly-ball-to-center-field_James_Wood_s_go-ahead_homer_31_James_Wood_s_go-ahead_homer_31_James_Wood_s_go-ahead_homer_31_James_Wood_goes.mp4,0.000,7.000,,no,audit_checkpoint_002,133
824,Codex_Workstation,F_0896,dataset/fly_ball/Codex_Workstation/F_0896,4,needs_edit,clip_too_short,insufficient_post_contact_context,recover_source_and_recut_longer,annotated_contact_audio_confirmed,1.070,1.170,1.135,1.135,6.580,5.225,8.285,1.135,0.015,1.135,6.580,"[{""time"": 1.135, ""score"": 6.58, ""rms_ratio"": 5.225, ""diff_ratio"": 8.285}, {""time"": 4.135, ""score"": 2.987, ""rms_ratio"": 1.935, ""diff_ratio"": 4.611}, {""time"": 5.775, ""score"": 2.642, ""rms_ratio"": 1.803, ""diff_ratio"": 3.872}, {""time"": 4.285, ""score"": 2.146, ""rms_ratio"": 1.456, ""diff_ratio"": 3.164}, {""time"": 2.745, ""score"": 2.145, ""rms_ratio"": 1.107, ""diff_ratio"": 4.158}, {""time"": 2.045, ""score"": 2.046, ""rms_ratio"": 1.15, ""diff_ratio"": 3.64}, {""time"": 3.735, ""score"": 2.011, ""rms_ratio"": 1.599, ""diff_ratio"": 2.529}, {""time"": 5.955, ""score"": 1.976, ""rms_ratio"": 2.018, ""diff_ratio"": 1.935}, {""time"": 6.105, ""score"": 1.931, ""rms_ratio"": 1.89, ""diff_ratio"": 1.973}, {""time"": 3.285, ""score"": 1.82, ""rms_ratio"": 1.957, ""diff_ratio"": 1.694}]",6.805,ffprobe,6.822,1.135,5.670,fly,pending,high,,,,"Daylen Lile's two-run homer (9)  Daylen Lile's two-run homer (9)  Daylen Lile's two-run homer (9)  Daylen Lile hits a two-run home run to right-center field, scoring Josh Bell and cutting the Nationals' deficit to 4-2 in the 4th",https://mlb-cuts-diamond.mlb.com/FORGE/2025/2025-09/27/f1d333d9-59eab5b5-d7c6b873-csvm-diamondgcp-asset_1280x720_59_4000K.mp4,MLB_776160_daylen-lile-homers-9-on-a-fly-ball-to-right-center-field-josh-bell-sc,raw_sources\MLB_776160_daylen-lile-homers-9-on-a-fly-ball-to-right-center-field-josh-bell-sc_Daylen_Lile_s_two-run_homer_9_Daylen_Lile_s_two-run_homer_9_Daylen_Lile_s_two-run_homer_9.mp4,0.000,7.000,,no,audit_checkpoint_002,134
823,Codex_Workstation,F_0895,dataset/fly_ball/Codex_Workstation/F_0895,4,needs_edit,clip_too_short,insufficient_post_contact_context,recover_source_and_recut_longer,annotated_contact_audio_confirmed,4.550,4.650,4.665,4.665,4.716,3.785,5.875,4.665,0.065,2.025,7.689,"[{""time"": 2.025, ""score"": 7.689, ""rms_ratio"": 5.313, ""diff_ratio"": 11.128}, {""time"": 4.665, ""score"": 4.716, ""rms_ratio"": 3.785, ""diff_ratio"": 5.875}, {""time"": 5.385, ""score"": 4.12, ""rms_ratio"": 3.428, ""diff_ratio"": 4.953}, {""time"": 5.085, ""score"": 3.929, ""rms_ratio"": 3.391, ""diff_ratio"": 4.552}, {""time"": 2.605, ""score"": 3.77, ""rms_ratio"": 3.634, ""diff_ratio"": 3.911}, {""time"": 5.695, ""score"": 3.339, ""rms_ratio"": 2.912, ""diff_ratio"": 3.83}, {""time"": 4.285, ""score"": 3.302, ""rms_ratio"": 3.608, ""diff_ratio"": 3.021}, {""time"": 4.165, ""score"": 3.127, ""rms_ratio"": 3.25, ""diff_ratio"": 3.009}, {""time"": 4.865, ""score"": 3.116, ""rms_ratio"": 3.019, ""diff_ratio"": 3.217}, {""time"": 0.595, ""score"": 2.991, ""rms_ratio"": 3.184, ""diff_ratio"": 2.81}, {""time"": 5.195, ""score"": 2.979, ""rms_ratio"": 2.461, ""diff_ratio"": 3.606}, {""time"": 0.295, ""score"": 2.859, ""rms_ratio"": 3.371, ""diff_ratio"": 2.424}, {""time"": 2.875, ""score"": 2.77, ""rms_ratio"": 2.771, ""diff_ratio"": 2.769}, {""time"": 4.455, ""score"": 2.713, ""rms_ratio"": 2.242, ""diff_ratio"": 3.283}, {""time"": 3.405, ""score"": 2.649, ""rms_ratio"": 2.804, ""diff_ratio"": 2.503}, {""time"": 0.185, ""score"": 2.511, ""rms_ratio"": 2.538, ""diff_ratio"": 2.484}]",5.706,ffprobe,5.717,4.665,1.041,fly,pending,medium,,,,"Brooks Baldwin's two-run home run (10)  Brooks Baldwin's two-run home run (10)  Brooks Baldwin's two-run home run (10)  Brooks Baldwin hits a two-run home run to right field, extending the White Sox lead to 4-0 in the 4th",https://mlb-cuts-diamond.mlb.com/FORGE/2025/2025-09/27/259322d5-8e2ffde4-d168a5e5-csvm-diamondgcp-asset_1280x720_59_4000K.mp4,MLB_776160_brooks-baldwin-homers-10-on-a-fly-ball-to-right-field-miguel-vargas-s,raw_sources\MLB_776160_brooks-baldwin-homers-10-on-a-fly-ball-to-right-field-miguel-vargas-s_Brooks_Baldwin_s_two-run_home_run_10_Brooks_Baldwin_s_two-run_home_run_10_Brooks_Baldwin_.mp4,0.480,7.480,,no,audit_checkpoint_002,135
822,Codex_Workstation,F_0894,dataset/fly_ball/Codex_Workstation/F_0894,4,needs_edit,clip_too_short,insufficient_pre_contact_context;insufficient_post_contact_context,recover_source_and_recut_longer,annotated_contact_audio_confirmed,0.890,0.990,0.955,0.955,8.361,6.573,10.637,0.955,0.015,0.955,8.361,"[{""time"": 0.955, ""score"": 8.361, ""rms_ratio"": 6.573, ""diff_ratio"": 10.637}, {""time"": 5.535, ""score"": 4.609, ""rms_ratio"": 2.631, ""diff_ratio"": 8.074}, {""time"": 5.835, ""score"": 4.229, ""rms_ratio"": 2.345, ""diff_ratio"": 7.626}, {""time"": 2.745, ""score"": 3.648, ""rms_ratio"": 1.87, ""diff_ratio"": 7.116}, {""time"": 6.085, ""score"": 3.437, ""rms_ratio"": 2.334, ""diff_ratio"": 5.062}, {""time"": 5.635, ""score"": 3.164, ""rms_ratio"": 3.042, ""diff_ratio"": 3.291}, {""time"": 7.005, ""score"": 3.081, ""rms_ratio"": 3.263, ""diff_ratio"": 2.91}, {""time"": 2.335, ""score"": 2.979, ""rms_ratio"": 3.149, ""diff_ratio"": 2.819}, {""time"": 3.725, ""score"": 2.906, ""rms_ratio"": 1.916, ""diff_ratio"": 4.407}, {""time"": 6.865, ""score"": 2.659, ""rms_ratio"": 2.603, ""diff_ratio"": 2.716}, {""time"": 5.345, ""score"": 2.656, ""rms_ratio"": 2.967, ""diff_ratio"": 2.378}, {""time"": 4.475, ""score"": 2.565, ""rms_ratio"": 2.763, ""diff_ratio"": 2.381}, {""time"": 3.155, ""score"": 2.542, ""rms_ratio"": 3.422, ""diff_ratio"": 1.889}, {""time"": 4.975, ""score"": 2.467, ""rms_ratio"": 1.609, ""diff_ratio"": 3.781}, {""time"": 4.725, ""score"": 2.425, ""rms_ratio"": 3.027, ""diff_ratio"": 1.942}, {""time"": 6.505, ""score"": 2.167, ""rms_ratio"": 1.819, ""diff_ratio"": 2.581}]",7.014,ffprobe,7.014,0.955,6.059,fly,pending,medium,,,,"Jonathan Aranda's solo home run (14) Jonathan Aranda's solo home run (14) Jonathan Aranda's solo home run (14) Jonathan Aranda hits a solo home run to left-center field, cutting the Rays' deficit to 4-1 in the top of the 6th inning",https://mlb-cuts-diamond.mlb.com/FORGE/2025/2025-09/27/a639a7d6-ecb63d4a-976df9c8-csvm-diamondgcp-asset_1280x720_59_4000K.mp4,MLB_776159_jonathan-aranda-homers-14-on-a-fly-ball-to-center-field,raw_sources\MLB_776159_jonathan-aranda-homers-14-on-a-fly-ball-to-center-field_Jonathan_Aranda_s_solo_home_run_14_Jonathan_Aranda_s_solo_home_run_14_Jonathan_Aranda_s_solo_home_run_1.mp4,0.000,7.000,,no,audit_checkpoint_002,136
821,Codex_Workstation,F_0892,dataset/fly_ball/Codex_Workstation/F_0892,4,needs_edit,contact_timestamp_wrong,contact_timestamp_wrong;insufficient_post_contact_context,retime_from_local_audio_candidate;qwen_confirm_visual_contact_near_candidate;recover_source_and_recut_longer,likely_contact_timestamp_wrong,5.310,5.397,5.035,5.375,1.780,1.890,1.676,5.375,0.021,5.035,2.627,"[{""time"": 5.035, ""score"": 2.627, ""rms_ratio"": 1.365, ""diff_ratio"": 5.054}, {""time"": 0.655, ""score"": 2.385, ""rms_ratio"": 1.24, ""diff_ratio"": 4.59}, {""time"": 5.375, ""score"": 1.78, ""rms_ratio"": 1.89, ""diff_ratio"": 1.676}, {""time"": 4.765, ""score"": 1.776, ""rms_ratio"": 1.103, ""diff_ratio"": 2.86}, {""time"": 0.135, ""score"": 1.735, ""rms_ratio"": 0.969, ""diff_ratio"": 3.01}]",5.386,ffprobe,5.397,5.035,0.351,fly,pending,high,,,,Masataka Yoshida's solo homer (4) Masataka Yoshida's solo homer (4) Masataka Yoshida's solo homer (4) Masataka Yoshida hits a solo home run to right field to give the Red Sox a 1-0 lead in the bottom of the 1st inning,https://mlb-cuts-diamond.mlb.com/FORGE/2025/2025-09/28/406ceacf-e2480661-91c737e6-csvm-diamondgcp-asset_1280x720_59_4000K.mp4,MLB_776151_masataka-yoshida-homers-4-on-a-fly-ball-to-right-field,raw_sources\MLB_776151_masataka-yoshida-homers-4-on-a-fly-ball-to-right-field_Masataka_Yoshida_s_solo_homer_4_Masataka_Yoshida_s_solo_homer_4_Masataka_Yoshida_s_solo_homer_4_Masataka.mp4,3.680,10.680,,no,audit_checkpoint_002,137
820,Codex_Workstation,F_0891,dataset/fly_ball/Codex_Workstation/F_0891,4,needs_edit,contact_timestamp_wrong,contact_timestamp_wrong;insufficient_post_contact_context,retime_from_local_audio_candidate;qwen_confirm_visual_contact_near_candidate;recover_source_and_recut_longer,likely_contact_timestamp_wrong,1.970,2.070,2.675,2.035,1.670,2.060,1.355,2.035,0.015,3.015,2.374,"[{""time"": 3.015, ""score"": 2.374, ""rms_ratio"": 2.188, ""diff_ratio"": 2.575}, {""time"": 2.675, ""score"": 2.319, ""rms_ratio"": 2.044, ""diff_ratio"": 2.632}, {""time"": 2.905, ""score"": 2.209, ""rms_ratio"": 0.811, ""diff_ratio"": 4.881}, {""time"": 3.155, ""score"": 2.142, ""rms_ratio"": 1.685, ""diff_ratio"": 2.722}, {""time"": 2.285, ""score"": 1.94, ""rms_ratio"": 1.402, ""diff_ratio"": 2.684}, {""time"": 1.215, ""score"": 1.936, ""rms_ratio"": 1.552, ""diff_ratio"": 2.413}, {""time"": 1.775, ""score"": 1.916, ""rms_ratio"": 1.963, ""diff_ratio"": 1.87}, {""time"": 0.075, ""score"": 1.765, ""rms_ratio"": 1.441, ""diff_ratio"": 2.161}, {""time"": 2.475, ""score"": 1.752, ""rms_ratio"": 1.123, ""diff_ratio"": 2.733}, {""time"": 1.595, ""score"": 1.697, ""rms_ratio"": 1.753, ""diff_ratio"": 1.643}, {""time"": 2.035, ""score"": 1.67, ""rms_ratio"": 2.06, ""diff_ratio"": 1.355}]",3.354,ffprobe,3.371,2.675,0.679,fly,pending,medium,,,,Javier Báez's three-run homer (12) Javier Báez's three-run homer (12) Javier Báez's three-run homer (12) Javier Báez hits a three-run home run to left-center field to give the Tigers a 3-1 lead in the top of the 4th inning,https://mlb-cuts-diamond.mlb.com/FORGE/2025/2025-09/28/f1edcd6e-f8ea9462-1d2511e4-csvm-diamondgcp-asset_1280x720_59_4000K.mp4,MLB_776151_javier-baez-homers-12-on-a-fly-ball-to-left-center-field-justyn-henry,raw_sources\MLB_776151_javier-baez-homers-12-on-a-fly-ball-to-left-center-field-justyn-henry_Javier_B_ez_s_three-run_homer_12_Javier_B_ez_s_three-run_homer_12_Javier_B_ez_s_three-run.mp4,4.240,11.240,,no,audit_checkpoint_002,138
819,Codex_Workstation,F_0890,dataset/fly_ball/Codex_Workstation/F_0890,4,needs_edit,contact_timestamp_wrong,contact_timestamp_wrong;insufficient_post_contact_context,retime_from_local_audio_candidate;qwen_confirm_visual_contact_near_candidate;recover_source_and_recut_longer,likely_contact_timestamp_wrong,1.970,2.070,2.415,2.025,2.624,2.837,2.426,2.025,0.005,5.535,3.170,"[{""time"": 5.535, ""score"": 3.17, ""rms_ratio"": 1.527, ""diff_ratio"": 6.582}, {""time"": 2.415, ""score"": 3.052, ""rms_ratio"": 2.73, ""diff_ratio"": 3.412}, {""time"": 5.745, ""score"": 2.884, ""rms_ratio"": 1.496, ""diff_ratio"": 5.559}, {""time"": 2.615, ""score"": 2.665, ""rms_ratio"": 1.297, ""diff_ratio"": 5.476}, {""time"": 2.025, ""score"": 2.624, ""rms_ratio"": 2.837, ""diff_ratio"": 2.426}, {""time"": 2.135, ""score"": 2.539, ""rms_ratio"": 2.621, ""diff_ratio"": 2.46}, {""time"": 2.255, ""score"": 2.434, ""rms_ratio"": 2.319, ""diff_ratio"": 2.555}, {""time"": 0.445, ""score"": 2.348, ""rms_ratio"": 1.35, ""diff_ratio"": 4.083}, {""time"": 5.895, ""score"": 2.231, ""rms_ratio"": 1.116, ""diff_ratio"": 4.46}, {""time"": 1.855, ""score"": 2.13, ""rms_ratio"": 2.045, ""diff_ratio"": 2.219}, {""time"": 4.775, ""score"": 1.987, ""rms_ratio"": 2.069, ""diff_ratio"": 1.907}, {""time"": 5.345, ""score"": 1.964, ""rms_ratio"": 1.088, ""diff_ratio"": 3.545}, {""time"": 4.975, ""score"": 1.937, ""rms_ratio"": 1.64, ""diff_ratio"": 2.287}, {""time"": 1.735, ""score"": 1.849, ""rms_ratio"": 1.326, ""diff_ratio"": 2.58}, {""time"": 1.635, ""score"": 1.831, ""rms_ratio"": 2.065, ""diff_ratio"": 1.623}, {""time"": 4.495, ""score"": 1.81, ""rms_ratio"": 2.143, ""diff_ratio"": 1.528}]",7.006,ffprobe,7.019,2.415,4.591,fly,pending,high,,,,David Hamilton's two-run homer (6) David Hamilton's two-run homer (6) David Hamilton's two-run homer (6) David Hamilton hits a two-run home run to right-center field to tie the game at 3 in the bottom of the 4th inning,https://mlb-cuts-diamond.mlb.com/FORGE/2025/2025-09/28/349e63b3-1d0f2fb7-3db0aded-csvm-diamondgcp-asset_1280x720_59_4000K.mp4,MLB_776151_chris-paddack-in-play-run-s-to-david-hamilton,raw_sources\MLB_776151_chris-paddack-in-play-run-s-to-david-hamilton_David_Hamilton_s_two-run_homer_6_David_Hamilton_s_two-run_homer_6_David_Hamilton_s_two-run_homer_6_David_Hamilton.mp4,3.160,10.160,,no,audit_checkpoint_002,139
818,Codex_Workstation,F_0889,dataset/fly_ball/Codex_Workstation/F_0889,4,needs_edit,clip_too_short,insufficient_post_contact_context,recover_source_and_recut_longer,annotated_contact_audio_confirmed,1.450,1.550,1.505,1.505,5.074,3.765,6.838,1.505,0.005,1.505,5.074,"[{""time"": 1.505, ""score"": 5.074, ""rms_ratio"": 3.765, ""diff_ratio"": 6.838}, {""time"": 3.415, ""score"": 3.375, ""rms_ratio"": 1.557, ""diff_ratio"": 7.313}, {""time"": 4.485, ""score"": 3.225, ""rms_ratio"": 1.707, ""diff_ratio"": 6.095}, {""time"": 5.445, ""score"": 2.924, ""rms_ratio"": 1.609, ""diff_ratio"": 5.316}, {""time"": 5.265, ""score"": 2.749, ""rms_ratio"": 1.423, ""diff_ratio"": 5.308}, {""time"": 6.885, ""score"": 2.54, ""rms_ratio"": 2.81, ""diff_ratio"": 2.297}, {""time"": 3.915, ""score"": 2.531, ""rms_ratio"": 2.237, ""diff_ratio"": 2.864}, {""time"": 2.965, ""score"": 2.44, ""rms_ratio"": 2.066, ""diff_ratio"": 2.88}, {""time"": 4.965, ""score"": 2.212, ""rms_ratio"": 2.09, ""diff_ratio"": 2.342}, {""time"": 5.875, ""score"": 2.156, ""rms_ratio"": 2.301, ""diff_ratio"": 2.021}, {""time"": 5.985, ""score"": 2.091, ""rms_ratio"": 2.154, ""diff_ratio"": 2.029}, {""time"": 3.225, ""score"": 2.088, ""rms_ratio"": 2.13, ""diff_ratio"": 2.046}, {""time"": 3.525, ""score"": 2.08, ""rms_ratio"": 2.097, ""diff_ratio"": 2.063}, {""time"": 2.695, ""score"": 1.966, ""rms_ratio"": 1.871, ""diff_ratio"": 2.066}, {""time"": 4.025, ""score"": 1.964, ""rms_ratio"": 1.523, ""diff_ratio"": 2.533}, {""time"": 6.095, ""score"": 1.879, ""rms_ratio"": 1.936, ""diff_ratio"": 1.824}]",7.014,ffprobe,7.014,1.505,5.509,fly,pending,high,,,,"Jordan Beck's solo homer (16) Jordan Beck's solo homer (16) Jordan Beck's solo homer (16) Jordan Beck crushes a solo home run to left-center field, cutting the Rockies' deficit to 4-3 in the 9th inning",https://mlb-cuts-diamond.mlb.com/FORGE/2025/2025-09/27/f43417cc-87ec4948-215afdb1-csvm-diamondgcp-asset_1280x720_59_4000K.mp4,MLB_776146_jordan-beck-homers-16-on-a-fly-ball-to-center-field,raw_sources\MLB_776146_jordan-beck-homers-16-on-a-fly-ball-to-center-field_Jordan_Beck_s_solo_homer_16_Jordan_Beck_s_solo_homer_16_Jordan_Beck_s_solo_homer_16_Jordan_Beck_crushes_a_s.mp4,0.000,7.000,,no,audit_checkpoint_002,140
817,Codex_Workstation,F_0888,dataset/fly_ball/Codex_Workstation/F_0888,4,needs_edit,clip_too_short,insufficient_post_contact_context,recover_source_and_recut_longer,annotated_contact_audio_confirmed,1.970,2.070,2.015,2.015,3.251,3.003,3.520,2.015,0.005,2.015,3.251,"[{""time"": 2.015, ""score"": 3.251, ""rms_ratio"": 3.003, ""diff_ratio"": 3.52}, {""time"": 1.895, ""score"": 2.925, ""rms_ratio"": 1.674, ""diff_ratio"": 5.112}, {""time"": 0.335, ""score"": 2.734, ""rms_ratio"": 1.855, ""diff_ratio"": 4.03}, {""time"": 3.915, ""score"": 2.309, ""rms_ratio"": 2.453, ""diff_ratio"": 2.173}, {""time"": 1.775, ""score"": 2.252, ""rms_ratio"": 1.909, ""diff_ratio"": 2.656}, {""time"": 3.305, ""score"": 2.133, ""rms_ratio"": 2.815, ""diff_ratio"": 1.617}, {""time"": 0.565, ""score"": 2.047, ""rms_ratio"": 1.196, ""diff_ratio"": 3.502}, {""time"": 3.505, ""score"": 2.038, ""rms_ratio"": 2.465, ""diff_ratio"": 1.684}, {""time"": 3.085, ""score"": 2.021, ""rms_ratio"": 2.271, ""diff_ratio"": 1.799}, {""time"": 1.005, ""score"": 1.903, ""rms_ratio"": 2.261, ""diff_ratio"": 1.602}, {""time"": 2.125, ""score"": 1.893, ""rms_ratio"": 1.795, ""diff_ratio"": 1.997}, {""time"": 2.935, ""score"": 1.89, ""rms_ratio"": 2.291, ""diff_ratio"": 1.56}, {""time"": 2.255, ""score"": 1.848, ""rms_ratio"": 2.018, ""diff_ratio"": 1.692}, {""time"": 0.105, ""score"": 1.814, ""rms_ratio"": 2.157, ""diff_ratio"": 1.525}, {""time"": 1.625, ""score"": 1.694, ""rms_ratio"": 1.827, ""diff_ratio"": 1.571}]",4.122,ffprobe,4.139,2.015,2.107,fly,pending,high,,,,"Hunter Goodman's solo home run (31) Hunter Goodman's solo home run (31) Hunter Goodman's solo home run (31) Hunter Goodman hits a solo home run to left field, giving the Rockies an early 1-0 lead in the top of the 1st inning",https://mlb-cuts-diamond.mlb.com/FORGE/2025/2025-09/27/18fdbe1d-e6af11da-9a5cd5c2-csvm-diamondgcp-asset_1280x720_59_4000K.mp4,MLB_776146_hunter-goodman-homers-31-on-a-fly-ball-to-left-field,raw_sources\MLB_776146_hunter-goodman-homers-31-on-a-fly-ball-to-left-field_Hunter_Goodman_s_solo_home_run_31_Hunter_Goodman_s_solo_home_run_31_Hunter_Goodman_s_solo_home_run_31_Hunt.mp4,3.920,10.920,,no,audit_checkpoint_002,141
816,Codex_Workstation,F_0887,dataset/fly_ball/Codex_Workstation/F_0887,4,needs_edit,clip_too_short,insufficient_post_contact_context,recover_source_and_recut_longer,annotated_contact_audio_confirmed,1.030,1.130,1.095,1.095,6.811,5.438,8.530,1.095,0.015,1.095,6.811,"[{""time"": 1.095, ""score"": 6.811, ""rms_ratio"": 5.438, ""diff_ratio"": 8.53}, {""time"": 4.685, ""score"": 5.977, ""rms_ratio"": 3.512, ""diff_ratio"": 10.171}, {""time"": 5.195, ""score"": 4.802, ""rms_ratio"": 3.787, ""diff_ratio"": 6.089}, {""time"": 5.065, ""score"": 4.658, ""rms_ratio"": 4.385, ""diff_ratio"": 4.948}, {""time"": 4.445, ""score"": 4.218, ""rms_ratio"": 4.259, ""diff_ratio"": 4.176}, {""time"": 2.405, ""score"": 4.128, ""rms_ratio"": 2.366, ""diff_ratio"": 7.202}, {""time"": 3.025, ""score"": 3.587, ""rms_ratio"": 3.476, ""diff_ratio"": 3.702}, {""time"": 3.915, ""score"": 3.156, ""rms_ratio"": 3.341, ""diff_ratio"": 2.982}, {""time"": 5.305, ""score"": 3.034, ""rms_ratio"": 2.864, ""diff_ratio"": 3.213}, {""time"": 2.615, ""score"": 2.93, ""rms_ratio"": 4.359, ""diff_ratio"": 1.97}, {""time"": 3.605, ""score"": 2.912, ""rms_ratio"": 2.265, ""diff_ratio"": 3.744}, {""time"": 3.315, ""score"": 2.911, ""rms_ratio"": 3.105, ""diff_ratio"": 2.729}, {""time"": 4.025, ""score"": 2.85, ""rms_ratio"": 2.904, ""diff_ratio"": 2.797}, {""time"": 4.185, ""score"": 2.837, ""rms_ratio"": 3.86, ""diff_ratio"": 2.085}, {""time"": 2.875, ""score"": 2.713, ""rms_ratio"": 3.402, ""diff_ratio"": 2.163}, {""time"": 1.775, ""score"": 2.625, ""rms_ratio"": 2.439, ""diff_ratio"": 2.825}]",5.440,ffprobe,5.457,1.095,4.345,fly,pending,high,,,,"Brenton Doyle's solo home run (15) Brenton Doyle's solo home run (15) Brenton Doyle's solo home run (15) Brenton Doyle drills a solo home run to left field, pushing the Rockies' lead to 2-0 in the 2nd inning",https://mlb-cuts-diamond.mlb.com/FORGE/2025/2025-09/27/7f8b08ba-12b46279-ec948dbd-csvm-diamondgcp-asset_1280x720_59_4000K.mp4,MLB_776146_brenton-doyle-homers-15-on-a-fly-ball-to-left-center-field,raw_sources\MLB_776146_brenton-doyle-homers-15-on-a-fly-ball-to-left-center-field_Brenton_Doyle_s_solo_home_run_15_Brenton_Doyle_s_solo_home_run_15_Brenton_Doyle_s_solo_home_run_15_B.mp4,0.000,7.000,,no,audit_checkpoint_002,142
815,Codex_Workstation,F_0886,dataset/fly_ball/Codex_Workstation/F_0886,4,needs_edit,clip_too_short,insufficient_post_contact_context,recover_source_and_recut_longer,annotated_contact_audio_confirmed,1.970,2.070,2.025,2.025,3.293,3.285,3.301,2.025,0.005,2.025,3.293,"[{""time"": 2.025, ""score"": 3.293, ""rms_ratio"": 3.285, ""diff_ratio"": 3.301}, {""time"": 1.485, ""score"": 2.158, ""rms_ratio"": 2.288, ""diff_ratio"": 2.034}, {""time"": 1.275, ""score"": 2.075, ""rms_ratio"": 1.468, ""diff_ratio"": 2.934}, {""time"": 2.175, ""score"": 2.012, ""rms_ratio"": 1.952, ""diff_ratio"": 2.073}, {""time"": 0.935, ""score"": 1.863, ""rms_ratio"": 2.013, ""diff_ratio"": 1.724}, {""time"": 2.275, ""score"": 1.788, ""rms_ratio"": 1.874, ""diff_ratio"": 1.706}]",2.394,ffprobe,2.411,2.025,0.369,fly,pending,high,,,,Miguel Vargas' two-run home run (16) Miguel Vargas' two-run home run (16) Miguel Vargas' two-run home run (16) Miguel Vargas slugs a two-run home run to left-center field to get the White Sox on the board early,https://mlb-cuts-diamond.mlb.com/FORGE/2025/2025-09/28/f6a1e7d4-05be3e96-446679b9-csvm-diamondgcp-asset_1280x720_59_4000K.mp4,MLB_776143_miguel-vargas-homers-16-on-a-fly-ball-to-left-center-field-colson-mon,raw_sources\MLB_776143_miguel-vargas-homers-16-on-a-fly-ball-to-left-center-field-colson-mon_Miguel_Vargas_two-run_home_run_16_Miguel_Vargas_two-run_home_run_16_Miguel_Vargas_two-run.mp4,6.160,13.160,,no,audit_checkpoint_002,143
814,Codex_Workstation,F_0885,dataset/fly_ball/Codex_Workstation/F_0885,4,needs_edit,clip_too_short,insufficient_post_contact_context,recover_source_and_recut_longer,annotated_contact_audio_confirmed,1.970,2.070,2.025,2.025,3.881,4.252,3.542,2.025,0.005,2.155,4.363,"[{""time"": 2.155, ""score"": 4.363, ""rms_ratio"": 1.587, ""diff_ratio"": 11.997}, {""time"": 3.025, ""score"": 4.088, ""rms_ratio"": 3.643, ""diff_ratio"": 4.587}, {""time"": 2.025, ""score"": 3.881, ""rms_ratio"": 4.252, ""diff_ratio"": 3.542}, {""time"": 1.655, ""score"": 3.757, ""rms_ratio"": 3.623, ""diff_ratio"": 3.897}, {""time"": 1.835, ""score"": 3.278, ""rms_ratio"": 3.086, ""diff_ratio"": 3.482}, {""time"": 3.185, ""score"": 2.384, ""rms_ratio"": 1.85, ""diff_ratio"": 3.071}, {""time"": 1.345, ""score"": 2.271, ""rms_ratio"": 1.701, ""diff_ratio"": 3.031}, {""time"": 2.465, ""score"": 2.209, ""rms_ratio"": 2.201, ""diff_ratio"": 2.216}, {""time"": 0.475, ""score"": 1.773, ""rms_ratio"": 1.684, ""diff_ratio"": 1.867}]",3.206,ffprobe,3.221,2.025,1.181,fly,pending,medium,,,,"Dominic Fletcher's two-run home run (1) Dominic Fletcher's two-run home run (1) Dominic Fletcher's two-run home run (1) Dominic Fletcher crushes a two-run home run to right field, his first of the season and extends the White Sox lead to 5-0 in the 4th inning",https://mlb-cuts-diamond.mlb.com/FORGE/2025/2025-09/28/f44f21b4-d6782d87-8161a934-csvm-diamondgcp-asset_1280x720_59_4000K.mp4,MLB_776143_dominic-fletcher-homers-1-on-a-fly-ball-to-right-field-lenyn-sosa-sco,raw_sources\MLB_776143_dominic-fletcher-homers-1-on-a-fly-ball-to-right-field-lenyn-sosa-sco_Dominic_Fletcher_s_two-run_home_run_1_Dominic_Fletcher_s_two-run_home_run_1_Dominic_Fletc.mp4,1.380,8.380,,no,audit_checkpoint_002,144
813,Codex_Workstation,F_0884,dataset/fly_ball/Codex_Workstation/F_0884,4,needs_edit,clip_too_short,insufficient_post_contact_context,recover_source_and_recut_longer,annotated_contact_audio_confirmed,1.970,2.070,2.065,2.065,2.456,2.187,2.758,2.065,0.045,2.695,2.677,"[{""time"": 2.695, ""score"": 2.677, ""rms_ratio"": 3.038, ""diff_ratio"": 2.359}, {""time"": 2.065, ""score"": 2.456, ""rms_ratio"": 2.187, ""diff_ratio"": 2.758}, {""time"": 2.805, ""score"": 2.384, ""rms_ratio"": 2.573, ""diff_ratio"": 2.209}, {""time"": 1.355, ""score"": 2.303, ""rms_ratio"": 2.724, ""diff_ratio"": 1.947}, {""time"": 1.505, ""score"": 2.216, ""rms_ratio"": 0.858, ""diff_ratio"": 4.912}, {""time"": 1.015, ""score"": 2.068, ""rms_ratio"": 0.838, ""diff_ratio"": 4.278}, {""time"": 2.205, ""score"": 1.98, ""rms_ratio"": 1.746, ""diff_ratio"": 2.244}, {""time"": 0.435, ""score"": 1.963, ""rms_ratio"": 0.752, ""diff_ratio"": 3.854}, {""time"": 2.975, ""score"": 1.941, ""rms_ratio"": 2.237, ""diff_ratio"": 1.684}, {""time"": 3.115, ""score"": 1.874, ""rms_ratio"": 2.254, ""diff_ratio"": 1.558}, {""time"": 2.365, ""score"": 1.797, ""rms_ratio"": 1.677, ""diff_ratio"": 1.926}, {""time"": 0.645, ""score"": 1.779, ""rms_ratio"": 0.859, ""diff_ratio"": 3.165}, {""time"": 3.345, ""score"": 1.711, ""rms_ratio"": 2.2, ""diff_ratio"": 1.33}, {""time"": 0.905, ""score"": 1.681, ""rms_ratio"": 1.449, ""diff_ratio"": 1.949}]",3.656,ffprobe,3.669,2.065,1.591,fly,pending,high,,,,"Brooks Baldwin's solo home run (11) Brooks Baldwin's solo home run (11) Brooks Baldwin's solo home run (11) Brooks Baldwin crushes a 423-foot solo home run to right-center field, extending the White Sox lead to 3-0 in the 4th inning",https://mlb-cuts-diamond.mlb.com/FORGE/2025/2025-09/28/d2c347c5-145e2f42-e32b1774-csvm-diamondgcp-asset_1280x720_59_4000K.mp4,MLB_776143_brooks-baldwin-homers-11-on-a-fly-ball-to-right-center-field,raw_sources\MLB_776143_brooks-baldwin-homers-11-on-a-fly-ball-to-right-center-field_Brooks_Baldwin_s_solo_home_run_11_Brooks_Baldwin_s_solo_home_run_11_Brooks_Baldwin_s_solo_home_run.mp4,3.640,10.640,,no,audit_checkpoint_002,145
812,Codex_Workstation,F_0883,dataset/fly_ball/Codex_Workstation/F_0883,4,needs_edit,contact_timestamp_wrong,contact_timestamp_wrong;insufficient_post_contact_context,retime_from_local_audio_candidate;qwen_confirm_visual_contact_near_candidate;recover_source_and_recut_longer,likely_contact_timestamp_wrong,3.310,3.410,4.185,3.365,1.927,2.417,1.536,3.365,0.005,2.015,3.177,"[{""time"": 2.015, ""score"": 3.177, ""rms_ratio"": 2.747, ""diff_ratio"": 3.675}, {""time"": 4.185, ""score"": 2.481, ""rms_ratio"": 2.225, ""diff_ratio"": 2.766}, {""time"": 3.365, ""score"": 1.927, ""rms_ratio"": 2.417, ""diff_ratio"": 1.536}, {""time"": 0.075, ""score"": 1.903, ""rms_ratio"": 1.717, ""diff_ratio"": 2.109}, {""time"": 2.885, ""score"": 1.774, ""rms_ratio"": 1.634, ""diff_ratio"": 1.926}, {""time"": 1.295, ""score"": 1.714, ""rms_ratio"": 1.526, ""diff_ratio"": 1.926}, {""time"": 3.785, ""score"": 1.708, ""rms_ratio"": 1.948, ""diff_ratio"": 1.498}]",4.189,ffprobe,4.203,4.185,0.004,fly,pending,high,,,,"Max Kepler's game-tying solo home run (18) Max Kepler's game-tying solo home run (18) Max Kepler's game-tying solo home run (18) Max Kepler hits a solo home run to right field, tying the game up for the Phillies with a score of 1-1 in the bottom of the 8th inning",https://mlb-cuts-diamond.mlb.com/FORGE/2025/2025-09/28/dbd22f5a-d714e22e-7e27f343-csvm-diamondgcp-asset_1280x720_59_4000K.mp4,MLB_776141_max-kepler-homers-18-on-a-line-drive-to-right-center-field-uetvnw,raw_sources\MLB_776141_max-kepler-homers-18-on-a-line-drive-to-right-center-field-uetvnw_Max_Kepler_s_game-tying_solo_home_run_18_Max_Kepler_s_game-tying_solo_home_run_18_Max_Kepler_.mp4,3.320,10.320,,no,audit_checkpoint_002,146
811,Codex_Workstation,F_0882,dataset/fly_ball/Codex_Workstation/F_0882,4,needs_edit,clip_too_short,insufficient_post_contact_context,recover_source_and_recut_longer,annotated_contact_audio_confirmed,2.730,2.830,2.775,2.775,3.258,2.202,4.821,2.775,0.005,0.745,5.979,"[{""time"": 0.745, ""score"": 5.979, ""rms_ratio"": 3.472, ""diff_ratio"": 10.295}, {""time"": 1.995, ""score"": 3.382, ""rms_ratio"": 2.322, ""diff_ratio"": 4.927}, {""time"": 2.775, ""score"": 3.258, ""rms_ratio"": 2.202, ""diff_ratio"": 4.821}, {""time"": 2.945, ""score"": 2.91, ""rms_ratio"": 1.635, ""diff_ratio"": 5.18}, {""time"": 4.395, ""score"": 2.605, ""rms_ratio"": 1.498, ""diff_ratio"": 4.531}, {""time"": 5.045, ""score"": 2.328, ""rms_ratio"": 2.188, ""diff_ratio"": 2.477}, {""time"": 2.285, ""score"": 2.287, ""rms_ratio"": 1.603, ""diff_ratio"": 3.262}, {""time"": 2.145, ""score"": 2.252, ""rms_ratio"": 1.89, ""diff_ratio"": 2.683}, {""time"": 3.515, ""score"": 2.141, ""rms_ratio"": 1.977, ""diff_ratio"": 2.318}, {""time"": 3.815, ""score"": 2.072, ""rms_ratio"": 2.472, ""diff_ratio"": 1.736}, {""time"": 3.695, ""score"": 1.977, ""rms_ratio"": 2.53, ""diff_ratio"": 1.546}, {""time"": 3.235, ""score"": 1.976, ""rms_ratio"": 2.337, ""diff_ratio"": 1.67}, {""time"": 4.755, ""score"": 1.734, ""rms_ratio"": 2.963, ""diff_ratio"": 1.015}]",5.112,ffprobe,5.120,2.775,2.337,fly,pending,medium,,,,"Ben Rice's two-homer game against the Orioles Ben Rice's two-homer game against the Orioles Ben Rice's two-homer game against the Orioles Ben Rice hits a pair of solo home runs, including the game-winning homer in the bottom of the 8th against the Orioles",https://mlb-cuts-diamond.mlb.com/FORGE/2025/2025-09/28/96940d8f-f5a5fdbe-6b31ec93-csvm-diamondgcp-asset_1280x720_59_4000K.mp4,MLB_776140_ben-rice-s-two-homer-game-against-the-orioles,raw_sources\MLB_776140_ben-rice-s-two-homer-game-against-the-orioles_Ben_Rice_s_two-homer_game_against_the_Orioles_Ben_Rice_s_two-homer_game_against_the_Orioles_Ben_Rice_s_two-homer_.mp4,0.840,7.840,,no,audit_checkpoint_002,147
810,Codex_Workstation,F_0881,dataset/fly_ball/Codex_Workstation/F_0881,4,needs_edit,clip_too_short,insufficient_post_contact_context,recover_source_and_recut_longer,annotated_contact_audio_confirmed,4.410,4.510,4.465,4.465,3.100,3.339,2.879,4.465,0.005,5.575,3.892,"[{""time"": 5.575, ""score"": 3.892, ""rms_ratio"": 2.151, ""diff_ratio"": 7.042}, {""time"": 0.935, ""score"": 3.822, ""rms_ratio"": 3.822, ""diff_ratio"": 3.822}, {""time"": 4.805, ""score"": 3.273, ""rms_ratio"": 2.846, ""diff_ratio"": 3.765}, {""time"": 0.375, ""score"": 3.247, ""rms_ratio"": 1.776, ""diff_ratio"": 5.936}, {""time"": 2.025, ""score"": 3.2, ""rms_ratio"": 3.432, ""diff_ratio"": 2.984}, {""time"": 4.465, ""score"": 3.1, ""rms_ratio"": 3.339, ""diff_ratio"": 2.879}, {""time"": 4.975, ""score"": 3.077, ""rms_ratio"": 2.822, ""diff_ratio"": 3.355}, {""time"": 4.045, ""score"": 2.824, ""rms_ratio"": 1.5, ""diff_ratio"": 5.315}, {""time"": 5.705, ""score"": 2.778, ""rms_ratio"": 2.693, ""diff_ratio"": 2.865}, {""time"": 1.375, ""score"": 2.721, ""rms_ratio"": 2.052, ""diff_ratio"": 3.61}, {""time"": 5.175, ""score"": 2.702, ""rms_ratio"": 2.486, ""diff_ratio"": 2.937}, {""time"": 0.495, ""score"": 2.66, ""rms_ratio"": 2.131, ""diff_ratio"": 3.321}, {""time"": 0.185, ""score"": 2.499, ""rms_ratio"": 2.572, ""diff_ratio"": 2.429}, {""time"": 3.035, ""score"": 2.46, ""rms_ratio"": 2.002, ""diff_ratio"": 3.021}, {""time"": 0.025, ""score"": 2.448, ""rms_ratio"": 1.482, ""diff_ratio"": 4.044}, {""time"": 5.375, ""score"": 2.36, ""rms_ratio"": 2.182, ""diff_ratio"": 2.551}]",7.007,ffprobe,7.019,4.465,2.542,fly,pending,high,,,,"Royals hit back-to-back homers in the 7th Royals hit back-to-back homers in the 7th Royals hit back-to-back homers in the 7th Mike Yastrzemski and Carter Jensen hit back-to-back home runs in the top of the 7th inning, pushing the Royals' lead over the A's to 6-0",https://mlb-cuts-diamond.mlb.com/FORGE/2025/2025-09/28/b70b12ed-54a06b80-24594d57-csvm-diamondgcp-asset_1280x720_59_4000K.mp4,MLB_776138_royals-hit-back-to-back-homers-in-the-7th,raw_sources\MLB_776138_royals-hit-back-to-back-homers-in-the-7th_Royals_hit_back-to-back_homers_in_the_7th_Royals_hit_back-to-back_homers_in_the_7th_Royals_hit_back-to-back_homers_in.mp4,3.080,10.080,,no,audit_checkpoint_002,148
809,Codex_Workstation,F_0880,dataset/fly_ball/Codex_Workstation/F_0880,4,needs_edit,clip_too_short,insufficient_pre_contact_context;insufficient_post_contact_context,recover_source_and_recut_longer,annotated_contact_audio_confirmed,0.710,0.810,0.775,0.775,5.041,3.680,6.905,0.775,0.015,0.775,5.041,"[{""time"": 0.775, ""score"": 5.041, ""rms_ratio"": 3.68, ""diff_ratio"": 6.905}, {""time"": 6.195, ""score"": 2.656, ""rms_ratio"": 1.58, ""diff_ratio"": 4.465}, {""time"": 1.495, ""score"": 2.214, ""rms_ratio"": 1.172, ""diff_ratio"": 4.181}, {""time"": 5.925, ""score"": 2.078, ""rms_ratio"": 1.454, ""diff_ratio"": 2.972}, {""time"": 1.775, ""score"": 2.065, ""rms_ratio"": 1.787, ""diff_ratio"": 2.386}, {""time"": 3.065, ""score"": 2.002, ""rms_ratio"": 1.828, ""diff_ratio"": 2.193}, {""time"": 3.285, ""score"": 2.001, ""rms_ratio"": 1.176, ""diff_ratio"": 3.403}, {""time"": 5.795, ""score"": 1.995, ""rms_ratio"": 1.265, ""diff_ratio"": 3.147}, {""time"": 1.885, ""score"": 1.823, ""rms_ratio"": 1.562, ""diff_ratio"": 2.129}, {""time"": 5.365, ""score"": 1.784, ""rms_ratio"": 1.699, ""diff_ratio"": 1.873}]",6.443,ffprobe,6.459,0.775,5.668,fly,pending,medium,,,,"Nick Kurtz's two-run home run (36) Nick Kurtz's two-run home run (36) Nick Kurtz's two-run home run (36) Nick Kurtz crushes a two-run home run to left-center field, cutting the Athletics' deficit to 9-2 in the 8th inning",https://mlb-cuts-diamond.mlb.com/FORGE/2025/2025-09/28/55218767-a2d6e303-8c774d36-csvm-diamondgcp-asset_1280x720_59_4000K.mp4,MLB_776138_nick-kurtz-homers-36-on-a-fly-ball-to-left-center-field-colby-thomas-,raw_sources\MLB_776138_nick-kurtz-homers-36-on-a-fly-ball-to-left-center-field-colby-thomas-_Nick_Kurtz_s_two-run_home_run_36_Nick_Kurtz_s_two-run_home_run_36_Nick_Kurtz_s_two-run_ho.mp4,0.000,7.000,,no,audit_checkpoint_002,149
808,Codex_Workstation,F_0879,dataset/fly_ball/Codex_Workstation/F_0879,4,needs_edit,clip_too_short,insufficient_post_contact_context,recover_source_and_recut_longer,annotated_contact_audio_confirmed,1.970,2.070,2.025,2.025,3.177,3.525,2.863,2.025,0.005,0.935,3.794,"[{""time"": 0.935, ""score"": 3.794, ""rms_ratio"": 3.925, ""diff_ratio"": 3.667}, {""time"": 0.375, ""score"": 3.223, ""rms_ratio"": 1.824, ""diff_ratio"": 5.695}, {""time"": 2.025, ""score"": 3.177, ""rms_ratio"": 3.525, ""diff_ratio"": 2.863}, {""time"": 1.375, ""score"": 2.701, ""rms_ratio"": 2.107, ""diff_ratio"": 3.463}, {""time"": 0.495, ""score"": 2.64, ""rms_ratio"": 2.188, ""diff_ratio"": 3.186}, {""time"": 0.185, ""score"": 2.481, ""rms_ratio"": 2.641, ""diff_ratio"": 2.33}, {""time"": 3.035, ""score"": 2.441, ""rms_ratio"": 2.056, ""diff_ratio"": 2.898}, {""time"": 0.025, ""score"": 2.43, ""rms_ratio"": 1.522, ""diff_ratio"": 3.879}, {""time"": 1.745, ""score"": 2.276, ""rms_ratio"": 2.391, ""diff_ratio"": 2.168}, {""time"": 1.505, ""score"": 2.159, ""rms_ratio"": 1.377, ""diff_ratio"": 3.386}, {""time"": 2.145, ""score"": 2.116, ""rms_ratio"": 2.093, ""diff_ratio"": 2.14}, {""time"": 1.045, ""score"": 2.084, ""rms_ratio"": 1.766, ""diff_ratio"": 2.46}, {""time"": 3.195, ""score"": 1.706, ""rms_ratio"": 1.534, ""diff_ratio"": 1.897}, {""time"": 3.475, ""score"": 1.694, ""rms_ratio"": 2.362, ""diff_ratio"": 1.215}, {""time"": 0.615, ""score"": 1.663, ""rms_ratio"": 1.34, ""diff_ratio"": 2.064}]",3.618,ffprobe,3.627,2.025,1.593,fly,pending,high,,,,Mike Yastrzemski's two-homer game Mike Yastrzemski's two-homer game Mike Yastrzemski's two-homer game Mike Yastrzemski hits two solo home runs to end his season with a two-homer game,https://mlb-cuts-diamond.mlb.com/FORGE/2025/2025-09/28/c08cbc83-3d97a3b5-ed272f45-csvm-diamondgcp-asset_1280x720_59_4000K.mp4,MLB_776138_mike-yastrzemski-s-two-homer-game-x6593,raw_sources\MLB_776138_mike-yastrzemski-s-two-homer-game-x6593_Mike_Yastrzemski_s_two-homer_game_Mike_Yastrzemski_s_two-homer_game_Mike_Yastrzemski_s_two-homer_game_Mike_Yastrzemski_.mp4,3.080,10.080,,no,audit_checkpoint_002,150
807,Codex_Workstation,F_0878,dataset/fly_ball/Codex_Workstation/F_0878,4,needs_edit,clip_too_short,insufficient_post_contact_context,recover_source_and_recut_longer,annotated_contact_audio_confirmed,4.410,4.510,4.465,4.465,3.100,3.339,2.879,4.465,0.005,5.575,3.892,"[{""time"": 5.575, ""score"": 3.892, ""rms_ratio"": 2.151, ""diff_ratio"": 7.042}, {""time"": 0.935, ""score"": 3.822, ""rms_ratio"": 3.822, ""diff_ratio"": 3.822}, {""time"": 4.805, ""score"": 3.273, ""rms_ratio"": 2.846, ""diff_ratio"": 3.765}, {""time"": 0.375, ""score"": 3.247, ""rms_ratio"": 1.776, ""diff_ratio"": 5.936}, {""time"": 2.025, ""score"": 3.2, ""rms_ratio"": 3.432, ""diff_ratio"": 2.984}, {""time"": 4.465, ""score"": 3.1, ""rms_ratio"": 3.339, ""diff_ratio"": 2.879}, {""time"": 4.975, ""score"": 3.077, ""rms_ratio"": 2.822, ""diff_ratio"": 3.355}, {""time"": 4.045, ""score"": 2.824, ""rms_ratio"": 1.5, ""diff_ratio"": 5.315}, {""time"": 5.705, ""score"": 2.778, ""rms_ratio"": 2.693, ""diff_ratio"": 2.865}, {""time"": 1.375, ""score"": 2.721, ""rms_ratio"": 2.052, ""diff_ratio"": 3.61}, {""time"": 5.175, ""score"": 2.702, ""rms_ratio"": 2.486, ""diff_ratio"": 2.937}, {""time"": 0.495, ""score"": 2.66, ""rms_ratio"": 2.131, ""diff_ratio"": 3.321}, {""time"": 0.185, ""score"": 2.499, ""rms_ratio"": 2.572, ""diff_ratio"": 2.429}, {""time"": 3.035, ""score"": 2.46, ""rms_ratio"": 2.002, ""diff_ratio"": 3.021}, {""time"": 0.025, ""score"": 2.448, ""rms_ratio"": 1.482, ""diff_ratio"": 4.044}, {""time"": 5.375, ""score"": 2.36, ""rms_ratio"": 2.182, ""diff_ratio"": 2.551}]",7.007,ffprobe,7.019,4.465,2.542,fly,pending,medium,,,,"Mike Yastrzemski's solo home run (16) Mike Yastrzemski's solo home run (16) Mike Yastrzemski's solo home run (16) Mike Yastrzemski leads off the top of the 7th inning with a home run to right-center field, increasing the Royals' lead to 5-0",https://mlb-cuts-diamond.mlb.com/FORGE/2025/2025-09/28/28530ca2-5e2d8d85-db7e3c4b-csvm-diamondgcp-asset_1280x720_59_4000K.mp4,MLB_776138_mike-yastrzemski-homers-16-on-a-fly-ball-to-right-center-field-pnkvvh,raw_sources\MLB_776138_mike-yastrzemski-homers-16-on-a-fly-ball-to-right-center-field-pnkvvh_Mike_Yastrzemski_s_solo_home_run_16_Mike_Yastrzemski_s_solo_home_run_16_Mike_Yastrzemski_.mp4,3.080,10.080,,no,audit_checkpoint_002,151
806,Codex_Workstation,F_0877,dataset/fly_ball/Codex_Workstation/F_0877,4,needs_edit,clip_too_short,insufficient_post_contact_context,recover_source_and_recut_longer,annotated_contact_audio_confirmed,2.670,2.770,2.735,2.735,2.437,2.404,2.470,2.735,0.015,0.445,2.686,"[{""time"": 0.445, ""score"": 2.686, ""rms_ratio"": 1.362, ""diff_ratio"": 5.297}, {""time"": 2.735, ""score"": 2.437, ""rms_ratio"": 2.404, ""diff_ratio"": 2.47}, {""time"": 0.995, ""score"": 2.232, ""rms_ratio"": 2.131, ""diff_ratio"": 2.338}, {""time"": 3.195, ""score"": 2.072, ""rms_ratio"": 1.163, ""diff_ratio"": 3.69}, {""time"": 2.025, ""score"": 2.026, ""rms_ratio"": 2.615, ""diff_ratio"": 1.57}, {""time"": 3.315, ""score"": 2.0, ""rms_ratio"": 2.164, ""diff_ratio"": 1.848}, {""time"": 0.615, ""score"": 1.872, ""rms_ratio"": 1.605, ""diff_ratio"": 2.183}, {""time"": 2.555, ""score"": 1.87, ""rms_ratio"": 2.359, ""diff_ratio"": 1.482}, {""time"": 0.835, ""score"": 1.852, ""rms_ratio"": 1.054, ""diff_ratio"": 3.255}, {""time"": 2.935, ""score"": 1.788, ""rms_ratio"": 2.084, ""diff_ratio"": 1.534}, {""time"": 2.295, ""score"": 1.744, ""rms_ratio"": 1.767, ""diff_ratio"": 1.721}]",3.403,ffprobe,3.413,2.735,0.668,fly,pending,high,,,,"Carter Jensen's 456-foot home run (3) Carter Jensen's 456-foot home run (3) Carter Jensen's 456-foot home run (3) Carter Jensen launches a 456-foot home run to right field, increasing the Royals' lead to 6-0 in the top of the 7th inning",https://mlb-cuts-diamond.mlb.com/FORGE/2025/2025-09/28/7fa21efe-348fa5bc-25105430-csvm-diamondgcp-asset_1280x720_59_4000K.mp4,MLB_776138_michael-kelly-in-play-run-s-to-carter-jensen,raw_sources\MLB_776138_michael-kelly-in-play-run-s-to-carter-jensen_Carter_Jensen_s_456-foot_home_run_3_Carter_Jensen_s_456-foot_home_run_3_Carter_Jensen_s_456-foot_home_run_3_Carter.mp4,5.240,12.240,,no,audit_checkpoint_002,152
805,Codex_Workstation,F_0874,dataset/fly_ball/Codex_Workstation/F_0874,4,needs_edit,clip_too_short,insufficient_post_contact_context,recover_source_and_recut_longer,annotated_contact_audio_confirmed,1.950,2.050,2.035,2.035,2.998,3.410,2.635,2.035,0.035,3.445,4.210,"[{""time"": 3.445, ""score"": 4.21, ""rms_ratio"": 1.845, ""diff_ratio"": 9.608}, {""time"": 0.675, ""score"": 4.1, ""rms_ratio"": 3.046, ""diff_ratio"": 5.519}, {""time"": 0.485, ""score"": 3.151, ""rms_ratio"": 2.374, ""diff_ratio"": 4.184}, {""time"": 5.505, ""score"": 3.121, ""rms_ratio"": 3.2, ""diff_ratio"": 3.044}, {""time"": 0.885, ""score"": 3.091, ""rms_ratio"": 2.713, ""diff_ratio"": 3.522}, {""time"": 2.035, ""score"": 2.998, ""rms_ratio"": 3.41, ""diff_ratio"": 2.635}, {""time"": 2.315, ""score"": 2.924, ""rms_ratio"": 2.994, ""diff_ratio"": 2.857}, {""time"": 6.655, ""score"": 2.892, ""rms_ratio"": 2.74, ""diff_ratio"": 3.051}, {""time"": 0.385, ""score"": 2.753, ""rms_ratio"": 1.85, ""diff_ratio"": 4.098}, {""time"": 1.075, ""score"": 2.696, ""rms_ratio"": 2.753, ""diff_ratio"": 2.641}, {""time"": 3.855, ""score"": 2.629, ""rms_ratio"": 2.079, ""diff_ratio"": 3.324}, {""time"": 4.725, ""score"": 2.617, ""rms_ratio"": 2.364, ""diff_ratio"": 2.898}, {""time"": 2.455, ""score"": 2.578, ""rms_ratio"": 2.077, ""diff_ratio"": 3.2}, {""time"": 2.845, ""score"": 2.479, ""rms_ratio"": 2.272, ""diff_ratio"": 2.706}, {""time"": 6.855, ""score"": 2.257, ""rms_ratio"": 1.95, ""diff_ratio"": 2.612}, {""time"": 3.545, ""score"": 2.211, ""rms_ratio"": 2.05, ""diff_ratio"": 2.383}]",7.006,ffprobe,7.019,2.035,4.971,fly,pending,medium,,,,Trevor Story discusses home run in 6-4 win Trevor Story discusses home run in 6-4 win Trevor Story discusses home run in 6-4 win Trevor Story discusses his home run in the Red Sox's 6-4 win against the Guardians,https://mlb-cuts-diamond.mlb.com/FORGE/2025/2025-09/01/e67e871f-dfb461e7-16b7492c-csvm-diamondgcp-asset_1280x720_59_4000K.mp4,MLB_776505_trevor-story-discusses-home-run-in-6-4-win,raw_sources\MLB_776505_trevor-story-discusses-home-run-in-6-4-win_Trevor_Story_discusses_home_run_in_6-4_win_Trevor_Story_discusses_home_run_in_6-4_win_Trevor_Story_discusses_home_ru.mp4,1.540,8.540,,no,audit_checkpoint_002,153
804,Codex_Workstation,F_0873,dataset/fly_ball/Codex_Workstation/F_0873,4,needs_edit,clip_too_short,insufficient_post_contact_context,recover_source_and_recut_longer,annotated_contact_audio_confirmed,1.950,2.050,2.005,2.005,2.124,2.182,2.068,2.005,0.005,2.145,2.151,"[{""time"": 2.145, ""score"": 2.151, ""rms_ratio"": 2.235, ""diff_ratio"": 2.071}, {""time"": 2.005, ""score"": 2.124, ""rms_ratio"": 2.182, ""diff_ratio"": 2.068}, {""time"": 1.895, ""score"": 2.078, ""rms_ratio"": 2.209, ""diff_ratio"": 1.955}, {""time"": 2.965, ""score"": 2.028, ""rms_ratio"": 1.812, ""diff_ratio"": 2.269}, {""time"": 3.925, ""score"": 1.889, ""rms_ratio"": 1.84, ""diff_ratio"": 1.939}, {""time"": 2.315, ""score"": 1.838, ""rms_ratio"": 1.908, ""diff_ratio"": 1.77}, {""time"": 1.765, ""score"": 1.77, ""rms_ratio"": 1.826, ""diff_ratio"": 1.715}, {""time"": 2.505, ""score"": 1.716, ""rms_ratio"": 1.716, ""diff_ratio"": 1.717}]",7.007,ffprobe,7.019,2.005,5.002,fly,pending,medium,,,,"Field View: Bo Bichette's go-ahead two-run homer Field View: Bo Bichette's go-ahead two-run homer Field View: Bo Bichette's go-ahead two-run homer Check out this unique angle of Bo Bichette's go-ahead two-run home run against the Reds, giving the Blue Jays a 3-2 lead in the 9th inning",https://mlb-cuts-diamond.mlb.com/FORGE/2025/2025-09/01/2a48f693-a6533291-76d5ea58-csvm-diamondgcp-asset_1280x720_59_4000K.mp4,MLB_776503_field-view-bo-bichette-s-go-ahead-two-run-homer,raw_sources\MLB_776503_field-view-bo-bichette-s-go-ahead-two-run-homer_Field_View_Bo_Bichette_s_go-ahead_two-run_homer_Field_View_Bo_Bichette_s_go-ahead_two-run_homer_Field_View_Bo_B.mp4,6.220,13.220,,no,audit_checkpoint_002,154
803,Codex_Workstation,F_0872,dataset/fly_ball/Codex_Workstation/F_0872,4,needs_edit,clip_too_short,insufficient_post_contact_context,recover_source_and_recut_longer,annotated_contact_audio_confirmed,5.425,5.525,5.495,5.495,3.588,2.739,4.702,5.495,0.020,3.645,3.910,"[{""time"": 3.645, ""score"": 3.91, ""rms_ratio"": 2.538, ""diff_ratio"": 6.024}, {""time"": 0.845, ""score"": 3.754, ""rms_ratio"": 2.668, ""diff_ratio"": 5.283}, {""time"": 5.495, ""score"": 3.588, ""rms_ratio"": 2.739, ""diff_ratio"": 4.702}, {""time"": 0.045, ""score"": 3.51, ""rms_ratio"": 2.136, ""diff_ratio"": 5.769}, {""time"": 6.025, ""score"": 3.353, ""rms_ratio"": 2.591, ""diff_ratio"": 4.34}, {""time"": 1.655, ""score"": 3.152, ""rms_ratio"": 1.805, ""diff_ratio"": 5.504}, {""time"": 0.345, ""score"": 2.97, ""rms_ratio"": 2.342, ""diff_ratio"": 3.766}, {""time"": 3.265, ""score"": 2.92, ""rms_ratio"": 2.535, ""diff_ratio"": 3.362}, {""time"": 4.675, ""score"": 2.874, ""rms_ratio"": 2.172, ""diff_ratio"": 3.804}, {""time"": 5.835, ""score"": 2.649, ""rms_ratio"": 1.618, ""diff_ratio"": 4.336}, {""time"": 2.165, ""score"": 2.559, ""rms_ratio"": 1.993, ""diff_ratio"": 3.286}, {""time"": 5.255, ""score"": 2.522, ""rms_ratio"": 2.02, ""diff_ratio"": 3.15}, {""time"": 2.945, ""score"": 2.514, ""rms_ratio"": 1.85, ""diff_ratio"": 3.415}, {""time"": 0.175, ""score"": 2.444, ""rms_ratio"": 2.387, ""diff_ratio"": 2.502}, {""time"": 3.095, ""score"": 2.339, ""rms_ratio"": 1.064, ""diff_ratio"": 5.142}, {""time"": 3.935, ""score"": 2.318, ""rms_ratio"": 1.901, ""diff_ratio"": 2.827}]",7.006,ffprobe,6.997,5.495,1.511,fly,pending,medium,,,,"Jahmai Jones' leadoff home run (5) Jahmai Jones' leadoff home run (5) Jahmai Jones' leadoff home run (5) Jahmai Jones belts the first pitch he sees over the fence in left field, giving the Tigers an early 1-0 lead in the 1st",https://mlb-cuts-diamond.mlb.com/FORGE/2025/2025-09/01/4ec48dc2-ec37425d-a5ed14fe-csvm-diamondgcp-asset_1280x720_59_4000K.mp4,MLB_776501_sean-manaea-in-play-run-s-to-jahmai-jones,raw_sources\MLB_776501_sean-manaea-in-play-run-s-to-jahmai-jones_Jahmai_Jones_leadoff_home_run_5_Jahmai_Jones_leadoff_home_run_5_Jahmai_Jones_leadoff_home_run_5_Jahmai_Jones_belts_th.mp4,21.545,28.545,,no,audit_checkpoint_002,155
802,Codex_Workstation,F_0871,dataset/fly_ball/Codex_Workstation/F_0871,4,needs_edit,clip_too_short,insufficient_post_contact_context,recover_source_and_recut_longer,annotated_contact_audio_confirmed,1.950,2.050,2.035,2.035,3.699,3.361,4.071,2.035,0.035,2.035,3.699,"[{""time"": 2.035, ""score"": 3.699, ""rms_ratio"": 3.361, ""diff_ratio"": 4.071}, {""time"": 1.235, ""score"": 3.25, ""rms_ratio"": 2.619, ""diff_ratio"": 4.032}, {""time"": 0.385, ""score"": 3.095, ""rms_ratio"": 2.623, ""diff_ratio"": 3.652}, {""time"": 1.125, ""score"": 2.853, ""rms_ratio"": 2.497, ""diff_ratio"": 3.26}, {""time"": 2.935, ""score"": 2.72, ""rms_ratio"": 2.383, ""diff_ratio"": 3.105}, {""time"": 0.495, ""score"": 2.424, ""rms_ratio"": 2.11, ""diff_ratio"": 2.785}, {""time"": 1.585, ""score"": 2.196, ""rms_ratio"": 1.843, ""diff_ratio"": 2.616}, {""time"": 1.925, ""score"": 2.104, ""rms_ratio"": 1.258, ""diff_ratio"": 3.521}, {""time"": 0.265, ""score"": 1.995, ""rms_ratio"": 0.822, ""diff_ratio"": 3.98}, {""time"": 1.455, ""score"": 1.853, ""rms_ratio"": 2.048, ""diff_ratio"": 1.676}, {""time"": 2.175, ""score"": 1.789, ""rms_ratio"": 1.464, ""diff_ratio"": 2.186}, {""time"": 0.765, ""score"": 1.757, ""rms_ratio"": 0.748, ""diff_ratio"": 3.087}]",2.970,ffprobe,2.987,2.035,0.935,fly,pending,medium,,,,"Jahmai Jones' four-hit game Jahmai Jones' four-hit game Jahmai Jones' four-hit game Jahmai Jones smacks four hits against the Mets, highlighted by a leadoff home run and a double in the 8th inning",https://mlb-cuts-diamond.mlb.com/FORGE/2025/2025-09/01/2d88f7e0-fb8c787c-bacba7a6-csvm-diamondgcp-asset_1280x720_59_4000K.mp4,MLB_776501_jahmai-jones-four-hit-game,raw_sources\MLB_776501_jahmai-jones-four-hit-game_Jahmai_Jones_four-hit_game_Jahmai_Jones_four-hit_game_Jahmai_Jones_four-hit_game_Jahmai_Jones_smacks_four_hits_against_the_Mets_high.mp4,18.320,25.320,,no,audit_checkpoint_002,156
801,Codex_Workstation,F_0870,dataset/fly_ball/Codex_Workstation/F_0870,4,needs_edit,clip_too_short,insufficient_post_contact_context,recover_source_and_recut_longer,annotated_contact_audio_confirmed,1.950,2.050,2.015,2.015,5.449,3.665,8.100,2.015,0.015,2.015,5.449,"[{""time"": 2.015, ""score"": 5.449, ""rms_ratio"": 3.665, ""diff_ratio"": 8.1}, {""time"": 0.035, ""score"": 2.29, ""rms_ratio"": 1.104, ""diff_ratio"": 4.748}, {""time"": 1.915, ""score"": 1.743, ""rms_ratio"": 1.397, ""diff_ratio"": 2.174}, {""time"": 2.195, ""score"": 1.691, ""rms_ratio"": 1.627, ""diff_ratio"": 1.757}, {""time"": 1.275, ""score"": 1.681, ""rms_ratio"": 1.568, ""diff_ratio"": 1.802}]",2.248,ffprobe,2.261,2.015,0.233,fly,pending,medium,,,,Shohei Ohtani crushes 100th homer with the Dodgers Shohei Ohtani crushes 100th homer with the Dodgers Shohei Ohtani crushes 100th homer with the Dodgers Shohei Ohtani's 46th home run of the season is his 100th home run as a member of the Dodgers #CurtainCall,https://mlb-cuts-diamond.mlb.com/FORGE/2025/2025-08/30/cfbeaf24-270fc8bc-4e388070-csvm-diamondgcp-asset_1280x720_59_4000K.mp4,MLB_776496_shohei-ohtani-crushes-100th-homer-with-the-dodgers,raw_sources\MLB_776496_shohei-ohtani-crushes-100th-homer-with-the-dodgers_Shohei_Ohtani_crushes_100th_homer_with_the_Dodgers_Shohei_Ohtani_crushes_100th_homer_with_the_Dodgers_Shohei.mp4,20.920,27.920,,no,audit_checkpoint_002,157
800,Codex_Workstation,F_0869,dataset/fly_ball/Codex_Workstation/F_0869,4,needs_edit,clip_too_short,insufficient_post_contact_context,recover_source_and_recut_longer,annotated_contact_audio_confirmed,1.950,2.050,2.015,2.015,2.560,3.479,1.883,2.015,0.015,1.835,2.789,"[{""time"": 1.835, ""score"": 2.789, ""rms_ratio"": 3.789, ""diff_ratio"": 2.053}, {""time"": 2.015, ""score"": 2.56, ""rms_ratio"": 3.479, ""diff_ratio"": 1.883}, {""time"": 2.615, ""score"": 2.496, ""rms_ratio"": 3.41, ""diff_ratio"": 1.826}, {""time"": 2.325, ""score"": 2.462, ""rms_ratio"": 3.039, ""diff_ratio"": 1.995}, {""time"": 2.165, ""score"": 2.335, ""rms_ratio"": 3.14, ""diff_ratio"": 1.736}, {""time"": 2.435, ""score"": 2.209, ""rms_ratio"": 2.787, ""diff_ratio"": 1.751}, {""time"": 5.155, ""score"": 1.849, ""rms_ratio"": 1.932, ""diff_ratio"": 1.77}, {""time"": 3.845, ""score"": 1.783, ""rms_ratio"": 1.81, ""diff_ratio"": 1.757}, {""time"": 1.365, ""score"": 1.722, ""rms_ratio"": 1.02, ""diff_ratio"": 2.909}]",5.239,ffprobe,5.227,2.015,3.224,fly,pending,medium,,,,"Field View: Shohei Ohtani's 100th Dodger home run Field View: Shohei Ohtani's 100th Dodger home run Field View: Shohei Ohtani's 100th Dodger home run Don't miss this unique look at Shohei Ohtani's 100th home run as a Dodger, a solo homer off Bubba Chandler in the 3rd inning",https://mlb-cuts-diamond.mlb.com/FORGE/2025/2025-09/02/ea06224b-535b9d45-62a846e1-csvm-diamondgcp-asset_1280x720_59_4000K.mp4,MLB_776496_field-view-shohei-ohtani-s-100th-dodger-home-run,raw_sources\MLB_776496_field-view-shohei-ohtani-s-100th-dodger-home-run_Field_View_Shohei_Ohtani_s_100th_Dodger_home_run_Field_View_Shohei_Ohtani_s_100th_Dodger_home_run_Field_View_S.mp4,7.000,14.000,,no,audit_checkpoint_002,158
799,Codex_Workstation,F_0868,dataset/fly_ball/Codex_Workstation/F_0868,4,needs_edit,clip_too_short,insufficient_post_contact_context,recover_source_and_recut_longer,annotated_contact_audio_confirmed,1.950,2.050,2.015,2.015,2.429,1.883,3.133,2.015,0.015,4.185,2.465,"[{""time"": 4.185, ""score"": 2.465, ""rms_ratio"": 1.417, ""diff_ratio"": 4.29}, {""time"": 3.965, ""score"": 2.453, ""rms_ratio"": 1.375, ""diff_ratio"": 4.378}, {""time"": 1.865, ""score"": 2.451, ""rms_ratio"": 1.672, ""diff_ratio"": 3.592}, {""time"": 2.015, ""score"": 2.429, ""rms_ratio"": 1.883, ""diff_ratio"": 3.133}, {""time"": 0.895, ""score"": 2.307, ""rms_ratio"": 1.711, ""diff_ratio"": 3.111}, {""time"": 2.675, ""score"": 2.245, ""rms_ratio"": 1.705, ""diff_ratio"": 2.957}, {""time"": 0.375, ""score"": 2.183, ""rms_ratio"": 2.028, ""diff_ratio"": 2.351}, {""time"": 4.685, ""score"": 2.173, ""rms_ratio"": 1.735, ""diff_ratio"": 2.722}, {""time"": 2.305, ""score"": 2.089, ""rms_ratio"": 1.76, ""diff_ratio"": 2.48}, {""time"": 3.775, ""score"": 1.903, ""rms_ratio"": 1.825, ""diff_ratio"": 1.984}, {""time"": 0.595, ""score"": 1.672, ""rms_ratio"": 1.841, ""diff_ratio"": 1.518}]",7.007,ffprobe,7.019,2.015,4.992,fly,pending,medium,,,,"Austin Hays' three-run home run (13) Austin Hays' three-run home run (13) Austin Hays' three-run home run (13) Austin Hays launches a three-run in the bottom of the 2nd inning, narrowing the deficit to 8-6",https://mlb-cuts-diamond.mlb.com/FORGE/2025/2025-09/02/dc8955ad-cbd16e72-45bcd8a8-csvm-diamondgcp-asset_1280x720_59_4000K.mp4,MLB_776491_austin-hays-homers-13-on-a-fly-ball-to-left-field-noelvi-marte-scores,raw_sources\MLB_776491_austin-hays-homers-13-on-a-fly-ball-to-left-field-noelvi-marte-scores_Austin_Hays_three-run_home_run_13_Austin_Hays_three-run_home_run_13_Austin_Hays_three-run.mp4,8.540,15.540,,no,audit_checkpoint_002,159
798,Codex_Workstation,F_0865,dataset/fly_ball/Codex_Workstation/F_0865,4,needs_edit,clip_too_short,insufficient_post_contact_context,recover_source_and_recut_longer,annotated_contact_audio_confirmed,1.950,2.050,2.055,2.055,2.854,2.864,2.844,2.055,0.055,2.055,2.854,"[{""time"": 2.055, ""score"": 2.854, ""rms_ratio"": 2.864, ""diff_ratio"": 2.844}, {""time"": 1.415, ""score"": 2.737, ""rms_ratio"": 2.393, ""diff_ratio"": 3.13}, {""time"": 0.505, ""score"": 2.693, ""rms_ratio"": 2.342, ""diff_ratio"": 3.095}, {""time"": 4.255, ""score"": 2.692, ""rms_ratio"": 1.507, ""diff_ratio"": 4.81}, {""time"": 1.665, ""score"": 2.66, ""rms_ratio"": 1.488, ""diff_ratio"": 4.758}, {""time"": 3.815, ""score"": 2.532, ""rms_ratio"": 3.286, ""diff_ratio"": 1.951}, {""time"": 2.355, ""score"": 2.518, ""rms_ratio"": 1.368, ""diff_ratio"": 4.637}, {""time"": 2.725, ""score"": 2.414, ""rms_ratio"": 2.924, ""diff_ratio"": 1.993}, {""time"": 3.495, ""score"": 2.4, ""rms_ratio"": 2.706, ""diff_ratio"": 2.128}, {""time"": 3.345, ""score"": 2.321, ""rms_ratio"": 2.885, ""diff_ratio"": 1.867}, {""time"": 6.755, ""score"": 2.25, ""rms_ratio"": 1.214, ""diff_ratio"": 4.169}, {""time"": 4.085, ""score"": 2.248, ""rms_ratio"": 1.387, ""diff_ratio"": 3.642}, {""time"": 6.865, ""score"": 2.234, ""rms_ratio"": 2.865, ""diff_ratio"": 1.742}, {""time"": 4.375, ""score"": 2.181, ""rms_ratio"": 1.839, ""diff_ratio"": 2.586}, {""time"": 6.385, ""score"": 2.089, ""rms_ratio"": 2.356, ""diff_ratio"": 1.853}, {""time"": 0.365, ""score"": 2.088, ""rms_ratio"": 1.211, ""diff_ratio"": 3.603}]",7.006,ffprobe,7.019,2.055,4.951,fly,pending,medium,,,,"Francisco Lindor's sac fly Francisco Lindor's sac fly Francisco Lindor's sac fly Francisco Lindor hits a sacrifice fly to send Luis Torrens home, padding the Mets' lead to make the score 12-2 in the top of the 7th",https://mlb-cuts-diamond.mlb.com/FORGE/2025/2025-09/02/7bb87fc8-3fb1ffcd-aeaa14fa-csvm-diamondgcp-asset-4000K.mp4,MLB_776490_chris-paddack-in-play-run-s-to-francisco-lindor,raw_sources\MLB_776490_chris-paddack-in-play-run-s-to-francisco-lindor_Francisco_Lindor_s_sac_fly_Francisco_Lindor_s_sac_fly_Francisco_Lindor_s_sac_fly_Francisco_Lindor_hits_a_sacrif.mp4,7.480,14.480,,no,audit_checkpoint_002,160
797,Codex_Workstation,F_0863,dataset/fly_ball/Codex_Workstation/F_0863,4,needs_edit,clip_too_short,insufficient_post_contact_context,recover_source_and_recut_longer,annotated_contact_audio_confirmed,1.950,2.050,2.015,2.015,5.885,6.790,5.101,2.015,0.015,2.015,5.885,"[{""time"": 2.015, ""score"": 5.885, ""rms_ratio"": 6.79, ""diff_ratio"": 5.101}, {""time"": 2.305, ""score"": 4.934, ""rms_ratio"": 5.159, ""diff_ratio"": 4.719}, {""time"": 2.495, ""score"": 4.566, ""rms_ratio"": 5.482, ""diff_ratio"": 3.803}, {""time"": 3.625, ""score"": 4.433, ""rms_ratio"": 5.353, ""diff_ratio"": 3.672}, {""time"": 5.755, ""score"": 4.218, ""rms_ratio"": 4.797, ""diff_ratio"": 3.709}, {""time"": 2.755, ""score"": 4.125, ""rms_ratio"": 4.647, ""diff_ratio"": 3.661}, {""time"": 6.375, ""score"": 3.622, ""rms_ratio"": 4.17, ""diff_ratio"": 3.146}, {""time"": 5.165, ""score"": 3.612, ""rms_ratio"": 4.781, ""diff_ratio"": 2.728}, {""time"": 5.915, ""score"": 3.395, ""rms_ratio"": 4.819, ""diff_ratio"": 2.392}, {""time"": 3.095, ""score"": 3.365, ""rms_ratio"": 4.369, ""diff_ratio"": 2.592}, {""time"": 5.625, ""score"": 3.329, ""rms_ratio"": 4.491, ""diff_ratio"": 2.468}, {""time"": 3.835, ""score"": 3.167, ""rms_ratio"": 4.167, ""diff_ratio"": 2.407}, {""time"": 5.345, ""score"": 3.008, ""rms_ratio"": 3.787, ""diff_ratio"": 2.388}, {""time"": 3.205, ""score"": 2.899, ""rms_ratio"": 3.776, ""diff_ratio"": 2.225}, {""time"": 6.225, ""score"": 2.727, ""rms_ratio"": 3.334, ""diff_ratio"": 2.231}, {""time"": 6.115, ""score"": 2.671, ""rms_ratio"": 3.206, ""diff_ratio"": 2.226}]",7.007,ffprobe,7.019,2.015,4.992,fly,pending,medium,,,,"Ryan Helsley on his outing against the Tigers Ryan Helsley on his outing against the Tigers Ryan Helsley on his outing against the Tigers Ryan Helsley talks limiting walks, getting back to the basics and Kerry Carpenter's three-run home run following his outing against Detroit",https://mlb-cuts-diamond.mlb.com/FORGE/2025/2025-09/03/2eb3cff7-77a87a13-3336d1ea-csvm-diamondgcp-asset_1280x720_59_4000K.mp4,MLB_776478_ryan-helsley-on-his-outing-against-the-tigers,raw_sources\MLB_776478_ryan-helsley-on-his-outing-against-the-tigers_Ryan_Helsley_on_his_outing_against_the_Tigers_Ryan_Helsley_on_his_outing_against_the_Tigers_Ryan_Helsley_on_his_o.mp4,10.640,17.640,,no,audit_checkpoint_002,161
796,Codex_Workstation,F_0862,dataset/fly_ball/Codex_Workstation/F_0862,4,needs_edit,contact_timestamp_wrong,contact_timestamp_wrong;insufficient_post_contact_context,retime_from_local_audio_candidate;qwen_confirm_visual_contact_near_candidate;recover_source_and_recut_longer,likely_contact_timestamp_wrong,1.950,2.050,1.815,2.025,1.455,2.019,1.048,1.815,0.185,1.815,2.202,"[{""time"": 1.815, ""score"": 2.202, ""rms_ratio"": 1.35, ""diff_ratio"": 3.591}]",2.168,ffprobe,2.176,1.815,0.353,fly,pending,medium,,,,"Kerry Carpenter's three-run homer (23) Kerry Carpenter's three-run homer (23) Kerry Carpenter's three-run homer (23) Kerry Carpenter lines a three-run home run to right field, extending the Tigers' lead to 6-2 in the 7th inning",https://mlb-cuts-diamond.mlb.com/FORGE/2025/2025-09/03/cd5e8ec4-580c9386-c13116cf-csvm-diamondgcp-asset_1280x720_59_4000K.mp4,MLB_776478_kerry-carpenter-homers-23-on-a-fly-ball-to-right-field-colt-keith-sco,raw_sources\MLB_776478_kerry-carpenter-homers-23-on-a-fly-ball-to-right-field-colt-keith-sco_Kerry_Carpenter_s_three-run_homer_23_Kerry_Carpenter_s_three-run_homer_23_Kerry_Carpenter.mp4,10.700,17.700,,no,audit_checkpoint_002,162
795,Codex_Workstation,F_0861,dataset/fly_ball/Codex_Workstation/F_0861,4,needs_edit,contact_timestamp_wrong,contact_timestamp_wrong;insufficient_post_contact_context,retime_from_local_audio_candidate;qwen_confirm_visual_contact_near_candidate;recover_source_and_recut_longer,likely_contact_timestamp_wrong,1.950,2.050,1.845,2.025,3.047,4.276,2.172,2.025,0.025,2.985,3.997,"[{""time"": 2.985, ""score"": 3.997, ""rms_ratio"": 1.36, ""diff_ratio"": 11.743}, {""time"": 1.845, ""score"": 3.816, ""rms_ratio"": 2.451, ""diff_ratio"": 5.942}, {""time"": 2.375, ""score"": 3.427, ""rms_ratio"": 3.586, ""diff_ratio"": 3.274}, {""time"": 2.025, ""score"": 3.047, ""rms_ratio"": 4.276, ""diff_ratio"": 2.172}, {""time"": 3.095, ""score"": 2.59, ""rms_ratio"": 1.277, ""diff_ratio"": 5.25}, {""time"": 2.195, ""score"": 2.586, ""rms_ratio"": 3.008, ""diff_ratio"": 2.223}, {""time"": 1.505, ""score"": 2.376, ""rms_ratio"": 4.362, ""diff_ratio"": 1.294}, {""time"": 1.245, ""score"": 2.088, ""rms_ratio"": 4.361, ""diff_ratio"": 0.729}, {""time"": 2.625, ""score"": 2.079, ""rms_ratio"": 1.377, ""diff_ratio"": 3.141}, {""time"": 2.505, ""score"": 2.043, ""rms_ratio"": 1.257, ""diff_ratio"": 3.322}, {""time"": 3.385, ""score"": 2.018, ""rms_ratio"": 1.61, ""diff_ratio"": 2.528}, {""time"": 0.405, ""score"": 1.838, ""rms_ratio"": 3.377, ""diff_ratio"": 0.798}, {""time"": 2.855, ""score"": 1.81, ""rms_ratio"": 1.624, ""diff_ratio"": 2.017}, {""time"": 0.785, ""score"": 1.767, ""rms_ratio"": 2.43, ""diff_ratio"": 1.285}]",4.071,ffprobe,4.053,1.845,2.226,fly,pending,medium,,,,Nasim Nuñez on his first career two-homer game Nasim Nuñez on his first career two-homer game Nasim Nuñez on his first career two-homer game Nasim Nuñez discusses hitting his first two career home runs against the Marlins,https://mlb-cuts-diamond.mlb.com/FORGE/2025/2025-09/03/3bd1d745-0efe8e81-29463359-csvm-diamondgcp-asset_1280x720_59_4000K.mp4,MLB_776477_nasim-nunez-on-his-first-career-two-homer-game,raw_sources\MLB_776477_nasim-nunez-on-his-first-career-two-homer-game_Nasim_Nu_ez_on_his_first_career_two-homer_game_Nasim_Nu_ez_on_his_first_career_two-homer_game_Nasim_Nu_ez_on_his.mp4,21.280,28.280,,no,audit_checkpoint_002,163
794,Codex_Workstation,F_0860,dataset/fly_ball/Codex_Workstation/F_0860,4,needs_edit,clip_too_short,insufficient_post_contact_context,recover_source_and_recut_longer,annotated_contact_audio_confirmed,1.070,1.170,1.155,1.155,14.741,9.971,21.794,1.155,0.035,1.155,14.741,"[{""time"": 1.155, ""score"": 14.741, ""rms_ratio"": 9.971, ""diff_ratio"": 21.794}, {""time"": 4.275, ""score"": 4.33, ""rms_ratio"": 1.909, ""diff_ratio"": 9.818}, {""time"": 6.995, ""score"": 4.052, ""rms_ratio"": 2.012, ""diff_ratio"": 8.162}, {""time"": 4.425, ""score"": 3.907, ""rms_ratio"": 1.647, ""diff_ratio"": 9.27}, {""time"": 5.345, ""score"": 3.761, ""rms_ratio"": 1.615, ""diff_ratio"": 8.757}, {""time"": 5.175, ""score"": 3.72, ""rms_ratio"": 1.608, ""diff_ratio"": 8.606}, {""time"": 5.545, ""score"": 3.6, ""rms_ratio"": 3.988, ""diff_ratio"": 3.251}, {""time"": 2.595, ""score"": 3.591, ""rms_ratio"": 1.691, ""diff_ratio"": 7.623}, {""time"": 4.595, ""score"": 3.507, ""rms_ratio"": 4.368, ""diff_ratio"": 2.816}, {""time"": 5.725, ""score"": 3.455, ""rms_ratio"": 3.266, ""diff_ratio"": 3.655}, {""time"": 4.915, ""score"": 3.408, ""rms_ratio"": 2.993, ""diff_ratio"": 3.879}, {""time"": 4.785, ""score"": 3.358, ""rms_ratio"": 1.615, ""diff_ratio"": 6.981}, {""time"": 3.155, ""score"": 3.352, ""rms_ratio"": 4.063, ""diff_ratio"": 2.765}, {""time"": 3.585, ""score"": 3.32, ""rms_ratio"": 2.977, ""diff_ratio"": 3.702}, {""time"": 3.835, ""score"": 3.227, ""rms_ratio"": 2.743, ""diff_ratio"": 3.796}, {""time"": 3.965, ""score"": 2.801, ""rms_ratio"": 2.621, ""diff_ratio"": 2.993}]",7.014,ffprobe,7.014,1.155,5.859,fly,pending,medium,,,,Joey Wiemer's two-run home run (1) Joey Wiemer's two-run home run (1) Joey Wiemer's two-run home run (1) Joey Wiemer hits his first home run since 2023 to cut the Marlins' deficit to 7-2 in the top of the 5th,https://mlb-cuts-diamond.mlb.com/FORGE/2025/2025-09/03/36e3a92e-e2a6e6bd-8f1caad8-csvm-diamondgcp-asset_1280x720_59_4000K.mp4,MLB_776477_joey-wiemer-homers-1-on-a-fly-ball-to-left-field-eric-wagaman-scores,raw_sources\MLB_776477_joey-wiemer-homers-1-on-a-fly-ball-to-left-field-eric-wagaman-scores_Joey_Wiemer_s_two-run_home_run_1_Joey_Wiemer_s_two-run_home_run_1_Joey_Wiemer_s_two-run_ho.mp4,0.000,7.000,,no,audit_checkpoint_002,164
793,Codex_Workstation,F_0859,dataset/fly_ball/Codex_Workstation/F_0859,4,needs_edit,clip_too_short,insufficient_post_contact_context,recover_source_and_recut_longer,annotated_contact_audio_confirmed,1.950,2.050,2.025,2.025,3.123,3.973,2.455,2.025,0.025,2.695,4.116,"[{""time"": 2.695, ""score"": 4.116, ""rms_ratio"": 3.849, ""diff_ratio"": 4.4}, {""time"": 3.035, ""score"": 4.044, ""rms_ratio"": 1.872, ""diff_ratio"": 8.739}, {""time"": 4.275, ""score"": 3.294, ""rms_ratio"": 3.028, ""diff_ratio"": 3.583}, {""time"": 2.375, ""score"": 3.198, ""rms_ratio"": 1.287, ""diff_ratio"": 7.942}, {""time"": 2.025, ""score"": 3.123, ""rms_ratio"": 3.973, ""diff_ratio"": 2.455}, {""time"": 5.175, ""score"": 3.026, ""rms_ratio"": 2.996, ""diff_ratio"": 3.055}, {""time"": 4.565, ""score"": 3.008, ""rms_ratio"": 1.177, ""diff_ratio"": 7.687}, {""time"": 1.875, ""score"": 2.922, ""rms_ratio"": 3.582, ""diff_ratio"": 2.384}, {""time"": 2.145, ""score"": 2.598, ""rms_ratio"": 3.182, ""diff_ratio"": 2.121}, {""time"": 1.025, ""score"": 2.482, ""rms_ratio"": 2.634, ""diff_ratio"": 2.339}, {""time"": 4.395, ""score"": 2.397, ""rms_ratio"": 2.448, ""diff_ratio"": 2.348}, {""time"": 0.005, ""score"": 2.186, ""rms_ratio"": 2.336, ""diff_ratio"": 2.046}, {""time"": 2.255, ""score"": 2.178, ""rms_ratio"": 2.246, ""diff_ratio"": 2.112}, {""time"": 1.755, ""score"": 2.129, ""rms_ratio"": 2.624, ""diff_ratio"": 1.727}, {""time"": 3.155, ""score"": 2.057, ""rms_ratio"": 2.465, ""diff_ratio"": 1.717}, {""time"": 3.425, ""score"": 2.005, ""rms_ratio"": 2.325, ""diff_ratio"": 1.729}]",5.322,ffprobe,5.333,2.025,3.297,fly,pending,medium,,,,"Tony Mansolino on Orioles' 7-5 win Tony Mansolino on Orioles' 7-5 win Tony Mansolino on Orioles' 7-5 win Manager Tony Mansolino discusses the lineup's production, Jackson Holliday's home run and more following the Orioles' 7-5 victory",https://mlb-cuts-diamond.mlb.com/FORGE/2025/2025-09/03/776f7700-cff4e58a-ae083788-csvm-diamondgcp-asset_1280x720_59_4000K.mp4,MLB_776465_tony-mansolino-on-orioles-7-5-win,raw_sources\MLB_776465_tony-mansolino-on-orioles-7-5-win_Tony_Mansolino_on_Orioles_7-5_win_Tony_Mansolino_on_Orioles_7-5_win_Tony_Mansolino_on_Orioles_7-5_win_Manager_Tony_Mansolino_.mp4,23.200,30.200,,no,audit_checkpoint_002,165
792,Codex_Workstation,F_0858,dataset/fly_ball/Codex_Workstation/F_0858,4,needs_edit,contact_timestamp_wrong,contact_timestamp_wrong;insufficient_post_contact_context,retime_from_local_audio_candidate;qwen_confirm_visual_contact_near_candidate;recover_source_and_recut_longer,likely_contact_timestamp_wrong,1.950,2.050,1.745,2.025,1.935,2.230,1.680,2.025,0.025,3.425,2.889,"[{""time"": 3.425, ""score"": 2.889, ""rms_ratio"": 1.322, ""diff_ratio"": 6.314}, {""time"": 1.745, ""score"": 2.834, ""rms_ratio"": 1.616, ""diff_ratio"": 4.971}, {""time"": 2.765, ""score"": 2.303, ""rms_ratio"": 1.598, ""diff_ratio"": 3.32}, {""time"": 6.645, ""score"": 2.207, ""rms_ratio"": 1.11, ""diff_ratio"": 4.387}, {""time"": 5.595, ""score"": 2.119, ""rms_ratio"": 1.008, ""diff_ratio"": 4.455}, {""time"": 2.335, ""score"": 1.972, ""rms_ratio"": 1.507, ""diff_ratio"": 2.58}, {""time"": 2.025, ""score"": 1.935, ""rms_ratio"": 2.23, ""diff_ratio"": 1.68}, {""time"": 2.615, ""score"": 1.892, ""rms_ratio"": 1.527, ""diff_ratio"": 2.345}, {""time"": 1.175, ""score"": 1.89, ""rms_ratio"": 1.805, ""diff_ratio"": 1.979}, {""time"": 2.505, ""score"": 1.851, ""rms_ratio"": 1.813, ""diff_ratio"": 1.889}, {""time"": 2.935, ""score"": 1.763, ""rms_ratio"": 2.132, ""diff_ratio"": 1.458}, {""time"": 3.185, ""score"": 1.702, ""rms_ratio"": 2.043, ""diff_ratio"": 1.419}, {""time"": 0.815, ""score"": 1.669, ""rms_ratio"": 2.213, ""diff_ratio"": 1.258}, {""time"": 5.705, ""score"": 1.669, ""rms_ratio"": 1.728, ""diff_ratio"": 1.612}, {""time"": 1.285, ""score"": 1.668, ""rms_ratio"": 1.714, ""diff_ratio"": 1.624}]",7.006,ffprobe,7.019,1.745,5.261,fly,pending,medium,,,,Ramón Laureano's terrific home run robbery Ramón Laureano's terrific home run robbery Ramón Laureano's terrific home run robbery Ramón Laureano robs Colton Cowser of a home run with an outstanding leaping catch in left field in the top of the 9th,https://mlb-cuts-diamond.mlb.com/FORGE/2025/2025-09/03/7feb469c-13ffa097-24696633-csvm-diamondgcp-asset_1280x720_59_4000K.mp4,MLB_776465_robert-suarez-in-play-out-s-to-colton-cowser,raw_sources\MLB_776465_robert-suarez-in-play-out-s-to-colton-cowser_Ram_n_Laureano_s_terrific_home_run_robbery_Ram_n_Laureano_s_terrific_home_run_robbery_Ram_n_Laureano_s_terrific_ho.mp4,8.700,15.700,,no,audit_checkpoint_002,166
791,Codex_Workstation,F_0857,dataset/fly_ball/Codex_Workstation/F_0857,4,needs_edit,clip_too_short,insufficient_post_contact_context,recover_source_and_recut_longer,annotated_contact_audio_confirmed,1.950,2.050,2.025,2.025,2.946,2.789,3.112,2.025,0.025,2.025,2.946,"[{""time"": 2.025, ""score"": 2.946, ""rms_ratio"": 2.789, ""diff_ratio"": 3.112}, {""time"": 0.025, ""score"": 2.396, ""rms_ratio"": 2.116, ""diff_ratio"": 2.714}, {""time"": 2.335, ""score"": 2.375, ""rms_ratio"": 2.547, ""diff_ratio"": 2.215}, {""time"": 3.185, ""score"": 2.221, ""rms_ratio"": 2.378, ""diff_ratio"": 2.074}, {""time"": 3.475, ""score"": 2.135, ""rms_ratio"": 2.183, ""diff_ratio"": 2.089}, {""time"": 2.605, ""score"": 2.104, ""rms_ratio"": 2.426, ""diff_ratio"": 1.826}, {""time"": 1.515, ""score"": 2.081, ""rms_ratio"": 2.204, ""diff_ratio"": 1.964}, {""time"": 2.225, ""score"": 2.052, ""rms_ratio"": 2.084, ""diff_ratio"": 2.021}, {""time"": 1.905, ""score"": 1.849, ""rms_ratio"": 1.816, ""diff_ratio"": 1.884}, {""time"": 1.385, ""score"": 1.818, ""rms_ratio"": 2.32, ""diff_ratio"": 1.425}, {""time"": 1.015, ""score"": 1.803, ""rms_ratio"": 1.309, ""diff_ratio"": 2.483}]",3.706,ffprobe,3.712,2.025,1.681,fly,pending,medium,,,,Vinnie Pasquantino's solo home run (29) Vinnie Pasquantino's solo home run (29) Vinnie Pasquantino's solo home run (29) Vinnie Pasquantino belts a solo home run to right field to cut the Angels' lead to one in the bottom of the 4th inning,https://mlb-cuts-diamond.mlb.com/FORGE/2025/2025-09/04/13b4a7be-33bfc8af-2a6ea58a-csvm-diamondgcp-asset_1280x720_59_4000K.mp4,MLB_776463_vinnie-pasquantino-homers-29-on-a-fly-ball-to-right-field,raw_sources\MLB_776463_vinnie-pasquantino-homers-29-on-a-fly-ball-to-right-field_Vinnie_Pasquantino_s_solo_home_run_29_Vinnie_Pasquantino_s_solo_home_run_29_Vinnie_Pasquantino_s_solo.mp4,15.280,22.280,,no,audit_checkpoint_002,167
790,Codex_Workstation,F_0856,dataset/fly_ball/Codex_Workstation/F_0856,4,needs_edit,clip_too_short,insufficient_pre_contact_context;insufficient_post_contact_context,recover_source_and_recut_longer,annotated_contact_audio_confirmed,0.750,0.850,0.825,0.825,2.207,2.488,1.958,0.825,0.025,2.355,2.748,"[{""time"": 2.355, ""score"": 2.748, ""rms_ratio"": 2.525, ""diff_ratio"": 2.99}, {""time"": 1.435, ""score"": 2.647, ""rms_ratio"": 2.505, ""diff_ratio"": 2.797}, {""time"": 2.855, ""score"": 2.594, ""rms_ratio"": 2.304, ""diff_ratio"": 2.92}, {""time"": 4.415, ""score"": 2.406, ""rms_ratio"": 2.038, ""diff_ratio"": 2.842}, {""time"": 3.335, ""score"": 2.332, ""rms_ratio"": 1.883, ""diff_ratio"": 2.886}, {""time"": 3.685, ""score"": 2.264, ""rms_ratio"": 1.885, ""diff_ratio"": 2.72}, {""time"": 0.825, ""score"": 2.207, ""rms_ratio"": 2.488, ""diff_ratio"": 1.958}, {""time"": 1.975, ""score"": 2.199, ""rms_ratio"": 2.284, ""diff_ratio"": 2.118}, {""time"": 6.355, ""score"": 2.126, ""rms_ratio"": 1.855, ""diff_ratio"": 2.437}, {""time"": 6.145, ""score"": 2.02, ""rms_ratio"": 1.92, ""diff_ratio"": 2.126}, {""time"": 5.935, ""score"": 1.986, ""rms_ratio"": 1.935, ""diff_ratio"": 2.039}, {""time"": 4.105, ""score"": 1.986, ""rms_ratio"": 1.808, ""diff_ratio"": 2.181}, {""time"": 3.985, ""score"": 1.98, ""rms_ratio"": 1.894, ""diff_ratio"": 2.069}, {""time"": 3.455, ""score"": 1.942, ""rms_ratio"": 1.944, ""diff_ratio"": 1.94}, {""time"": 1.765, ""score"": 1.879, ""rms_ratio"": 2.196, ""diff_ratio"": 1.607}, {""time"": 2.145, ""score"": 1.865, ""rms_ratio"": 1.81, ""diff_ratio"": 1.921}]",7.014,ffprobe,7.014,0.825,6.189,fly,pending,medium,,,,Bobby Witt Jr. on his go-ahead home run Bobby Witt Jr. on his go-ahead home run Bobby Witt Jr. on his go-ahead home run Bobby Witt Jr. discusses his mindset as he hit a go-ahead home run to give the Royals a 4-3 win over the Angels,https://mlb-cuts-diamond.mlb.com/FORGE/2025/2025-09/04/bf163b0e-09af4c74-6e446bbc-csvm-diamondgcp-asset_1280x720_59_4000K.mp4,MLB_776463_bobby-witt-jr-on-his-go-ahead-home-run,raw_sources\MLB_776463_bobby-witt-jr-on-his-go-ahead-home-run_Bobby_Witt_Jr._on_his_go-ahead_home_run_Bobby_Witt_Jr._on_his_go-ahead_home_run_Bobby_Witt_Jr._on_his_go-ahead_home_run_.mp4,0.000,7.000,,no,audit_checkpoint_002,168
789,Codex_Workstation,F_0855,dataset/fly_ball/Codex_Workstation/F_0855,4,needs_edit,clip_too_short,insufficient_post_contact_context,recover_source_and_recut_longer,annotated_contact_audio_confirmed,1.950,2.050,2.005,2.005,2.325,2.525,2.140,2.005,0.005,4.165,3.871,"[{""time"": 4.165, ""score"": 3.871, ""rms_ratio"": 1.509, ""diff_ratio"": 9.93}, {""time"": 0.485, ""score"": 3.499, ""rms_ratio"": 1.474, ""diff_ratio"": 8.307}, {""time"": 5.725, ""score"": 3.464, ""rms_ratio"": 1.385, ""diff_ratio"": 8.66}, {""time"": 0.195, ""score"": 2.876, ""rms_ratio"": 1.144, ""diff_ratio"": 7.228}, {""time"": 0.935, ""score"": 2.78, ""rms_ratio"": 1.201, ""diff_ratio"": 6.433}, {""time"": 6.165, ""score"": 2.763, ""rms_ratio"": 0.928, ""diff_ratio"": 7.636}, {""time"": 1.655, ""score"": 2.572, ""rms_ratio"": 1.832, ""diff_ratio"": 3.611}, {""time"": 3.845, ""score"": 2.452, ""rms_ratio"": 1.618, ""diff_ratio"": 3.715}, {""time"": 2.005, ""score"": 2.325, ""rms_ratio"": 2.525, ""diff_ratio"": 2.14}, {""time"": 3.515, ""score"": 2.198, ""rms_ratio"": 1.902, ""diff_ratio"": 2.54}, {""time"": 2.125, ""score"": 1.946, ""rms_ratio"": 2.278, ""diff_ratio"": 1.662}, {""time"": 0.595, ""score"": 1.918, ""rms_ratio"": 1.502, ""diff_ratio"": 2.448}, {""time"": 6.815, ""score"": 1.854, ""rms_ratio"": 1.809, ""diff_ratio"": 1.9}, {""time"": 6.295, ""score"": 1.847, ""rms_ratio"": 1.864, ""diff_ratio"": 1.83}, {""time"": 6.475, ""score"": 1.808, ""rms_ratio"": 2.006, ""diff_ratio"": 1.63}, {""time"": 2.765, ""score"": 1.786, ""rms_ratio"": 2.215, ""diff_ratio"": 1.44}]",7.006,ffprobe,7.019,2.005,5.001,fly,pending,medium,,,,"Andrew Benintendi's sacrifice fly Andrew Benintendi's sacrifice fly Andrew Benintendi's sacrifice fly Andrew Benintendi hits a sacrifice fly to center field, scoring Lenyn Sosa to give the White Sox the lead in the 7th",https://mlb-cuts-diamond.mlb.com/FORGE/2025/2025-09/04/352e06d6-1a215ed9-0936d26b-csvm-diamondgcp-asset-4000K.mp4,MLB_776462_genesis-cabrera-in-play-run-s-to-andrew-benintendi,raw_sources\MLB_776462_genesis-cabrera-in-play-run-s-to-andrew-benintendi_Andrew_Benintendi_s_sacrifice_fly_Andrew_Benintendi_s_sacrifice_fly_Andrew_Benintendi_s_sacrifice_fly_Andrew.mp4,11.680,18.680,,no,audit_checkpoint_002,169
788,Codex_Workstation,F_0854,dataset/fly_ball/Codex_Workstation/F_0854,4,needs_edit,clip_too_short,insufficient_post_contact_context,recover_source_and_recut_longer,annotated_contact_audio_confirmed,4.016,4.116,4.065,4.065,2.103,2.630,1.681,4.065,0.001,5.765,5.011,"[{""time"": 5.765, ""score"": 5.011, ""rms_ratio"": 1.823, ""diff_ratio"": 13.777}, {""time"": 1.815, ""score"": 4.392, ""rms_ratio"": 1.552, ""diff_ratio"": 12.429}, {""time"": 3.165, ""score"": 4.123, ""rms_ratio"": 1.497, ""diff_ratio"": 11.353}, {""time"": 2.315, ""score"": 3.951, ""rms_ratio"": 1.455, ""diff_ratio"": 10.73}, {""time"": 6.505, ""score"": 3.769, ""rms_ratio"": 1.329, ""diff_ratio"": 10.684}, {""time"": 2.745, ""score"": 3.661, ""rms_ratio"": 1.367, ""diff_ratio"": 9.804}, {""time"": 2.435, ""score"": 2.705, ""rms_ratio"": 2.195, ""diff_ratio"": 3.334}, {""time"": 1.495, ""score"": 2.359, ""rms_ratio"": 2.203, ""diff_ratio"": 2.526}, {""time"": 0.825, ""score"": 2.216, ""rms_ratio"": 2.122, ""diff_ratio"": 2.314}, {""time"": 6.285, ""score"": 2.172, ""rms_ratio"": 2.603, ""diff_ratio"": 1.812}, {""time"": 3.595, ""score"": 2.106, ""rms_ratio"": 0.547, ""diff_ratio"": 4.436}, {""time"": 4.065, ""score"": 2.103, ""rms_ratio"": 2.63, ""diff_ratio"": 1.681}, {""time"": 2.035, ""score"": 1.989, ""rms_ratio"": 2.126, ""diff_ratio"": 1.861}, {""time"": 6.685, ""score"": 1.959, ""rms_ratio"": 2.161, ""diff_ratio"": 1.775}, {""time"": 3.895, ""score"": 1.91, ""rms_ratio"": 0.442, ""diff_ratio"": 3.65}, {""time"": 2.855, ""score"": 1.887, ""rms_ratio"": 1.954, ""diff_ratio"": 1.823}]",7.000,ffprobe,7.019,4.065,2.935,fly,pending,medium,,,,"Colson Montgomery's sacrifice fly Colson Montgomery's sacrifice fly Colson Montgomery's sacrifice fly Colson Montgomery hits a sacrifice fly to center field, scoring Kyle Teel and cutting the White Sox' deficit to 5-4 in the 5th inning",https://mlb-cuts-diamond.mlb.com/FORGE/2025/2025-09/04/8d40b307-1e75f749-6a845739-csvm-diamondgcp-asset-4000K.mp4,MLB_776462_colson-montgomery-out-on-a-sacrifice-fly-to-center-fielder-james-outm,raw_sources\MLB_776462_colson-montgomery-out-on-a-sacrifice-fly-to-center-fielder-james-outm_Colson_Montgomery_s_sacrifice_fly_Colson_Montgomery_s_sacrifice_fly_Colson_Montgomery_s_s.mp4,8.294,15.294,,no,audit_checkpoint_002,170
787,Codex_Workstation,F_0853,dataset/fly_ball/Codex_Workstation/F_0853,4,needs_edit,clip_too_short,insufficient_post_contact_context,recover_source_and_recut_longer,annotated_contact_audio_confirmed,1.950,2.050,2.025,2.025,3.438,5.364,2.203,2.025,0.025,6.615,5.099,"[{""time"": 6.615, ""score"": 5.099, ""rms_ratio"": 2.964, ""diff_ratio"": 8.772}, {""time"": 0.495, ""score"": 4.591, ""rms_ratio"": 2.538, ""diff_ratio"": 8.305}, {""time"": 3.195, ""score"": 4.195, ""rms_ratio"": 1.954, ""diff_ratio"": 9.006}, {""time"": 0.285, ""score"": 4.181, ""rms_ratio"": 1.867, ""diff_ratio"": 9.36}, {""time"": 4.285, ""score"": 4.063, ""rms_ratio"": 3.53, ""diff_ratio"": 4.677}, {""time"": 4.615, ""score"": 4.017, ""rms_ratio"": 3.511, ""diff_ratio"": 4.597}, {""time"": 1.085, ""score"": 3.589, ""rms_ratio"": 4.394, ""diff_ratio"": 2.932}, {""time"": 2.025, ""score"": 3.438, ""rms_ratio"": 5.364, ""diff_ratio"": 2.203}, {""time"": 0.745, ""score"": 3.434, ""rms_ratio"": 4.159, ""diff_ratio"": 2.835}, {""time"": 3.715, ""score"": 3.42, ""rms_ratio"": 1.685, ""diff_ratio"": 6.94}, {""time"": 0.615, ""score"": 3.387, ""rms_ratio"": 4.686, ""diff_ratio"": 2.448}, {""time"": 2.135, ""score"": 3.366, ""rms_ratio"": 4.978, ""diff_ratio"": 2.276}, {""time"": 5.065, ""score"": 3.265, ""rms_ratio"": 4.685, ""diff_ratio"": 2.275}, {""time"": 3.445, ""score"": 3.134, ""rms_ratio"": 3.683, ""diff_ratio"": 2.667}, {""time"": 1.725, ""score"": 3.103, ""rms_ratio"": 4.402, ""diff_ratio"": 2.188}, {""time"": 1.205, ""score"": 3.04, ""rms_ratio"": 3.103, ""diff_ratio"": 2.979}]",7.007,ffprobe,7.019,2.025,4.982,fly,pending,medium,,,,Mookie Betts' solo home run (15) Mookie Betts' solo home run (15) Mookie Betts' solo home run (15) Mookie Betts puts the Dodgers on the board with a solo home run in the top of the 9th inning,https://mlb-cuts-diamond.mlb.com/FORGE/2025/2025-09/04/2750425c-6d9b7614-e0ea046e-csvm-diamondgcp-asset_1280x720_59_4000K.mp4,MLB_776461_mookie-betts-homers-15-on-a-fly-ball-to-left-field-03d3e2,raw_sources\MLB_776461_mookie-betts-homers-15-on-a-fly-ball-to-left-field-03d3e2_Mookie_Betts_solo_home_run_15_Mookie_Betts_solo_home_run_15_Mookie_Betts_solo_home_run_15_Mookie_Bett.mp4,1.000,8.000,,no,audit_checkpoint_002,171
786,Codex_Workstation,F_0852,dataset/fly_ball/Codex_Workstation/F_0852,4,needs_edit,clip_too_short,contact_audio_ambiguous;insufficient_post_contact_context,review_local_audio_candidates;qwen_confirm_visual_contact_near_candidate;recover_source_and_recut_longer,annotated_audio_ambiguous,1.950,2.050,2.075,2.075,2.015,2.571,1.579,1.975,0.025,2.125,2.030,"[{""time"": 2.125, ""score"": 2.03, ""rms_ratio"": 2.679, ""diff_ratio"": 1.539}, {""time"": 1.975, ""score"": 1.935, ""rms_ratio"": 2.499, ""diff_ratio"": 1.499}, {""time"": 6.415, ""score"": 1.861, ""rms_ratio"": 1.728, ""diff_ratio"": 2.004}, {""time"": 1.645, ""score"": 1.859, ""rms_ratio"": 2.401, ""diff_ratio"": 1.439}, {""time"": 1.825, ""score"": 1.806, ""rms_ratio"": 2.376, ""diff_ratio"": 1.372}, {""time"": 3.685, ""score"": 1.759, ""rms_ratio"": 1.51, ""diff_ratio"": 2.049}, {""time"": 2.835, ""score"": 1.703, ""rms_ratio"": 1.73, ""diff_ratio"": 1.677}, {""time"": 1.105, ""score"": 1.698, ""rms_ratio"": 1.43, ""diff_ratio"": 2.016}, {""time"": 6.895, ""score"": 1.693, ""rms_ratio"": 1.57, ""diff_ratio"": 1.824}, {""time"": 1.245, ""score"": 1.692, ""rms_ratio"": 1.49, ""diff_ratio"": 1.921}, {""time"": 5.545, ""score"": 1.67, ""rms_ratio"": 1.495, ""diff_ratio"": 1.864}, {""time"": 1.545, ""score"": 1.654, ""rms_ratio"": 1.514, ""diff_ratio"": 1.807}]",7.006,ffprobe,7.019,2.075,4.931,fly,pending,medium,,,,Field View: Mookie Betts solo home run Field View: Mookie Betts solo home run Field View: Mookie Betts solo home run Don't miss this unique look at Mookie Bett's solo home run in the top of the ninth inning against the Pirates,https://mlb-cuts-diamond.mlb.com/FORGE/2025/2025-09/05/6b3b324a-16bb8741-5a2aeb48-csvm-diamondgcp-asset_1280x720_59_4000K.mp4,MLB_776461_field-view-mookie-betts-solo-home-run-x0537,raw_sources\MLB_776461_field-view-mookie-betts-solo-home-run-x0537_Field_View_Mookie_Betts_solo_home_run_Field_View_Mookie_Betts_solo_home_run_Field_View_Mookie_Betts_solo_home_run_D.mp4,16.000,23.000,,no,audit_checkpoint_002,172
785,Codex_Workstation,F_0851,dataset/fly_ball/Codex_Workstation/F_0851,4,needs_edit,clip_too_short,insufficient_post_contact_context,recover_source_and_recut_longer,annotated_contact_audio_confirmed,1.950,2.050,2.035,2.035,4.444,4.908,4.025,2.035,0.035,2.035,4.444,"[{""time"": 2.035, ""score"": 4.444, ""rms_ratio"": 4.908, ""diff_ratio"": 4.025}, {""time"": 1.915, ""score"": 4.29, ""rms_ratio"": 3.842, ""diff_ratio"": 4.79}, {""time"": 4.805, ""score"": 3.9, ""rms_ratio"": 4.281, ""diff_ratio"": 3.553}, {""time"": 2.395, ""score"": 3.766, ""rms_ratio"": 3.398, ""diff_ratio"": 4.173}, {""time"": 6.485, ""score"": 3.49, ""rms_ratio"": 1.355, ""diff_ratio"": 8.989}, {""time"": 5.875, ""score"": 3.342, ""rms_ratio"": 1.637, ""diff_ratio"": 6.825}, {""time"": 4.935, ""score"": 3.297, ""rms_ratio"": 3.327, ""diff_ratio"": 3.268}, {""time"": 5.295, ""score"": 3.148, ""rms_ratio"": 1.434, ""diff_ratio"": 6.909}, {""time"": 2.625, ""score"": 3.114, ""rms_ratio"": 1.073, ""diff_ratio"": 9.042}, {""time"": 5.755, ""score"": 3.098, ""rms_ratio"": 3.327, ""diff_ratio"": 2.885}, {""time"": 1.685, ""score"": 2.83, ""rms_ratio"": 3.082, ""diff_ratio"": 2.6}, {""time"": 2.745, ""score"": 2.617, ""rms_ratio"": 2.411, ""diff_ratio"": 2.841}, {""time"": 6.115, ""score"": 2.538, ""rms_ratio"": 3.118, ""diff_ratio"": 2.066}, {""time"": 2.175, ""score"": 2.486, ""rms_ratio"": 3.159, ""diff_ratio"": 1.956}, {""time"": 2.855, ""score"": 2.251, ""rms_ratio"": 5.067, ""diff_ratio"": 0.8}, {""time"": 2.965, ""score"": 2.175, ""rms_ratio"": 1.031, ""diff_ratio"": 4.586}]",7.006,ffprobe,7.019,2.035,4.971,fly,pending,medium,,,,"Stephen Vogt on the Guardians' 4-2 loss Stephen Vogt on the Guardians' 4-2 loss Stephen Vogt on the Guardians' 4-2 loss Manager Stephen Vogt discusses the team's offense, José Ramírez's home run and more following the Guardians' 4-2 loss to the Rays",https://mlb-cuts-diamond.mlb.com/FORGE/2025/2025-09/04/db83065a-ee5de36e-a27a5cff-csvm-diamondgcp-asset_1280x720_59_4000K.mp4,MLB_776458_stephen-vogt-on-the-guardians-4-2-loss,raw_sources\MLB_776458_stephen-vogt-on-the-guardians-4-2-loss_Stephen_Vogt_on_the_Guardians_4-2_loss_Stephen_Vogt_on_the_Guardians_4-2_loss_Stephen_Vogt_on_the_Guardians_4-2_loss_Man.mp4,0.320,7.320,,no,audit_checkpoint_002,173
784,Codex_Workstation,F_0850,dataset/fly_ball/Codex_Workstation/F_0850,4,needs_edit,clip_too_short,insufficient_post_contact_context,recover_source_and_recut_longer,annotated_contact_audio_confirmed,1.950,2.050,1.915,1.915,2.882,1.314,6.319,2.025,0.025,3.835,3.441,"[{""time"": 3.835, ""score"": 3.441, ""rms_ratio"": 1.733, ""diff_ratio"": 6.83}, {""time"": 1.575, ""score"": 3.051, ""rms_ratio"": 2.667, ""diff_ratio"": 3.491}, {""time"": 1.915, ""score"": 2.882, ""rms_ratio"": 1.314, ""diff_ratio"": 6.319}, {""time"": 5.855, ""score"": 2.805, ""rms_ratio"": 2.813, ""diff_ratio"": 2.798}, {""time"": 2.785, ""score"": 2.69, ""rms_ratio"": 3.115, ""diff_ratio"": 2.323}, {""time"": 2.275, ""score"": 2.668, ""rms_ratio"": 2.72, ""diff_ratio"": 2.616}, {""time"": 4.285, ""score"": 2.657, ""rms_ratio"": 1.298, ""diff_ratio"": 5.437}, {""time"": 2.025, ""score"": 2.59, ""rms_ratio"": 3.129, ""diff_ratio"": 2.144}, {""time"": 0.285, ""score"": 2.56, ""rms_ratio"": 2.385, ""diff_ratio"": 2.748}, {""time"": 3.155, ""score"": 2.557, ""rms_ratio"": 2.5, ""diff_ratio"": 2.616}, {""time"": 6.485, ""score"": 2.532, ""rms_ratio"": 2.579, ""diff_ratio"": 2.485}, {""time"": 1.685, ""score"": 2.514, ""rms_ratio"": 1.192, ""diff_ratio"": 5.303}, {""time"": 2.425, ""score"": 2.372, ""rms_ratio"": 2.513, ""diff_ratio"": 2.239}, {""time"": 5.645, ""score"": 2.266, ""rms_ratio"": 2.034, ""diff_ratio"": 2.525}, {""time"": 1.465, ""score"": 2.184, ""rms_ratio"": 2.001, ""diff_ratio"": 2.384}, {""time"": 6.035, ""score"": 2.172, ""rms_ratio"": 2.109, ""diff_ratio"": 2.236}]",7.006,ffprobe,7.019,1.915,5.091,fly,pending,medium,,,,Nico Horner on first homer of the season at Wrigley Nico Horner on first homer of the season at Wrigley Nico Horner on first homer of the season at Wrigley Nico Horner discusses his first home run of the season at Wrigley Field and more after the Cubs' 11-5 win vs. the Nationals,https://mlb-cuts-diamond.mlb.com/FORGE/2025/2025-09/05/2161e1e6-c94d4dd6-654d6806-csvm-diamondgcp-asset_1280x720_59_4000K.mp4,MLB_776455_nico-horner-on-first-homer-of-the-season-at-wrigley,raw_sources\MLB_776455_nico-horner-on-first-homer-of-the-season-at-wrigley_Nico_Horner_on_first_homer_of_the_season_at_Wrigley_Nico_Horner_on_first_homer_of_the_season_at_Wrigley_Nic.mp4,4.660,11.660,,no,audit_checkpoint_002,174
783,Codex_Workstation,F_0849,dataset/fly_ball/Codex_Workstation/F_0849,4,needs_edit,clip_too_short,insufficient_post_contact_context,recover_source_and_recut_longer,annotated_contact_audio_confirmed,1.870,1.970,1.955,1.955,4.125,3.521,4.832,1.955,0.035,1.955,4.125,"[{""time"": 1.955, ""score"": 4.125, ""rms_ratio"": 3.521, ""diff_ratio"": 4.832}, {""time"": 3.395, ""score"": 3.777, ""rms_ratio"": 1.85, ""diff_ratio"": 7.713}, {""time"": 5.265, ""score"": 3.447, ""rms_ratio"": 1.823, ""diff_ratio"": 6.517}, {""time"": 4.015, ""score"": 3.421, ""rms_ratio"": 1.622, ""diff_ratio"": 7.213}, {""time"": 5.595, ""score"": 3.313, ""rms_ratio"": 1.67, ""diff_ratio"": 6.574}, {""time"": 5.855, ""score"": 3.055, ""rms_ratio"": 1.471, ""diff_ratio"": 6.344}, {""time"": 5.015, ""score"": 2.961, ""rms_ratio"": 1.557, ""diff_ratio"": 5.629}, {""time"": 4.895, ""score"": 2.47, ""rms_ratio"": 1.972, ""diff_ratio"": 3.093}, {""time"": 6.305, ""score"": 2.465, ""rms_ratio"": 1.357, ""diff_ratio"": 4.477}, {""time"": 3.835, ""score"": 2.461, ""rms_ratio"": 1.158, ""diff_ratio"": 5.229}, {""time"": 2.795, ""score"": 2.37, ""rms_ratio"": 2.424, ""diff_ratio"": 2.318}, {""time"": 6.885, ""score"": 2.35, ""rms_ratio"": 1.963, ""diff_ratio"": 2.813}, {""time"": 5.695, ""score"": 2.338, ""rms_ratio"": 1.793, ""diff_ratio"": 3.049}, {""time"": 6.055, ""score"": 2.304, ""rms_ratio"": 2.191, ""diff_ratio"": 2.424}, {""time"": 6.545, ""score"": 2.26, ""rms_ratio"": 1.71, ""diff_ratio"": 2.988}, {""time"": 5.445, ""score"": 2.098, ""rms_ratio"": 1.82, ""diff_ratio"": 2.418}]",7.014,ffprobe,7.014,1.955,5.059,fly,pending,medium,,,,Luis García Jr.'s two-run home run (12) Luis García Jr.'s two-run home run (12) Luis García Jr.'s two-run home run (12) Luis García Jr. puts the Nationals on the board against the Cubs in the 4th inning with a two-run home run,https://mlb-cuts-diamond.mlb.com/FORGE/2025/2025-09/05/c41a7483-455401f9-9c4b8876-csvm-diamondgcp-asset_1280x720_59_4000K.mp4,MLB_776455_javier-assad-in-play-run-s-to-luis-garcia-jr,raw_sources\MLB_776455_javier-assad-in-play-run-s-to-luis-garcia-jr_Luis_Garc_a_Jr._s_two-run_home_run_12_Luis_Garc_a_Jr._s_two-run_home_run_12_Luis_Garc_a_Jr._s_two-run_home_run_12_.mp4,0.000,7.000,,no,audit_checkpoint_002,175
782,Codex_Workstation,F_0848,dataset/fly_ball/Codex_Workstation/F_0848,4,needs_edit,clip_too_short,insufficient_post_contact_context,recover_source_and_recut_longer,annotated_contact_audio_confirmed,1.950,2.050,2.025,2.025,2.836,2.405,3.344,2.025,0.025,3.535,3.073,"[{""time"": 3.535, ""score"": 3.073, ""rms_ratio"": 1.835, ""diff_ratio"": 5.145}, {""time"": 2.025, ""score"": 2.836, ""rms_ratio"": 2.405, ""diff_ratio"": 3.344}, {""time"": 3.425, ""score"": 2.487, ""rms_ratio"": 1.836, ""diff_ratio"": 3.369}, {""time"": 0.445, ""score"": 2.04, ""rms_ratio"": 1.125, ""diff_ratio"": 3.702}, {""time"": 3.235, ""score"": 1.87, ""rms_ratio"": 1.881, ""diff_ratio"": 1.859}, {""time"": 6.425, ""score"": 1.818, ""rms_ratio"": 1.829, ""diff_ratio"": 1.808}, {""time"": 5.015, ""score"": 1.75, ""rms_ratio"": 1.1, ""diff_ratio"": 2.785}, {""time"": 4.085, ""score"": 1.705, ""rms_ratio"": 1.887, ""diff_ratio"": 1.54}, {""time"": 5.785, ""score"": 1.703, ""rms_ratio"": 1.846, ""diff_ratio"": 1.572}, {""time"": 2.605, ""score"": 1.661, ""rms_ratio"": 1.515, ""diff_ratio"": 1.821}, {""time"": 0.155, ""score"": 1.652, ""rms_ratio"": 0.759, ""diff_ratio"": 2.729}]",7.007,ffprobe,7.019,2.025,4.982,fly,pending,medium,,,,"Ian Happ's 20th home run of the season Ian Happ's 20th home run of the season Ian Happ's 20th home run of the season Ian Happ hits his 20th home run of the season in the bottom of the 8th, extending the Cubs' lead to 11-5",https://mlb-cuts-diamond.mlb.com/FORGE/2025/2025-09/05/62f60cc6-ec295bb0-73495538-csvm-diamondgcp-asset_1280x720_59_4000K.mp4,MLB_776455_ian-happ-homers-20-on-a-fly-ball-to-center-field-9zc08k,raw_sources\MLB_776455_ian-happ-homers-20-on-a-fly-ball-to-center-field-9zc08k_Ian_Happ_s_20th_home_run_of_the_season_Ian_Happ_s_20th_home_run_of_the_season_Ian_Happ_s_20th_home_run_.mp4,0.680,7.680,,no,audit_checkpoint_002,176
781,Codex_Workstation,F_0847,dataset/fly_ball/Codex_Workstation/F_0847,4,needs_edit,contact_timestamp_wrong,contact_timestamp_wrong;insufficient_post_contact_context,retime_from_local_audio_candidate;qwen_confirm_visual_contact_near_candidate;recover_source_and_recut_longer,likely_contact_timestamp_wrong,1.950,2.050,2.555,2.025,1.880,2.127,1.662,2.025,0.025,1.065,2.456,"[{""time"": 1.065, ""score"": 2.456, ""rms_ratio"": 2.083, ""diff_ratio"": 2.896}, {""time"": 2.555, ""score"": 2.168, ""rms_ratio"": 1.336, ""diff_ratio"": 3.517}, {""time"": 4.515, ""score"": 2.122, ""rms_ratio"": 1.12, ""diff_ratio"": 4.018}, {""time"": 2.025, ""score"": 1.88, ""rms_ratio"": 2.127, ""diff_ratio"": 1.662}, {""time"": 6.485, ""score"": 1.771, ""rms_ratio"": 1.223, ""diff_ratio"": 2.566}, {""time"": 2.345, ""score"": 1.768, ""rms_ratio"": 1.875, ""diff_ratio"": 1.667}, {""time"": 5.365, ""score"": 1.743, ""rms_ratio"": 1.065, ""diff_ratio"": 2.85}, {""time"": 1.905, ""score"": 1.725, ""rms_ratio"": 1.403, ""diff_ratio"": 2.122}]",7.006,ffprobe,7.019,2.555,4.451,fly,pending,medium,,,,"Dansby Swanson's three-run home run (22) Dansby Swanson's three-run home run (22) Dansby Swanson's three-run home run (22) Dansby Swanson extends the Cubs' lead in the 1st inning, hitting a three-run home run to center field",https://mlb-cuts-diamond.mlb.com/FORGE/2025/2025-09/05/b04e4391-90fd9063-7fd02599-csvm-diamondgcp-asset_1280x720_59_4000K.mp4,MLB_776455_dansby-swanson-homers-22-on-a-fly-ball-to-center-field-nico-hoerner-s,raw_sources\MLB_776455_dansby-swanson-homers-22-on-a-fly-ball-to-center-field-nico-hoerner-s_Dansby_Swanson_s_three-run_home_run_22_Dansby_Swanson_s_three-run_home_run_22_Dansby_Swan.mp4,0.320,7.320,,no,audit_checkpoint_002,177
780,Codex_Workstation,F_0846,dataset/fly_ball/Codex_Workstation/F_0846,4,needs_edit,clip_too_short,insufficient_post_contact_context,recover_source_and_recut_longer,annotated_contact_audio_confirmed,1.950,2.050,2.035,2.035,3.954,4.233,3.693,2.035,0.035,2.035,3.954,"[{""time"": 2.035, ""score"": 3.954, ""rms_ratio"": 4.233, ""diff_ratio"": 3.693}, {""time"": 2.475, ""score"": 3.669, ""rms_ratio"": 1.527, ""diff_ratio"": 8.818}, {""time"": 2.725, ""score"": 3.078, ""rms_ratio"": 3.556, ""diff_ratio"": 2.664}, {""time"": 2.995, ""score"": 3.024, ""rms_ratio"": 3.626, ""diff_ratio"": 2.522}, {""time"": 3.625, ""score"": 2.815, ""rms_ratio"": 3.411, ""diff_ratio"": 2.324}, {""time"": 3.485, ""score"": 2.795, ""rms_ratio"": 3.027, ""diff_ratio"": 2.581}, {""time"": 3.245, ""score"": 2.744, ""rms_ratio"": 3.346, ""diff_ratio"": 2.251}, {""time"": 2.205, ""score"": 2.701, ""rms_ratio"": 3.498, ""diff_ratio"": 2.085}, {""time"": 2.825, ""score"": 2.538, ""rms_ratio"": 2.304, ""diff_ratio"": 2.795}, {""time"": 2.345, ""score"": 2.521, ""rms_ratio"": 3.267, ""diff_ratio"": 1.945}, {""time"": 4.525, ""score"": 2.518, ""rms_ratio"": 2.935, ""diff_ratio"": 2.159}, {""time"": 5.645, ""score"": 2.439, ""rms_ratio"": 2.687, ""diff_ratio"": 2.214}, {""time"": 4.975, ""score"": 2.437, ""rms_ratio"": 2.627, ""diff_ratio"": 2.26}, {""time"": 4.285, ""score"": 2.269, ""rms_ratio"": 1.369, ""diff_ratio"": 3.761}, {""time"": 4.025, ""score"": 2.209, ""rms_ratio"": 2.95, ""diff_ratio"": 1.654}, {""time"": 4.775, ""score"": 2.118, ""rms_ratio"": 2.009, ""diff_ratio"": 2.232}]",7.006,ffprobe,7.019,2.035,4.971,fly,pending,medium,,,,"Craig Counsell on Dansby Swanson, Cubs' 6th inning Craig Counsell on Dansby Swanson, Cubs' 6th inning Craig Counsell on Dansby Swanson, Cubs' 6th inning Craig Counsell discusses the Cubs' 11-5 win, Dansby Swanson setting the tone with his home run, the 6th inning, Javier Assad and more",https://mlb-cuts-diamond.mlb.com/FORGE/2025/2025-09/05/11baaca9-f5dd700c-e0bde2dc-csvm-diamondgcp-asset_1280x720_59_4000K.mp4,MLB_776455_craig-counsell-on-dansby-swanson-cubs-6th-inning,raw_sources\MLB_776455_craig-counsell-on-dansby-swanson-cubs-6th-inning_Craig_Counsell_on_Dansby_Swanson_Cubs_6th_inning_Craig_Counsell_on_Dansby_Swanson_Cubs_6th_inning_Craig_Counse.mp4,0.140,7.140,,no,audit_checkpoint_002,178
779,Codex_Workstation,F_0845,dataset/fly_ball/Codex_Workstation/F_0845,4,needs_edit,contact_timestamp_wrong,contact_timestamp_wrong;insufficient_post_contact_context,retime_from_local_audio_candidate;qwen_confirm_visual_contact_near_candidate;recover_source_and_recut_longer,likely_contact_timestamp_wrong,2.001,2.101,2.705,2.075,2.044,1.969,2.122,2.075,0.024,5.995,2.593,"[{""time"": 5.995, ""score"": 2.593, ""rms_ratio"": 1.321, ""diff_ratio"": 5.09}, {""time"": 3.125, ""score"": 2.344, ""rms_ratio"": 1.372, ""diff_ratio"": 4.006}, {""time"": 2.705, ""score"": 2.31, ""rms_ratio"": 2.225, ""diff_ratio"": 2.398}, {""time"": 2.075, ""score"": 2.044, ""rms_ratio"": 1.969, ""diff_ratio"": 2.122}, {""time"": 6.775, ""score"": 1.961, ""rms_ratio"": 1.626, ""diff_ratio"": 2.366}, {""time"": 4.675, ""score"": 1.854, ""rms_ratio"": 1.666, ""diff_ratio"": 2.063}, {""time"": 1.775, ""score"": 1.761, ""rms_ratio"": 1.805, ""diff_ratio"": 1.719}, {""time"": 1.905, ""score"": 1.727, ""rms_ratio"": 1.659, ""diff_ratio"": 1.797}, {""time"": 4.415, ""score"": 1.665, ""rms_ratio"": 1.517, ""diff_ratio"": 1.827}]",7.000,ffprobe,7.019,2.705,4.295,fly,pending,medium,,,,Noelvi Marte's sacrifice fly Noelvi Marte's sacrifice fly Noelvi Marte's sacrifice fly Noelvi Marte lofts a sacrifice fly to right field that brings home Matt McLain and trims the Reds' deficit to 4-1 in the 3rd inning,https://mlb-cuts-diamond.mlb.com/FORGE/2025/2025-09/05/113fd35d-22a446a8-b9a5d51b-csvm-diamondgcp-asset-4000K.mp4,MLB_776450_david-peterson-in-play-run-s-to-noelvi-marte,raw_sources\MLB_776450_david-peterson-in-play-run-s-to-noelvi-marte_Noelvi_Marte_s_sacrifice_fly_Noelvi_Marte_s_sacrifice_fly_Noelvi_Marte_s_sacrifice_fly_Noelvi_Marte_lofts_a_sacrif.mp4,9.289,16.289,,no,audit_checkpoint_002,179
778,Codex_Workstation,F_0844,dataset/fly_ball/Codex_Workstation/F_0844,4,needs_edit,contact_timestamp_wrong,contact_timestamp_wrong;insufficient_post_contact_context,retime_from_local_audio_candidate;qwen_confirm_visual_contact_near_candidate;recover_source_and_recut_longer,likely_contact_timestamp_wrong,1.950,2.050,1.585,2.035,1.810,1.875,1.748,2.035,0.035,4.185,2.849,"[{""time"": 4.185, ""score"": 2.849, ""rms_ratio"": 1.28, ""diff_ratio"": 6.338}, {""time"": 1.585, ""score"": 2.487, ""rms_ratio"": 1.403, ""diff_ratio"": 4.408}, {""time"": 6.645, ""score"": 2.21, ""rms_ratio"": 1.197, ""diff_ratio"": 4.08}, {""time"": 3.905, ""score"": 2.165, ""rms_ratio"": 1.163, ""diff_ratio"": 4.031}, {""time"": 1.745, ""score"": 1.931, ""rms_ratio"": 1.214, ""diff_ratio"": 3.071}, {""time"": 0.075, ""score"": 1.924, ""rms_ratio"": 1.122, ""diff_ratio"": 3.302}, {""time"": 2.035, ""score"": 1.81, ""rms_ratio"": 1.875, ""diff_ratio"": 1.748}, {""time"": 0.505, ""score"": 1.675, ""rms_ratio"": 1.043, ""diff_ratio"": 2.692}]",7.007,ffprobe,7.019,1.585,5.422,fly,pending,medium,,,,Yoshinobu Yamamoto loses his no-hitter in 9th inning Yoshinobu Yamamoto loses his no-hitter in 9th inning Yoshinobu Yamamoto loses his no-hitter in 9th inning Yoshinobu Yamamoto loses his no-hitter in the 9th inning as Jackson Holliday hits a solo home run with one out remaining,https://mlb-cuts-diamond.mlb.com/FORGE/2025/2025-09/06/50625569-f708ad48-2e8d9989-csvm-diamondgcp-asset_1280x720_59_4000K.mp4,MLB_776443_jackson-holliday-homers-17-on-a-fly-ball-to-right-center-field-x3855,raw_sources\MLB_776443_jackson-holliday-homers-17-on-a-fly-ball-to-right-center-field-x3855_Yoshinobu_Yamamoto_loses_his_no-hitter_in_9th_inning_Yoshinobu_Yamamoto_loses_his_no-hitte.mp4,7.520,14.520,,no,audit_checkpoint_002,180
777,Codex_Workstation,F_0843,dataset/fly_ball/Codex_Workstation/F_0843,4,needs_edit,clip_too_short,insufficient_pre_contact_context;insufficient_post_contact_context,recover_source_and_recut_longer,annotated_contact_audio_confirmed,0.650,0.750,0.725,0.725,2.777,3.330,2.316,0.725,0.025,5.565,3.692,"[{""time"": 5.565, ""score"": 3.692, ""rms_ratio"": 1.477, ""diff_ratio"": 9.231}, {""time"": 0.935, ""score"": 3.165, ""rms_ratio"": 3.106, ""diff_ratio"": 3.226}, {""time"": 5.085, ""score"": 3.155, ""rms_ratio"": 3.121, ""diff_ratio"": 3.19}, {""time"": 3.735, ""score"": 2.811, ""rms_ratio"": 1.451, ""diff_ratio"": 5.446}, {""time"": 0.725, ""score"": 2.777, ""rms_ratio"": 3.33, ""diff_ratio"": 2.316}, {""time"": 2.565, ""score"": 2.711, ""rms_ratio"": 2.978, ""diff_ratio"": 2.468}, {""time"": 1.265, ""score"": 2.68, ""rms_ratio"": 3.01, ""diff_ratio"": 2.386}, {""time"": 2.375, ""score"": 2.46, ""rms_ratio"": 2.923, ""diff_ratio"": 2.07}, {""time"": 3.115, ""score"": 2.453, ""rms_ratio"": 0.989, ""diff_ratio"": 6.017}, {""time"": 1.435, ""score"": 2.445, ""rms_ratio"": 2.312, ""diff_ratio"": 2.586}, {""time"": 4.855, ""score"": 2.442, ""rms_ratio"": 2.5, ""diff_ratio"": 2.385}, {""time"": 3.475, ""score"": 2.348, ""rms_ratio"": 0.858, ""diff_ratio"": 5.512}, {""time"": 2.035, ""score"": 2.331, ""rms_ratio"": 2.612, ""diff_ratio"": 2.08}, {""time"": 2.885, ""score"": 2.098, ""rms_ratio"": 2.579, ""diff_ratio"": 1.707}, {""time"": 1.575, ""score"": 2.084, ""rms_ratio"": 2.328, ""diff_ratio"": 1.866}, {""time"": 1.125, ""score"": 2.048, ""rms_ratio"": 2.202, ""diff_ratio"": 1.904}]",7.014,ffprobe,7.014,0.725,6.289,fly,pending,medium,,,,"Sal Stewart talks on hitting his first career homer Sal Stewart talks on hitting his first career homer Sal Stewart talks on hitting his first career homer Sal Stewart on hitting his first career home run, trying to be a winner whenever he steps on the field and his emotions crossing home plate",https://mlb-cuts-diamond.mlb.com/FORGE/2025/2025-09/06/7002fc7f-cc23cf77-9a8681a1-csvm-diamondgcp-asset_1280x720_59_4000K.mp4,MLB_776439_sal-stewart-talks-on-hitting-his-first-career-homer,raw_sources\MLB_776439_sal-stewart-talks-on-hitting-his-first-career-homer_Sal_Stewart_talks_on_hitting_his_first_career_homer_Sal_Stewart_talks_on_hitting_his_first_career_homer_Sal.mp4,0.000,7.000,,no,audit_checkpoint_002,181
776,Codex_Workstation,F_0842,dataset/fly_ball/Codex_Workstation/F_0842,4,needs_edit,contact_timestamp_wrong,contact_timestamp_wrong;insufficient_post_contact_context,retime_from_local_audio_candidate;qwen_confirm_visual_contact_near_candidate;recover_source_and_recut_longer,likely_contact_timestamp_wrong,1.950,2.050,1.805,1.985,2.384,2.171,2.619,1.985,0.015,3.025,3.326,"[{""time"": 3.025, ""score"": 3.326, ""rms_ratio"": 1.842, ""diff_ratio"": 6.002}, {""time"": 2.715, ""score"": 3.019, ""rms_ratio"": 2.305, ""diff_ratio"": 3.954}, {""time"": 1.805, ""score"": 2.85, ""rms_ratio"": 2.041, ""diff_ratio"": 3.98}, {""time"": 1.265, ""score"": 2.519, ""rms_ratio"": 1.231, ""diff_ratio"": 5.155}, {""time"": 1.985, ""score"": 2.384, ""rms_ratio"": 2.171, ""diff_ratio"": 2.619}, {""time"": 1.045, ""score"": 2.38, ""rms_ratio"": 1.97, ""diff_ratio"": 2.876}, {""time"": 3.245, ""score"": 2.246, ""rms_ratio"": 1.632, ""diff_ratio"": 3.092}, {""time"": 1.385, ""score"": 2.175, ""rms_ratio"": 2.281, ""diff_ratio"": 2.073}, {""time"": 1.165, ""score"": 1.918, ""rms_ratio"": 1.721, ""diff_ratio"": 2.137}, {""time"": 4.365, ""score"": 1.916, ""rms_ratio"": 1.84, ""diff_ratio"": 1.995}, {""time"": 2.185, ""score"": 1.898, ""rms_ratio"": 1.536, ""diff_ratio"": 2.346}, {""time"": 3.445, ""score"": 1.787, ""rms_ratio"": 2.269, ""diff_ratio"": 1.407}, {""time"": 1.575, ""score"": 1.749, ""rms_ratio"": 1.563, ""diff_ratio"": 1.958}]",4.432,ffprobe,4.437,1.805,2.627,fly,pending,medium,,,,"Matt McLain's solo home run (14) Matt McLain's solo home run (14) Matt McLain's solo home run (14) Matt McLain belts a solo home run to center field, increasing the Reds' lead to 3-1 in the bottom of the 3rd inning",https://mlb-cuts-diamond.mlb.com/FORGE/2025/2025-09/06/11726a7f-d51fb8b6-2a07337f-csvm-diamondgcp-asset_1280x720_59_4000K.mp4,MLB_776439_matt-mclain-homers-14-on-a-fly-ball-to-center-field,raw_sources\MLB_776439_matt-mclain-homers-14-on-a-fly-ball-to-center-field_Matt_McLain_s_solo_home_run_14_Matt_McLain_s_solo_home_run_14_Matt_McLain_s_solo_home_run_14_Matt_McLain_be.mp4,11.440,18.440,,no,audit_checkpoint_002,182
775,Codex_Workstation,F_0841,dataset/fly_ball/Codex_Workstation/F_0841,4,needs_edit,clip_too_short,insufficient_post_contact_context,recover_source_and_recut_longer,annotated_contact_audio_confirmed,1.950,2.050,1.925,1.925,2.998,1.636,5.493,2.025,0.025,5.435,3.890,"[{""time"": 5.435, ""score"": 3.89, ""rms_ratio"": 1.988, ""diff_ratio"": 7.611}, {""time"": 3.215, ""score"": 3.422, ""rms_ratio"": 1.865, ""diff_ratio"": 6.277}, {""time"": 1.925, ""score"": 2.998, ""rms_ratio"": 1.636, ""diff_ratio"": 5.493}, {""time"": 2.025, ""score"": 2.782, ""rms_ratio"": 3.732, ""diff_ratio"": 2.074}, {""time"": 2.475, ""score"": 2.538, ""rms_ratio"": 3.487, ""diff_ratio"": 1.847}, {""time"": 4.105, ""score"": 2.374, ""rms_ratio"": 1.215, ""diff_ratio"": 4.641}, {""time"": 3.915, ""score"": 2.359, ""rms_ratio"": 2.98, ""diff_ratio"": 1.867}, {""time"": 3.345, ""score"": 2.301, ""rms_ratio"": 2.561, ""diff_ratio"": 2.067}, {""time"": 2.865, ""score"": 2.18, ""rms_ratio"": 2.509, ""diff_ratio"": 1.893}, {""time"": 3.505, ""score"": 2.066, ""rms_ratio"": 2.528, ""diff_ratio"": 1.689}, {""time"": 4.355, ""score"": 2.064, ""rms_ratio"": 2.946, ""diff_ratio"": 1.446}, {""time"": 4.745, ""score"": 2.027, ""rms_ratio"": 2.753, ""diff_ratio"": 1.492}, {""time"": 4.575, ""score"": 1.991, ""rms_ratio"": 1.01, ""diff_ratio"": 3.922}, {""time"": 2.975, ""score"": 1.93, ""rms_ratio"": 2.073, ""diff_ratio"": 1.797}, {""time"": 4.905, ""score"": 1.879, ""rms_ratio"": 2.667, ""diff_ratio"": 1.323}, {""time"": 2.155, ""score"": 1.759, ""rms_ratio"": 2.354, ""diff_ratio"": 1.315}]",7.006,ffprobe,7.019,1.925,5.081,fly,pending,medium,,,,"Jared Young's solo home run (4) Jared Young's solo home run (4) Jared Young's solo home run (4) Jared Young cracks a solo home run to right-center field, reducing the Mets' deficit to 4-2 in the top of the 7th inning",https://mlb-cuts-diamond.mlb.com/FORGE/2025/2025-09/06/39a721ef-1c6681a4-b69386e1-csvm-diamondgcp-asset_1280x720_59_4000K.mp4,MLB_776439_jared-young-homers-4-on-a-fly-ball-to-right-center-field,raw_sources\MLB_776439_jared-young-homers-4-on-a-fly-ball-to-right-center-field_Jared_Young_s_solo_home_run_4_Jared_Young_s_solo_home_run_4_Jared_Young_s_solo_home_run_4_Jared_Young_.mp4,5.640,12.640,,no,audit_checkpoint_002,183
774,Codex_Workstation,F_0840,dataset/fly_ball/Codex_Workstation/F_0840,4,needs_edit,clip_too_short,insufficient_post_contact_context,recover_source_and_recut_longer,annotated_contact_audio_confirmed,1.950,2.050,2.025,2.025,2.393,2.989,1.915,2.025,0.025,3.035,2.481,"[{""time"": 3.035, ""score"": 2.481, ""rms_ratio"": 2.539, ""diff_ratio"": 2.424}, {""time"": 3.505, ""score"": 2.423, ""rms_ratio"": 2.213, ""diff_ratio"": 2.652}, {""time"": 2.025, ""score"": 2.393, ""rms_ratio"": 2.989, ""diff_ratio"": 1.915}, {""time"": 2.695, ""score"": 2.372, ""rms_ratio"": 2.684, ""diff_ratio"": 2.097}, {""time"": 2.905, ""score"": 2.316, ""rms_ratio"": 2.291, ""diff_ratio"": 2.34}, {""time"": 1.265, ""score"": 2.278, ""rms_ratio"": 1.354, ""diff_ratio"": 3.831}, {""time"": 2.465, ""score"": 2.259, ""rms_ratio"": 2.682, ""diff_ratio"": 1.903}, {""time"": 3.385, ""score"": 2.257, ""rms_ratio"": 2.495, ""diff_ratio"": 2.042}, {""time"": 3.215, ""score"": 2.216, ""rms_ratio"": 1.492, ""diff_ratio"": 3.29}, {""time"": 2.325, ""score"": 2.113, ""rms_ratio"": 2.683, ""diff_ratio"": 1.664}, {""time"": 3.835, ""score"": 2.072, ""rms_ratio"": 2.149, ""diff_ratio"": 1.998}, {""time"": 2.585, ""score"": 2.011, ""rms_ratio"": 2.463, ""diff_ratio"": 1.642}, {""time"": 0.815, ""score"": 1.854, ""rms_ratio"": 2.29, ""diff_ratio"": 1.502}, {""time"": 4.005, ""score"": 1.823, ""rms_ratio"": 2.147, ""diff_ratio"": 1.548}, {""time"": 1.755, ""score"": 1.816, ""rms_ratio"": 1.68, ""diff_ratio"": 1.963}, {""time"": 2.145, ""score"": 1.759, ""rms_ratio"": 1.734, ""diff_ratio"": 1.784}]",7.007,ffprobe,7.019,2.025,4.982,fly,pending,medium,,,,Javier Báez's sac fly Javier Báez's sac fly Javier Báez's sac fly Javier Báez hits a sacrifice fly to center fielder to give the Tigers a 3-0 lead in the bottom of the 4th inning,https://mlb-cuts-diamond.mlb.com/FORGE/2025/2025-09/06/e02b6f06-c3706646-6d0a8909-csvm-diamondgcp-asset-4000K.mp4,MLB_776435_javier-baez-out-on-a-sacrifice-fly-to-center-fielder-michael-a-taylor,raw_sources\MLB_776435_javier-baez-out-on-a-sacrifice-fly-to-center-fielder-michael-a-taylor_Javier_B_ez_s_sac_fly_Javier_B_ez_s_sac_fly_Javier_B_ez_s_sac_fly_Javier_B_ez_hits_a_sacr.mp4,10.620,17.620,,no,audit_checkpoint_002,184
773,Codex_Workstation,F_0839,dataset/fly_ball/Codex_Workstation/F_0839,4,needs_edit,contact_timestamp_wrong,contact_timestamp_wrong;insufficient_post_contact_context,retime_from_local_audio_candidate;qwen_confirm_visual_contact_near_candidate;recover_source_and_recut_longer,likely_contact_timestamp_wrong,1.950,2.050,1.395,2.055,1.929,2.181,1.707,2.055,0.055,6.745,2.390,"[{""time"": 6.745, ""score"": 2.39, ""rms_ratio"": 1.271, ""diff_ratio"": 4.494}, {""time"": 0.985, ""score"": 2.301, ""rms_ratio"": 1.24, ""diff_ratio"": 4.27}, {""time"": 0.765, ""score"": 2.207, ""rms_ratio"": 1.951, ""diff_ratio"": 2.496}, {""time"": 1.395, ""score"": 2.175, ""rms_ratio"": 1.204, ""diff_ratio"": 3.927}, {""time"": 2.875, ""score"": 2.167, ""rms_ratio"": 1.082, ""diff_ratio"": 4.34}, {""time"": 5.185, ""score"": 2.026, ""rms_ratio"": 1.778, ""diff_ratio"": 2.308}, {""time"": 2.055, ""score"": 1.929, ""rms_ratio"": 2.181, ""diff_ratio"": 1.707}, {""time"": 0.585, ""score"": 1.924, ""rms_ratio"": 1.56, ""diff_ratio"": 2.373}, {""time"": 4.865, ""score"": 1.896, ""rms_ratio"": 1.555, ""diff_ratio"": 2.311}, {""time"": 6.885, ""score"": 1.894, ""rms_ratio"": 1.542, ""diff_ratio"": 2.327}, {""time"": 3.785, ""score"": 1.826, ""rms_ratio"": 0.945, ""diff_ratio"": 3.333}, {""time"": 2.265, ""score"": 1.787, ""rms_ratio"": 1.528, ""diff_ratio"": 2.09}, {""time"": 0.415, ""score"": 1.776, ""rms_ratio"": 2.007, ""diff_ratio"": 1.571}, {""time"": 5.875, ""score"": 1.699, ""rms_ratio"": 1.605, ""diff_ratio"": 1.798}, {""time"": 4.715, ""score"": 1.681, ""rms_ratio"": 2.055, ""diff_ratio"": 1.375}, {""time"": 5.705, ""score"": 1.667, ""rms_ratio"": 0.808, ""diff_ratio"": 2.779}]",7.007,ffprobe,7.019,1.395,5.612,fly,pending,medium,,,,"Salvador Perez's three-run home run (25) Salvador Perez's three-run home run (25) Salvador Perez's three-run home run (25) Salvador Perez crushes a three-run homer to left-center field, scoring Maikel Garcia and Vinnie Pasquantino to extend the Royals' lead to 4-0 in the bottom of the 1st",https://mlb-cuts-diamond.mlb.com/FORGE/2025/2025-09/06/46738843-8e9b324f-91e983ea-csvm-diamondgcp-asset_1280x720_59_4000K.mp4,MLB_776434_salvador-perez-homers-25-on-a-fly-ball-to-left-center-field-maikel-ga,raw_sources\MLB_776434_salvador-perez-homers-25-on-a-fly-ball-to-left-center-field-maikel-ga_Salvador_Perez_s_three-run_home_run_25_Salvador_Perez_s_three-run_home_run_25_Salvador_Pe.mp4,3.280,10.280,,no,audit_checkpoint_002,185
772,Codex_Workstation,F_0838,dataset/fly_ball/Codex_Workstation/F_0838,4,needs_edit,contact_timestamp_wrong,contact_timestamp_wrong;insufficient_post_contact_context,retime_from_local_audio_candidate;qwen_confirm_visual_contact_near_candidate;recover_source_and_recut_longer,likely_contact_timestamp_wrong,1.950,2.050,2.405,2.025,2.080,3.263,1.326,2.405,0.405,3.155,4.212,"[{""time"": 3.155, ""score"": 4.212, ""rms_ratio"": 1.994, ""diff_ratio"": 8.896}, {""time"": 0.855, ""score"": 3.095, ""rms_ratio"": 1.588, ""diff_ratio"": 6.029}, {""time"": 5.495, ""score"": 3.053, ""rms_ratio"": 1.072, ""diff_ratio"": 8.699}, {""time"": 3.525, ""score"": 3.004, ""rms_ratio"": 2.789, ""diff_ratio"": 3.235}, {""time"": 4.735, ""score"": 2.804, ""rms_ratio"": 2.937, ""diff_ratio"": 2.677}, {""time"": 1.315, ""score"": 2.76, ""rms_ratio"": 2.514, ""diff_ratio"": 3.03}, {""time"": 6.645, ""score"": 2.575, ""rms_ratio"": 2.408, ""diff_ratio"": 2.753}, {""time"": 2.405, ""score"": 2.563, ""rms_ratio"": 1.051, ""diff_ratio"": 6.254}, {""time"": 0.405, ""score"": 2.326, ""rms_ratio"": 2.257, ""diff_ratio"": 2.397}, {""time"": 1.575, ""score"": 2.319, ""rms_ratio"": 2.689, ""diff_ratio"": 1.999}, {""time"": 0.585, ""score"": 2.281, ""rms_ratio"": 1.958, ""diff_ratio"": 2.657}, {""time"": 0.715, ""score"": 2.225, ""rms_ratio"": 2.179, ""diff_ratio"": 2.272}, {""time"": 5.135, ""score"": 2.217, ""rms_ratio"": 0.89, ""diff_ratio"": 4.915}, {""time"": 4.875, ""score"": 2.171, ""rms_ratio"": 0.918, ""diff_ratio"": 4.713}, {""time"": 5.745, ""score"": 2.141, ""rms_ratio"": 2.013, ""diff_ratio"": 2.276}, {""time"": 4.215, ""score"": 2.096, ""rms_ratio"": 2.73, ""diff_ratio"": 1.609}]",7.006,ffprobe,7.019,2.405,4.601,fly,pending,medium,,,,"Mariners plate seven runs in 9th Mariners plate seven runs in 9th Mariners plate seven runs in 9th The Mariners score seven runs in the top of the 9th, highlighted by home runs from Cal Raleigh and Eugenio Suárez",https://mlb-cuts-diamond.mlb.com/FORGE/2025/2025-09/07/5386b62e-e359f7f1-c49c98b1-csvm-diamondgcp-asset_1280x720_59_4000K.mp4,MLB_776428_mariners-plate-seven-runs-in-9th,raw_sources\MLB_776428_mariners-plate-seven-runs-in-9th_Mariners_plate_seven_runs_in_9th_Mariners_plate_seven_runs_in_9th_Mariners_plate_seven_runs_in_9th_The_Mariners_score_seven_ru.mp4,15.400,22.400,,no,audit_checkpoint_002,186
771,Codex_Workstation,F_0837,dataset/fly_ball/Codex_Workstation/F_0837,4,needs_edit,clip_too_short,insufficient_post_contact_context,recover_source_and_recut_longer,annotated_contact_audio_confirmed,1.950,2.050,2.025,2.025,3.035,4.424,2.082,2.125,0.125,2.125,3.184,"[{""time"": 2.125, ""score"": 3.184, ""rms_ratio"": 3.614, ""diff_ratio"": 2.805}, {""time"": 5.335, ""score"": 3.016, ""rms_ratio"": 1.721, ""diff_ratio"": 5.284}, {""time"": 4.125, ""score"": 2.63, ""rms_ratio"": 1.279, ""diff_ratio"": 5.41}, {""time"": 2.325, ""score"": 2.498, ""rms_ratio"": 3.108, ""diff_ratio"": 2.007}, {""time"": 3.765, ""score"": 2.383, ""rms_ratio"": 2.524, ""diff_ratio"": 2.251}, {""time"": 3.935, ""score"": 2.067, ""rms_ratio"": 2.382, ""diff_ratio"": 1.794}, {""time"": 2.535, ""score"": 1.952, ""rms_ratio"": 2.345, ""diff_ratio"": 1.625}, {""time"": 3.095, ""score"": 1.919, ""rms_ratio"": 2.636, ""diff_ratio"": 1.397}, {""time"": 4.435, ""score"": 1.894, ""rms_ratio"": 2.207, ""diff_ratio"": 1.626}, {""time"": 4.975, ""score"": 1.887, ""rms_ratio"": 1.725, ""diff_ratio"": 2.065}, {""time"": 4.295, ""score"": 1.825, ""rms_ratio"": 2.017, ""diff_ratio"": 1.651}, {""time"": 2.885, ""score"": 1.754, ""rms_ratio"": 2.041, ""diff_ratio"": 1.507}, {""time"": 0.425, ""score"": 1.722, ""rms_ratio"": 1.765, ""diff_ratio"": 1.68}, {""time"": 3.255, ""score"": 1.671, ""rms_ratio"": 1.805, ""diff_ratio"": 1.547}]",5.524,ffprobe,5.525,2.025,3.499,fly,pending,medium,,,,"Mariners hit five homers in win over Braves Mariners hit five homers in win over Braves Mariners hit five homers in win over Braves The Mariners break out offensively against the Braves, with home runs from Jorge Polanco, Josh Naylor, and Cal Raleigh and two homers from Eugenio Suárez",https://mlb-cuts-diamond.mlb.com/FORGE/2025/2025-09/07/864c0835-dd7228e3-7c59014e-csvm-diamondgcp-asset_1280x720_59_4000K.mp4,MLB_776428_mariners-hit-five-homers-in-win-over-braves,raw_sources\MLB_776428_mariners-hit-five-homers-in-win-over-braves_Mariners_hit_five_homers_in_win_over_Braves_Mariners_hit_five_homers_in_win_over_Braves_Mariners_hit_five_homers_in.mp4,12.140,19.140,,no,audit_checkpoint_002,187
770,Codex_Workstation,F_0836,dataset/fly_ball/Codex_Workstation/F_0836,4,needs_edit,clip_too_short,insufficient_post_contact_context,recover_source_and_recut_longer,annotated_contact_audio_confirmed,1.950,2.050,2.025,2.025,3.183,4.617,2.194,2.125,0.125,2.125,3.339,"[{""time"": 2.125, ""score"": 3.339, ""rms_ratio"": 3.772, ""diff_ratio"": 2.956}, {""time"": 5.335, ""score"": 3.163, ""rms_ratio"": 1.796, ""diff_ratio"": 5.57}, {""time"": 4.125, ""score"": 2.759, ""rms_ratio"": 1.335, ""diff_ratio"": 5.703}, {""time"": 2.325, ""score"": 2.62, ""rms_ratio"": 3.243, ""diff_ratio"": 2.116}, {""time"": 3.765, ""score"": 2.5, ""rms_ratio"": 2.634, ""diff_ratio"": 2.372}, {""time"": 6.115, ""score"": 2.319, ""rms_ratio"": 1.146, ""diff_ratio"": 4.692}, {""time"": 3.935, ""score"": 2.168, ""rms_ratio"": 2.486, ""diff_ratio"": 1.891}, {""time"": 2.535, ""score"": 2.047, ""rms_ratio"": 2.447, ""diff_ratio"": 1.713}, {""time"": 5.775, ""score"": 2.041, ""rms_ratio"": 2.638, ""diff_ratio"": 1.58}, {""time"": 3.095, ""score"": 2.012, ""rms_ratio"": 2.751, ""diff_ratio"": 1.472}, {""time"": 6.875, ""score"": 2.003, ""rms_ratio"": 2.567, ""diff_ratio"": 1.563}, {""time"": 6.345, ""score"": 1.998, ""rms_ratio"": 2.611, ""diff_ratio"": 1.528}, {""time"": 4.435, ""score"": 1.986, ""rms_ratio"": 2.303, ""diff_ratio"": 1.714}, {""time"": 4.975, ""score"": 1.98, ""rms_ratio"": 1.8, ""diff_ratio"": 2.177}, {""time"": 4.295, ""score"": 1.914, ""rms_ratio"": 2.105, ""diff_ratio"": 1.74}, {""time"": 6.565, ""score"": 1.9, ""rms_ratio"": 1.937, ""diff_ratio"": 1.864}]",7.007,ffprobe,7.019,2.025,4.982,fly,pending,medium,,,,"Jorge Polanco's two-run homer (24) Jorge Polanco's two-run homer (24) Jorge Polanco's two-run homer (24) Jorge Polanco drives a two-run home run to left field, extending the Mariners' lead to 6-0 in the 3rd",https://mlb-cuts-diamond.mlb.com/FORGE/2025/2025-09/07/fd36994e-dfd74ed4-3e75b45e-csvm-diamondgcp-asset_1280x720_59_4000K.mp4,MLB_776428_jorge-polanco-homers-24-on-a-fly-ball-to-left-field-julio-rodriguez-s,raw_sources\MLB_776428_jorge-polanco-homers-24-on-a-fly-ball-to-left-field-julio-rodriguez-s_Jorge_Polanco_s_two-run_homer_24_Jorge_Polanco_s_two-run_homer_24_Jorge_Polanco_s_two-run.mp4,12.140,19.140,,no,audit_checkpoint_002,188
769,Codex_Workstation,F_0835,dataset/fly_ball/Codex_Workstation/F_0835,4,needs_edit,source_recovery_required,contact_audio_missing_or_masked;insufficient_post_contact_context,recover_source_and_recut;redetect_contact_audio;recover_source_and_recut_longer,contact_audio_missing_or_masked,1.950,2.050,1.225,2.025,1.629,2.396,1.108,1.805,0.195,1.225,2.002,"[{""time"": 1.225, ""score"": 2.002, ""rms_ratio"": 1.721, ""diff_ratio"": 2.33}, {""time"": 1.805, ""score"": 1.726, ""rms_ratio"": 1.818, ""diff_ratio"": 1.639}, {""time"": 6.565, ""score"": 1.688, ""rms_ratio"": 1.704, ""diff_ratio"": 1.673}, {""time"": 5.405, ""score"": 1.654, ""rms_ratio"": 1.502, ""diff_ratio"": 1.822}]",7.006,ffprobe,7.019,1.225,5.781,fly,pending,medium,,,,Field View: Eugenio Suarez's solo home run Field View: Eugenio Suarez's solo home run Field View: Eugenio Suarez's solo home run Don't miss this unique look at Eugenio Suarez's solo home run in the top of the 6th inning against the Braves,https://mlb-cuts-diamond.mlb.com/FORGE/2025/2025-09/07/4db64341-15c890e8-c20450ce-csvm-diamondgcp-asset_1280x720_59_4000K.mp4,MLB_776428_field-view-suarez-s-solo-home-run,raw_sources\MLB_776428_field-view-suarez-s-solo-home-run_Field_View_Eugenio_Suarez_s_solo_home_run_Field_View_Eugenio_Suarez_s_solo_home_run_Field_View_Eugenio_Suarez_s_solo_home_run.mp4,30.520,37.520,,no,audit_checkpoint_002,189
768,Codex_Workstation,F_0834,dataset/fly_ball/Codex_Workstation/F_0834,4,needs_edit,clip_too_short,insufficient_post_contact_context,recover_source_and_recut_longer,annotated_contact_audio_confirmed,1.950,2.050,2.045,2.045,5.930,6.908,5.090,2.045,0.045,2.045,5.930,"[{""time"": 2.045, ""score"": 5.93, ""rms_ratio"": 6.908, ""diff_ratio"": 5.09}, {""time"": 5.125, ""score"": 5.105, ""rms_ratio"": 4.842, ""diff_ratio"": 5.383}, {""time"": 1.915, ""score"": 4.966, ""rms_ratio"": 2.696, ""diff_ratio"": 9.149}, {""time"": 4.015, ""score"": 4.593, ""rms_ratio"": 2.376, ""diff_ratio"": 8.879}, {""time"": 1.195, ""score"": 4.413, ""rms_ratio"": 4.195, ""diff_ratio"": 4.643}, {""time"": 0.615, ""score"": 4.161, ""rms_ratio"": 3.818, ""diff_ratio"": 4.535}, {""time"": 0.065, ""score"": 3.608, ""rms_ratio"": 3.158, ""diff_ratio"": 4.121}, {""time"": 2.255, ""score"": 3.587, ""rms_ratio"": 5.534, ""diff_ratio"": 2.325}, {""time"": 4.345, ""score"": 3.527, ""rms_ratio"": 4.648, ""diff_ratio"": 2.676}, {""time"": 1.315, ""score"": 3.081, ""rms_ratio"": 3.095, ""diff_ratio"": 3.068}, {""time"": 5.265, ""score"": 3.049, ""rms_ratio"": 2.849, ""diff_ratio"": 3.262}, {""time"": 4.935, ""score"": 2.74, ""rms_ratio"": 1.483, ""diff_ratio"": 5.062}, {""time"": 2.625, ""score"": 2.544, ""rms_ratio"": 3.753, ""diff_ratio"": 1.724}, {""time"": 4.235, ""score"": 2.443, ""rms_ratio"": 2.454, ""diff_ratio"": 2.432}, {""time"": 3.225, ""score"": 2.224, ""rms_ratio"": 2.723, ""diff_ratio"": 1.817}, {""time"": 0.795, ""score"": 2.178, ""rms_ratio"": 1.951, ""diff_ratio"": 2.431}]",5.271,ffprobe,5.291,2.045,3.226,fly,pending,medium,,,,"Dan Wilson talks using momentum, 18-2 victory Dan Wilson talks using momentum, 18-2 victory Dan Wilson talks using momentum, 18-2 victory Dan Wilson talks using momentum from last night's game into today's, Cal Raleigh's 53rd home run and more following the Mariners' victory",https://mlb-cuts-diamond.mlb.com/FORGE/2025/2025-09/07/8ea87a75-080397c0-145be73b-csvm-diamondgcp-asset_1280x720_59_4000K.mp4,MLB_776428_dan-wilson-talks-using-momentum-18-2-victory,raw_sources\MLB_776428_dan-wilson-talks-using-momentum-18-2-victory_Dan_Wilson_talks_using_momentum_18-2_victory_Dan_Wilson_talks_using_momentum_18-2_victory_Dan_Wilson_talks_using_m.mp4,5.780,12.780,,no,audit_checkpoint_002,190
767,Codex_Workstation,F_0833,dataset/fly_ball/Codex_Workstation/F_0833,4,needs_edit,clip_too_short,insufficient_post_contact_context,recover_source_and_recut_longer,annotated_contact_audio_confirmed,1.950,2.050,1.915,1.915,3.047,1.135,8.180,2.025,0.025,1.075,4.501,"[{""time"": 1.075, ""score"": 4.501, ""rms_ratio"": 1.741, ""diff_ratio"": 11.636}, {""time"": 2.565, ""score"": 3.762, ""rms_ratio"": 1.439, ""diff_ratio"": 9.835}, {""time"": 1.915, ""score"": 3.047, ""rms_ratio"": 1.135, ""diff_ratio"": 8.18}, {""time"": 6.995, ""score"": 2.991, ""rms_ratio"": 1.174, ""diff_ratio"": 7.62}, {""time"": 3.775, ""score"": 2.795, ""rms_ratio"": 2.939, ""diff_ratio"": 2.659}, {""time"": 3.065, ""score"": 2.737, ""rms_ratio"": 2.657, ""diff_ratio"": 2.819}, {""time"": 2.025, ""score"": 2.638, ""rms_ratio"": 3.176, ""diff_ratio"": 2.191}, {""time"": 3.315, ""score"": 2.634, ""rms_ratio"": 2.683, ""diff_ratio"": 2.585}, {""time"": 1.695, ""score"": 2.626, ""rms_ratio"": 2.776, ""diff_ratio"": 2.484}, {""time"": 3.565, ""score"": 2.569, ""rms_ratio"": 2.65, ""diff_ratio"": 2.491}, {""time"": 2.345, ""score"": 2.507, ""rms_ratio"": 1.769, ""diff_ratio"": 3.554}, {""time"": 3.205, ""score"": 2.469, ""rms_ratio"": 0.99, ""diff_ratio"": 6.094}, {""time"": 2.785, ""score"": 2.468, ""rms_ratio"": 2.741, ""diff_ratio"": 2.222}, {""time"": 1.505, ""score"": 2.468, ""rms_ratio"": 1.771, ""diff_ratio"": 3.439}, {""time"": 0.795, ""score"": 2.461, ""rms_ratio"": 2.337, ""diff_ratio"": 2.592}, {""time"": 6.345, ""score"": 2.36, ""rms_ratio"": 0.897, ""diff_ratio"": 5.57}]",7.006,ffprobe,7.019,1.915,5.091,fly,pending,medium,,,,"Mookie Betts' solo home run (16) Mookie Betts' solo home run (16) Mookie Betts' solo home run (16) Mookie Betts connects with a solo home run to left field, increasing the Dodgers' lead to 3-0 in the top of the 3rd inning",https://mlb-cuts-diamond.mlb.com/FORGE/2025/2025-09/07/ca648914-540fe65e-94b53b87-csvm-diamondgcp-asset_1280x720_59_4000K.mp4,MLB_776427_mookie-betts-homers-16-on-a-fly-ball-to-left-field-dnhjgg,raw_sources\MLB_776427_mookie-betts-homers-16-on-a-fly-ball-to-left-field-dnhjgg_Mookie_Betts_solo_home_run_16_Mookie_Betts_solo_home_run_16_Mookie_Betts_solo_home_run_16_Mookie_Bett.mp4,8.060,15.060,,no,audit_checkpoint_002,191
766,Codex_Workstation,F_0831,dataset/fly_ball/Codex_Workstation/F_0831,4,needs_edit,contact_timestamp_wrong,contact_timestamp_wrong;insufficient_post_contact_context,retime_from_local_audio_candidate;qwen_confirm_visual_contact_near_candidate;recover_source_and_recut_longer,likely_contact_timestamp_wrong,3.084,3.184,3.015,3.185,1.846,1.961,1.738,3.185,0.051,1.795,2.476,"[{""time"": 1.795, ""score"": 2.476, ""rms_ratio"": 1.501, ""diff_ratio"": 4.086}, {""time"": 2.525, ""score"": 2.473, ""rms_ratio"": 2.085, ""diff_ratio"": 2.932}, {""time"": 1.895, ""score"": 2.447, ""rms_ratio"": 1.9, ""diff_ratio"": 3.151}, {""time"": 2.305, ""score"": 2.395, ""rms_ratio"": 1.765, ""diff_ratio"": 3.249}, {""time"": 3.515, ""score"": 2.267, ""rms_ratio"": 1.803, ""diff_ratio"": 2.85}, {""time"": 2.855, ""score"": 2.151, ""rms_ratio"": 1.832, ""diff_ratio"": 2.524}, {""time"": 3.665, ""score"": 2.127, ""rms_ratio"": 1.882, ""diff_ratio"": 2.403}, {""time"": 4.605, ""score"": 2.097, ""rms_ratio"": 1.679, ""diff_ratio"": 2.62}, {""time"": 3.015, ""score"": 2.089, ""rms_ratio"": 1.232, ""diff_ratio"": 3.542}, {""time"": 1.475, ""score"": 2.078, ""rms_ratio"": 2.099, ""diff_ratio"": 2.057}, {""time"": 0.085, ""score"": 1.997, ""rms_ratio"": 1.398, ""diff_ratio"": 2.853}, {""time"": 2.715, ""score"": 1.962, ""rms_ratio"": 1.549, ""diff_ratio"": 2.486}, {""time"": 5.835, ""score"": 1.954, ""rms_ratio"": 1.56, ""diff_ratio"": 2.446}, {""time"": 2.095, ""score"": 1.915, ""rms_ratio"": 1.691, ""diff_ratio"": 2.168}, {""time"": 3.345, ""score"": 1.906, ""rms_ratio"": 1.689, ""diff_ratio"": 2.152}, {""time"": 3.185, ""score"": 1.846, ""rms_ratio"": 1.961, ""diff_ratio"": 1.738}]",7.000,ffprobe,7.019,3.015,3.985,fly,pending,medium,,,,Matt Shaw's RBI sac fly Matt Shaw's RBI sac fly Matt Shaw's RBI sac fly Matt Shaw hits a sacrifice fly to center field to plate Nico Hoerner and cut the Cubs' deficit to 3-1 in the top of the 7th,https://bdata-producedclips.mlb.com/46f12f2a-f3b7-4ae1-a2f2-52399184fa50.mp4,MLB_776412_pierce-johnson-in-play-run-s-to-matt-shaw,raw_sources\MLB_776412_pierce-johnson-in-play-run-s-to-matt-shaw_Matt_Shaw_s_RBI_sac_fly_Matt_Shaw_s_RBI_sac_fly_Matt_Shaw_s_RBI_sac_fly_Matt_Shaw_hits_a_sacrifice_fly_to_center_fiel.mp4,9.126,16.126,,no,audit_checkpoint_002,192
765,Codex_Workstation,F_0830,dataset/fly_ball/Codex_Workstation/F_0830,4,needs_edit,clip_too_short,insufficient_post_contact_context,recover_source_and_recut_longer,annotated_contact_audio_confirmed,1.950,2.050,2.035,2.035,6.591,5.819,7.466,2.035,0.035,2.035,6.591,"[{""time"": 2.035, ""score"": 6.591, ""rms_ratio"": 5.819, ""diff_ratio"": 7.466}, {""time"": 5.235, ""score"": 3.079, ""rms_ratio"": 1.582, ""diff_ratio"": 5.995}, {""time"": 2.905, ""score"": 2.475, ""rms_ratio"": 1.23, ""diff_ratio"": 4.981}, {""time"": 4.465, ""score"": 2.353, ""rms_ratio"": 1.406, ""diff_ratio"": 3.936}, {""time"": 3.745, ""score"": 2.334, ""rms_ratio"": 1.252, ""diff_ratio"": 4.35}, {""time"": 6.725, ""score"": 2.182, ""rms_ratio"": 1.198, ""diff_ratio"": 3.974}, {""time"": 1.725, ""score"": 2.107, ""rms_ratio"": 2.058, ""diff_ratio"": 2.156}, {""time"": 5.945, ""score"": 1.956, ""rms_ratio"": 1.185, ""diff_ratio"": 3.229}, {""time"": 4.845, ""score"": 1.815, ""rms_ratio"": 1.905, ""diff_ratio"": 1.73}, {""time"": 5.035, ""score"": 1.77, ""rms_ratio"": 1.143, ""diff_ratio"": 2.742}, {""time"": 6.165, ""score"": 1.732, ""rms_ratio"": 1.613, ""diff_ratio"": 1.86}]",7.007,ffprobe,7.019,2.035,4.972,fly,pending,medium,,,,"Zach Neto achieves 25-HR, 25-SB season Zach Neto achieves 25-HR, 25-SB season Zach Neto achieves 25-HR, 25-SB season Zach Neto swipes his 25th bag of the season to become the 6th Angel in franchise history to hit 25 home runs and steal 25 bases in one year",https://mlb-cuts-diamond.mlb.com/FORGE/2025/2025-09/08/3e2b49c7-f0c93b46-e6ca7861-csvm-diamondgcp-asset_1280x720_59_4000K.mp4,MLB_776411_zach-neto-steals-his-25th-base-of-the-season,raw_sources\MLB_776411_zach-neto-steals-his-25th-base-of-the-season_Zach_Neto_achieves_25-HR_25-SB_season_Zach_Neto_achieves_25-HR_25-SB_season_Zach_Neto_achieves_25-HR_25-SB_season_.mp4,2.600,9.600,,no,audit_checkpoint_002,193
764,Codex_Workstation,F_0829,dataset/fly_ball/Codex_Workstation/F_0829,4,needs_edit,clip_too_short,insufficient_post_contact_context,recover_source_and_recut_longer,annotated_contact_audio_confirmed,1.950,2.050,2.035,2.035,3.231,3.295,3.168,2.035,0.035,2.035,3.231,"[{""time"": 2.035, ""score"": 3.231, ""rms_ratio"": 3.295, ""diff_ratio"": 3.168}, {""time"": 2.145, ""score"": 2.619, ""rms_ratio"": 2.887, ""diff_ratio"": 2.375}, {""time"": 0.915, ""score"": 2.558, ""rms_ratio"": 2.593, ""diff_ratio"": 2.524}, {""time"": 6.405, ""score"": 2.468, ""rms_ratio"": 2.016, ""diff_ratio"": 3.021}, {""time"": 5.855, ""score"": 2.16, ""rms_ratio"": 2.273, ""diff_ratio"": 2.054}, {""time"": 2.275, ""score"": 2.134, ""rms_ratio"": 2.352, ""diff_ratio"": 1.936}, {""time"": 2.825, ""score"": 2.033, ""rms_ratio"": 1.089, ""diff_ratio"": 3.794}, {""time"": 0.405, ""score"": 1.917, ""rms_ratio"": 2.259, ""diff_ratio"": 1.628}, {""time"": 3.995, ""score"": 1.864, ""rms_ratio"": 1.69, ""diff_ratio"": 2.057}, {""time"": 6.615, ""score"": 1.862, ""rms_ratio"": 0.872, ""diff_ratio"": 3.467}, {""time"": 1.045, ""score"": 1.795, ""rms_ratio"": 1.585, ""diff_ratio"": 2.033}, {""time"": 0.595, ""score"": 1.726, ""rms_ratio"": 1.988, ""diff_ratio"": 1.497}, {""time"": 4.155, ""score"": 1.714, ""rms_ratio"": 1.675, ""diff_ratio"": 1.753}, {""time"": 2.965, ""score"": 1.689, ""rms_ratio"": 1.766, ""diff_ratio"": 1.616}]",7.007,ffprobe,7.019,2.035,4.972,fly,pending,medium,,,,"Royce Lewis' second two-run home run (12) Royce Lewis' second two-run home run (12) Royce Lewis' second two-run home run (12) Royce Lewis slugs a two-run home run to left field, his second homer of the game to give the Twins a 5-3 lead in the 5th inning",https://mlb-cuts-diamond.mlb.com/FORGE/2025/2025-09/08/2d517474-00fb5f00-a86cef8a-csvm-diamondgcp-asset_1280x720_59_4000K.mp4,MLB_776411_royce-lewis-homers-12-on-a-fly-ball-to-left-field-trevor-larnach-scor,raw_sources\MLB_776411_royce-lewis-homers-12-on-a-fly-ball-to-left-field-trevor-larnach-scor_Royce_Lewis_second_two-run_home_run_12_Royce_Lewis_second_two-run_home_run_12_Royce_Lewis.mp4,24.300,31.300,,no,audit_checkpoint_002,194
763,Codex_Workstation,F_0828,dataset/fly_ball/Codex_Workstation/F_0828,4,needs_edit,clip_too_short,insufficient_post_contact_context,recover_source_and_recut_longer,annotated_contact_audio_confirmed,1.950,2.050,2.055,2.055,7.996,4.711,13.571,2.055,0.055,2.055,7.996,"[{""time"": 2.055, ""score"": 7.996, ""rms_ratio"": 4.711, ""diff_ratio"": 13.571}, {""time"": 4.775, ""score"": 4.061, ""rms_ratio"": 1.74, ""diff_ratio"": 9.481}, {""time"": 3.805, ""score"": 3.742, ""rms_ratio"": 1.512, ""diff_ratio"": 9.256}, {""time"": 3.625, ""score"": 3.307, ""rms_ratio"": 4.568, ""diff_ratio"": 2.395}, {""time"": 4.045, ""score"": 3.152, ""rms_ratio"": 4.062, ""diff_ratio"": 2.446}, {""time"": 5.015, ""score"": 2.762, ""rms_ratio"": 3.934, ""diff_ratio"": 1.94}, {""time"": 1.425, ""score"": 2.68, ""rms_ratio"": 4.801, ""diff_ratio"": 1.496}, {""time"": 4.645, ""score"": 2.391, ""rms_ratio"": 2.692, ""diff_ratio"": 2.123}, {""time"": 4.405, ""score"": 2.385, ""rms_ratio"": 3.637, ""diff_ratio"": 1.564}, {""time"": 3.185, ""score"": 2.333, ""rms_ratio"": 1.195, ""diff_ratio"": 4.555}, {""time"": 0.175, ""score"": 2.219, ""rms_ratio"": 2.841, ""diff_ratio"": 1.733}, {""time"": 0.695, ""score"": 2.107, ""rms_ratio"": 2.025, ""diff_ratio"": 2.193}, {""time"": 5.325, ""score"": 2.06, ""rms_ratio"": 2.588, ""diff_ratio"": 1.64}, {""time"": 5.975, ""score"": 2.03, ""rms_ratio"": 2.649, ""diff_ratio"": 1.555}, {""time"": 6.605, ""score"": 1.936, ""rms_ratio"": 2.536, ""diff_ratio"": 1.478}, {""time"": 5.705, ""score"": 1.922, ""rms_ratio"": 1.869, ""diff_ratio"": 1.978}]",7.006,ffprobe,7.019,2.055,4.951,fly,pending,medium,,,,"Victor Mesa Jr. on hitting first HR on his birthday Victor Mesa Jr. on hitting first HR on his birthday Victor Mesa Jr. on hitting first HR on his birthday Victor Mesa Jr. on hitting first career home run on his 24th birthday, feeling a mix of emotions, wanting to help the team however he can",https://mlb-cuts-diamond.mlb.com/FORGE/2025/2025-09/08/3fe6d2d8-f9696c00-4b5d01c8-csvm-diamondgcp-asset_1280x720_59_4000K.mp4,MLB_776409_victor-mesa-jr-on-hitting-first-hr-on-his-birthday,raw_sources\MLB_776409_victor-mesa-jr-on-hitting-first-hr-on-his-birthday_Victor_Mesa_Jr._on_hitting_first_HR_on_his_birthday_Victor_Mesa_Jr._on_hitting_first_HR_on_his_birthday_Vict.mp4,5.580,12.580,,no,audit_checkpoint_002,195
762,Codex_Workstation,F_0827,dataset/fly_ball/Codex_Workstation/F_0827,4,needs_edit,clip_too_short,insufficient_post_contact_context,recover_source_and_recut_longer,annotated_contact_audio_confirmed,5.886,5.986,5.965,5.965,8.264,8.126,8.404,5.965,0.029,0.525,10.126,"[{""time"": 0.525, ""score"": 10.126, ""rms_ratio"": 8.56, ""diff_ratio"": 11.977}, {""time"": 6.925, ""score"": 9.426, ""rms_ratio"": 7.734, ""diff_ratio"": 11.488}, {""time"": 5.725, ""score"": 8.364, ""rms_ratio"": 8.001, ""diff_ratio"": 8.743}, {""time"": 5.965, ""score"": 8.264, ""rms_ratio"": 8.126, ""diff_ratio"": 8.404}, {""time"": 6.385, ""score"": 8.197, ""rms_ratio"": 6.748, ""diff_ratio"": 9.959}, {""time"": 4.675, ""score"": 6.939, ""rms_ratio"": 5.916, ""diff_ratio"": 8.14}, {""time"": 4.165, ""score"": 6.454, ""rms_ratio"": 5.411, ""diff_ratio"": 7.699}, {""time"": 4.385, ""score"": 6.075, ""rms_ratio"": 5.34, ""diff_ratio"": 6.912}, {""time"": 0.155, ""score"": 5.982, ""rms_ratio"": 5.066, ""diff_ratio"": 7.063}, {""time"": 6.545, ""score"": 5.964, ""rms_ratio"": 6.012, ""diff_ratio"": 5.915}, {""time"": 6.695, ""score"": 5.936, ""rms_ratio"": 2.574, ""diff_ratio"": 13.687}, {""time"": 4.825, ""score"": 5.836, ""rms_ratio"": 6.428, ""diff_ratio"": 5.299}, {""time"": 2.665, ""score"": 5.595, ""rms_ratio"": 5.364, ""diff_ratio"": 5.837}, {""time"": 3.945, ""score"": 5.501, ""rms_ratio"": 5.226, ""diff_ratio"": 5.791}, {""time"": 2.415, ""score"": 5.476, ""rms_ratio"": 4.816, ""diff_ratio"": 6.226}, {""time"": 6.145, ""score"": 5.271, ""rms_ratio"": 1.856, ""diff_ratio"": 14.971}]",7.006,ffprobe,7.019,5.965,1.041,fly,pending,medium,,,,"Paul DeJong's sacrifice fly Paul DeJong's sacrifice fly Paul DeJong's sacrifice fly Paul DeJong hits a sacrifice fly to center field, scoring Daylen Lile to extend the Nationals' lead to 5-1",https://mlb-cuts-diamond.mlb.com/FORGE/2025/2025-09/08/6504f306-f3c1e0a1-cd5c3247-csvm-diamondgcp-asset-4000K.mp4,MLB_776409_paul-dejong-out-on-a-sacrifice-fly-to-center-fielder-jakob-marsee-day,raw_sources\MLB_776409_paul-dejong-out-on-a-sacrifice-fly-to-center-fielder-jakob-marsee-day_Paul_DeJong_s_sacrifice_fly_Paul_DeJong_s_sacrifice_fly_Paul_DeJong_s_sacrifice_fly_Paul_.mp4,17.424,24.424,,no,audit_checkpoint_002,196
761,Codex_Workstation,F_0826,dataset/fly_ball/Codex_Workstation/F_0826,4,needs_edit,clip_too_short,insufficient_post_contact_context,recover_source_and_recut_longer,annotated_contact_audio_confirmed,1.950,2.050,2.015,2.015,12.643,6.788,23.549,2.015,0.015,2.015,12.643,"[{""time"": 2.015, ""score"": 12.643, ""rms_ratio"": 6.788, ""diff_ratio"": 23.549}, {""time"": 3.685, ""score"": 3.713, ""rms_ratio"": 3.178, ""diff_ratio"": 4.339}, {""time"": 3.915, ""score"": 2.968, ""rms_ratio"": 2.629, ""diff_ratio"": 3.352}, {""time"": 4.505, ""score"": 2.929, ""rms_ratio"": 3.09, ""diff_ratio"": 2.776}, {""time"": 4.685, ""score"": 2.91, ""rms_ratio"": 1.466, ""diff_ratio"": 5.776}, {""time"": 5.905, ""score"": 2.795, ""rms_ratio"": 1.562, ""diff_ratio"": 5.003}, {""time"": 3.035, ""score"": 2.771, ""rms_ratio"": 2.503, ""diff_ratio"": 3.069}, {""time"": 5.435, ""score"": 2.646, ""rms_ratio"": 2.063, ""diff_ratio"": 3.393}, {""time"": 5.325, ""score"": 2.598, ""rms_ratio"": 2.145, ""diff_ratio"": 3.146}, {""time"": 4.845, ""score"": 2.501, ""rms_ratio"": 2.549, ""diff_ratio"": 2.454}, {""time"": 4.155, ""score"": 2.492, ""rms_ratio"": 2.393, ""diff_ratio"": 2.595}, {""time"": 3.165, ""score"": 2.355, ""rms_ratio"": 2.108, ""diff_ratio"": 2.63}, {""time"": 5.545, ""score"": 2.289, ""rms_ratio"": 2.055, ""diff_ratio"": 2.55}, {""time"": 0.225, ""score"": 2.256, ""rms_ratio"": 2.065, ""diff_ratio"": 2.465}, {""time"": 2.855, ""score"": 2.226, ""rms_ratio"": 2.651, ""diff_ratio"": 1.869}, {""time"": 2.675, ""score"": 2.141, ""rms_ratio"": 2.361, ""diff_ratio"": 1.94}]",6.139,ffprobe,6.101,2.015,4.124,fly,pending,medium,,,,Nationals score six runs in the 5th inning Nationals score six runs in the 5th inning Nationals score six runs in the 5th inning Nationals scored six total runs behind a three-run home run from Dylan Crews and RBI singles from Riley Adams and Josh Bell in the 5th inning,https://mlb-cuts-diamond.mlb.com/FORGE/2025/2025-09/08/450caac2-85de5166-b8291c46-csvm-diamondgcp-asset_1280x720_59_4000K.mp4,MLB_776409_nationals-score-six-runs-in-the-5th-inning,raw_sources\MLB_776409_nationals-score-six-runs-in-the-5th-inning_Nationals_score_six_runs_in_the_5th_inning_Nationals_score_six_runs_in_the_5th_inning_Nationals_score_six_runs_in_th.mp4,11.060,18.060,,no,audit_checkpoint_002,197
760,Codex_Workstation,F_0825,dataset/fly_ball/Codex_Workstation/F_0825,4,needs_edit,clip_too_short,insufficient_post_contact_context,recover_source_and_recut_longer,annotated_contact_audio_confirmed,1.950,2.050,2.055,2.055,6.021,6.468,5.605,2.055,0.055,2.055,6.021,"[{""time"": 2.055, ""score"": 6.021, ""rms_ratio"": 6.468, ""diff_ratio"": 5.605}, {""time"": 2.465, ""score"": 4.036, ""rms_ratio"": 1.236, ""diff_ratio"": 13.179}, {""time"": 4.735, ""score"": 3.594, ""rms_ratio"": 4.501, ""diff_ratio"": 2.87}, {""time"": 0.625, ""score"": 3.46, ""rms_ratio"": 2.893, ""diff_ratio"": 4.137}, {""time"": 4.975, ""score"": 3.446, ""rms_ratio"": 1.197, ""diff_ratio"": 9.922}, {""time"": 4.615, ""score"": 3.311, ""rms_ratio"": 4.451, ""diff_ratio"": 2.463}, {""time"": 3.355, ""score"": 3.287, ""rms_ratio"": 4.336, ""diff_ratio"": 2.491}, {""time"": 6.495, ""score"": 3.234, ""rms_ratio"": 4.454, ""diff_ratio"": 2.348}, {""time"": 0.455, ""score"": 3.234, ""rms_ratio"": 2.691, ""diff_ratio"": 3.885}, {""time"": 0.875, ""score"": 3.163, ""rms_ratio"": 2.068, ""diff_ratio"": 4.839}, {""time"": 0.765, ""score"": 3.144, ""rms_ratio"": 2.738, ""diff_ratio"": 3.611}, {""time"": 2.195, ""score"": 2.789, ""rms_ratio"": 3.135, ""diff_ratio"": 2.481}, {""time"": 1.855, ""score"": 2.665, ""rms_ratio"": 1.694, ""diff_ratio"": 4.193}, {""time"": 0.975, ""score"": 2.617, ""rms_ratio"": 1.519, ""diff_ratio"": 4.509}, {""time"": 0.295, ""score"": 2.43, ""rms_ratio"": 1.649, ""diff_ratio"": 3.58}, {""time"": 2.575, ""score"": 2.259, ""rms_ratio"": 0.62, ""diff_ratio"": 5.105}]",7.007,ffprobe,7.019,2.055,4.952,fly,pending,medium,,,,"Rob Thomson on Kyle Schwarber reaching 50 homers Rob Thomson on Kyle Schwarber reaching 50 homers Rob Thomson on Kyle Schwarber reaching 50 homers Rob Thomson discusses Kyle Schwarber reaching 50 homers in the win over the Mets, Ranger Suárez's fantastic outing and more",https://mlb-cuts-diamond.mlb.com/FORGE/2025/2025-09/09/05394e66-e3d74364-30d58b84-csvm-diamondgcp-asset_1280x720_59_4000K.mp4,MLB_776404_rob-thomson-on-kyle-schwarber-reaching-50-homers,raw_sources\MLB_776404_rob-thomson-on-kyle-schwarber-reaching-50-homers_Rob_Thomson_on_Kyle_Schwarber_reaching_50_homers_Rob_Thomson_on_Kyle_Schwarber_reaching_50_homers_Rob_Thomson_.mp4,0.080,7.080,,no,audit_checkpoint_002,198
759,Codex_Workstation,F_0824,dataset/fly_ball/Codex_Workstation/F_0824,4,needs_edit,contact_timestamp_wrong,contact_timestamp_wrong;insufficient_post_contact_context,retime_from_local_audio_candidate;qwen_confirm_visual_contact_near_candidate;recover_source_and_recut_longer,likely_contact_timestamp_wrong,1.950,2.050,2.975,2.075,1.736,1.761,1.712,2.225,0.225,0.205,3.769,"[{""time"": 0.205, ""score"": 3.769, ""rms_ratio"": 1.801, ""diff_ratio"": 7.89}, {""time"": 3.945, ""score"": 2.874, ""rms_ratio"": 1.361, ""diff_ratio"": 6.071}, {""time"": 3.435, ""score"": 2.597, ""rms_ratio"": 1.298, ""diff_ratio"": 5.195}, {""time"": 2.975, ""score"": 2.584, ""rms_ratio"": 1.202, ""diff_ratio"": 5.555}, {""time"": 4.615, ""score"": 2.567, ""rms_ratio"": 1.204, ""diff_ratio"": 5.47}, {""time"": 0.665, ""score"": 2.424, ""rms_ratio"": 1.163, ""diff_ratio"": 5.052}, {""time"": 6.195, ""score"": 2.406, ""rms_ratio"": 1.19, ""diff_ratio"": 4.862}, {""time"": 0.785, ""score"": 1.962, ""rms_ratio"": 2.236, ""diff_ratio"": 1.72}, {""time"": 1.375, ""score"": 1.959, ""rms_ratio"": 2.061, ""diff_ratio"": 1.862}, {""time"": 2.715, ""score"": 1.944, ""rms_ratio"": 1.83, ""diff_ratio"": 2.066}, {""time"": 1.605, ""score"": 1.916, ""rms_ratio"": 2.486, ""diff_ratio"": 1.477}, {""time"": 5.035, ""score"": 1.91, ""rms_ratio"": 1.907, ""diff_ratio"": 1.912}, {""time"": 6.465, ""score"": 1.888, ""rms_ratio"": 1.607, ""diff_ratio"": 2.218}, {""time"": 2.225, ""score"": 1.883, ""rms_ratio"": 0.939, ""diff_ratio"": 3.547}, {""time"": 4.785, ""score"": 1.855, ""rms_ratio"": 1.439, ""diff_ratio"": 2.392}, {""time"": 0.435, ""score"": 1.852, ""rms_ratio"": 1.84, ""diff_ratio"": 1.864}]",7.006,ffprobe,7.019,2.975,4.031,fly,pending,medium,,,,"Juan Soto joins 30-30 club with stolen base Juan Soto joins 30-30 club with stolen base Juan Soto joins 30-30 club with stolen base Juan Soto reaches the 30 home run, 30 stolen base club for the first time in his career with a swipe in the top of the 8th inning",https://mlb-cuts-diamond.mlb.com/FORGE/2025/2025-09/09/d11985c0-2d64874b-c5bc3042-csvm-diamondgcp-asset_1280x720_59_4000K.mp4,MLB_776404_juan-soto-joins-30-30-club,raw_sources\MLB_776404_juan-soto-joins-30-30-club_Juan_Soto_joins_30-30_club_with_stolen_base_Juan_Soto_joins_30-30_club_with_stolen_base_Juan_Soto_joins_30-30_club_with_stolen_base_.mp4,6.860,13.860,,no,audit_checkpoint_002,199
758,Codex_Workstation,F_0821,dataset/fly_ball/Codex_Workstation/F_0821,4,needs_edit,contact_timestamp_wrong,contact_timestamp_wrong,retime_from_local_audio_candidate;qwen_confirm_visual_contact_near_candidate,likely_contact_timestamp_wrong,1.950,2.050,1.625,2.025,1.732,2.501,1.200,2.025,0.025,3.295,2.628,"[{""time"": 3.295, ""score"": 2.628, ""rms_ratio"": 1.599, ""diff_ratio"": 4.321}, {""time"": 1.285, ""score"": 2.561, ""rms_ratio"": 1.328, ""diff_ratio"": 4.939}, {""time"": 3.105, ""score"": 2.25, ""rms_ratio"": 1.099, ""diff_ratio"": 4.605}, {""time"": 1.625, ""score"": 2.223, ""rms_ratio"": 2.09, ""diff_ratio"": 2.365}, {""time"": 2.195, ""score"": 1.964, ""rms_ratio"": 1.425, ""diff_ratio"": 2.706}, {""time"": 2.905, ""score"": 1.944, ""rms_ratio"": 2.134, ""diff_ratio"": 1.772}, {""time"": 6.535, ""score"": 1.845, ""rms_ratio"": 1.653, ""diff_ratio"": 2.06}, {""time"": 0.125, ""score"": 1.827, ""rms_ratio"": 1.486, ""diff_ratio"": 2.247}, {""time"": 1.385, ""score"": 1.822, ""rms_ratio"": 1.986, ""diff_ratio"": 1.672}, {""time"": 3.935, ""score"": 1.784, ""rms_ratio"": 1.39, ""diff_ratio"": 2.29}, {""time"": 3.665, ""score"": 1.783, ""rms_ratio"": 1.421, ""diff_ratio"": 2.237}, {""time"": 4.545, ""score"": 1.759, ""rms_ratio"": 1.812, ""diff_ratio"": 1.707}, {""time"": 2.025, ""score"": 1.732, ""rms_ratio"": 2.501, ""diff_ratio"": 1.2}, {""time"": 3.435, ""score"": 1.711, ""rms_ratio"": 1.684, ""diff_ratio"": 1.739}, {""time"": 4.925, ""score"": 1.711, ""rms_ratio"": 1.568, ""diff_ratio"": 1.867}, {""time"": 0.885, ""score"": 1.706, ""rms_ratio"": 1.813, ""diff_ratio"": 1.605}]",7.006,ffprobe,7.019,1.625,5.381,line_drive,pending,medium,,,,Tommy Pham's solo homer (9) Tommy Pham's solo homer (9) Tommy Pham's solo homer (9) Tommy Pham hits a game-tying solo home run to left-center field in the top of the 9th inning to knot the game at 2,https://mlb-cuts-diamond.mlb.com/FORGE/2025/2025-09/09/ede79980-c769db18-746cfc3f-csvm-diamondgcp-asset_1280x720_59_4000K.mp4,MLB_776401_tommy-pham-homers-9-on-a-line-drive-to-left-center-field,raw_sources\MLB_776401_tommy-pham-homers-9-on-a-line-drive-to-left-center-field_Tommy_Pham_s_solo_homer_9_Tommy_Pham_s_solo_homer_9_Tommy_Pham_s_solo_homer_9_Tommy_Pham_hits_a_game-t.mp4,6.460,13.460,,no,audit_checkpoint_002,200
757,Codex_Workstation,F_0820,dataset/fly_ball/Codex_Workstation/F_0820,4,needs_edit,clip_too_short,insufficient_post_contact_context,recover_source_and_recut_longer,annotated_contact_audio_confirmed,1.950,2.050,1.975,1.975,4.157,2.047,8.439,1.975,0.025,6.105,4.877,"[{""time"": 6.105, ""score"": 4.877, ""rms_ratio"": 1.81, ""diff_ratio"": 13.144}, {""time"": 1.755, ""score"": 4.253, ""rms_ratio"": 1.7, ""diff_ratio"": 10.639}, {""time"": 1.975, ""score"": 4.157, ""rms_ratio"": 2.047, ""diff_ratio"": 8.439}, {""time"": 1.235, ""score"": 4.078, ""rms_ratio"": 3.172, ""diff_ratio"": 5.242}, {""time"": 2.745, ""score"": 2.735, ""rms_ratio"": 3.105, ""diff_ratio"": 2.409}, {""time"": 1.365, ""score"": 2.622, ""rms_ratio"": 2.89, ""diff_ratio"": 2.379}, {""time"": 1.105, ""score"": 2.548, ""rms_ratio"": 1.703, ""diff_ratio"": 3.811}, {""time"": 1.565, ""score"": 2.507, ""rms_ratio"": 2.085, ""diff_ratio"": 3.015}, {""time"": 5.665, ""score"": 2.44, ""rms_ratio"": 0.582, ""diff_ratio"": 5.956}, {""time"": 3.445, ""score"": 2.412, ""rms_ratio"": 1.977, ""diff_ratio"": 2.943}, {""time"": 3.135, ""score"": 2.355, ""rms_ratio"": 2.526, ""diff_ratio"": 2.195}, {""time"": 4.495, ""score"": 2.347, ""rms_ratio"": 2.076, ""diff_ratio"": 2.653}, {""time"": 4.705, ""score"": 2.298, ""rms_ratio"": 1.984, ""diff_ratio"": 2.661}, {""time"": 5.355, ""score"": 2.293, ""rms_ratio"": 1.962, ""diff_ratio"": 2.679}, {""time"": 5.935, ""score"": 2.286, ""rms_ratio"": 0.796, ""diff_ratio"": 5.224}, {""time"": 2.215, ""score"": 2.284, ""rms_ratio"": 2.585, ""diff_ratio"": 2.019}]",7.007,ffprobe,7.019,1.975,5.032,fly,pending,medium,,,,"Clayton McCullough on Bell's early homer, Mazur Clayton McCullough on Bell's early homer, Mazur Clayton McCullough on Bell's early homer, Mazur Clayton McCullough discusses Josh Bell's early home run in the 1st inning and Adam Mazur's start following a 7-5 loss against the Nationals",https://mlb-cuts-diamond.mlb.com/FORGE/2025/2025-09/09/11dff2eb-3a658c5a-f9b9f63d-csvm-diamondgcp-asset_1280x720_59_4000K.mp4,MLB_776397_clayton-mccullough-on-bell-s-early-homer-mazur,raw_sources\MLB_776397_clayton-mccullough-on-bell-s-early-homer-mazur_Clayton_McCullough_on_Bell_s_early_homer_Mazur_Clayton_McCullough_on_Bell_s_early_homer_Mazur_Clayton_McCullough.mp4,0.980,7.980,,no,audit_checkpoint_002,201
756,Codex_Workstation,F_0819,dataset/fly_ball/Codex_Workstation/F_0819,4,needs_edit,clip_too_short,insufficient_post_contact_context,recover_source_and_recut_longer,annotated_contact_audio_confirmed,1.950,2.050,2.025,2.025,5.744,5.514,5.983,2.025,0.025,1.565,6.254,"[{""time"": 1.565, ""score"": 6.254, ""rms_ratio"": 4.549, ""diff_ratio"": 8.599}, {""time"": 2.025, ""score"": 5.744, ""rms_ratio"": 5.514, ""diff_ratio"": 5.983}, {""time"": 2.295, ""score"": 5.385, ""rms_ratio"": 6.211, ""diff_ratio"": 4.67}, {""time"": 2.725, ""score"": 5.329, ""rms_ratio"": 2.686, ""diff_ratio"": 10.573}, {""time"": 6.285, ""score"": 4.49, ""rms_ratio"": 2.146, ""diff_ratio"": 9.394}, {""time"": 1.305, ""score"": 4.245, ""rms_ratio"": 2.078, ""diff_ratio"": 8.675}, {""time"": 1.115, ""score"": 3.988, ""rms_ratio"": 1.987, ""diff_ratio"": 8.001}, {""time"": 1.835, ""score"": 3.971, ""rms_ratio"": 3.712, ""diff_ratio"": 4.249}, {""time"": 4.345, ""score"": 3.967, ""rms_ratio"": 3.554, ""diff_ratio"": 4.428}, {""time"": 2.965, ""score"": 3.953, ""rms_ratio"": 3.606, ""diff_ratio"": 4.335}, {""time"": 0.815, ""score"": 3.893, ""rms_ratio"": 3.039, ""diff_ratio"": 4.987}, {""time"": 0.995, ""score"": 3.842, ""rms_ratio"": 3.69, ""diff_ratio"": 4.0}, {""time"": 5.285, ""score"": 3.812, ""rms_ratio"": 1.889, ""diff_ratio"": 7.689}, {""time"": 5.055, ""score"": 3.75, ""rms_ratio"": 4.583, ""diff_ratio"": 3.069}, {""time"": 2.835, ""score"": 3.735, ""rms_ratio"": 2.974, ""diff_ratio"": 4.69}, {""time"": 5.685, ""score"": 3.603, ""rms_ratio"": 5.05, ""diff_ratio"": 2.571}]",7.006,ffprobe,7.019,2.025,4.981,fly,pending,medium,,,,Jacob Young's sac fly Jacob Young's sac fly Jacob Young's sac fly Jacob Young lifts a sacrifice fly to center field to plate Jorge Alfaro and extend the Nationals' lead to 4-1 in the top of the 4th,https://mlb-cuts-diamond.mlb.com/FORGE/2025/2025-09/09/97455f29-42ff53bb-5e44927b-csvm-diamondgcp-asset_1280x720_59_4000K.mp4,MLB_776397_adam-mazur-in-play-run-s-to-jacob-young-me5u1p,raw_sources\MLB_776397_adam-mazur-in-play-run-s-to-jacob-young-me5u1p_Jacob_Young_s_sac_fly_Jacob_Young_s_sac_fly_Jacob_Young_s_sac_fly_Jacob_Young_lifts_a_sacrifice_fly_to_center_fi.mp4,7.380,14.380,,no,audit_checkpoint_002,202
755,Codex_Workstation,F_0818,dataset/fly_ball/Codex_Workstation/F_0818,4,needs_edit,clip_too_short,insufficient_post_contact_context,recover_source_and_recut_longer,annotated_contact_audio_confirmed,1.950,2.050,2.035,2.035,3.568,3.918,3.248,2.035,0.035,2.975,3.795,"[{""time"": 2.975, ""score"": 3.795, ""rms_ratio"": 2.737, ""diff_ratio"": 5.26}, {""time"": 2.035, ""score"": 3.568, ""rms_ratio"": 3.918, ""diff_ratio"": 3.248}, {""time"": 3.255, ""score"": 3.428, ""rms_ratio"": 1.923, ""diff_ratio"": 6.111}, {""time"": 1.835, ""score"": 2.844, ""rms_ratio"": 2.516, ""diff_ratio"": 3.216}, {""time"": 1.135, ""score"": 2.666, ""rms_ratio"": 3.092, ""diff_ratio"": 2.299}, {""time"": 0.425, ""score"": 2.612, ""rms_ratio"": 2.636, ""diff_ratio"": 2.589}, {""time"": 0.005, ""score"": 2.445, ""rms_ratio"": 2.357, ""diff_ratio"": 2.536}, {""time"": 1.505, ""score"": 2.403, ""rms_ratio"": 2.685, ""diff_ratio"": 2.151}, {""time"": 2.365, ""score"": 1.908, ""rms_ratio"": 1.929, ""diff_ratio"": 1.887}, {""time"": 1.275, ""score"": 1.906, ""rms_ratio"": 1.994, ""diff_ratio"": 1.822}, {""time"": 0.595, ""score"": 1.793, ""rms_ratio"": 1.951, ""diff_ratio"": 1.648}, {""time"": 0.325, ""score"": 1.749, ""rms_ratio"": 1.498, ""diff_ratio"": 2.041}, {""time"": 0.205, ""score"": 1.742, ""rms_ratio"": 1.535, ""diff_ratio"": 1.977}, {""time"": 1.375, ""score"": 1.694, ""rms_ratio"": 1.762, ""diff_ratio"": 1.629}, {""time"": 0.715, ""score"": 1.663, ""rms_ratio"": 1.827, ""diff_ratio"": 1.513}]",7.006,ffprobe,7.019,2.035,4.971,fly,pending,medium,,,,"Kyle Manzardo's two-run home run (26)  Kyle Manzardo's two-run home run (26)  Kyle Manzardo's two-run home run (26)  Kyle Manzardo hits a home run to right field, scoring George Valera and giving the Guardians a 2-1 lead in the 1st",https://mlb-cuts-diamond.mlb.com/FORGE/2025/2025-09/10/e51aba4a-f3e8fa91-5b1c24d4-csvm-diamondgcp-asset_1280x720_59_4000K.mp4,MLB_776382_kyle-manzardo-homers-26-on-a-fly-ball-to-right-field-george-valera-sc,raw_sources\MLB_776382_kyle-manzardo-homers-26-on-a-fly-ball-to-right-field-george-valera-sc_Kyle_Manzardo_s_two-run_home_run_26_Kyle_Manzardo_s_two-run_home_run_26_Kyle_Manzardo_s_t.mp4,5.360,12.360,,no,audit_checkpoint_002,203
754,Codex_Workstation,F_0816,dataset/fly_ball/Codex_Workstation/F_0816,4,needs_edit,contact_timestamp_wrong,contact_timestamp_wrong;insufficient_pre_contact_context,retime_from_local_audio_candidate;qwen_confirm_visual_contact_near_candidate;recover_source_and_recut_longer,likely_contact_timestamp_wrong,1.950,2.050,0.555,2.035,1.892,2.214,1.616,2.035,0.035,0.555,2.086,"[{""time"": 0.555, ""score"": 2.086, ""rms_ratio"": 1.919, ""diff_ratio"": 2.267}, {""time"": 2.035, ""score"": 1.892, ""rms_ratio"": 2.214, ""diff_ratio"": 1.616}, {""time"": 4.455, ""score"": 1.865, ""rms_ratio"": 1.12, ""diff_ratio"": 3.106}, {""time"": 1.535, ""score"": 1.833, ""rms_ratio"": 1.709, ""diff_ratio"": 1.967}, {""time"": 1.405, ""score"": 1.826, ""rms_ratio"": 2.005, ""diff_ratio"": 1.663}, {""time"": 1.735, ""score"": 1.801, ""rms_ratio"": 1.091, ""diff_ratio"": 2.975}, {""time"": 0.005, ""score"": 1.751, ""rms_ratio"": 1.895, ""diff_ratio"": 1.618}, {""time"": 4.885, ""score"": 1.736, ""rms_ratio"": 1.539, ""diff_ratio"": 1.958}, {""time"": 0.325, ""score"": 1.717, ""rms_ratio"": 1.683, ""diff_ratio"": 1.752}, {""time"": 0.715, ""score"": 1.693, ""rms_ratio"": 1.724, ""diff_ratio"": 1.662}, {""time"": 3.625, ""score"": 1.676, ""rms_ratio"": 1.046, ""diff_ratio"": 2.685}]",7.007,ffprobe,7.019,0.555,6.452,line_drive,pending,medium,,,,"Jackson Chourio's solo home run (20) Jackson Chourio's solo home run (20) Jackson Chourio's solo home run (20) Jackson Chourio lines a solo home run to left-center field, extending the Brewers' lead to 2-0 in the top of the 1st inning",https://mlb-cuts-diamond.mlb.com/FORGE/2025/2025-09/10/9e1239f3-3e7352c5-7d76769b-csvm-diamondgcp-asset_1280x720_59_4000K.mp4,MLB_776375_jackson-chourio-homers-20-on-a-line-drive-to-left-center-field,raw_sources\MLB_776375_jackson-chourio-homers-20-on-a-line-drive-to-left-center-field_Jackson_Chourio_s_solo_home_run_20_Jackson_Chourio_s_solo_home_run_20_Jackson_Chourio_s_solo_hom.mp4,5.400,12.400,,no,audit_checkpoint_002,204
753,Codex_Workstation,F_0815,dataset/fly_ball/Codex_Workstation/F_0815,4,needs_edit,clip_too_short,insufficient_post_contact_context,recover_source_and_recut_longer,annotated_contact_audio_confirmed,1.950,2.050,2.005,2.005,2.215,1.271,3.858,2.005,0.005,6.125,2.811,"[{""time"": 6.125, ""score"": 2.811, ""rms_ratio"": 1.667, ""diff_ratio"": 4.739}, {""time"": 5.915, ""score"": 2.46, ""rms_ratio"": 1.587, ""diff_ratio"": 3.813}, {""time"": 1.815, ""score"": 2.369, ""rms_ratio"": 1.316, ""diff_ratio"": 4.265}, {""time"": 0.015, ""score"": 2.241, ""rms_ratio"": 1.305, ""diff_ratio"": 3.848}, {""time"": 2.005, ""score"": 2.215, ""rms_ratio"": 1.271, ""diff_ratio"": 3.858}, {""time"": 0.755, ""score"": 2.183, ""rms_ratio"": 1.299, ""diff_ratio"": 3.667}, {""time"": 1.465, ""score"": 2.046, ""rms_ratio"": 1.954, ""diff_ratio"": 2.142}, {""time"": 6.295, ""score"": 1.981, ""rms_ratio"": 1.299, ""diff_ratio"": 3.023}, {""time"": 6.655, ""score"": 1.908, ""rms_ratio"": 1.663, ""diff_ratio"": 2.188}, {""time"": 5.805, ""score"": 1.861, ""rms_ratio"": 2.084, ""diff_ratio"": 1.663}, {""time"": 2.355, ""score"": 1.858, ""rms_ratio"": 1.676, ""diff_ratio"": 2.06}, {""time"": 1.345, ""score"": 1.851, ""rms_ratio"": 1.775, ""diff_ratio"": 1.931}, {""time"": 5.225, ""score"": 1.824, ""rms_ratio"": 1.539, ""diff_ratio"": 2.161}, {""time"": 4.585, ""score"": 1.812, ""rms_ratio"": 1.723, ""diff_ratio"": 1.906}, {""time"": 0.465, ""score"": 1.786, ""rms_ratio"": 1.949, ""diff_ratio"": 1.637}, {""time"": 0.625, ""score"": 1.764, ""rms_ratio"": 0.945, ""diff_ratio"": 3.112}]",7.007,ffprobe,7.019,2.005,5.002,fly,pending,medium,,,,"Jake Burger's solo home run (15) Jake Burger's solo home run (15) Jake Burger's solo home run (15) Jake Burger crushes a solo home run to center field, trimming the Rangers' deficit to 2-1 in the bottom of the 2nd inning",https://mlb-cuts-diamond.mlb.com/FORGE/2025/2025-09/10/039be500-ed12ad73-51e5d567-csvm-diamondgcp-asset_1280x720_59_4000K.mp4,MLB_776375_freddy-peralta-in-play-run-s-to-jake-burger,raw_sources\MLB_776375_freddy-peralta-in-play-run-s-to-jake-burger_Jake_Burger_s_solo_home_run_15_Jake_Burger_s_solo_home_run_15_Jake_Burger_s_solo_home_run_15_Jake_Burger_crushes_a_.mp4,15.360,22.360,,no,audit_checkpoint_002,205
752,Codex_Workstation,F_0813,dataset/fly_ball/Codex_Workstation/F_0813,4,needs_edit,clip_too_short,insufficient_post_contact_context,recover_source_and_recut_longer,annotated_contact_audio_confirmed,1.950,2.050,2.035,2.035,2.527,2.973,2.148,2.035,0.035,2.035,2.527,"[{""time"": 2.035, ""score"": 2.527, ""rms_ratio"": 2.973, ""diff_ratio"": 2.148}, {""time"": 2.285, ""score"": 2.298, ""rms_ratio"": 2.609, ""diff_ratio"": 2.025}, {""time"": 2.505, ""score"": 2.218, ""rms_ratio"": 2.483, ""diff_ratio"": 1.98}, {""time"": 1.935, ""score"": 2.149, ""rms_ratio"": 2.258, ""diff_ratio"": 2.045}, {""time"": 1.615, ""score"": 2.085, ""rms_ratio"": 2.508, ""diff_ratio"": 1.734}, {""time"": 1.715, ""score"": 2.077, ""rms_ratio"": 2.271, ""diff_ratio"": 1.9}, {""time"": 1.495, ""score"": 2.024, ""rms_ratio"": 2.109, ""diff_ratio"": 1.943}, {""time"": 2.635, ""score"": 2.006, ""rms_ratio"": 2.343, ""diff_ratio"": 1.717}, {""time"": 1.815, ""score"": 1.999, ""rms_ratio"": 1.946, ""diff_ratio"": 2.053}, {""time"": 2.165, ""score"": 1.956, ""rms_ratio"": 2.222, ""diff_ratio"": 1.721}, {""time"": 1.395, ""score"": 1.88, ""rms_ratio"": 2.101, ""diff_ratio"": 1.681}, {""time"": 3.025, ""score"": 1.8, ""rms_ratio"": 2.004, ""diff_ratio"": 1.616}, {""time"": 2.825, ""score"": 1.775, ""rms_ratio"": 2.015, ""diff_ratio"": 1.565}, {""time"": 3.495, ""score"": 1.693, ""rms_ratio"": 1.691, ""diff_ratio"": 1.695}, {""time"": 3.235, ""score"": 1.684, ""rms_ratio"": 1.967, ""diff_ratio"": 1.441}]",7.006,ffprobe,7.019,2.035,4.971,fly,pending,medium,,,,Field View: Alexander Canario's home run Field View: Alexander Canario's home run Field View: Alexander Canario's home run Watch this unique angle of Alexander Canario's solo home run in the 3rd inning against the Orioles,https://mlb-cuts-diamond.mlb.com/FORGE/2025/2025-09/11/905edd8d-a35d13db-bd0b221b-csvm-diamondgcp-asset_1280x720_59_4000K.mp4,MLB_776372_field-view-alexander-canario-s-home-run,raw_sources\MLB_776372_field-view-alexander-canario-s-home-run_Field_View_Alexander_Canario_s_home_run_Field_View_Alexander_Canario_s_home_run_Field_View_Alexander_Canario_s_home_run.mp4,5.840,12.840,,no,audit_checkpoint_002,206
751,Codex_Workstation,F_0812,dataset/fly_ball/Codex_Workstation/F_0812,4,needs_edit,clip_too_short,insufficient_post_contact_context,recover_source_and_recut_longer,annotated_contact_audio_confirmed,1.950,2.050,2.015,2.015,7.548,9.696,5.876,2.015,0.015,2.015,7.548,"[{""time"": 2.015, ""score"": 7.548, ""rms_ratio"": 9.696, ""diff_ratio"": 5.876}, {""time"": 2.925, ""score"": 5.468, ""rms_ratio"": 5.784, ""diff_ratio"": 5.17}, {""time"": 1.815, ""score"": 5.384, ""rms_ratio"": 2.801, ""diff_ratio"": 10.347}, {""time"": 4.795, ""score"": 4.594, ""rms_ratio"": 5.141, ""diff_ratio"": 4.104}, {""time"": 1.525, ""score"": 4.559, ""rms_ratio"": 3.948, ""diff_ratio"": 5.265}, {""time"": 2.625, ""score"": 4.514, ""rms_ratio"": 2.539, ""diff_ratio"": 8.025}, {""time"": 2.125, ""score"": 4.512, ""rms_ratio"": 6.615, ""diff_ratio"": 3.077}, {""time"": 6.165, ""score"": 3.91, ""rms_ratio"": 4.023, ""diff_ratio"": 3.801}, {""time"": 2.435, ""score"": 3.738, ""rms_ratio"": 1.919, ""diff_ratio"": 7.279}, {""time"": 4.285, ""score"": 3.445, ""rms_ratio"": 3.87, ""diff_ratio"": 3.066}, {""time"": 1.645, ""score"": 3.395, ""rms_ratio"": 3.559, ""diff_ratio"": 3.238}, {""time"": 6.025, ""score"": 3.115, ""rms_ratio"": 1.398, ""diff_ratio"": 6.939}, {""time"": 4.135, ""score"": 3.084, ""rms_ratio"": 3.812, ""diff_ratio"": 2.495}, {""time"": 4.915, ""score"": 2.632, ""rms_ratio"": 1.203, ""diff_ratio"": 5.757}, {""time"": 4.585, ""score"": 2.484, ""rms_ratio"": 1.212, ""diff_ratio"": 5.093}, {""time"": 3.075, ""score"": 2.405, ""rms_ratio"": 0.846, ""diff_ratio"": 5.784}]",7.006,ffprobe,7.019,2.015,4.991,fly,pending,medium,,,,"Stephen Vogt on playoff race, Kayfus' homer Stephen Vogt on playoff race, Kayfus' homer Stephen Vogt on playoff race, Kayfus' homer Stephen Vogt discusses the tension around a playoff race, facing Stephen Kolek and C.J. Kayfus' go-ahead home run following the Guardians' 3-2 win",https://mlb-cuts-diamond.mlb.com/FORGE/2025/2025-09/11/55b2166e-fd2d6ca3-9b306dc2-csvm-diamondgcp-asset_1280x720_59_4000K.mp4,MLB_776370_stephen-vogt-on-playoff-race-kolek-kayfus-homer,raw_sources\MLB_776370_stephen-vogt-on-playoff-race-kolek-kayfus-homer_Stephen_Vogt_on_playoff_race_Kayfus_homer_Stephen_Vogt_on_playoff_race_Kayfus_homer_Stephen_Vogt_on_playoff_rac.mp4,1.040,8.040,,no,audit_checkpoint_002,207
750,Codex_Workstation,F_0811,dataset/fly_ball/Codex_Workstation/F_0811,4,needs_edit,clip_too_short,insufficient_post_contact_context,recover_source_and_recut_longer,annotated_contact_audio_confirmed,1.950,2.050,2.015,2.015,4.377,3.463,5.531,2.015,0.015,2.015,4.377,"[{""time"": 2.015, ""score"": 4.377, ""rms_ratio"": 3.463, ""diff_ratio"": 5.531}, {""time"": 6.545, ""score"": 3.968, ""rms_ratio"": 2.182, ""diff_ratio"": 7.214}, {""time"": 6.735, ""score"": 3.478, ""rms_ratio"": 2.428, ""diff_ratio"": 4.981}, {""time"": 6.845, ""score"": 3.475, ""rms_ratio"": 1.833, ""diff_ratio"": 6.588}, {""time"": 5.325, ""score"": 3.371, ""rms_ratio"": 2.732, ""diff_ratio"": 4.16}, {""time"": 5.475, ""score"": 3.113, ""rms_ratio"": 2.311, ""diff_ratio"": 4.192}, {""time"": 5.895, ""score"": 2.927, ""rms_ratio"": 2.97, ""diff_ratio"": 2.885}, {""time"": 6.965, ""score"": 2.91, ""rms_ratio"": 1.608, ""diff_ratio"": 5.267}, {""time"": 1.315, ""score"": 2.806, ""rms_ratio"": 2.68, ""diff_ratio"": 2.938}, {""time"": 4.925, ""score"": 2.798, ""rms_ratio"": 2.608, ""diff_ratio"": 3.001}, {""time"": 4.675, ""score"": 2.643, ""rms_ratio"": 2.543, ""diff_ratio"": 2.747}, {""time"": 1.665, ""score"": 2.485, ""rms_ratio"": 2.567, ""diff_ratio"": 2.407}, {""time"": 5.175, ""score"": 2.477, ""rms_ratio"": 2.529, ""diff_ratio"": 2.426}, {""time"": 1.915, ""score"": 2.474, ""rms_ratio"": 1.653, ""diff_ratio"": 3.703}, {""time"": 4.125, ""score"": 2.432, ""rms_ratio"": 1.937, ""diff_ratio"": 3.052}, {""time"": 0.115, ""score"": 2.398, ""rms_ratio"": 2.231, ""diff_ratio"": 2.578}]",7.006,ffprobe,7.019,2.015,4.991,fly,pending,medium,,,,"Riley Greene's solo home run (34) Riley Greene's solo home run (34) Riley Greene's solo home run (34) Riley Greene hits a home run to center field in the top of the 4th inning, putting the Tigers on the board",https://mlb-cuts-diamond.mlb.com/FORGE/2025/2025-09/12/95a27c13-71beb4b1-56c9d0fb-csvm-diamondgcp-asset_1280x720_59_4000K.mp4,MLB_776366_riley-greene-homers-34-on-a-fly-ball-to-center-field,raw_sources\MLB_776366_riley-greene-homers-34-on-a-fly-ball-to-center-field_Riley_Greene_s_solo_home_run_34_Riley_Greene_s_solo_home_run_34_Riley_Greene_s_solo_home_run_34_Riley_Gree.mp4,12.480,19.480,,no,audit_checkpoint_002,208
749,Codex_Workstation,F_0810,dataset/fly_ball/Codex_Workstation/F_0810,4,needs_edit,contact_timestamp_wrong,contact_timestamp_wrong;insufficient_post_contact_context,retime_from_local_audio_candidate;qwen_confirm_visual_contact_near_candidate;recover_source_and_recut_longer,likely_contact_timestamp_wrong,1.950,2.050,1.755,1.925,1.521,2.150,1.076,1.755,0.245,1.755,2.140,"[{""time"": 1.755, ""score"": 2.14, ""rms_ratio"": 2.379, ""diff_ratio"": 1.926}]",7.007,ffprobe,7.019,1.755,5.252,fly,pending,medium,,,,Field View: Joey Weimer's three-run home run Field View: Joey Weimer's three-run home run Field View: Joey Weimer's three-run home run Check out this unique angle of Joey Weimer's three-run home run against the Tigers,https://mlb-cuts-diamond.mlb.com/FORGE/2025/2025-09/13/2afc3620-526021c8-4c7efe7f-csvm-diamondgcp-asset_1280x720_59_4000K.mp4,MLB_776366_field-view-joey-weimer-s-three-run-home-run,raw_sources\MLB_776366_field-view-joey-weimer-s-three-run-home-run_Field_View_Joey_Weimer_s_three-run_home_run_Field_View_Joey_Weimer_s_three-run_home_run_Field_View_Joey_Weimer_s_th.mp4,10.840,17.840,,no,audit_checkpoint_002,209
748,Codex_Workstation,F_0809,dataset/fly_ball/Codex_Workstation/F_0809,4,needs_edit,clip_too_short,insufficient_post_contact_context,recover_source_and_recut_longer,annotated_contact_audio_confirmed,1.950,2.050,2.015,2.015,4.882,5.277,4.518,2.015,0.015,1.665,5.284,"[{""time"": 1.665, ""score"": 5.284, ""rms_ratio"": 3.937, ""diff_ratio"": 7.092}, {""time"": 2.485, ""score"": 5.215, ""rms_ratio"": 3.755, ""diff_ratio"": 7.243}, {""time"": 2.015, ""score"": 4.882, ""rms_ratio"": 5.277, ""diff_ratio"": 4.518}, {""time"": 4.425, ""score"": 3.473, ""rms_ratio"": 2.559, ""diff_ratio"": 4.713}, {""time"": 3.385, ""score"": 3.443, ""rms_ratio"": 2.905, ""diff_ratio"": 4.079}, {""time"": 0.135, ""score"": 3.208, ""rms_ratio"": 2.569, ""diff_ratio"": 4.006}, {""time"": 2.285, ""score"": 3.187, ""rms_ratio"": 2.769, ""diff_ratio"": 3.669}, {""time"": 5.115, ""score"": 3.109, ""rms_ratio"": 2.499, ""diff_ratio"": 3.869}, {""time"": 2.795, ""score"": 3.035, ""rms_ratio"": 2.202, ""diff_ratio"": 4.181}, {""time"": 0.285, ""score"": 2.963, ""rms_ratio"": 2.717, ""diff_ratio"": 3.231}, {""time"": 1.785, ""score"": 2.899, ""rms_ratio"": 2.979, ""diff_ratio"": 2.821}, {""time"": 5.005, ""score"": 2.847, ""rms_ratio"": 2.02, ""diff_ratio"": 4.012}, {""time"": 3.255, ""score"": 2.729, ""rms_ratio"": 2.429, ""diff_ratio"": 3.066}, {""time"": 0.455, ""score"": 2.674, ""rms_ratio"": 2.374, ""diff_ratio"": 3.012}, {""time"": 3.035, ""score"": 2.346, ""rms_ratio"": 1.014, ""diff_ratio"": 5.426}, {""time"": 5.325, ""score"": 2.305, ""rms_ratio"": 2.284, ""diff_ratio"": 2.327}]",7.006,ffprobe,7.019,2.015,4.991,fly,pending,medium,,,,Agustín Ramírez talks hitting 20th home run of 2025 Agustín Ramírez talks hitting 20th home run of 2025 Agustín Ramírez talks hitting 20th home run of 2025 Agustín Ramírez discusses reaching the 20-home run plateau during his rookie season and how his confidence has grown throughout the year,https://mlb-cuts-diamond.mlb.com/FORGE/2025/2025-09/12/5a65dbba-64c06bb5-0f436a49-csvm-diamondgcp-asset_1280x720_59_4000K.mp4,MLB_776366_agustin-ramirez-talks-hitting-20th-home-run-of-2025,raw_sources\MLB_776366_agustin-ramirez-talks-hitting-20th-home-run-of-2025_Agust_n_Ram_rez_talks_hitting_20th_home_run_of_2025_Agust_n_Ram_rez_talks_hitting_20th_home_run_of_2025_Agu.mp4,18.860,25.860,,no,audit_checkpoint_002,210
747,Codex_Workstation,F_0808,dataset/fly_ball/Codex_Workstation/F_0808,4,needs_edit,clip_too_short,insufficient_post_contact_context,recover_source_and_recut_longer,annotated_contact_audio_confirmed,3.981,4.081,4.065,4.065,3.268,2.552,4.184,4.065,0.034,4.065,3.268,"[{""time"": 4.065, ""score"": 3.268, ""rms_ratio"": 2.552, ""diff_ratio"": 4.184}, {""time"": 4.315, ""score"": 2.626, ""rms_ratio"": 2.092, ""diff_ratio"": 3.296}, {""time"": 1.865, ""score"": 2.608, ""rms_ratio"": 2.345, ""diff_ratio"": 2.901}, {""time"": 1.525, ""score"": 2.54, ""rms_ratio"": 2.659, ""diff_ratio"": 2.426}, {""time"": 5.925, ""score"": 2.532, ""rms_ratio"": 1.317, ""diff_ratio"": 4.867}, {""time"": 4.905, ""score"": 2.415, ""rms_ratio"": 1.376, ""diff_ratio"": 4.239}, {""time"": 0.525, ""score"": 2.391, ""rms_ratio"": 2.409, ""diff_ratio"": 2.372}, {""time"": 4.175, ""score"": 2.253, ""rms_ratio"": 1.269, ""diff_ratio"": 4.001}, {""time"": 1.295, ""score"": 2.143, ""rms_ratio"": 2.241, ""diff_ratio"": 2.049}, {""time"": 5.455, ""score"": 2.122, ""rms_ratio"": 2.266, ""diff_ratio"": 1.987}, {""time"": 0.125, ""score"": 2.104, ""rms_ratio"": 1.214, ""diff_ratio"": 3.647}, {""time"": 3.095, ""score"": 2.098, ""rms_ratio"": 2.018, ""diff_ratio"": 2.182}, {""time"": 4.435, ""score"": 2.092, ""rms_ratio"": 2.362, ""diff_ratio"": 1.854}, {""time"": 2.875, ""score"": 2.038, ""rms_ratio"": 1.998, ""diff_ratio"": 2.078}, {""time"": 5.265, ""score"": 1.999, ""rms_ratio"": 1.813, ""diff_ratio"": 2.205}, {""time"": 2.435, ""score"": 1.998, ""rms_ratio"": 2.233, ""diff_ratio"": 1.787}]",7.006,ffprobe,6.976,4.065,2.941,fly,pending,medium,,,,Agustín Ramírez's solo home run (20) Agustín Ramírez's solo home run (20) Agustín Ramírez's solo home run (20) Agustín Ramírez hits a home run to left field putting the Marlins on the board in the bottom of the first inning,https://mlb-cuts-diamond.mlb.com/FORGE/2025/2025-09/12/970af890-001a997e-e0ee4a9b-csvm-diamondgcp-asset_1280x720_59_4000K.mp4,MLB_776366_agustin-ramirez-homers-20-on-a-fly-ball-to-left-field,raw_sources\MLB_776366_agustin-ramirez-homers-20-on-a-fly-ball-to-left-field_Agust_n_Ram_rez_s_solo_home_run_20_Agust_n_Ram_rez_s_solo_home_run_20_Agust_n_Ram_rez_s_solo_home_run_20_.mp4,25.549,32.549,,no,audit_checkpoint_002,211
746,Codex_Workstation,F_0806,dataset/fly_ball/Codex_Workstation/F_0806,4,needs_edit,clip_too_short,insufficient_post_contact_context,recover_source_and_recut_longer,annotated_contact_audio_confirmed,1.950,2.050,1.975,1.975,2.090,1.885,2.317,1.975,0.025,1.975,2.090,"[{""time"": 1.975, ""score"": 2.09, ""rms_ratio"": 1.885, ""diff_ratio"": 2.317}, {""time"": 1.875, ""score"": 1.853, ""rms_ratio"": 1.845, ""diff_ratio"": 1.86}, {""time"": 2.155, ""score"": 1.818, ""rms_ratio"": 1.855, ""diff_ratio"": 1.781}, {""time"": 1.565, ""score"": 1.787, ""rms_ratio"": 1.8, ""diff_ratio"": 1.774}, {""time"": 2.255, ""score"": 1.766, ""rms_ratio"": 1.733, ""diff_ratio"": 1.799}]",7.006,ffprobe,7.019,1.975,5.031,fly,pending,medium,,,,Field View: Jackson Merrill's solo home run Field View: Jackson Merrill's solo home run Field View: Jackson Merrill's solo home run Check out this unique angle of Jackson Merrill's solo home run in the bottom of the 4th inning against the Rockies,https://mlb-cuts-diamond.mlb.com/FORGE/2025/2025-09/11/881d0808-232225aa-9a062015-csvm-diamondgcp-asset_1280x720_59_4000K.mp4,MLB_776365_field-view-jackson-merrill-s-solo-home-run-x9636,raw_sources\MLB_776365_field-view-jackson-merrill-s-solo-home-run-x9636_Field_View_Jackson_Merrill_s_solo_home_run_Field_View_Jackson_Merrill_s_solo_home_run_Field_View_Jackson_Merri.mp4,4.940,11.940,,no,audit_checkpoint_002,212
745,Codex_Workstation,F_0805,dataset/fly_ball/Codex_Workstation/F_0805,4,needs_edit,clip_too_short,insufficient_post_contact_context,recover_source_and_recut_longer,annotated_contact_audio_confirmed,1.950,2.050,2.025,2.025,2.095,2.378,1.846,2.025,0.025,5.615,2.189,"[{""time"": 5.615, ""score"": 2.189, ""rms_ratio"": 1.07, ""diff_ratio"": 4.478}, {""time"": 2.025, ""score"": 2.095, ""rms_ratio"": 2.378, ""diff_ratio"": 1.846}, {""time"": 2.185, ""score"": 2.038, ""rms_ratio"": 1.991, ""diff_ratio"": 2.085}, {""time"": 1.835, ""score"": 1.928, ""rms_ratio"": 1.878, ""diff_ratio"": 1.98}, {""time"": 2.715, ""score"": 1.924, ""rms_ratio"": 1.844, ""diff_ratio"": 2.007}, {""time"": 3.805, ""score"": 1.894, ""rms_ratio"": 1.507, ""diff_ratio"": 2.38}, {""time"": 0.985, ""score"": 1.836, ""rms_ratio"": 0.638, ""diff_ratio"": 3.372}, {""time"": 4.475, ""score"": 1.815, ""rms_ratio"": 1.907, ""diff_ratio"": 1.728}, {""time"": 0.885, ""score"": 1.793, ""rms_ratio"": 2.188, ""diff_ratio"": 1.469}, {""time"": 3.975, ""score"": 1.779, ""rms_ratio"": 1.775, ""diff_ratio"": 1.783}, {""time"": 4.585, ""score"": 1.76, ""rms_ratio"": 1.747, ""diff_ratio"": 1.773}, {""time"": 5.365, ""score"": 1.741, ""rms_ratio"": 1.862, ""diff_ratio"": 1.629}, {""time"": 4.285, ""score"": 1.735, ""rms_ratio"": 1.402, ""diff_ratio"": 2.147}, {""time"": 1.155, ""score"": 1.691, ""rms_ratio"": 2.144, ""diff_ratio"": 1.334}, {""time"": 1.405, ""score"": 1.691, ""rms_ratio"": 1.795, ""diff_ratio"": 1.593}, {""time"": 1.255, ""score"": 1.661, ""rms_ratio"": 1.428, ""diff_ratio"": 1.931}]",7.007,ffprobe,7.019,2.025,4.982,fly,pending,medium,,,,"Mike Trout's 399th career home run (21) Mike Trout's 399th career home run (21) Mike Trout's 399th career home run (21) Mike Trout hits a solo home run to left field, his 399th career homer ties the game up for the Angels at 4 in the top of the 5th inning",https://mlb-cuts-diamond.mlb.com/FORGE/2025/2025-09/11/e45428f6-29c94796-3433be8d-csvm-diamondgcp-asset_1280x720_59_4000K.mp4,MLB_776362_bryce-miller-in-play-run-s-to-mike-trout,raw_sources\MLB_776362_bryce-miller-in-play-run-s-to-mike-trout_Mike_Trout_s_399th_career_home_run_21_Mike_Trout_s_399th_career_home_run_21_Mike_Trout_s_399th_career_home_run_21_Mike.mp4,4.680,11.680,,no,audit_checkpoint_002,213
744,Codex_Workstation,F_0804,dataset/fly_ball/Codex_Workstation/F_0804,4,needs_edit,contact_timestamp_wrong,contact_timestamp_wrong;insufficient_post_contact_context,retime_from_local_audio_candidate;qwen_confirm_visual_contact_near_candidate;recover_source_and_recut_longer,likely_contact_timestamp_wrong,1.950,2.050,1.755,2.025,2.482,3.027,2.036,2.025,0.025,1.755,3.021,"[{""time"": 1.755, ""score"": 3.021, ""rms_ratio"": 3.704, ""diff_ratio"": 2.463}, {""time"": 4.665, ""score"": 2.739, ""rms_ratio"": 1.662, ""diff_ratio"": 4.514}, {""time"": 2.025, ""score"": 2.482, ""rms_ratio"": 3.027, ""diff_ratio"": 2.036}, {""time"": 4.385, ""score"": 2.367, ""rms_ratio"": 2.211, ""diff_ratio"": 2.532}, {""time"": 3.505, ""score"": 2.231, ""rms_ratio"": 2.824, ""diff_ratio"": 1.763}, {""time"": 2.925, ""score"": 2.12, ""rms_ratio"": 2.564, ""diff_ratio"": 1.752}, {""time"": 5.135, ""score"": 2.114, ""rms_ratio"": 2.53, ""diff_ratio"": 1.766}, {""time"": 3.345, ""score"": 2.097, ""rms_ratio"": 2.602, ""diff_ratio"": 1.69}, {""time"": 0.995, ""score"": 2.026, ""rms_ratio"": 1.9, ""diff_ratio"": 2.159}, {""time"": 0.015, ""score"": 1.987, ""rms_ratio"": 1.97, ""diff_ratio"": 2.005}, {""time"": 0.345, ""score"": 1.909, ""rms_ratio"": 1.749, ""diff_ratio"": 2.084}, {""time"": 3.205, ""score"": 1.866, ""rms_ratio"": 1.834, ""diff_ratio"": 1.899}, {""time"": 3.825, ""score"": 1.826, ""rms_ratio"": 2.263, ""diff_ratio"": 1.474}, {""time"": 4.245, ""score"": 1.761, ""rms_ratio"": 2.314, ""diff_ratio"": 1.34}, {""time"": 4.115, ""score"": 1.759, ""rms_ratio"": 2.049, ""diff_ratio"": 1.51}]",5.422,ffprobe,5.440,1.755,3.667,fly,pending,medium,,,,David Fry's solo home run (8) David Fry's solo home run (8) David Fry's solo home run (8) David Fry starts the scoring with a solo home run in the bottom of the 4th inning,https://mlb-cuts-diamond.mlb.com/FORGE/2025/2025-09/12/32ec02bd-1293be92-995970ff-csvm-diamondgcp-asset_1280x720_59_4000K.mp4,MLB_776361_david-fry-homers-8-on-a-fly-ball-to-left-field,raw_sources\MLB_776361_david-fry-homers-8-on-a-fly-ball-to-left-field_David_Fry_s_solo_home_run_8_David_Fry_s_solo_home_run_8_David_Fry_s_solo_home_run_8_David_Fry_starts_the_scoring.mp4,5.820,12.820,,no,audit_checkpoint_002,214
743,Codex_Workstation,F_0803,dataset/fly_ball/Codex_Workstation/F_0803,4,needs_edit,clip_too_short,insufficient_post_contact_context,recover_source_and_recut_longer,annotated_contact_audio_confirmed,1.950,2.050,2.025,2.025,4.005,4.204,3.816,2.025,0.025,0.505,4.820,"[{""time"": 0.505, ""score"": 4.82, ""rms_ratio"": 2.479, ""diff_ratio"": 9.372}, {""time"": 2.025, ""score"": 4.005, ""rms_ratio"": 4.204, ""diff_ratio"": 3.816}, {""time"": 3.505, ""score"": 3.541, ""rms_ratio"": 3.094, ""diff_ratio"": 4.052}, {""time"": 3.695, ""score"": 3.208, ""rms_ratio"": 4.079, ""diff_ratio"": 2.523}, {""time"": 3.995, ""score"": 3.103, ""rms_ratio"": 4.169, ""diff_ratio"": 2.31}, {""time"": 3.375, ""score"": 2.917, ""rms_ratio"": 3.023, ""diff_ratio"": 2.814}, {""time"": 0.315, ""score"": 2.52, ""rms_ratio"": 3.033, ""diff_ratio"": 2.093}, {""time"": 0.965, ""score"": 2.414, ""rms_ratio"": 3.071, ""diff_ratio"": 1.897}, {""time"": 0.705, ""score"": 2.41, ""rms_ratio"": 2.333, ""diff_ratio"": 2.489}, {""time"": 2.135, ""score"": 2.272, ""rms_ratio"": 2.069, ""diff_ratio"": 2.495}, {""time"": 2.295, ""score"": 1.932, ""rms_ratio"": 1.877, ""diff_ratio"": 1.988}, {""time"": 1.375, ""score"": 1.805, ""rms_ratio"": 2.484, ""diff_ratio"": 1.311}, {""time"": 1.175, ""score"": 1.783, ""rms_ratio"": 1.917, ""diff_ratio"": 1.659}, {""time"": 4.135, ""score"": 1.725, ""rms_ratio"": 2.031, ""diff_ratio"": 1.465}, {""time"": 1.565, ""score"": 1.708, ""rms_ratio"": 2.311, ""diff_ratio"": 1.263}]",4.258,ffprobe,4.267,2.025,2.233,fly,pending,medium,,,,"Pete Alonso's 700th career RBI Pete Alonso's 700th career RBI Pete Alonso's 700th career RBI Pete Alonso hits a sacrifice fly to right field for his 700th RBI, scoring Francisco Lindor and cutting the Mets' deficit to 6-3 in the bottom of the 3rd",https://mlb-cuts-diamond.mlb.com/FORGE/2025/2025-09/12/e62dcae5-bc8477ec-7c385dd1-csvm-diamondgcp-asset_1280x720_59_4000K.mp4,MLB_776359_pete-alonso-out-on-a-sacrifice-fly-to-right-fielder-alejandro-osuna-f,raw_sources\MLB_776359_pete-alonso-out-on-a-sacrifice-fly-to-right-fielder-alejandro-osuna-f_Pete_Alonso_s_700th_career_RBI_Pete_Alonso_s_700th_career_RBI_Pete_Alonso_s_700th_career_.mp4,5.000,12.000,,no,audit_checkpoint_002,215
742,Codex_Workstation,F_0802,dataset/fly_ball/Codex_Workstation/F_0802,4,needs_edit,clip_too_short,insufficient_post_contact_context,recover_source_and_recut_longer,annotated_contact_audio_confirmed,1.950,2.050,2.025,2.025,2.791,2.978,2.615,2.025,0.025,2.025,2.791,"[{""time"": 2.025, ""score"": 2.791, ""rms_ratio"": 2.978, ""diff_ratio"": 2.615}, {""time"": 2.325, ""score"": 2.74, ""rms_ratio"": 2.554, ""diff_ratio"": 2.939}, {""time"": 1.625, ""score"": 2.594, ""rms_ratio"": 2.498, ""diff_ratio"": 2.694}, {""time"": 1.435, ""score"": 2.398, ""rms_ratio"": 2.532, ""diff_ratio"": 2.271}, {""time"": 2.945, ""score"": 2.364, ""rms_ratio"": 2.272, ""diff_ratio"": 2.46}, {""time"": 0.255, ""score"": 2.33, ""rms_ratio"": 1.614, ""diff_ratio"": 3.364}, {""time"": 2.685, ""score"": 2.228, ""rms_ratio"": 2.592, ""diff_ratio"": 1.916}, {""time"": 0.375, ""score"": 2.098, ""rms_ratio"": 2.684, ""diff_ratio"": 1.64}, {""time"": 0.875, ""score"": 2.095, ""rms_ratio"": 2.355, ""diff_ratio"": 1.864}, {""time"": 1.215, ""score"": 2.059, ""rms_ratio"": 2.344, ""diff_ratio"": 1.809}, {""time"": 0.595, ""score"": 1.973, ""rms_ratio"": 2.131, ""diff_ratio"": 1.827}, {""time"": 0.055, ""score"": 1.786, ""rms_ratio"": 2.376, ""diff_ratio"": 1.342}, {""time"": 2.555, ""score"": 1.784, ""rms_ratio"": 1.894, ""diff_ratio"": 1.681}, {""time"": 1.085, ""score"": 1.679, ""rms_ratio"": 2.112, ""diff_ratio"": 1.334}]",7.007,ffprobe,7.019,2.025,4.982,fly,pending,medium,,,,Rafael Marchán's sacrifice fly  Rafael Marchán's sacrifice fly  Rafael Marchán's sacrifice fly  Rafael Marchán skies a sacrifice fly to right field and ties the game at 1 in the bottom of the 2nd inning,https://mlb-cuts-diamond.mlb.com/FORGE/2025/2025-09/12/09e8a923-b24732e3-264df0d5-csvm-diamondgcp-asset-4000K.mp4,MLB_776354_michael-lorenzen-in-play-run-s-to-rafael-marchan,raw_sources\MLB_776354_michael-lorenzen-in-play-run-s-to-rafael-marchan_Rafael_March_n_s_sacrifice_fly_Rafael_March_n_s_sacrifice_fly_Rafael_March_n_s_sacrifice_fly_Rafael_March_n_sk.mp4,10.840,17.840,,no,audit_checkpoint_002,216
741,Codex_Workstation,F_0799,dataset/fly_ball/Codex_Workstation/F_0799,4,needs_edit,clip_too_short,insufficient_pre_contact_context;insufficient_post_contact_context,recover_source_and_recut_longer,annotated_contact_audio_confirmed,0.930,1.030,0.995,0.995,7.004,5.689,8.623,0.995,0.015,0.995,7.004,"[{""time"": 0.995, ""score"": 7.004, ""rms_ratio"": 5.689, ""diff_ratio"": 8.623}, {""time"": 4.055, ""score"": 2.859, ""rms_ratio"": 1.253, ""diff_ratio"": 6.525}, {""time"": 2.285, ""score"": 2.838, ""rms_ratio"": 3.118, ""diff_ratio"": 2.584}, {""time"": 2.455, ""score"": 2.462, ""rms_ratio"": 2.59, ""diff_ratio"": 2.341}, {""time"": 2.705, ""score"": 2.349, ""rms_ratio"": 2.642, ""diff_ratio"": 2.089}, {""time"": 2.575, ""score"": 2.33, ""rms_ratio"": 2.777, ""diff_ratio"": 1.954}, {""time"": 6.095, ""score"": 2.309, ""rms_ratio"": 2.629, ""diff_ratio"": 2.029}, {""time"": 5.215, ""score"": 2.208, ""rms_ratio"": 1.081, ""diff_ratio"": 4.512}, {""time"": 6.205, ""score"": 2.058, ""rms_ratio"": 2.174, ""diff_ratio"": 1.948}, {""time"": 7.005, ""score"": 2.041, ""rms_ratio"": 2.517, ""diff_ratio"": 1.655}, {""time"": 3.505, ""score"": 1.956, ""rms_ratio"": 1.643, ""diff_ratio"": 2.328}, {""time"": 2.805, ""score"": 1.9, ""rms_ratio"": 2.298, ""diff_ratio"": 1.572}, {""time"": 5.865, ""score"": 1.871, ""rms_ratio"": 2.231, ""diff_ratio"": 1.569}, {""time"": 5.645, ""score"": 1.82, ""rms_ratio"": 1.829, ""diff_ratio"": 1.812}, {""time"": 3.885, ""score"": 1.81, ""rms_ratio"": 1.426, ""diff_ratio"": 2.298}, {""time"": 5.015, ""score"": 1.799, ""rms_ratio"": 1.537, ""diff_ratio"": 2.105}]",7.014,ffprobe,7.014,0.995,6.019,fly,pending,medium,,,,Christopher Morel's three-run home run (11) Christopher Morel's three-run home run (11) Christopher Morel's three-run home run (11) Christopher Morel gives the Rays a 3-0 lead with a three-run home run to left-center field in the 1st inning,https://mlb-cuts-diamond.mlb.com/FORGE/2025/2025-09/12/a09dbedc-04b1a726-31630937-csvm-diamondgcp-asset_1280x720_59_4000K.mp4,MLB_776352_christopher-morel-homers-11-on-a-fly-ball-to-left-center-field-chandl,raw_sources\MLB_776352_christopher-morel-homers-11-on-a-fly-ball-to-left-center-field-chandl_Christopher_Morel_s_three-run_home_run_11_Christopher_Morel_s_three-run_home_run_11_Chris.mp4,0.000,7.000,,no,audit_checkpoint_002,217
740,Codex_Workstation,F_0798,dataset/fly_ball/Codex_Workstation/F_0798,4,needs_edit,clip_too_short,insufficient_post_contact_context,recover_source_and_recut_longer,annotated_contact_audio_confirmed,1.950,2.050,2.015,2.015,9.062,10.933,7.511,2.015,0.015,2.015,9.062,"[{""time"": 2.015, ""score"": 9.062, ""rms_ratio"": 10.933, ""diff_ratio"": 7.511}, {""time"": 5.205, ""score"": 7.733, ""rms_ratio"": 8.023, ""diff_ratio"": 7.454}, {""time"": 1.815, ""score"": 6.255, ""rms_ratio"": 9.362, ""diff_ratio"": 4.18}, {""time"": 2.875, ""score"": 6.023, ""rms_ratio"": 7.349, ""diff_ratio"": 4.936}, {""time"": 6.605, ""score"": 5.433, ""rms_ratio"": 6.491, ""diff_ratio"": 4.547}, {""time"": 0.495, ""score"": 5.161, ""rms_ratio"": 6.145, ""diff_ratio"": 4.334}, {""time"": 1.535, ""score"": 4.486, ""rms_ratio"": 5.958, ""diff_ratio"": 3.377}, {""time"": 3.685, ""score"": 4.395, ""rms_ratio"": 5.576, ""diff_ratio"": 3.465}, {""time"": 6.735, ""score"": 4.315, ""rms_ratio"": 1.579, ""diff_ratio"": 11.792}, {""time"": 6.375, ""score"": 3.944, ""rms_ratio"": 4.515, ""diff_ratio"": 3.445}, {""time"": 2.725, ""score"": 3.894, ""rms_ratio"": 5.051, ""diff_ratio"": 3.003}, {""time"": 2.525, ""score"": 3.575, ""rms_ratio"": 5.75, ""diff_ratio"": 2.223}, {""time"": 3.245, ""score"": 3.539, ""rms_ratio"": 4.413, ""diff_ratio"": 2.838}, {""time"": 6.995, ""score"": 3.262, ""rms_ratio"": 3.647, ""diff_ratio"": 2.918}, {""time"": 3.095, ""score"": 3.207, ""rms_ratio"": 3.616, ""diff_ratio"": 2.845}, {""time"": 0.665, ""score"": 3.057, ""rms_ratio"": 4.708, ""diff_ratio"": 1.985}]",7.006,ffprobe,7.019,2.015,4.991,fly,pending,medium,,,,"Miguel Cairo on the Nationals' 6-5 win Miguel Cairo on the Nationals' 6-5 win Miguel Cairo on the Nationals' 6-5 win Manager Miguel Cairo discusses James Wood's outfield assist, Dylan Crews' home run and more following the Nationals' 6-5 win",https://mlb-cuts-diamond.mlb.com/FORGE/2025/2025-09/12/27b0b596-1fe5f5f9-6ef2b391-csvm-diamondgcp-asset_1280x720_59_4000K.mp4,MLB_776351_miguel-cairo-on-the-nationals-6-5-win,raw_sources\MLB_776351_miguel-cairo-on-the-nationals-6-5-win_Miguel_Cairo_on_the_Nationals_6-5_win_Miguel_Cairo_on_the_Nationals_6-5_win_Miguel_Cairo_on_the_Nationals_6-5_win_Manager.mp4,6.760,13.760,,no,audit_checkpoint_002,218
739,Codex_Workstation,F_0797,dataset/fly_ball/Codex_Workstation/F_0797,4,needs_edit,clip_too_short,insufficient_pre_contact_context;insufficient_post_contact_context,recover_source_and_recut_longer,annotated_contact_audio_confirmed,0.590,0.690,0.665,0.665,7.646,9.384,6.230,0.665,0.025,0.665,7.646,"[{""time"": 0.665, ""score"": 7.646, ""rms_ratio"": 9.384, ""diff_ratio"": 6.23}, {""time"": 0.935, ""score"": 5.733, ""rms_ratio"": 7.04, ""diff_ratio"": 4.668}, {""time"": 0.555, ""score"": 5.507, ""rms_ratio"": 2.44, ""diff_ratio"": 12.429}, {""time"": 0.795, ""score"": 5.145, ""rms_ratio"": 6.602, ""diff_ratio"": 4.009}, {""time"": 2.845, ""score"": 4.418, ""rms_ratio"": 6.005, ""diff_ratio"": 3.251}, {""time"": 3.195, ""score"": 4.406, ""rms_ratio"": 5.408, ""diff_ratio"": 3.59}, {""time"": 4.595, ""score"": 3.871, ""rms_ratio"": 1.722, ""diff_ratio"": 8.701}, {""time"": 1.405, ""score"": 3.532, ""rms_ratio"": 4.393, ""diff_ratio"": 2.84}, {""time"": 4.455, ""score"": 3.381, ""rms_ratio"": 2.872, ""diff_ratio"": 3.98}, {""time"": 5.285, ""score"": 3.355, ""rms_ratio"": 4.13, ""diff_ratio"": 2.725}, {""time"": 2.985, ""score"": 3.262, ""rms_ratio"": 3.921, ""diff_ratio"": 2.714}, {""time"": 1.245, ""score"": 3.244, ""rms_ratio"": 3.709, ""diff_ratio"": 2.837}, {""time"": 5.085, ""score"": 3.1, ""rms_ratio"": 3.807, ""diff_ratio"": 2.524}, {""time"": 4.345, ""score"": 3.092, ""rms_ratio"": 3.562, ""diff_ratio"": 2.683}, {""time"": 2.245, ""score"": 2.861, ""rms_ratio"": 4.12, ""diff_ratio"": 1.986}, {""time"": 3.735, ""score"": 2.836, ""rms_ratio"": 2.54, ""diff_ratio"": 3.167}]",7.014,ffprobe,7.014,0.665,6.349,fly,pending,medium,,,,"Juan Soto powers his 40th homer of the season Juan Soto powers his 40th homer of the season Juan Soto powers his 40th homer of the season Juan Soto belts a solo home run 411 feet to right field for his 40th home run of the season, giving the Mets a 2-0 lead #CurtainCall",https://mlb-cuts-diamond.mlb.com/FORGE/2025/2025-09/13/393bf61d-55732661-6ab8a5d9-csvm-diamondgcp-asset_1280x720_59_4000K.mp4,MLB_776349_juan-soto-powers-his-40th-homer-of-the-season,raw_sources\MLB_776349_juan-soto-powers-his-40th-homer-of-the-season_Juan_Soto_powers_his_40th_homer_of_the_season_Juan_Soto_powers_his_40th_homer_of_the_season_Juan_Soto_powers_his_.mp4,0.000,7.000,,no,audit_checkpoint_002,219
738,Codex_Workstation,F_0796,dataset/fly_ball/Codex_Workstation/F_0796,4,needs_edit,clip_too_short,insufficient_post_contact_context,recover_source_and_recut_longer,annotated_contact_audio_confirmed,1.950,2.050,2.025,2.025,3.165,3.832,2.613,2.025,0.025,5.955,4.894,"[{""time"": 5.955, ""score"": 4.894, ""rms_ratio"": 4.391, ""diff_ratio"": 5.454}, {""time"": 4.105, ""score"": 4.388, ""rms_ratio"": 2.151, ""diff_ratio"": 8.952}, {""time"": 2.025, ""score"": 3.165, ""rms_ratio"": 3.832, ""diff_ratio"": 2.613}, {""time"": 0.045, ""score"": 3.146, ""rms_ratio"": 1.556, ""diff_ratio"": 6.359}, {""time"": 4.335, ""score"": 2.923, ""rms_ratio"": 3.105, ""diff_ratio"": 2.752}, {""time"": 3.975, ""score"": 2.895, ""rms_ratio"": 1.389, ""diff_ratio"": 6.033}, {""time"": 4.745, ""score"": 2.657, ""rms_ratio"": 2.689, ""diff_ratio"": 2.625}, {""time"": 1.255, ""score"": 2.461, ""rms_ratio"": 2.404, ""diff_ratio"": 2.52}, {""time"": 4.595, ""score"": 2.272, ""rms_ratio"": 2.13, ""diff_ratio"": 2.423}, {""time"": 3.675, ""score"": 2.209, ""rms_ratio"": 2.316, ""diff_ratio"": 2.108}, {""time"": 1.115, ""score"": 2.113, ""rms_ratio"": 1.088, ""diff_ratio"": 4.101}, {""time"": 1.745, ""score"": 1.962, ""rms_ratio"": 2.79, ""diff_ratio"": 1.38}, {""time"": 2.435, ""score"": 1.925, ""rms_ratio"": 2.271, ""diff_ratio"": 1.632}, {""time"": 2.725, ""score"": 1.921, ""rms_ratio"": 2.8, ""diff_ratio"": 1.318}, {""time"": 3.235, ""score"": 1.914, ""rms_ratio"": 0.879, ""diff_ratio"": 3.663}, {""time"": 2.565, ""score"": 1.902, ""rms_ratio"": 0.828, ""diff_ratio"": 3.617}]",6.165,ffprobe,6.165,2.025,4.140,fly,pending,medium,,,,Juan Soto's 40th home run of 2025 Juan Soto's 40th home run of 2025 Juan Soto's 40th home run of 2025 Juan Soto crushes a solo home run to right field to extend the Mets' lead to 2-0 in the bottom of the 7th,https://mlb-cuts-diamond.mlb.com/FORGE/2025/2025-09/13/f75edb6c-d81723ae-fd9c8f58-csvm-diamondgcp-asset_1280x720_59_4000K.mp4,MLB_776349_juan-soto-homers-40-on-a-fly-ball-to-right-field,raw_sources\MLB_776349_juan-soto-homers-40-on-a-fly-ball-to-right-field_Juan_Soto_s_40th_home_run_of_2025_Juan_Soto_s_40th_home_run_of_2025_Juan_Soto_s_40th_home_run_of_2025_Juan_Sot.mp4,7.040,14.040,,no,audit_checkpoint_002,220
737,Codex_Workstation,F_0795,dataset/fly_ball/Codex_Workstation/F_0795,4,needs_edit,clip_too_short,insufficient_post_contact_context,recover_source_and_recut_longer,annotated_contact_audio_confirmed,1.950,2.050,1.965,1.965,2.071,1.765,2.431,1.965,0.035,0.815,2.417,"[{""time"": 0.815, ""score"": 2.417, ""rms_ratio"": 1.345, ""diff_ratio"": 4.345}, {""time"": 1.965, ""score"": 2.071, ""rms_ratio"": 1.765, ""diff_ratio"": 2.431}, {""time"": 1.145, ""score"": 2.007, ""rms_ratio"": 1.91, ""diff_ratio"": 2.109}, {""time"": 4.875, ""score"": 1.931, ""rms_ratio"": 1.478, ""diff_ratio"": 2.522}, {""time"": 0.945, ""score"": 1.885, ""rms_ratio"": 1.84, ""diff_ratio"": 1.931}, {""time"": 4.345, ""score"": 1.863, ""rms_ratio"": 1.323, ""diff_ratio"": 2.624}, {""time"": 0.125, ""score"": 1.831, ""rms_ratio"": 1.734, ""diff_ratio"": 1.935}, {""time"": 1.825, ""score"": 1.778, ""rms_ratio"": 1.66, ""diff_ratio"": 1.905}, {""time"": 5.015, ""score"": 1.75, ""rms_ratio"": 2.226, ""diff_ratio"": 1.375}, {""time"": 4.445, ""score"": 1.748, ""rms_ratio"": 2.17, ""diff_ratio"": 1.408}, {""time"": 4.595, ""score"": 1.733, ""rms_ratio"": 1.867, ""diff_ratio"": 1.609}, {""time"": 2.095, ""score"": 1.731, ""rms_ratio"": 2.077, ""diff_ratio"": 1.442}, {""time"": 1.575, ""score"": 1.711, ""rms_ratio"": 1.924, ""diff_ratio"": 1.522}, {""time"": 1.435, ""score"": 1.711, ""rms_ratio"": 1.965, ""diff_ratio"": 1.49}, {""time"": 3.115, ""score"": 1.685, ""rms_ratio"": 0.861, ""diff_ratio"": 2.839}, {""time"": 3.835, ""score"": 1.655, ""rms_ratio"": 1.751, ""diff_ratio"": 1.563}]",7.007,ffprobe,7.019,1.965,5.042,fly,pending,medium,,,,"Troy Johnston's walk-off two-run homer (3) Troy Johnston's walk-off two-run homer (3) Troy Johnston's walk-off two-run homer (3) Troy Johnston cranks a walk-off two-run home run in the 11th inning to win it for the Marlins, 6-4",https://mlb-cuts-diamond.mlb.com/FORGE/2025/2025-09/13/ed0eed85-4fdcd42a-595d3466-csvm-diamondgcp-asset_1280x720_59_4000K.mp4,MLB_776347_rafael-montero-in-play-run-s-to-troy-johnston,raw_sources\MLB_776347_rafael-montero-in-play-run-s-to-troy-johnston_Troy_Johnston_s_walk-off_two-run_homer_3_Troy_Johnston_s_walk-off_two-run_homer_3_Troy_Johnston_s_walk-off_two-ru.mp4,5.800,12.800,,no,audit_checkpoint_002,221
736,Codex_Workstation,F_0794,dataset/fly_ball/Codex_Workstation/F_0794,4,needs_edit,clip_too_short,insufficient_post_contact_context,recover_source_and_recut_longer,annotated_contact_audio_confirmed,1.950,2.050,1.985,1.985,3.687,1.643,8.277,1.985,0.015,1.985,3.687,"[{""time"": 1.985, ""score"": 3.687, ""rms_ratio"": 1.643, ""diff_ratio"": 8.277}, {""time"": 0.405, ""score"": 2.901, ""rms_ratio"": 1.499, ""diff_ratio"": 5.612}, {""time"": 6.225, ""score"": 2.797, ""rms_ratio"": 1.396, ""diff_ratio"": 5.601}, {""time"": 6.865, ""score"": 2.793, ""rms_ratio"": 1.422, ""diff_ratio"": 5.485}, {""time"": 2.935, ""score"": 2.54, ""rms_ratio"": 1.48, ""diff_ratio"": 4.36}, {""time"": 4.885, ""score"": 2.22, ""rms_ratio"": 2.142, ""diff_ratio"": 2.301}, {""time"": 0.225, ""score"": 2.191, ""rms_ratio"": 2.127, ""diff_ratio"": 2.258}, {""time"": 2.655, ""score"": 2.124, ""rms_ratio"": 1.952, ""diff_ratio"": 2.31}, {""time"": 1.395, ""score"": 2.106, ""rms_ratio"": 1.688, ""diff_ratio"": 2.628}, {""time"": 4.775, ""score"": 2.081, ""rms_ratio"": 1.03, ""diff_ratio"": 4.204}, {""time"": 5.195, ""score"": 2.005, ""rms_ratio"": 2.301, ""diff_ratio"": 1.747}, {""time"": 2.215, ""score"": 1.987, ""rms_ratio"": 1.951, ""diff_ratio"": 2.023}, {""time"": 4.315, ""score"": 1.915, ""rms_ratio"": 1.815, ""diff_ratio"": 2.021}, {""time"": 5.945, ""score"": 1.906, ""rms_ratio"": 1.704, ""diff_ratio"": 2.131}, {""time"": 0.875, ""score"": 1.812, ""rms_ratio"": 2.039, ""diff_ratio"": 1.61}, {""time"": 1.215, ""score"": 1.806, ""rms_ratio"": 1.511, ""diff_ratio"": 2.159}]",7.006,ffprobe,7.019,1.985,5.021,fly,pending,medium,,,,"Kerry Carpenter's two-run home run (25) Kerry Carpenter's two-run home run (25) Kerry Carpenter's two-run home run (25) Kerry Carpenter crushes a two-run home run to right-center field for his 25th homer of the season, tying the game at 2-2 in the 3rd inning",https://mlb-cuts-diamond.mlb.com/FORGE/2025/2025-09/13/ad86f68e-0673f521-7cd8ef62-csvm-diamondgcp-asset_1280x720_59_4000K.mp4,MLB_776347_kerry-carpenter-homers-25-on-a-fly-ball-to-right-center-field-gleyber,raw_sources\MLB_776347_kerry-carpenter-homers-25-on-a-fly-ball-to-right-center-field-gleyber_Kerry_Carpenter_s_two-run_home_run_25_Kerry_Carpenter_s_two-run_home_run_25_Kerry_Carpent.mp4,23.460,30.460,,no,audit_checkpoint_002,222
735,Codex_Workstation,F_0791,dataset/fly_ball/Codex_Workstation/F_0791,4,needs_edit,clip_too_short,insufficient_post_contact_context,recover_source_and_recut_longer,annotated_contact_audio_confirmed,1.950,2.050,2.025,2.025,2.855,2.429,3.355,2.025,0.025,2.025,2.855,"[{""time"": 2.025, ""score"": 2.855, ""rms_ratio"": 2.429, ""diff_ratio"": 3.355}, {""time"": 0.845, ""score"": 2.447, ""rms_ratio"": 2.315, ""diff_ratio"": 2.587}, {""time"": 4.885, ""score"": 2.132, ""rms_ratio"": 1.42, ""diff_ratio"": 3.201}, {""time"": 1.795, ""score"": 2.054, ""rms_ratio"": 1.394, ""diff_ratio"": 3.028}, {""time"": 0.015, ""score"": 2.019, ""rms_ratio"": 1.364, ""diff_ratio"": 2.988}, {""time"": 2.235, ""score"": 1.98, ""rms_ratio"": 1.515, ""diff_ratio"": 2.587}, {""time"": 3.295, ""score"": 1.976, ""rms_ratio"": 2.406, ""diff_ratio"": 1.623}, {""time"": 1.665, ""score"": 1.947, ""rms_ratio"": 1.276, ""diff_ratio"": 2.97}, {""time"": 3.185, ""score"": 1.92, ""rms_ratio"": 2.409, ""diff_ratio"": 1.531}, {""time"": 2.885, ""score"": 1.845, ""rms_ratio"": 1.822, ""diff_ratio"": 1.869}, {""time"": 4.455, ""score"": 1.781, ""rms_ratio"": 1.792, ""diff_ratio"": 1.771}, {""time"": 6.645, ""score"": 1.771, ""rms_ratio"": 1.33, ""diff_ratio"": 2.359}, {""time"": 6.335, ""score"": 1.77, ""rms_ratio"": 1.211, ""diff_ratio"": 2.586}, {""time"": 6.095, ""score"": 1.722, ""rms_ratio"": 1.445, ""diff_ratio"": 2.053}, {""time"": 4.345, ""score"": 1.668, ""rms_ratio"": 1.088, ""diff_ratio"": 2.557}]",7.006,ffprobe,7.019,2.025,4.981,fly,pending,medium,,,,Jazz Chisholm Jr.'s solo home run (29)  Jazz Chisholm Jr.'s solo home run (29)  Jazz Chisholm Jr.'s solo home run (29)  Jazz Chisholm Jr. drives a solo home run to right-center field to give the Yankees a 4-0 lead in the top of the 5th inning,https://mlb-cuts-diamond.mlb.com/FORGE/2025/2025-09/13/ac2fd09b-6f9d1ffd-ba41efcb-csvm-diamondgcp-asset_1280x720_59_4000K.mp4,MLB_776344_jazz-chisholm-jr-homers-29-on-a-fly-ball-to-right-center-field,raw_sources\MLB_776344_jazz-chisholm-jr-homers-29-on-a-fly-ball-to-right-center-field_Jazz_Chisholm_Jr._s_solo_home_run_29_Jazz_Chisholm_Jr._s_solo_home_run_29_Jazz_Chisholm_Jr._s_so.mp4,9.600,16.600,,no,audit_checkpoint_002,223
734,Codex_Workstation,F_0789,dataset/fly_ball/Codex_Workstation/F_0789,4,needs_edit,clip_too_short,insufficient_post_contact_context,recover_source_and_recut_longer,annotated_contact_audio_confirmed,1.410,1.510,1.495,1.495,7.171,5.442,9.450,1.495,0.035,1.495,7.171,"[{""time"": 1.495, ""score"": 7.171, ""rms_ratio"": 5.442, ""diff_ratio"": 9.45}, {""time"": 5.475, ""score"": 3.569, ""rms_ratio"": 1.764, ""diff_ratio"": 7.221}, {""time"": 5.965, ""score"": 3.173, ""rms_ratio"": 3.275, ""diff_ratio"": 3.073}, {""time"": 5.155, ""score"": 3.168, ""rms_ratio"": 1.652, ""diff_ratio"": 6.074}, {""time"": 6.715, ""score"": 3.004, ""rms_ratio"": 3.115, ""diff_ratio"": 2.897}, {""time"": 6.835, ""score"": 2.962, ""rms_ratio"": 3.418, ""diff_ratio"": 2.568}, {""time"": 6.545, ""score"": 2.921, ""rms_ratio"": 3.383, ""diff_ratio"": 2.521}, {""time"": 3.105, ""score"": 2.898, ""rms_ratio"": 1.718, ""diff_ratio"": 4.89}, {""time"": 4.595, ""score"": 2.782, ""rms_ratio"": 3.085, ""diff_ratio"": 2.51}, {""time"": 6.415, ""score"": 2.753, ""rms_ratio"": 2.764, ""diff_ratio"": 2.741}, {""time"": 6.225, ""score"": 2.752, ""rms_ratio"": 2.345, ""diff_ratio"": 3.229}, {""time"": 5.835, ""score"": 2.704, ""rms_ratio"": 2.58, ""diff_ratio"": 2.833}, {""time"": 6.105, ""score"": 2.661, ""rms_ratio"": 2.775, ""diff_ratio"": 2.552}, {""time"": 4.465, ""score"": 2.643, ""rms_ratio"": 2.082, ""diff_ratio"": 3.356}, {""time"": 5.035, ""score"": 2.641, ""rms_ratio"": 2.805, ""diff_ratio"": 2.487}, {""time"": 6.955, ""score"": 2.457, ""rms_ratio"": 2.613, ""diff_ratio"": 2.31}]",7.014,ffprobe,7.014,1.495,5.519,fly,pending,medium,,,,"Nick Fortes' go-ahead home run (5) Nick Fortes' go-ahead home run (5) Nick Fortes' go-ahead home run (5) Nick Fortes hits a solo home run to left-center field, giving the Rays a 5-4 lead in the top of the 9th inning",https://mlb-cuts-diamond.mlb.com/FORGE/2025/2025-09/13/a90a86ef-e51c272f-1856309f-csvm-diamondgcp-asset_1280x720_59_4000K.mp4,MLB_776338_nick-fortes-homers-5-on-a-fly-ball-to-left-center-field,raw_sources\MLB_776338_nick-fortes-homers-5-on-a-fly-ball-to-left-center-field_Nick_Fortes_go-ahead_home_run_5_Nick_Fortes_go-ahead_home_run_5_Nick_Fortes_go-ahead_home_run_5_Nick_Fo.mp4,0.000,7.000,,no,audit_checkpoint_002,224
733,Codex_Workstation,F_0788,dataset/fly_ball/Codex_Workstation/F_0788,4,needs_edit,clip_too_short,insufficient_post_contact_context,recover_source_and_recut_longer,annotated_contact_audio_confirmed,1.950,2.050,2.025,2.025,2.788,3.667,2.120,2.025,0.025,2.585,3.221,"[{""time"": 2.585, ""score"": 3.221, ""rms_ratio"": 2.487, ""diff_ratio"": 4.171}, {""time"": 0.405, ""score"": 3.159, ""rms_ratio"": 2.376, ""diff_ratio"": 4.2}, {""time"": 2.705, ""score"": 3.03, ""rms_ratio"": 2.294, ""diff_ratio"": 4.004}, {""time"": 2.295, ""score"": 2.963, ""rms_ratio"": 3.046, ""diff_ratio"": 2.882}, {""time"": 2.155, ""score"": 2.906, ""rms_ratio"": 3.639, ""diff_ratio"": 2.32}, {""time"": 1.375, ""score"": 2.889, ""rms_ratio"": 2.625, ""diff_ratio"": 3.179}, {""time"": 2.895, ""score"": 2.79, ""rms_ratio"": 2.265, ""diff_ratio"": 3.435}, {""time"": 2.025, ""score"": 2.788, ""rms_ratio"": 3.667, ""diff_ratio"": 2.12}, {""time"": 5.935, ""score"": 2.71, ""rms_ratio"": 2.27, ""diff_ratio"": 3.236}, {""time"": 1.485, ""score"": 2.614, ""rms_ratio"": 2.242, ""diff_ratio"": 3.049}, {""time"": 6.565, ""score"": 2.532, ""rms_ratio"": 2.059, ""diff_ratio"": 3.114}, {""time"": 0.585, ""score"": 2.51, ""rms_ratio"": 2.097, ""diff_ratio"": 3.005}, {""time"": 1.235, ""score"": 2.483, ""rms_ratio"": 2.298, ""diff_ratio"": 2.684}, {""time"": 3.305, ""score"": 2.442, ""rms_ratio"": 2.43, ""diff_ratio"": 2.455}, {""time"": 3.495, ""score"": 2.42, ""rms_ratio"": 2.868, ""diff_ratio"": 2.042}, {""time"": 5.495, ""score"": 2.407, ""rms_ratio"": 2.072, ""diff_ratio"": 2.797}]",7.006,ffprobe,7.019,2.025,4.981,fly,pending,medium,,,,Nick Fortes discusses go-ahead home run  Nick Fortes discusses go-ahead home run  Nick Fortes discusses go-ahead home run  Nick Fortes discusses his go-ahead home run in the Rays' 5-4 win against the Cubs,https://mlb-cuts-diamond.mlb.com/FORGE/2025/2025-09/13/140e9a35-4f122518-269c00c5-csvm-diamondgcp-asset_1280x720_59_4000K.mp4,MLB_776338_nick-fortes-discusses-go-ahead-home-run,raw_sources\MLB_776338_nick-fortes-discusses-go-ahead-home-run_Nick_Fortes_discusses_go-ahead_home_run_Nick_Fortes_discusses_go-ahead_home_run_Nick_Fortes_discusses_go-ahead_home_run.mp4,42.600,49.600,,no,audit_checkpoint_002,225
732,Codex_Workstation,F_0787,dataset/fly_ball/Codex_Workstation/F_0787,4,needs_edit,contact_timestamp_wrong,contact_timestamp_wrong,retime_from_local_audio_candidate;qwen_confirm_visual_contact_near_candidate,likely_contact_timestamp_wrong,1.950,2.050,2.345,2.055,2.023,2.091,1.957,2.055,0.055,2.345,2.213,"[{""time"": 2.345, ""score"": 2.213, ""rms_ratio"": 1.336, ""diff_ratio"": 3.665}, {""time"": 4.335, ""score"": 2.045, ""rms_ratio"": 1.126, ""diff_ratio"": 3.713}, {""time"": 2.055, ""score"": 2.023, ""rms_ratio"": 2.091, ""diff_ratio"": 1.957}, {""time"": 2.455, ""score"": 1.88, ""rms_ratio"": 1.82, ""diff_ratio"": 1.942}, {""time"": 2.245, ""score"": 1.856, ""rms_ratio"": 1.825, ""diff_ratio"": 1.888}, {""time"": 3.505, ""score"": 1.828, ""rms_ratio"": 1.065, ""diff_ratio"": 3.138}, {""time"": 3.785, ""score"": 1.817, ""rms_ratio"": 1.651, ""diff_ratio"": 1.998}, {""time"": 2.595, ""score"": 1.772, ""rms_ratio"": 1.841, ""diff_ratio"": 1.706}, {""time"": 2.735, ""score"": 1.753, ""rms_ratio"": 1.752, ""diff_ratio"": 1.755}, {""time"": 4.955, ""score"": 1.74, ""rms_ratio"": 0.849, ""diff_ratio"": 3.029}, {""time"": 4.065, ""score"": 1.691, ""rms_ratio"": 1.833, ""diff_ratio"": 1.56}, {""time"": 0.285, ""score"": 1.685, ""rms_ratio"": 1.055, ""diff_ratio"": 2.693}, {""time"": 4.445, ""score"": 1.683, ""rms_ratio"": 1.502, ""diff_ratio"": 1.887}, {""time"": 1.795, ""score"": 1.677, ""rms_ratio"": 1.483, ""diff_ratio"": 1.896}, {""time"": 4.815, ""score"": 1.664, ""rms_ratio"": 1.514, ""diff_ratio"": 1.829}, {""time"": 1.445, ""score"": 1.651, ""rms_ratio"": 1.545, ""diff_ratio"": 1.765}]",7.007,ffprobe,7.019,2.345,4.662,line_drive,pending,medium,,,,"Junior Caminero's game-tying home run (43) Junior Caminero's game-tying home run (43) Junior Caminero's game-tying home run (43) Junior Caminero hits a solo home run to center field, tying the game at 4-4 in the 8th inning",https://mlb-cuts-diamond.mlb.com/FORGE/2025/2025-09/13/866f546d-6cdf5aa7-2d3565e4-csvm-diamondgcp-asset_1280x720_59_4000K.mp4,MLB_776338_junior-caminero-homers-43-on-a-line-drive-to-center-field,raw_sources\MLB_776338_junior-caminero-homers-43-on-a-line-drive-to-center-field_Junior_Caminero_s_game-tying_home_run_43_Junior_Caminero_s_game-tying_home_run_43_Junior_Caminero_s_g.mp4,5.720,12.720,,no,audit_checkpoint_002,226
731,Codex_Workstation,F_0786,dataset/fly_ball/Codex_Workstation/F_0786,4,needs_edit,clip_too_short,insufficient_post_contact_context,recover_source_and_recut_longer,annotated_contact_audio_confirmed,0.950,1.050,1.025,1.025,4.046,3.326,4.922,1.025,0.025,1.025,4.046,"[{""time"": 1.025, ""score"": 4.046, ""rms_ratio"": 3.326, ""diff_ratio"": 4.922}, {""time"": 4.835, ""score"": 2.106, ""rms_ratio"": 1.845, ""diff_ratio"": 2.404}, {""time"": 4.595, ""score"": 1.968, ""rms_ratio"": 1.306, ""diff_ratio"": 2.965}, {""time"": 3.855, ""score"": 1.904, ""rms_ratio"": 2.01, ""diff_ratio"": 1.803}, {""time"": 3.085, ""score"": 1.896, ""rms_ratio"": 1.152, ""diff_ratio"": 3.121}, {""time"": 5.535, ""score"": 1.83, ""rms_ratio"": 1.899, ""diff_ratio"": 1.764}, {""time"": 5.785, ""score"": 1.806, ""rms_ratio"": 1.761, ""diff_ratio"": 1.852}, {""time"": 5.915, ""score"": 1.789, ""rms_ratio"": 1.765, ""diff_ratio"": 1.813}, {""time"": 5.415, ""score"": 1.776, ""rms_ratio"": 1.818, ""diff_ratio"": 1.736}, {""time"": 5.675, ""score"": 1.772, ""rms_ratio"": 1.694, ""diff_ratio"": 1.853}, {""time"": 2.245, ""score"": 1.708, ""rms_ratio"": 1.566, ""diff_ratio"": 1.863}, {""time"": 6.735, ""score"": 1.69, ""rms_ratio"": 1.566, ""diff_ratio"": 1.824}, {""time"": 4.705, ""score"": 1.661, ""rms_ratio"": 1.168, ""diff_ratio"": 2.362}]",7.014,ffprobe,7.014,1.025,5.989,fly,pending,medium,,,,"Moisés Ballesteros hits first homer to Anthony Rizzo Moisés Ballesteros hits first homer to Anthony Rizzo Moisés Ballesteros hits first homer to Anthony Rizzo Moisés Ballesteros hits a solo home run, the first of his career, directly to Anthony Rizzo in the stands, giving the Cubs a 1-0 lead in the",https://mlb-cuts-diamond.mlb.com/FORGE/2025/2025-09/13/c6c5702e-99a8a168-14a84d87-csvm-diamondgcp-asset_1280x720_59_4000K.mp4,MLB_776338_drew-rasmussen-in-play-run-s-to-moises-ballesteros,raw_sources\MLB_776338_drew-rasmussen-in-play-run-s-to-moises-ballesteros_Mois_s_Ballesteros_hits_first_homer_to_Anthony_Rizzo_Mois_s_Ballesteros_hits_first_homer_to_Anthony_Rizzo_Mo.mp4,0.000,7.000,,no,audit_checkpoint_002,227
730,Codex_Workstation,F_0785,dataset/fly_ball/Codex_Workstation/F_0785,4,needs_edit,clip_too_short,insufficient_pre_contact_context;insufficient_post_contact_context,recover_source_and_recut_longer,annotated_contact_audio_confirmed,0.130,0.230,0.215,0.215,3.684,3.929,3.454,0.305,0.125,0.305,3.936,"[{""time"": 0.305, ""score"": 3.936, ""rms_ratio"": 2.903, ""diff_ratio"": 5.335}, {""time"": 1.865, ""score"": 3.588, ""rms_ratio"": 2.894, ""diff_ratio"": 4.449}, {""time"": 0.695, ""score"": 3.175, ""rms_ratio"": 3.033, ""diff_ratio"": 3.324}, {""time"": 1.255, ""score"": 3.089, ""rms_ratio"": 2.461, ""diff_ratio"": 3.879}, {""time"": 2.405, ""score"": 3.066, ""rms_ratio"": 2.621, ""diff_ratio"": 3.586}, {""time"": 0.555, ""score"": 2.924, ""rms_ratio"": 2.726, ""diff_ratio"": 3.136}, {""time"": 1.725, ""score"": 2.835, ""rms_ratio"": 2.543, ""diff_ratio"": 3.159}, {""time"": 3.565, ""score"": 2.754, ""rms_ratio"": 2.813, ""diff_ratio"": 2.697}, {""time"": 1.035, ""score"": 2.735, ""rms_ratio"": 3.005, ""diff_ratio"": 2.489}, {""time"": 5.335, ""score"": 2.644, ""rms_ratio"": 2.246, ""diff_ratio"": 3.114}, {""time"": 3.235, ""score"": 2.612, ""rms_ratio"": 2.433, ""diff_ratio"": 2.805}, {""time"": 2.235, ""score"": 2.552, ""rms_ratio"": 2.1, ""diff_ratio"": 3.102}, {""time"": 1.525, ""score"": 2.484, ""rms_ratio"": 2.357, ""diff_ratio"": 2.619}, {""time"": 5.835, ""score"": 2.452, ""rms_ratio"": 2.562, ""diff_ratio"": 2.346}, {""time"": 6.675, ""score"": 2.411, ""rms_ratio"": 2.117, ""diff_ratio"": 2.745}, {""time"": 5.145, ""score"": 2.377, ""rms_ratio"": 1.886, ""diff_ratio"": 2.997}]",7.014,ffprobe,7.014,0.215,6.799,fly,pending,medium,,,,"Pete Alonso on his walk-off: 'This year ain't over' Pete Alonso on his walk-off: 'This year ain't over' Pete Alonso on his walk-off: 'This year ain't over' Pete Alonso discusses his walk-off home run, the Mets fans for continuing to believe, Nolan McLean's strong start and more",https://mlb-cuts-diamond.mlb.com/FORGE/2025/2025-09/14/01955688-a99f0ba3-e50dc49d-csvm-diamondgcp-asset_1280x720_59_4000K.mp4,MLB_776335_pete-alonso-on-his-walk-off-this-year-ain-t-over-x2344,raw_sources\MLB_776335_pete-alonso-on-his-walk-off-this-year-ain-t-over-x2344_Pete_Alonso_on_his_walk-off_This_year_ain_t_over_Pete_Alonso_on_his_walk-off_This_year_ain_t_over_Pete_A.mp4,0.000,7.000,,no,audit_checkpoint_002,228
729,Codex_Workstation,F_0782,dataset/fly_ball/Codex_Workstation/F_0782,4,needs_edit,clip_too_short,insufficient_post_contact_context,recover_source_and_recut_longer,annotated_contact_audio_confirmed,1.950,2.050,2.025,2.025,2.472,3.800,1.607,2.025,0.025,2.515,3.294,"[{""time"": 2.515, ""score"": 3.294, ""rms_ratio"": 3.394, ""diff_ratio"": 3.197}, {""time"": 1.565, ""score"": 2.837, ""rms_ratio"": 3.839, ""diff_ratio"": 2.097}, {""time"": 2.025, ""score"": 2.472, ""rms_ratio"": 3.8, ""diff_ratio"": 1.607}, {""time"": 0.735, ""score"": 2.356, ""rms_ratio"": 1.3, ""diff_ratio"": 4.268}, {""time"": 0.045, ""score"": 1.737, ""rms_ratio"": 2.232, ""diff_ratio"": 1.351}, {""time"": 0.385, ""score"": 1.723, ""rms_ratio"": 1.0, ""diff_ratio"": 2.968}, {""time"": 1.795, ""score"": 1.721, ""rms_ratio"": 1.115, ""diff_ratio"": 2.657}, {""time"": 2.855, ""score"": 1.688, ""rms_ratio"": 2.732, ""diff_ratio"": 1.043}]",2.890,ffprobe,2.901,2.025,0.865,fly,pending,medium,,,,"Brandon Nimmo's solo home run (23) Brandon Nimmo's solo home run (23) Brandon Nimmo's solo home run (23) Brandon Nimmo hits a solo home run to center field, increasing the Mets' lead to 2-0 in the 6th inning",https://mlb-cuts-diamond.mlb.com/FORGE/2025/2025-09/14/288cbac3-7829be21-e1566e2a-csvm-diamondgcp-asset_1280x720_59_4000K.mp4,MLB_776335_brandon-nimmo-homers-23-on-a-fly-ball-to-center-field,raw_sources\MLB_776335_brandon-nimmo-homers-23-on-a-fly-ball-to-center-field_Brandon_Nimmo_s_solo_home_run_23_Brandon_Nimmo_s_solo_home_run_23_Brandon_Nimmo_s_solo_home_run_23_Brando.mp4,11.360,18.360,,no,audit_checkpoint_002,229
728,Codex_Workstation,F_0781,dataset/fly_ball/Codex_Workstation/F_0781,4,needs_edit,clip_too_short,insufficient_post_contact_context,recover_source_and_recut_longer,annotated_contact_audio_confirmed,1.950,2.050,2.025,2.025,3.512,4.405,2.799,2.025,0.025,2.205,3.621,"[{""time"": 2.205, ""score"": 3.621, ""rms_ratio"": 3.929, ""diff_ratio"": 3.337}, {""time"": 0.315, ""score"": 3.554, ""rms_ratio"": 2.643, ""diff_ratio"": 4.779}, {""time"": 2.025, ""score"": 3.512, ""rms_ratio"": 4.405, ""diff_ratio"": 2.799}, {""time"": 6.695, ""score"": 3.435, ""rms_ratio"": 1.45, ""diff_ratio"": 8.135}, {""time"": 2.875, ""score"": 3.434, ""rms_ratio"": 1.407, ""diff_ratio"": 8.383}, {""time"": 5.115, ""score"": 3.187, ""rms_ratio"": 2.672, ""diff_ratio"": 3.802}, {""time"": 0.055, ""score"": 3.18, ""rms_ratio"": 1.664, ""diff_ratio"": 6.077}, {""time"": 1.625, ""score"": 2.983, ""rms_ratio"": 2.532, ""diff_ratio"": 3.515}, {""time"": 6.415, ""score"": 2.815, ""rms_ratio"": 2.598, ""diff_ratio"": 3.05}, {""time"": 1.735, ""score"": 2.795, ""rms_ratio"": 2.621, ""diff_ratio"": 2.981}, {""time"": 5.755, ""score"": 2.7, ""rms_ratio"": 2.577, ""diff_ratio"": 2.83}, {""time"": 3.175, ""score"": 2.515, ""rms_ratio"": 2.403, ""diff_ratio"": 2.632}, {""time"": 1.855, ""score"": 2.475, ""rms_ratio"": 2.734, ""diff_ratio"": 2.24}, {""time"": 5.345, ""score"": 2.343, ""rms_ratio"": 2.438, ""diff_ratio"": 2.25}, {""time"": 4.905, ""score"": 2.31, ""rms_ratio"": 2.473, ""diff_ratio"": 2.158}, {""time"": 3.015, ""score"": 2.305, ""rms_ratio"": 2.318, ""diff_ratio"": 2.291}]",7.007,ffprobe,7.019,2.025,4.982,fly,pending,medium,,,,"Salvador Perez on 10-3 win and more Salvador Perez on 10-3 win and more Salvador Perez on 10-3 win and more Salvador Perez discusses his three-run home run against the Phillies, how he feels after their win and more",https://mlb-cuts-diamond.mlb.com/FORGE/2025/2025-09/14/6d097453-e5e03386-96d4aafd-csvm-diamondgcp-asset_1280x720_59_4000K.mp4,MLB_776334_salvador-perez-on-10-3-win-and-more,raw_sources\MLB_776334_salvador-perez-on-10-3-win-and-more_Salvador_Perez_on_10-3_win_and_more_Salvador_Perez_on_10-3_win_and_more_Salvador_Perez_on_10-3_win_and_more_Salvador_Perez_.mp4,7.520,14.520,,no,audit_checkpoint_002,230
727,Codex_Workstation,F_0780,dataset/fly_ball/Codex_Workstation/F_0780,4,needs_edit,clip_too_short,insufficient_post_contact_context,recover_source_and_recut_longer,annotated_contact_audio_confirmed,1.950,2.050,2.025,2.025,2.672,2.732,2.612,2.025,0.025,2.025,2.672,"[{""time"": 2.025, ""score"": 2.672, ""rms_ratio"": 2.732, ""diff_ratio"": 2.612}, {""time"": 1.725, ""score"": 2.514, ""rms_ratio"": 2.345, ""diff_ratio"": 2.696}, {""time"": 1.535, ""score"": 2.401, ""rms_ratio"": 2.362, ""diff_ratio"": 2.441}, {""time"": 1.405, ""score"": 2.307, ""rms_ratio"": 2.211, ""diff_ratio"": 2.407}, {""time"": 1.905, ""score"": 2.185, ""rms_ratio"": 2.071, ""diff_ratio"": 2.306}, {""time"": 2.835, ""score"": 1.995, ""rms_ratio"": 2.151, ""diff_ratio"": 1.851}, {""time"": 2.515, ""score"": 1.926, ""rms_ratio"": 2.014, ""diff_ratio"": 1.843}, {""time"": 2.215, ""score"": 1.908, ""rms_ratio"": 1.808, ""diff_ratio"": 2.014}, {""time"": 2.365, ""score"": 1.89, ""rms_ratio"": 1.817, ""diff_ratio"": 1.965}, {""time"": 1.265, ""score"": 1.887, ""rms_ratio"": 1.67, ""diff_ratio"": 2.133}, {""time"": 1.045, ""score"": 1.877, ""rms_ratio"": 1.79, ""diff_ratio"": 1.969}, {""time"": 2.735, ""score"": 1.794, ""rms_ratio"": 1.662, ""diff_ratio"": 1.937}, {""time"": 1.145, ""score"": 1.725, ""rms_ratio"": 1.68, ""diff_ratio"": 1.772}]",7.007,ffprobe,7.019,2.025,4.982,fly,pending,medium,,,,Field View: Kyle Schwarber's 52nd home run Field View: Kyle Schwarber's 52nd home run Field View: Kyle Schwarber's 52nd home run Don't miss this unique look at Kyle Schwarber's solo home run in the bottom of the 1st inning against the Royals,https://mlb-cuts-diamond.mlb.com/FORGE/2025/2025-09/14/d3a500a9-95d8e666-4ef10524-csvm-diamondgcp-asset_1280x720_59_4000K.mp4,MLB_776334_field-view-kyle-schwarber-s-52nd-home-run,raw_sources\MLB_776334_field-view-kyle-schwarber-s-52nd-home-run_Field_View_Kyle_Schwarber_s_52nd_home_run_Field_View_Kyle_Schwarber_s_52nd_home_run_Field_View_Kyle_Schwarber_s_52nd_.mp4,4.700,11.700,,no,audit_checkpoint_002,231
726,Codex_Workstation,F_0779,dataset/fly_ball/Codex_Workstation/F_0779,4,needs_edit,clip_too_short,contact_audio_ambiguous;insufficient_post_contact_context,review_local_audio_candidates;qwen_confirm_visual_contact_near_candidate;recover_source_and_recut_longer,annotated_audio_ambiguous,1.950,2.050,2.055,2.055,1.924,2.003,1.848,2.015,0.015,2.135,2.008,"[{""time"": 2.135, ""score"": 2.008, ""rms_ratio"": 1.843, ""diff_ratio"": 2.189}, {""time"": 2.255, ""score"": 1.967, ""rms_ratio"": 1.826, ""diff_ratio"": 2.12}, {""time"": 2.385, ""score"": 1.901, ""rms_ratio"": 1.802, ""diff_ratio"": 2.005}, {""time"": 2.665, ""score"": 1.858, ""rms_ratio"": 1.875, ""diff_ratio"": 1.842}, {""time"": 3.135, ""score"": 1.854, ""rms_ratio"": 1.62, ""diff_ratio"": 2.121}, {""time"": 2.845, ""score"": 1.847, ""rms_ratio"": 1.726, ""diff_ratio"": 1.976}, {""time"": 3.015, ""score"": 1.799, ""rms_ratio"": 1.644, ""diff_ratio"": 1.969}, {""time"": 3.355, ""score"": 1.758, ""rms_ratio"": 1.601, ""diff_ratio"": 1.93}, {""time"": 2.015, ""score"": 1.674, ""rms_ratio"": 1.64, ""diff_ratio"": 1.708}, {""time"": 2.505, ""score"": 1.673, ""rms_ratio"": 1.49, ""diff_ratio"": 1.879}, {""time"": 3.245, ""score"": 1.656, ""rms_ratio"": 1.529, ""diff_ratio"": 1.793}, {""time"": 3.665, ""score"": 1.652, ""rms_ratio"": 1.446, ""diff_ratio"": 1.887}]",7.006,ffprobe,7.019,2.055,4.951,fly,pending,medium,,,,Field View: Bryson Stott's solo home run Field View: Bryson Stott's solo home run Field View: Bryson Stott's solo home run Don't miss this unique look at Bryson Stott's solo home run in the bottom of the 8th inning against the Royals,https://mlb-cuts-diamond.mlb.com/FORGE/2025/2025-09/14/b3b60f91-e63ecd18-0b9577db-csvm-diamondgcp-asset_1280x720_59_4000K.mp4,MLB_776334_field-view-bryson-stott-s-solo-home-run-x4161,raw_sources\MLB_776334_field-view-bryson-stott-s-solo-home-run-x4161_Field_View_Bryson_Stott_s_solo_home_run_Field_View_Bryson_Stott_s_solo_home_run_Field_View_Bryson_Stott_s_solo_ho.mp4,4.640,11.640,,no,audit_checkpoint_002,232
725,Codex_Workstation,F_0778,dataset/fly_ball/Codex_Workstation/F_0778,4,needs_edit,clip_too_short,insufficient_post_contact_context,recover_source_and_recut_longer,annotated_contact_audio_confirmed,1.950,2.050,2.025,2.025,3.103,2.999,3.210,2.025,0.025,2.025,3.103,"[{""time"": 2.025, ""score"": 3.103, ""rms_ratio"": 2.999, ""diff_ratio"": 3.21}, {""time"": 1.745, ""score"": 2.566, ""rms_ratio"": 2.312, ""diff_ratio"": 2.846}, {""time"": 0.185, ""score"": 2.439, ""rms_ratio"": 2.837, ""diff_ratio"": 2.096}, {""time"": 3.635, ""score"": 2.362, ""rms_ratio"": 2.432, ""diff_ratio"": 2.294}, {""time"": 2.225, ""score"": 2.322, ""rms_ratio"": 2.426, ""diff_ratio"": 2.223}, {""time"": 5.265, ""score"": 2.289, ""rms_ratio"": 1.837, ""diff_ratio"": 2.853}, {""time"": 4.045, ""score"": 2.204, ""rms_ratio"": 2.171, ""diff_ratio"": 2.238}, {""time"": 3.765, ""score"": 1.883, ""rms_ratio"": 2.121, ""diff_ratio"": 1.671}, {""time"": 0.875, ""score"": 1.868, ""rms_ratio"": 2.249, ""diff_ratio"": 1.551}, {""time"": 1.915, ""score"": 1.763, ""rms_ratio"": 1.137, ""diff_ratio"": 2.732}, {""time"": 4.385, ""score"": 1.741, ""rms_ratio"": 1.861, ""diff_ratio"": 1.628}]",5.321,ffprobe,5.333,2.025,3.296,fly,pending,medium,,,,"Bo Naylor's go-ahead home run (12) Bo Naylor's go-ahead home run (12) Bo Naylor's go-ahead home run (12) Bo Naylor hits a home run to right-center field, giving the Guardians a 3-2 lead in the 7th inning",https://mlb-cuts-diamond.mlb.com/FORGE/2025/2025-09/14/0f0c98f0-91b49148-c68e1d7f-csvm-diamondgcp-asset_1280x720_59_4000K.mp4,MLB_776331_brandon-eisert-in-play-run-s-to-bo-naylor,raw_sources\MLB_776331_brandon-eisert-in-play-run-s-to-bo-naylor_Bo_Naylor_s_go-ahead_home_run_12_Bo_Naylor_s_go-ahead_home_run_12_Bo_Naylor_s_go-ahead_home_run_12_Bo_Naylor_hits_a_h.mp4,7.380,14.380,,no,audit_checkpoint_002,233
724,Codex_Workstation,F_0777,dataset/fly_ball/Codex_Workstation/F_0777,4,needs_edit,clip_too_short,insufficient_post_contact_context,recover_source_and_recut_longer,annotated_contact_audio_confirmed,1.950,2.050,2.015,2.015,2.535,2.070,3.104,2.015,0.015,2.645,3.660,"[{""time"": 2.645, ""score"": 3.66, ""rms_ratio"": 1.963, ""diff_ratio"": 6.825}, {""time"": 3.195, ""score"": 3.44, ""rms_ratio"": 2.198, ""diff_ratio"": 5.383}, {""time"": 3.055, ""score"": 3.03, ""rms_ratio"": 1.557, ""diff_ratio"": 5.898}, {""time"": 2.015, ""score"": 2.535, ""rms_ratio"": 2.07, ""diff_ratio"": 3.104}, {""time"": 2.375, ""score"": 2.176, ""rms_ratio"": 2.632, ""diff_ratio"": 1.798}, {""time"": 2.795, ""score"": 2.042, ""rms_ratio"": 1.763, ""diff_ratio"": 2.366}, {""time"": 3.705, ""score"": 1.879, ""rms_ratio"": 2.205, ""diff_ratio"": 1.601}, {""time"": 3.385, ""score"": 1.856, ""rms_ratio"": 1.427, ""diff_ratio"": 2.415}]",3.912,ffprobe,3.925,2.015,1.897,fly,pending,medium,,,,"Matt Olson's solo home run (25) Matt Olson's solo home run (25) Matt Olson's solo home run (25) Matt Olson crushes a solo home run to deep-right field, bringing the score even at 1 in the 1st inning",https://mlb-cuts-diamond.mlb.com/FORGE/2025/2025-09/14/4b8992cf-e22864bf-a0b79bb1-csvm-diamondgcp-asset_1280x720_59_4000K.mp4,MLB_776329_matt-olson-homers-25-on-a-fly-ball-to-right-field-fwldk5,raw_sources\MLB_776329_matt-olson-homers-25-on-a-fly-ball-to-right-field-fwldk5_Matt_Olson_s_solo_home_run_25_Matt_Olson_s_solo_home_run_25_Matt_Olson_s_solo_home_run_25_Matt_Olson_c.mp4,8.120,15.120,,no,audit_checkpoint_002,234
723,Codex_Workstation,F_0776,dataset/fly_ball/Codex_Workstation/F_0776,4,needs_edit,contact_timestamp_wrong,contact_timestamp_wrong;insufficient_post_contact_context,retime_from_local_audio_candidate;qwen_confirm_visual_contact_near_candidate;recover_source_and_recut_longer,likely_contact_timestamp_wrong,1.950,2.050,3.125,2.075,1.873,2.506,1.400,2.155,0.155,4.585,2.663,"[{""time"": 4.585, ""score"": 2.663, ""rms_ratio"": 1.421, ""diff_ratio"": 4.989}, {""time"": 5.655, ""score"": 2.555, ""rms_ratio"": 1.283, ""diff_ratio"": 5.087}, {""time"": 3.125, ""score"": 2.475, ""rms_ratio"": 1.309, ""diff_ratio"": 4.681}, {""time"": 5.275, ""score"": 2.339, ""rms_ratio"": 1.677, ""diff_ratio"": 3.264}, {""time"": 0.005, ""score"": 2.253, ""rms_ratio"": 1.099, ""diff_ratio"": 4.615}, {""time"": 4.265, ""score"": 2.167, ""rms_ratio"": 1.883, ""diff_ratio"": 2.495}, {""time"": 3.265, ""score"": 2.08, ""rms_ratio"": 1.742, ""diff_ratio"": 2.485}, {""time"": 5.165, ""score"": 2.065, ""rms_ratio"": 1.636, ""diff_ratio"": 2.605}, {""time"": 0.285, ""score"": 2.045, ""rms_ratio"": 2.158, ""diff_ratio"": 1.938}, {""time"": 3.415, ""score"": 2.009, ""rms_ratio"": 1.598, ""diff_ratio"": 2.527}, {""time"": 3.015, ""score"": 1.964, ""rms_ratio"": 1.074, ""diff_ratio"": 3.591}, {""time"": 2.155, ""score"": 1.935, ""rms_ratio"": 1.803, ""diff_ratio"": 2.078}, {""time"": 6.135, ""score"": 1.91, ""rms_ratio"": 1.609, ""diff_ratio"": 2.268}, {""time"": 5.515, ""score"": 1.898, ""rms_ratio"": 1.547, ""diff_ratio"": 2.33}, {""time"": 2.755, ""score"": 1.886, ""rms_ratio"": 1.694, ""diff_ratio"": 2.1}, {""time"": 1.085, ""score"": 1.88, ""rms_ratio"": 1.664, ""diff_ratio"": 2.123}]",7.006,ffprobe,7.019,3.125,3.881,fly,pending,medium,,,,"Cam Smith's solo home run (9) Cam Smith's solo home run (9) Cam Smith's solo home run (9) Cam Smith crushes a solo home run to left field, cutting the Astros' deficit to 5-3 in the 6th inning",https://mlb-cuts-diamond.mlb.com/FORGE/2025/2025-09/14/188e2ca5-9cd0e8c3-8e71af06-csvm-diamondgcp-asset_1280x720_59_4000K.mp4,MLB_776329_hunter-stratton-in-play-run-s-to-cam-smith,raw_sources\MLB_776329_hunter-stratton-in-play-run-s-to-cam-smith_Cam_Smith_s_solo_home_run_9_Cam_Smith_s_solo_home_run_9_Cam_Smith_s_solo_home_run_9_Cam_Smith_crushes_a_solo_home_ru.mp4,9.280,16.280,,no,audit_checkpoint_002,235
722,Codex_Workstation,F_0775,dataset/fly_ball/Codex_Workstation/F_0775,4,needs_edit,clip_too_short,insufficient_post_contact_context,recover_source_and_recut_longer,annotated_contact_audio_confirmed,1.950,2.050,2.015,2.015,4.765,4.359,5.210,2.015,0.015,2.015,4.765,"[{""time"": 2.015, ""score"": 4.765, ""rms_ratio"": 4.359, ""diff_ratio"": 5.21}, {""time"": 6.205, ""score"": 4.666, ""rms_ratio"": 2.025, ""diff_ratio"": 10.754}, {""time"": 2.165, ""score"": 4.648, ""rms_ratio"": 4.091, ""diff_ratio"": 5.282}, {""time"": 6.705, ""score"": 4.062, ""rms_ratio"": 3.43, ""diff_ratio"": 4.811}, {""time"": 5.525, ""score"": 3.908, ""rms_ratio"": 1.687, ""diff_ratio"": 9.05}, {""time"": 5.995, ""score"": 3.722, ""rms_ratio"": 3.283, ""diff_ratio"": 4.219}, {""time"": 6.415, ""score"": 3.548, ""rms_ratio"": 4.36, ""diff_ratio"": 2.887}, {""time"": 2.385, ""score"": 3.384, ""rms_ratio"": 3.27, ""diff_ratio"": 3.502}, {""time"": 4.525, ""score"": 3.182, ""rms_ratio"": 3.465, ""diff_ratio"": 2.922}, {""time"": 3.135, ""score"": 3.116, ""rms_ratio"": 3.674, ""diff_ratio"": 2.643}, {""time"": 2.685, ""score"": 3.116, ""rms_ratio"": 1.302, ""diff_ratio"": 7.458}, {""time"": 5.025, ""score"": 2.842, ""rms_ratio"": 2.631, ""diff_ratio"": 3.069}, {""time"": 2.855, ""score"": 2.82, ""rms_ratio"": 3.627, ""diff_ratio"": 2.193}, {""time"": 0.175, ""score"": 2.627, ""rms_ratio"": 2.445, ""diff_ratio"": 2.823}, {""time"": 1.405, ""score"": 2.607, ""rms_ratio"": 2.47, ""diff_ratio"": 2.751}, {""time"": 4.225, ""score"": 2.56, ""rms_ratio"": 3.454, ""diff_ratio"": 1.898}]",7.006,ffprobe,7.019,2.015,4.991,fly,pending,medium,,,,"Tony Mansolino on Orioles' 11-2 loss Tony Mansolino on Orioles' 11-2 loss Tony Mansolino on Orioles' 11-2 loss Tony Mansolino discusses Carson Ragsdale's struggles in his Major League debut, Coby Mayo's home run and more following the Orioles' 11-2 defeat",https://mlb-cuts-diamond.mlb.com/FORGE/2025/2025-09/14/420acbd2-cb3ae676-91f32d52-csvm-diamondgcp-asset_1280x720_59_4000K.mp4,MLB_776322_tony-mansolino-on-orioles-11-2-loss,raw_sources\MLB_776322_tony-mansolino-on-orioles-11-2-loss_Tony_Mansolino_on_Orioles_11-2_loss_Tony_Mansolino_on_Orioles_11-2_loss_Tony_Mansolino_on_Orioles_11-2_loss_Tony_Mansolino_.mp4,10.700,17.700,,no,audit_checkpoint_002,236
721,Codex_Workstation,F_0774,dataset/fly_ball/Codex_Workstation/F_0774,4,needs_edit,clip_too_short,insufficient_post_contact_context,recover_source_and_recut_longer,annotated_contact_audio_confirmed,1.950,2.050,2.035,2.035,2.307,3.226,1.650,2.035,0.035,2.035,2.307,"[{""time"": 2.035, ""score"": 2.307, ""rms_ratio"": 3.226, ""diff_ratio"": 1.65}, {""time"": 1.245, ""score"": 2.141, ""rms_ratio"": 2.662, ""diff_ratio"": 1.722}, {""time"": 0.525, ""score"": 2.051, ""rms_ratio"": 1.125, ""diff_ratio"": 3.739}, {""time"": 1.495, ""score"": 2.015, ""rms_ratio"": 2.293, ""diff_ratio"": 1.771}, {""time"": 4.895, ""score"": 1.995, ""rms_ratio"": 1.055, ""diff_ratio"": 3.774}, {""time"": 6.465, ""score"": 1.978, ""rms_ratio"": 2.176, ""diff_ratio"": 1.797}, {""time"": 0.345, ""score"": 1.951, ""rms_ratio"": 2.081, ""diff_ratio"": 1.829}, {""time"": 0.785, ""score"": 1.944, ""rms_ratio"": 2.627, ""diff_ratio"": 1.438}, {""time"": 6.575, ""score"": 1.906, ""rms_ratio"": 1.589, ""diff_ratio"": 2.285}, {""time"": 6.685, ""score"": 1.857, ""rms_ratio"": 1.741, ""diff_ratio"": 1.981}, {""time"": 5.205, ""score"": 1.856, ""rms_ratio"": 1.88, ""diff_ratio"": 1.832}, {""time"": 5.655, ""score"": 1.816, ""rms_ratio"": 1.914, ""diff_ratio"": 1.723}, {""time"": 0.235, ""score"": 1.816, ""rms_ratio"": 2.188, ""diff_ratio"": 1.507}, {""time"": 5.545, ""score"": 1.775, ""rms_ratio"": 1.661, ""diff_ratio"": 1.898}, {""time"": 5.945, ""score"": 1.761, ""rms_ratio"": 1.815, ""diff_ratio"": 1.709}, {""time"": 4.695, ""score"": 1.751, ""rms_ratio"": 1.575, ""diff_ratio"": 1.946}]",7.006,ffprobe,7.019,2.035,4.971,fly,pending,medium,,,,"Pete Crow-Armstrong's solo home run (29) Pete Crow-Armstrong's solo home run (29) Pete Crow-Armstrong's solo home run (29) Pete Crow-Armstrong drills a long solo home run to right field, giving the Cubs a 4-0 lead in the top of the 6th",https://mlb-cuts-diamond.mlb.com/FORGE/2025/2025-09/15/8496f905-ca772ffa-130c2b4a-csvm-diamondgcp-asset_1280x720_59_4000K.mp4,MLB_776318_pete-crow-armstrong-homers-29-on-a-fly-ball-to-right-center-field,raw_sources\MLB_776318_pete-crow-armstrong-homers-29-on-a-fly-ball-to-right-center-field_Pete_Crow-Armstrong_s_solo_home_run_29_Pete_Crow-Armstrong_s_solo_home_run_29_Pete_Crow-Armst.mp4,9.500,16.500,,no,audit_checkpoint_002,237
720,Codex_Workstation,F_0773,dataset/fly_ball/Codex_Workstation/F_0773,4,needs_edit,contact_timestamp_wrong,contact_timestamp_wrong;insufficient_post_contact_context,retime_from_local_audio_candidate;qwen_confirm_visual_contact_near_candidate;recover_source_and_recut_longer,likely_contact_timestamp_wrong,1.950,2.050,1.665,2.025,1.568,2.200,1.117,1.855,0.145,3.125,3.527,"[{""time"": 3.125, ""score"": 3.527, ""rms_ratio"": 1.676, ""diff_ratio"": 7.425}, {""time"": 1.665, ""score"": 3.179, ""rms_ratio"": 1.828, ""diff_ratio"": 5.531}, {""time"": 0.615, ""score"": 2.788, ""rms_ratio"": 1.852, ""diff_ratio"": 4.196}, {""time"": 1.155, ""score"": 2.197, ""rms_ratio"": 1.276, ""diff_ratio"": 3.783}, {""time"": 0.315, ""score"": 1.873, ""rms_ratio"": 1.441, ""diff_ratio"": 2.433}, {""time"": 1.855, ""score"": 1.796, ""rms_ratio"": 1.599, ""diff_ratio"": 2.017}, {""time"": 0.735, ""score"": 1.679, ""rms_ratio"": 1.371, ""diff_ratio"": 2.057}, {""time"": 3.235, ""score"": 1.652, ""rms_ratio"": 1.458, ""diff_ratio"": 1.871}]",3.348,ffprobe,3.349,1.665,1.683,fly,pending,medium,,,,"Ronald Acuña Jr.'s solo homer (17) Ronald Acuña Jr.'s solo homer (17) Ronald Acuña Jr.'s solo homer (17) Ronald Acuña Jr. skies a long home run over the left-field fence, extending the Braves' lead 9-3 in the top of the 9th inning",https://mlb-cuts-diamond.mlb.com/FORGE/2025/2025-09/15/0013a31a-b6f64d7e-16302743-csvm-diamondgcp-asset_1280x720_59_4000K.mp4,MLB_776315_ronald-acuna-jr-homers-17-on-a-fly-ball-to-left-field,raw_sources\MLB_776315_ronald-acuna-jr-homers-17-on-a-fly-ball-to-left-field_Ronald_Acu_a_Jr._s_solo_homer_17_Ronald_Acu_a_Jr._s_solo_homer_17_Ronald_Acu_a_Jr._s_solo_homer_17_Ronald.mp4,6.060,13.060,,no,audit_checkpoint_002,238
719,Codex_Workstation,F_0772,dataset/fly_ball/Codex_Workstation/F_0772,4,needs_edit,clip_too_short,insufficient_post_contact_context,recover_source_and_recut_longer,annotated_contact_audio_confirmed,1.470,1.570,1.535,1.535,8.428,6.074,11.694,1.535,0.015,1.535,8.428,"[{""time"": 1.535, ""score"": 8.428, ""rms_ratio"": 6.074, ""diff_ratio"": 11.694}, {""time"": 4.755, ""score"": 5.202, ""rms_ratio"": 2.606, ""diff_ratio"": 10.386}, {""time"": 3.305, ""score"": 5.133, ""rms_ratio"": 2.272, ""diff_ratio"": 11.6}, {""time"": 3.545, ""score"": 5.003, ""rms_ratio"": 2.373, ""diff_ratio"": 10.551}, {""time"": 3.905, ""score"": 4.883, ""rms_ratio"": 2.117, ""diff_ratio"": 11.263}, {""time"": 4.535, ""score"": 3.76, ""rms_ratio"": 2.485, ""diff_ratio"": 5.689}, {""time"": 4.015, ""score"": 3.57, ""rms_ratio"": 2.618, ""diff_ratio"": 4.868}, {""time"": 4.395, ""score"": 3.264, ""rms_ratio"": 3.335, ""diff_ratio"": 3.195}, {""time"": 4.235, ""score"": 3.044, ""rms_ratio"": 3.195, ""diff_ratio"": 2.901}, {""time"": 5.085, ""score"": 2.829, ""rms_ratio"": 2.433, ""diff_ratio"": 3.289}, {""time"": 4.865, ""score"": 2.736, ""rms_ratio"": 2.71, ""diff_ratio"": 2.762}, {""time"": 5.415, ""score"": 2.688, ""rms_ratio"": 2.734, ""diff_ratio"": 2.642}, {""time"": 5.275, ""score"": 2.662, ""rms_ratio"": 2.432, ""diff_ratio"": 2.914}, {""time"": 4.965, ""score"": 2.512, ""rms_ratio"": 2.393, ""diff_ratio"": 2.636}, {""time"": 2.835, ""score"": 2.408, ""rms_ratio"": 2.682, ""diff_ratio"": 2.162}, {""time"": 3.785, ""score"": 2.345, ""rms_ratio"": 1.776, ""diff_ratio"": 3.098}]",7.014,ffprobe,7.014,1.535,5.479,fly,pending,medium,,,,"Matt Olson's incredible day at the plate Matt Olson's incredible day at the plate Matt Olson's incredible day at the plate Matt Olson has a stellar day offensively as he accumulates one home run, four hits, and four RBIs against the Nationals",https://mlb-cuts-diamond.mlb.com/FORGE/2025/2025-09/15/5520c5b6-b4759931-24b57b84-csvm-diamondgcp-asset_1280x720_59_4000K.mp4,MLB_776315_matt-olson-s-incredible-day-at-the-plate,raw_sources\MLB_776315_matt-olson-s-incredible-day-at-the-plate_Matt_Olson_s_incredible_day_at_the_plate_Matt_Olson_s_incredible_day_at_the_plate_Matt_Olson_s_incredible_day_at_the_p.mp4,0.000,7.000,,no,audit_checkpoint_002,239
718,Codex_Workstation,F_0771,dataset/fly_ball/Codex_Workstation/F_0771,4,needs_edit,contact_timestamp_wrong,contact_timestamp_wrong;insufficient_post_contact_context,retime_from_local_audio_candidate;qwen_confirm_visual_contact_near_candidate;recover_source_and_recut_longer,likely_contact_timestamp_wrong,1.950,2.050,2.395,1.985,3.233,1.646,6.350,1.985,0.015,0.995,4.090,"[{""time"": 0.995, ""score"": 4.09, ""rms_ratio"": 1.85, ""diff_ratio"": 9.039}, {""time"": 2.395, ""score"": 3.904, ""rms_ratio"": 1.627, ""diff_ratio"": 9.368}, {""time"": 1.155, ""score"": 3.878, ""rms_ratio"": 1.746, ""diff_ratio"": 8.614}, {""time"": 5.895, ""score"": 3.778, ""rms_ratio"": 1.622, ""diff_ratio"": 8.802}, {""time"": 5.585, ""score"": 3.521, ""rms_ratio"": 1.573, ""diff_ratio"": 7.879}, {""time"": 5.315, ""score"": 3.427, ""rms_ratio"": 1.489, ""diff_ratio"": 7.887}, {""time"": 1.985, ""score"": 3.233, ""rms_ratio"": 1.646, ""diff_ratio"": 6.35}, {""time"": 4.095, ""score"": 3.083, ""rms_ratio"": 1.377, ""diff_ratio"": 6.903}, {""time"": 4.625, ""score"": 3.014, ""rms_ratio"": 1.336, ""diff_ratio"": 6.803}, {""time"": 2.275, ""score"": 2.702, ""rms_ratio"": 2.158, ""diff_ratio"": 3.384}, {""time"": 0.475, ""score"": 2.41, ""rms_ratio"": 1.024, ""diff_ratio"": 5.676}, {""time"": 2.695, ""score"": 2.364, ""rms_ratio"": 2.25, ""diff_ratio"": 2.483}, {""time"": 2.915, ""score"": 2.313, ""rms_ratio"": 0.808, ""diff_ratio"": 5.35}, {""time"": 2.165, ""score"": 2.279, ""rms_ratio"": 2.518, ""diff_ratio"": 2.063}, {""time"": 0.855, ""score"": 2.269, ""rms_ratio"": 1.024, ""diff_ratio"": 5.028}, {""time"": 3.865, ""score"": 2.179, ""rms_ratio"": 1.06, ""diff_ratio"": 4.482}]",7.006,ffprobe,7.019,2.395,4.611,fly,pending,medium,,,,Tony Mansolino on Orioles' 4-1 victory Tony Mansolino on Orioles' 4-1 victory Tony Mansolino on Orioles' 4-1 victory Tony Mansolino discusses Kyle Brandish's start and Colin Cowser's massive three-run home run that led to the Orioles' 4-1 win,https://mlb-cuts-diamond.mlb.com/FORGE/2025/2025-09/15/b4d4374d-542b454f-c3f5cec4-csvm-diamondgcp-asset_1280x720_59_4000K.mp4,MLB_776314_tony-mansolino-on-orioles-4-1-victory,raw_sources\MLB_776314_tony-mansolino-on-orioles-4-1-victory_Tony_Mansolino_on_Orioles_4-1_victory_Tony_Mansolino_on_Orioles_4-1_victory_Tony_Mansolino_on_Orioles_4-1_victory_Tony_Ma.mp4,12.100,19.100,,no,audit_checkpoint_002,240
717,Codex_Workstation,F_0769,dataset/fly_ball/Codex_Workstation/F_0769,4,needs_edit,contact_timestamp_wrong,contact_timestamp_wrong,retime_from_local_audio_candidate;qwen_confirm_visual_contact_near_candidate,likely_contact_timestamp_wrong,2.690,2.790,2.495,2.755,1.841,2.217,1.529,2.755,0.015,2.495,2.560,"[{""time"": 2.495, ""score"": 2.56, ""rms_ratio"": 1.467, ""diff_ratio"": 4.47}, {""time"": 2.295, ""score"": 2.371, ""rms_ratio"": 1.781, ""diff_ratio"": 3.157}, {""time"": 3.405, ""score"": 2.194, ""rms_ratio"": 1.093, ""diff_ratio"": 4.403}, {""time"": 1.795, ""score"": 2.004, ""rms_ratio"": 2.032, ""diff_ratio"": 1.977}, {""time"": 2.175, ""score"": 1.901, ""rms_ratio"": 2.075, ""diff_ratio"": 1.742}, {""time"": 2.025, ""score"": 1.885, ""rms_ratio"": 2.036, ""diff_ratio"": 1.746}, {""time"": 2.915, ""score"": 1.875, ""rms_ratio"": 1.879, ""diff_ratio"": 1.871}, {""time"": 2.755, ""score"": 1.841, ""rms_ratio"": 2.217, ""diff_ratio"": 1.529}, {""time"": 3.705, ""score"": 1.816, ""rms_ratio"": 1.555, ""diff_ratio"": 2.121}, {""time"": 4.675, ""score"": 1.801, ""rms_ratio"": 1.666, ""diff_ratio"": 1.946}, {""time"": 6.945, ""score"": 1.681, ""rms_ratio"": 0.775, ""diff_ratio"": 2.825}, {""time"": 6.665, ""score"": 1.67, ""rms_ratio"": 1.571, ""diff_ratio"": 1.774}]",7.006,ffprobe,7.019,2.495,4.511,line_drive,pending,medium,,,,"Trevor Story homers following review Trevor Story homers following review Trevor Story homers following review After the call on the field is overturned, Trevor Story hits a solo home run to extend the Red Sox lead to 6-3",https://mlb-cuts-diamond.mlb.com/FORGE/2025/2025-09/01/d158bc7b-c6521dcf-e51e9f68-csvm-diamondgcp-asset_1280x720_59_4000K.mp4,MLB_776505_trevor-story-homers-following-review,raw_sources\MLB_776505_trevor-story-homers-following-review_Trevor_Story_homers_following_review_Trevor_Story_homers_following_review_Trevor_Story_homers_following_review_After_the_c.mp4,5.960,12.960,,no,audit_checkpoint_002,241
716,Codex_Workstation,F_0768,dataset/fly_ball/Codex_Workstation/F_0768,4,needs_edit,contact_timestamp_wrong,contact_timestamp_wrong,retime_from_local_audio_candidate;qwen_confirm_visual_contact_near_candidate,likely_contact_timestamp_wrong,2.690,2.790,2.495,2.755,1.886,2.248,1.583,2.755,0.015,2.495,2.623,"[{""time"": 2.495, ""score"": 2.623, ""rms_ratio"": 1.487, ""diff_ratio"": 4.628}, {""time"": 2.295, ""score"": 2.429, ""rms_ratio"": 1.806, ""diff_ratio"": 3.268}, {""time"": 3.405, ""score"": 2.248, ""rms_ratio"": 1.108, ""diff_ratio"": 4.558}, {""time"": 1.795, ""score"": 2.053, ""rms_ratio"": 2.06, ""diff_ratio"": 2.047}, {""time"": 2.175, ""score"": 1.948, ""rms_ratio"": 2.104, ""diff_ratio"": 1.803}, {""time"": 2.025, ""score"": 1.932, ""rms_ratio"": 2.065, ""diff_ratio"": 1.807}, {""time"": 2.915, ""score"": 1.921, ""rms_ratio"": 1.905, ""diff_ratio"": 1.937}, {""time"": 2.755, ""score"": 1.886, ""rms_ratio"": 2.248, ""diff_ratio"": 1.583}, {""time"": 3.705, ""score"": 1.86, ""rms_ratio"": 1.577, ""diff_ratio"": 2.195}, {""time"": 4.675, ""score"": 1.845, ""rms_ratio"": 1.689, ""diff_ratio"": 2.015}, {""time"": 1.535, ""score"": 1.685, ""rms_ratio"": 1.709, ""diff_ratio"": 1.661}, {""time"": 2.605, ""score"": 1.684, ""rms_ratio"": 1.535, ""diff_ratio"": 1.848}]",7.006,ffprobe,7.019,2.495,4.511,line_drive,pending,medium,,,,"Trevor Story's bizarre solo home run (23) Trevor Story's bizarre solo home run (23) Trevor Story's bizarre solo home run (23) Trevor Story hits a solo home run that deflects off Jhonkensy Noel's glove and into the Pesky Pole, extending Boston's lead to 6-3 in the bottom of the 6th",https://mlb-cuts-diamond.mlb.com/FORGE/2025/2025-09/01/fd4ec316-f7a48977-21b0d5b5-csvm-diamondgcp-asset_1280x720_59_4000K.mp4,MLB_776505_red-sox-challenge-fair-or-foul-in-outfield-trevor-story-hits-a-ground,raw_sources\MLB_776505_red-sox-challenge-fair-or-foul-in-outfield-trevor-story-hits-a-ground_Trevor_Story_s_bizarre_solo_home_run_23_Trevor_Story_s_bizarre_solo_home_run_23_Trevor_St.mp4,5.960,12.960,,no,audit_checkpoint_002,242
715,Codex_Workstation,F_0767,dataset/fly_ball/Codex_Workstation/F_0767,4,needs_edit,clip_too_short,insufficient_post_contact_context,recover_source_and_recut_longer,annotated_contact_audio_confirmed,2.890,2.990,2.955,2.955,3.210,3.825,2.694,2.955,0.015,2.955,3.210,"[{""time"": 2.955, ""score"": 3.21, ""rms_ratio"": 3.825, ""diff_ratio"": 2.694}, {""time"": 2.305, ""score"": 2.702, ""rms_ratio"": 2.561, ""diff_ratio"": 2.85}, {""time"": 2.025, ""score"": 2.49, ""rms_ratio"": 3.28, ""diff_ratio"": 1.89}, {""time"": 3.615, ""score"": 2.482, ""rms_ratio"": 3.028, ""diff_ratio"": 2.034}, {""time"": 2.545, ""score"": 2.468, ""rms_ratio"": 1.991, ""diff_ratio"": 3.058}, {""time"": 3.845, ""score"": 2.337, ""rms_ratio"": 2.672, ""diff_ratio"": 2.044}, {""time"": 1.565, ""score"": 2.223, ""rms_ratio"": 2.639, ""diff_ratio"": 1.872}, {""time"": 4.845, ""score"": 2.182, ""rms_ratio"": 1.91, ""diff_ratio"": 2.493}, {""time"": 2.725, ""score"": 2.132, ""rms_ratio"": 1.89, ""diff_ratio"": 2.404}, {""time"": 4.715, ""score"": 2.087, ""rms_ratio"": 1.913, ""diff_ratio"": 2.276}, {""time"": 0.395, ""score"": 1.944, ""rms_ratio"": 1.531, ""diff_ratio"": 2.468}, {""time"": 3.055, ""score"": 1.921, ""rms_ratio"": 1.925, ""diff_ratio"": 1.917}, {""time"": 3.175, ""score"": 1.878, ""rms_ratio"": 1.728, ""diff_ratio"": 2.041}, {""time"": 5.125, ""score"": 1.86, ""rms_ratio"": 1.801, ""diff_ratio"": 1.92}, {""time"": 5.555, ""score"": 1.844, ""rms_ratio"": 1.944, ""diff_ratio"": 1.748}, {""time"": 1.325, ""score"": 1.787, ""rms_ratio"": 2.075, ""diff_ratio"": 1.539}]",7.007,ffprobe,7.019,2.955,4.052,fly,pending,high,,,,Kyle Manzardo's solo homer (24) Kyle Manzardo's solo homer (24) Kyle Manzardo's solo homer (24) Kyle Manzardo crushes a solo home run to center field to bring the Guardians within two in the 8th,https://mlb-cuts-diamond.mlb.com/FORGE/2025/2025-09/01/e1fe83db-79c71462-37e63093-csvm-diamondgcp-asset_1280x720_59_4000K.mp4,MLB_776505_kyle-manzardo-homers-24-on-a-fly-ball-to-center-field,raw_sources\MLB_776505_kyle-manzardo-homers-24-on-a-fly-ball-to-center-field_Kyle_Manzardo_s_solo_homer_24_Kyle_Manzardo_s_solo_homer_24_Kyle_Manzardo_s_solo_homer_24_Kyle_Manzardo_c.mp4,2.780,9.780,,no,audit_checkpoint_002,243
714,Codex_Workstation,F_0766,dataset/fly_ball/Codex_Workstation/F_0766,4,needs_edit,contact_timestamp_wrong,contact_timestamp_wrong,retime_from_local_audio_candidate;qwen_confirm_visual_contact_near_candidate,likely_contact_timestamp_wrong,1.970,2.070,1.495,2.035,1.551,1.970,1.221,1.855,0.165,1.285,2.631,"[{""time"": 1.285, ""score"": 2.631, ""rms_ratio"": 1.405, ""diff_ratio"": 4.927}, {""time"": 0.695, ""score"": 2.583, ""rms_ratio"": 1.504, ""diff_ratio"": 4.436}, {""time"": 1.495, ""score"": 2.524, ""rms_ratio"": 1.408, ""diff_ratio"": 4.527}, {""time"": 4.685, ""score"": 2.316, ""rms_ratio"": 1.289, ""diff_ratio"": 4.163}, {""time"": 4.275, ""score"": 2.031, ""rms_ratio"": 1.158, ""diff_ratio"": 3.562}, {""time"": 1.855, ""score"": 1.943, ""rms_ratio"": 1.58, ""diff_ratio"": 2.39}, {""time"": 1.695, ""score"": 1.934, ""rms_ratio"": 1.155, ""diff_ratio"": 3.238}, {""time"": 4.555, ""score"": 1.905, ""rms_ratio"": 1.596, ""diff_ratio"": 2.275}, {""time"": 0.845, ""score"": 1.858, ""rms_ratio"": 2.097, ""diff_ratio"": 1.645}, {""time"": 4.135, ""score"": 1.823, ""rms_ratio"": 1.571, ""diff_ratio"": 2.117}, {""time"": 2.625, ""score"": 1.77, ""rms_ratio"": 1.448, ""diff_ratio"": 2.163}, {""time"": 4.445, ""score"": 1.767, ""rms_ratio"": 1.613, ""diff_ratio"": 1.936}, {""time"": 3.675, ""score"": 1.748, ""rms_ratio"": 1.379, ""diff_ratio"": 2.216}, {""time"": 0.565, ""score"": 1.697, ""rms_ratio"": 1.74, ""diff_ratio"": 1.655}, {""time"": 2.215, ""score"": 1.682, ""rms_ratio"": 1.745, ""diff_ratio"": 1.62}, {""time"": 2.755, ""score"": 1.666, ""rms_ratio"": 1.871, ""diff_ratio"": 1.484}]",7.006,ffprobe,7.019,1.495,5.511,line_drive,pending,high,,,,Daulton Varsho's solo homer (16) Daulton Varsho's solo homer (16) Daulton Varsho's solo homer (16) Daulton Varsho cranks a solo home run to right field to extend the Blue Jays' lead to 4-2 in the top of the 9th,https://mlb-cuts-diamond.mlb.com/FORGE/2025/2025-09/01/f62d3141-93507556-e80f4ae0-csvm-diamondgcp-asset_1280x720_59_4000K.mp4,MLB_776503_daulton-varsho-homers-16-on-a-fly-ball-to-right-field-uyebvx,raw_sources\MLB_776503_daulton-varsho-homers-16-on-a-fly-ball-to-right-field-uyebvx_Daulton_Varsho_s_solo_homer_16_Daulton_Varsho_s_solo_homer_16_Daulton_Varsho_s_solo_homer_16_Dault.mp4,2.140,9.140,,no,audit_checkpoint_002,244
713,Codex_Workstation,F_0765,dataset/fly_ball/Codex_Workstation/F_0765,4,needs_edit,contact_timestamp_wrong,contact_timestamp_wrong,retime_from_local_audio_candidate;qwen_confirm_visual_contact_near_candidate,likely_contact_timestamp_wrong,1.970,2.070,1.575,2.015,1.968,2.428,1.595,2.015,0.005,1.575,2.600,"[{""time"": 1.575, ""score"": 2.6, ""rms_ratio"": 1.367, ""diff_ratio"": 4.945}, {""time"": 0.145, ""score"": 2.387, ""rms_ratio"": 1.366, ""diff_ratio"": 4.169}, {""time"": 6.315, ""score"": 2.259, ""rms_ratio"": 1.307, ""diff_ratio"": 3.901}, {""time"": 2.275, ""score"": 1.975, ""rms_ratio"": 1.982, ""diff_ratio"": 1.967}, {""time"": 2.015, ""score"": 1.968, ""rms_ratio"": 2.428, ""diff_ratio"": 1.595}, {""time"": 4.935, ""score"": 1.871, ""rms_ratio"": 1.136, ""diff_ratio"": 3.082}, {""time"": 0.855, ""score"": 1.775, ""rms_ratio"": 1.809, ""diff_ratio"": 1.742}, {""time"": 5.855, ""score"": 1.771, ""rms_ratio"": 1.012, ""diff_ratio"": 3.1}, {""time"": 2.555, ""score"": 1.759, ""rms_ratio"": 1.751, ""diff_ratio"": 1.768}, {""time"": 5.365, ""score"": 1.737, ""rms_ratio"": 1.002, ""diff_ratio"": 3.01}, {""time"": 2.155, ""score"": 1.727, ""rms_ratio"": 1.878, ""diff_ratio"": 1.589}, {""time"": 0.005, ""score"": 1.687, ""rms_ratio"": 1.616, ""diff_ratio"": 1.76}, {""time"": 1.795, ""score"": 1.686, ""rms_ratio"": 1.659, ""diff_ratio"": 1.714}, {""time"": 1.915, ""score"": 1.682, ""rms_ratio"": 1.709, ""diff_ratio"": 1.655}, {""time"": 0.275, ""score"": 1.666, ""rms_ratio"": 1.46, ""diff_ratio"": 1.901}]",7.006,ffprobe,7.019,1.575,5.431,line_drive,pending,medium,,,,"Bo Bichette records four-hit game vs. Reds Bo Bichette records four-hit game vs. Reds Bo Bichette records four-hit game vs. Reds Bo Bichette records a four-hit game, including a go-ahead home run in the 9th, against the Reds",https://mlb-cuts-diamond.mlb.com/FORGE/2025/2025-09/01/397087a7-de6d5120-da0b28dd-csvm-diamondgcp-asset_1280x720_59_4000K.mp4,MLB_776503_bo-bichette-records-four-hit-game-vs-reds,raw_sources\MLB_776503_bo-bichette-records-four-hit-game-vs-reds_Bo_Bichette_records_four-hit_game_vs._Reds_Bo_Bichette_records_four-hit_game_vs._Reds_Bo_Bichette_records_four-hit_ga.mp4,3.740,10.740,,no,audit_checkpoint_002,245
712,Codex_Workstation,F_0764,dataset/fly_ball/Codex_Workstation/F_0764,4,needs_edit,clip_too_short,contact_audio_ambiguous;insufficient_post_contact_context,review_local_audio_candidates;qwen_confirm_visual_contact_near_candidate;recover_source_and_recut_longer,annotated_audio_ambiguous,1.970,2.070,2.035,2.035,2.016,2.378,1.710,2.035,0.015,2.035,2.016,"[{""time"": 2.035, ""score"": 2.016, ""rms_ratio"": 2.378, ""diff_ratio"": 1.71}, {""time"": 4.485, ""score"": 1.991, ""rms_ratio"": 1.165, ""diff_ratio"": 3.401}, {""time"": 2.635, ""score"": 1.983, ""rms_ratio"": 2.169, ""diff_ratio"": 1.813}, {""time"": 1.765, ""score"": 1.898, ""rms_ratio"": 0.892, ""diff_ratio"": 3.601}, {""time"": 4.615, ""score"": 1.881, ""rms_ratio"": 1.039, ""diff_ratio"": 3.407}, {""time"": 2.375, ""score"": 1.802, ""rms_ratio"": 1.983, ""diff_ratio"": 1.637}, {""time"": 6.225, ""score"": 1.776, ""rms_ratio"": 1.003, ""diff_ratio"": 3.145}, {""time"": 6.735, ""score"": 1.762, ""rms_ratio"": 0.978, ""diff_ratio"": 3.105}, {""time"": 2.235, ""score"": 1.728, ""rms_ratio"": 1.97, ""diff_ratio"": 1.516}, {""time"": 5.415, ""score"": 1.654, ""rms_ratio"": 2.05, ""diff_ratio"": 1.334}]",7.006,ffprobe,7.019,2.035,4.971,fly,pending,high,,,,Bichette and Varsho hit back-to-back homers in 9th Bichette and Varsho hit back-to-back homers in 9th Bichette and Varsho hit back-to-back homers in 9th Bo Bichette and Daulton Varsho hit back-to-back home runs in the top of the 9th inning to give the Blue Jays a 4-2 lead,https://mlb-cuts-diamond.mlb.com/FORGE/2025/2025-09/01/d294e586-46eca6cd-42813618-csvm-diamondgcp-asset_1280x720_59_4000K.mp4,MLB_776503_bichette-and-varsho-hit-back-to-back-homers-in-9th,raw_sources\MLB_776503_bichette-and-varsho-hit-back-to-back-homers-in-9th_Bichette_and_Varsho_hit_back-to-back_homers_in_9th_Bichette_and_Varsho_hit_back-to-back_homers_in_9th_Bichet.mp4,10.300,17.300,,no,audit_checkpoint_002,246
711,Codex_Workstation,F_0763,dataset/fly_ball/Codex_Workstation/F_0763,4,needs_edit,clip_too_short,insufficient_post_contact_context,recover_source_and_recut_longer,annotated_contact_audio_confirmed,1.970,2.070,2.025,2.025,3.477,2.950,4.097,2.025,0.005,5.835,4.184,"[{""time"": 5.835, ""score"": 4.184, ""rms_ratio"": 1.797, ""diff_ratio"": 9.739}, {""time"": 0.335, ""score"": 3.55, ""rms_ratio"": 1.54, ""diff_ratio"": 8.185}, {""time"": 3.235, ""score"": 3.521, ""rms_ratio"": 1.706, ""diff_ratio"": 7.269}, {""time"": 2.025, ""score"": 3.477, ""rms_ratio"": 2.95, ""diff_ratio"": 4.097}, {""time"": 2.685, ""score"": 2.968, ""rms_ratio"": 1.369, ""diff_ratio"": 6.435}, {""time"": 3.595, ""score"": 2.828, ""rms_ratio"": 2.185, ""diff_ratio"": 3.66}, {""time"": 5.505, ""score"": 2.741, ""rms_ratio"": 1.935, ""diff_ratio"": 3.882}, {""time"": 1.435, ""score"": 2.677, ""rms_ratio"": 2.324, ""diff_ratio"": 3.083}, {""time"": 0.895, ""score"": 2.532, ""rms_ratio"": 1.519, ""diff_ratio"": 4.223}, {""time"": 1.775, ""score"": 2.491, ""rms_ratio"": 1.99, ""diff_ratio"": 3.118}, {""time"": 2.885, ""score"": 2.338, ""rms_ratio"": 2.641, ""diff_ratio"": 2.069}, {""time"": 3.045, ""score"": 2.321, ""rms_ratio"": 2.201, ""diff_ratio"": 2.448}, {""time"": 6.395, ""score"": 2.285, ""rms_ratio"": 2.478, ""diff_ratio"": 2.108}, {""time"": 3.855, ""score"": 2.269, ""rms_ratio"": 1.789, ""diff_ratio"": 2.879}, {""time"": 1.575, ""score"": 2.258, ""rms_ratio"": 2.065, ""diff_ratio"": 2.47}, {""time"": 6.835, ""score"": 2.133, ""rms_ratio"": 2.173, ""diff_ratio"": 2.094}]",7.006,ffprobe,7.019,2.025,4.981,fly,pending,high,,,,Colson Montgomery's solo homer (16) Colson Montgomery's solo homer (16) Colson Montgomery's solo homer (16) Colson Montgomery homers in his second straight game to give the White Sox an early lead,https://mlb-cuts-diamond.mlb.com/FORGE/2025/2025-09/01/60630108-98974f37-6f84954f-csvm-diamondgcp-asset_1280x720_59_4000K.mp4,MLB_776502_colson-montgomery-homers-16-on-a-fly-ball-to-right-center-field-jtac8,raw_sources\MLB_776502_colson-montgomery-homers-16-on-a-fly-ball-to-right-center-field-jtac8_Colson_Montgomery_s_solo_homer_16_Colson_Montgomery_s_solo_homer_16_Colson_Montgomery_s_s.mp4,3.120,10.120,,no,audit_checkpoint_002,247
710,Codex_Workstation,F_0762,dataset/fly_ball/Codex_Workstation/F_0762,4,needs_edit,contact_timestamp_wrong,contact_timestamp_wrong;insufficient_pre_contact_context;insufficient_post_contact_context,retime_from_local_audio_candidate;qwen_confirm_visual_contact_near_candidate;recover_source_and_recut_longer,likely_contact_timestamp_wrong,1.070,1.170,0.615,1.135,1.648,1.878,1.446,0.855,0.265,2.005,2.320,"[{""time"": 2.005, ""score"": 2.32, ""rms_ratio"": 1.521, ""diff_ratio"": 3.538}, {""time"": 0.615, ""score"": 2.177, ""rms_ratio"": 1.57, ""diff_ratio"": 3.019}, {""time"": 0.855, ""score"": 1.884, ""rms_ratio"": 1.812, ""diff_ratio"": 1.959}]",2.093,ffprobe,2.112,0.615,1.478,fly,pending,medium,,,,"Chase Meidroth's two-run home run (4)  Chase Meidroth's two-run home run (4)  Chase Meidroth's two-run home run (4)  Chase Meidroth drives a two-run homer to left-center field, extending the White Sox lead to 3-0 in the top of the 2nd",https://mlb-cuts-diamond.mlb.com/FORGE/2025/2025-09/01/a3940c1c-4026ad55-c6331570-csvm-diamondgcp-asset_1280x720_59_4000K.mp4,MLB_776502_bailey-ober-in-play-run-s-to-chase-meidroth,raw_sources\MLB_776502_bailey-ober-in-play-run-s-to-chase-meidroth_Chase_Meidroth_s_two-run_home_run_4_Chase_Meidroth_s_two-run_home_run_4_Chase_Meidroth_s_two-run_home_run_4_Chase_M.mp4,5.800,12.800,,no,audit_checkpoint_002,248
709,Codex_Workstation,F_0761,dataset/fly_ball/Codex_Workstation/F_0761,4,needs_edit,contact_timestamp_wrong,contact_timestamp_wrong;insufficient_post_contact_context,retime_from_local_audio_candidate;qwen_confirm_visual_contact_near_candidate;recover_source_and_recut_longer,likely_contact_timestamp_wrong,3.750,3.850,3.675,3.865,1.862,1.900,1.824,3.865,0.065,3.675,2.603,"[{""time"": 3.675, ""score"": 2.603, ""rms_ratio"": 1.534, ""diff_ratio"": 4.416}, {""time"": 0.495, ""score"": 2.506, ""rms_ratio"": 1.23, ""diff_ratio"": 5.104}, {""time"": 2.165, ""score"": 2.389, ""rms_ratio"": 1.187, ""diff_ratio"": 4.807}, {""time"": 1.795, ""score"": 2.011, ""rms_ratio"": 0.973, ""diff_ratio"": 4.044}, {""time"": 1.395, ""score"": 1.939, ""rms_ratio"": 0.993, ""diff_ratio"": 3.76}, {""time"": 2.405, ""score"": 1.931, ""rms_ratio"": 1.158, ""diff_ratio"": 3.22}, {""time"": 3.865, ""score"": 1.862, ""rms_ratio"": 1.9, ""diff_ratio"": 1.824}, {""time"": 4.275, ""score"": 1.859, ""rms_ratio"": 1.072, ""diff_ratio"": 3.225}, {""time"": 4.395, ""score"": 1.707, ""rms_ratio"": 1.689, ""diff_ratio"": 1.725}, {""time"": 4.035, ""score"": 1.65, ""rms_ratio"": 1.421, ""diff_ratio"": 1.917}]",6.005,ffprobe,5.995,3.675,2.330,line_drive,pending,high,,,,"Wenceel Pérez's two-run homer (12) Wenceel Pérez's two-run homer (12) Wenceel Pérez's two-run homer (12) Wenceel Pérez lines a two-run home run to left field, scoring Gleyber Torres and giving the Tigers a 3-2 lead in the 3rd",https://mlb-cuts-diamond.mlb.com/FORGE/2025/2025-09/01/fb25d984-7e1c02bf-07f779b0-csvm-diamondgcp-asset_1280x720_59_4000K.mp4,MLB_776501_sean-manaea-in-play-run-s-to-wenceel-perez,raw_sources\MLB_776501_sean-manaea-in-play-run-s-to-wenceel-perez_Wenceel_P_rez_s_two-run_homer_12_Wenceel_P_rez_s_two-run_homer_12_Wenceel_P_rez_s_two-run_homer_12_Wenceel_P_rez_lin.mp4,3.160,10.160,,no,audit_checkpoint_002,249
708,Codex_Workstation,F_0760,dataset/fly_ball/Codex_Workstation/F_0760,4,direct_use_candidate,audio_and_context_pass,,qwen_spot_check,annotated_contact_audio_confirmed,1.970,2.070,2.025,2.025,15.624,8.258,29.561,2.025,0.005,2.025,15.624,"[{""time"": 2.025, ""score"": 15.624, ""rms_ratio"": 8.258, ""diff_ratio"": 29.561}, {""time"": 6.355, ""score"": 4.099, ""rms_ratio"": 3.818, ""diff_ratio"": 4.402}, {""time"": 6.495, ""score"": 3.389, ""rms_ratio"": 1.872, ""diff_ratio"": 6.136}, {""time"": 6.645, ""score"": 3.335, ""rms_ratio"": 4.038, ""diff_ratio"": 2.755}, {""time"": 5.545, ""score"": 2.904, ""rms_ratio"": 3.365, ""diff_ratio"": 2.506}, {""time"": 4.585, ""score"": 2.886, ""rms_ratio"": 2.682, ""diff_ratio"": 3.106}, {""time"": 6.005, ""score"": 2.875, ""rms_ratio"": 2.909, ""diff_ratio"": 2.841}, {""time"": 5.065, ""score"": 2.863, ""rms_ratio"": 2.578, ""diff_ratio"": 3.179}, {""time"": 4.795, ""score"": 2.815, ""rms_ratio"": 3.775, ""diff_ratio"": 2.098}, {""time"": 6.175, ""score"": 2.799, ""rms_ratio"": 3.729, ""diff_ratio"": 2.101}, {""time"": 5.265, ""score"": 2.783, ""rms_ratio"": 3.134, ""diff_ratio"": 2.472}, {""time"": 6.775, ""score"": 2.768, ""rms_ratio"": 2.614, ""diff_ratio"": 2.932}, {""time"": 4.255, ""score"": 2.707, ""rms_ratio"": 3.054, ""diff_ratio"": 2.399}, {""time"": 3.925, ""score"": 2.529, ""rms_ratio"": 3.233, ""diff_ratio"": 1.978}, {""time"": 6.895, ""score"": 2.525, ""rms_ratio"": 2.171, ""diff_ratio"": 2.935}, {""time"": 5.425, ""score"": 2.379, ""rms_ratio"": 1.59, ""diff_ratio"": 3.558}]",7.007,ffprobe,7.019,2.025,4.982,line_drive,pending,high,,,,Ladybug takes a stroll on camera during home run Ladybug takes a stroll on camera during home run Ladybug takes a stroll on camera during home run The Mets broadcast takes notice of a ladybug wandering around on the camera lens during Wenceel Perez's home run,https://mlb-cuts-diamond.mlb.com/FORGE/2025/2025-09/01/b98e73d1-4e2ccf02-0e24dc98-csvm-diamondgcp-asset_1280x720_59_4000K.mp4,MLB_776501_ladybug-takes-a-stroll-on-camera-during-home-run,raw_sources\MLB_776501_ladybug-takes-a-stroll-on-camera-during-home-run_Ladybug_takes_a_stroll_on_camera_during_home_run_Ladybug_takes_a_stroll_on_camera_during_home_run_Ladybug_take.mp4,0.460,7.460,,no,audit_checkpoint_002,250
